Open,High,Low,Close,Volume,Previous_Close,Daily_Return_Pct,SMA20,SMA50,SMA100,SMA200,EMA9,EMA20,EMA50,RSI14,ATR14,ATR_Percent,Average_Volume_20,Volume_Ratio,52W_High,52W_Low,Distance_From_52W_High_Pct,Distance_From_52W_Low_Pct,Distance_From_200DMA_Pct,Above_200DMA,Support,Resistance,Trend,Momentum,Breakout_Status,symbol,yahoo_symbol,company_name,fundamental_score,fundamental_status,sector_adjustment,sector_score,sector_index,technical_score,setup,market_adjustment,overall_score,risk_reward,setup_reasons,technical_rank,rank
15.350000381469727,16.399999618530273,15.0,16.290000915527344,42406012.0,15.359999656677246,6.054695830971646,15.29700002670288,16.26859998703003,15.311099996566773,15.778249988555908,15.567109056706336,15.584754524294393,15.745845745252526,69.02356696938034,0.5614287512642997,3.4464623677777433,11742551.9,3.611311439040776,20.5,12.920000076293945,-20.536580899866618,26.08359767285753,3.2433947195830517,True,14.84000015258789,16.25,Uptrend,Positive,Confirmed Breakout,CCAVENUE,CCAVENUE.NS,AvenuesAI Limited,,Unavailable,0,60,,92.0,Strong Breakout Watch,-5,87.0,-0.02758682377949483,Price is in an uptrend | Positive momentum | Confirmed price breakout | Volume is more than 2x average | RSI supports positive momentum | Price is above 200 DMA,6,6
194.4199981689453,220.22000122070312,193.2100067138672,209.6999969482422,18106631.0,194.67999267578125,7.715227469458119,194.7275016784668,202.7738003540039,202.0400003051758,205.7530004119873,196.64999687253882,196.48258366399713,199.22725441976976,67.66860546198839,6.896427699497768,3.2887113971679898,1499999.95,12.071087735702925,324.75,151.4600067138672,-35.427252671826885,38.45238852022494,1.9183178511864518,True,184.05999755859375,207.8000030517578,Sideways,Strong Positive,Confirmed Breakout,MOBIKWIK,MOBIKWIK.NS,One Mobikwik Systems Limited,,Unavailable,0,60,,90.0,Strong Breakout Watch,-5,85.0,-0.07410272783592398,Strong positive momentum | Confirmed price breakout | Volume is more than 2x average | RSI supports positive momentum | Price is above 200 DMA | Price is near 200 DMA,9,11
57.959999084472656,69.33000183105469,54.619998931884766,66.81999969482422,2056842.0,57.779998779296875,15.645554009195406,57.52799987792969,60.20959976196289,62.903800086975096,64.54072505950927,58.2775877672018,58.19028664656456,60.00127431754437,68.02812327232328,4.505714961460659,6.743063427175779,143265.9,14.35681484568205,92.5,43.70000076293945,-27.762162492081927,52.90617512183681,3.5315293300677375,True,51.349998474121094,63.75,Sideways,Strong Positive,Confirmed Breakout,VGL,VGL.NS,VARVEE GLOBAL LIMITED,,Unavailable,0,60,,90.0,Strong Breakout Watch,-5,85.0,-0.19844857482724132,Strong positive momentum | Confirmed price breakout | Volume is more than 2x average | RSI supports positive momentum | Price is above 200 DMA,9,11
3164.5,3172.0,3143.10009765625,3155.10009765625,31176.0,3179.699951171875,-0.7736532972728694,3139.139990234375,3066.9139990234376,3068.7830053710936,3066.6345068359374,3160.4865575203885,3136.492261956289,3101.070097803015,61.22450828372259,57.614222935267854,1.8260664052486413,18084.9,1.723869084153078,3745.0,2667.0,-15.751666284212282,18.301465978862016,2.884777779129238,True,3066.699951171875,3214.0,Strong Uptrend,Positive,Near Breakout,JSWDULUX,JSWDULUX.NS,JSW Dulux Limited,,Unavailable,0,60,,87.0,Momentum Watch,-3,84.0,0.6662873839712555,Strong price trend | Positive momentum | Price is close to resistance | Strong volume confirmation | RSI supports positive momentum | Price is above 200 DMA | Price is near 200 DMA,24,15
246.85000610351562,255.0,242.41000366210938,251.13999938964844,179922.0,246.9600067138672,1.692578782857046,233.55299911499023,230.4343994140625,234.28109970092774,241.52574981689452,241.52133294704493,236.5665923047616,233.3689664244175,83.651903015971,7.748571123395648,3.085359218852905,59715.05,3.0130092832543887,293.1099853515625,209.9600067138672,-14.318852328273412,19.613255552949763,3.980631290884171,True,225.10000610351562,250.19000244140625,Sideways,Strong Positive,Confirmed Breakout,SESHAPAPER,SESHAPAPER.NS,Seshasayee Paper and Boards Limited,,Unavailable,0,60,,81.0,Strong Breakout Watch,-5,76.0,-0.036482227080607325,Strong positive momentum | Confirmed price breakout | Volume is more than 2x average | RSI indicates overbought conditions | Price is above 200 DMA,45,58
336.6000061035156,340.95001220703125,336.6000061035156,339.04998779296875,422556.0,337.29998779296875,0.5188259897222824,336.43999633789065,336.97099853515624,337.85999908447263,328.0308988189697,338.11868287770733,337.25390681340525,336.5761006916337,56.64061149582589,4.171439034598214,1.2303315690267433,289661.1,1.4587944325282203,411.29998779296875,240.39999389648438,-17.566253864409944,41.03577221343974,3.3591619001965216,True,332.8999938964844,342.79998779296875,Uptrend,Positive,Near Breakout,IIFLCAPS,IIFLCAPS.NS,IIFL Capital Services Limited,,Unavailable,0,60,,79.0,Momentum Watch,-3,76.0,0.609756702708872,Price is in an uptrend | Positive momentum | Price is close to resistance | Volume is above average | RSI supports positive momentum | Price is above 200 DMA,59,58
125.30000305175781,126.5,124.0,125.5,31941.0,126.30999755859375,-0.6412774714986469,123.20000038146972,124.65519989013671,124.14919982910156,124.3540998840332,124.09419103712855,123.80864985043007,123.82010721870768,59.46453745929973,3.9021432059151784,3.1092774549124926,15466.5,2.065173116089613,159.99000549316406,93.0,-21.55760004310877,34.946236559139784,0.9214815732134356,True,119.48999786376953,129.49000549316406,Uptrend,Positive,No Breakout,VRAJ,VRAJ.NS,Vraj Iron and Steel Limited,,Unavailable,0,60,,78.0,Momentum Watch,-3,75.0,0.6638941888407768,Price is in an uptrend | Positive momentum | Volume is more than 2x average | RSI supports positive momentum | Price is above 200 DMA | Price is near 200 DMA,67,67
3297.199951171875,3319.800048828125,3210.10009765625,3302.39990234375,43706.0,3297.199951171875,0.15770809319668455,3174.540002441406,3185.4000048828125,3375.843996582031,3284.987001953125,3197.5709228781498,3186.7870820505145,3233.3334770436823,69.18151020730613,83.73573521205357,2.535602522051475,33932.55,1.2880258041320207,3925.0,2800.5,-15.86242287022293,17.9217961915283,0.5300751686466956,True,3069.5,3324.699951171875,Sideways,Strong Positive,Near Breakout,TIMKEN,TIMKEN.NS,Timken India Limited,,Unavailable,0,60,,77.0,200 DMA Recovery Watch,-2,75.0,0.09574949840559019,Strong positive momentum | Price is close to resistance | Volume is above average | RSI supports positive momentum | Price is above 200 DMA | Price is near 200 DMA,82,67
436.0,439.95001220703125,425.1000061035156,437.25,91968.0,441.1499938964844,-0.884051671867303,414.82750244140624,437.92000061035156,421.86500061035156,422.3497496032715,422.1094401890283,420.39816161524027,424.6903972596593,64.67155691090414,12.185712541852679,2.7868982371304014,62240.05,1.4776337743944614,701.5,331.70001220703125,-37.66928011404134,31.820917669152664,3.527941098751649,True,397.20001220703125,444.29998779296875,Sideways,Strong Positive,Near Breakout,TSFINV,TSFINV.NS,TSF INVESTMENTS LIMITED,,Unavailable,0,60,,77.0,200 DMA Recovery Watch,-2,75.0,0.17602971140496723,Strong positive momentum | Price is close to resistance | Volume is above average | RSI supports positive momentum | Price is above 200 DMA,82,67
10.789999961853027,11.479999542236328,10.1899995803833,11.199999809265137,371208.0,10.6899995803833,4.770816173068071,10.234999990463256,10.285599994659425,11.192899990081788,10.907349996566772,10.514457753609332,10.351839565011108,10.460975949173298,69.93242122118639,0.8292858260018485,7.404337858254484,75707.6,4.903180129868071,14.300000190734863,9.020000457763672,-21.67832405679444,24.168505996306255,2.6830514542072987,True,9.359999656677246,11.880000114440918,Sideways,Strong Positive,No Breakout,LIBAS,LIBAS.NS,Libas Consumer Products Limited,,Unavailable,0,60,,76.0,200 DMA Recovery Watch,-2,74.0,0.3695653526003172,Strong positive momentum | Volume is more than 2x average | RSI supports positive momentum | Price is above 200 DMA | Price is near 200 DMA,86,81
1208.300048828125,1237.699951171875,1181.0,1226.699951171875,1813.0,1228.9000244140625,-0.17902784591744547,1213.5999938964844,1217.7279931640626,1217.7539978027344,1211.1357479858398,1221.6994954364018,1218.784042578242,1219.4761710839568,55.10850298131982,40.642857142857146,3.3131864971569245,929.9,1.949672007742768,1457.5999755859375,950.0,-15.841110612069235,29.12631064967105,1.2850915524472821,True,1140.4000244140625,1260.4000244140625,Uptrend,Positive,No Breakout,APOLSINHOT,APOLSINHOT.NS,Apollo Sindoori Hotels Limited,,Unavailable,0,60,,76.0,Momentum Watch,-3,73.0,0.3904994419840191,Price is in an uptrend | Positive momentum | Strong volume confirmation | RSI supports positive momentum | Price is above 200 DMA | Price is near 200 DMA,86,93
140.77999877929688,142.6199951171875,135.8000030517578,140.52999877929688,16480.0,140.77999877929688,-0.177582044443636,135.17250137329103,138.31260131835938,139.3071002960205,134.27525005340576,137.76395667911137,136.67411319470258,137.51461063901294,64.30375991433459,3.6678575788225447,2.6100175127610545,11493.0,1.4339162968763595,274.79998779296875,95.30000305175781,-48.86098798331439,47.4606445741397,4.658154591708745,True,131.0,144.72999572753906,Uptrend,Strong Positive,No Breakout,CYBERTECH,CYBERTECH.NS,Cybertech Systems And Software Limited,,Unavailable,0,60,,76.0,Momentum Watch,-3,73.0,0.44071327242625985,Price is in an uptrend | Strong positive momentum | Volume is above average | RSI supports positive momentum | Price is above 200 DMA,86,93
22.979999542236328,25.149999618530273,22.309999465942383,24.899999618530273,17663.0,22.8700008392334,8.876251442083106,23.179000091552734,23.271600074768067,25.940000076293945,26.165200033187865,23.363468579982523,23.217866815517606,23.725770934933678,64.62765478504912,1.5314284733363561,6.150315248184525,4935.8,3.5785485635560597,42.75,19.299999237060547,-41.754386857239126,29.015547164978152,-4.835431844789321,False,22.0,24.799999237060547,Downtrend,Strong Positive,Confirmed Breakout,NAGREEKCAP,NAGREEKCAP.NS,Nagreeka Capital & Infrastructure Limited,,Unavailable,0,60,,77.0,Strong Breakout Watch,-5,72.0,-0.034482894697898954,Price trend is weak | Strong positive momentum | Confirmed price breakout | Volume is more than 2x average | RSI supports positive momentum | Price is below 200 DMA,82,107
37.79999923706055,37.79999923706055,32.36000061035156,34.5099983215332,173376.0,36.790000915527344,-6.197343129262755,32.24750013351441,32.71399993896485,33.55769990921021,33.32464998245239,33.203131881470256,32.70784632398362,32.84469960716838,67.12327756529518,2.2278575897216797,6.455687331435085,112079.95,1.5468957650320152,46.34000015258789,25.600000381469727,-25.528704773631798,34.804678934742824,3.556971610219385,True,30.1200008392334,37.75,Sideways,Strong Positive,No Breakout,BIOFILCHEM,BIOFILCHEM.NS,Biofil Chemicals & Pharmaceuticals Limited,,Unavailable,0,60,,74.0,200 DMA Recovery Watch,-2,72.0,0.7380418078894763,Strong positive momentum | Strong volume confirmation | RSI supports positive momentum | Price is above 200 DMA,125,107
29.780000686645508,29.780000686645508,28.020000457763672,28.799999237060547,5955.0,29.489999771118164,-2.3397780244589494,28.011000061035155,28.851400032043458,29.664400005340575,28.380700016021727,28.68639257860127,28.415413744430182,28.67075673985033,61.4084456341049,1.1357142584664481,3.943452390807647,3003.65,1.9825878514474056,38.79999923706055,20.0,-25.773196383077018,43.999996185302734,1.4774097214026194,True,26.510000228881836,29.700000762939453,Sideways,Strong Positive,No Breakout,DAMODARIND,DAMODARIND.NS,Damodar Industries Limited,,Unavailable,0,60,,74.0,200 DMA Recovery Watch,-2,72.0,0.3930139369775091,Strong positive momentum | Strong volume confirmation | RSI supports positive momentum | Price is above 200 DMA | Price is near 200 DMA,125,107
1548.0999755859375,1624.699951171875,1530.0,1592.199951171875,919086.0,1541.9000244140625,3.262204161189186,1538.6299987792968,1592.3039965820312,1664.072999267578,1584.1214971923828,1554.1364110598508,1553.2652455169164,1581.8488560584592,58.44517996161747,56.7357177734375,3.5633538194546137,305350.65,3.00993628145216,1925.0,1057.0,-17.288314224837663,50.63386482231551,0.5099642921209054,True,1478.0,1645.699951171875,Sideways,Positive,No Breakout,ONESOURCE,ONESOURCE.NS,Onesource Specialty Pharma Limited,,Unavailable,0,60,,73.0,200 DMA Recovery Watch,-2,71.0,0.468476557572959,Positive momentum | Volume is more than 2x average | RSI supports positive momentum | Price is above 200 DMA | Price is near 200 DMA,131,124
278.1499938964844,284.8999938964844,274.0,283.04998779296875,90543.0,276.75,2.2764183533762417,281.7200012207031,281.3500006103516,283.7030010986328,282.23900115966796,282.0839487067919,282.6243194823795,282.9721228270247,55.9369152330292,10.196428571428571,3.6023419929933174,29144.35,3.10670850439279,325.0,248.0,-12.907696063701923,14.133059593939013,0.28734038526518,True,272.0,296.8500061035156,Sideways,Positive,No Breakout,PRIMESECU,PRIMESECU.NS,Prime Securities Limited,,Unavailable,0,60,,73.0,200 DMA Recovery Watch,-2,71.0,1.2488718149831808,Positive momentum | Volume is more than 2x average | RSI supports positive momentum | Price is above 200 DMA | Price is near 200 DMA,131,124
9.149999618530273,9.399999618530273,9.039999961853027,9.100000381469727,134797.0,9.140000343322754,-0.4376363276862416,8.745000076293945,8.886199951171875,8.915799951553344,8.745949976444244,8.813599196908362,8.794479570632525,8.859432023206985,63.82977284333056,0.4249998501368931,4.670327827703366,162129.15,0.8314174224684457,13.399999618530273,7.210000038146973,-32.08954745874967,26.213596856075732,4.0481640757042765,True,8.0600004196167,9.979999542236328,Uptrend,Strong Positive,No Breakout,AAKASH,AAKASH.NS,Aakash Exploration Services Limited,,Unavailable,0,60,,73.0,Momentum Watch,-3,70.0,0.846153070235365,Price is in an uptrend | Strong positive momentum | RSI supports positive momentum | Price is above 200 DMA,131,133
187.8000030517578,189.0,187.0500030517578,188.02999877929688,1118348.0,188.05999755859375,-0.015951706735251037,187.37500228881837,186.57140106201172,185.2993005371094,185.3836003112793,188.07898268664385,187.65376031967273,186.79538135263172,55.123673959049434,2.4149976457868303,1.2843682717997946,1840214.4,0.6077270126785227,210.75,170.10000610351562,-10.780546249443951,10.540853634578836,1.4275256622344012,True,184.10000610351562,191.8000030517578,Strong Uptrend,Positive,No Breakout,CASTROLIND,CASTROLIND.NS,Castrol India Limited,,Unavailable,0,60,,72.0,Momentum Watch,-3,69.0,0.959290406746494,Strong price trend | Positive momentum | RSI supports positive momentum | Price is above 200 DMA | Price is near 200 DMA,143,146
258.6000061035156,259.0,252.0,258.8999938964844,1192.0,256.8999938964844,0.7785130585896027,257.5319969177246,254.77219848632814,254.61469940185546,248.04044944763183,258.3104603485323,257.8832714234509,255.88315471822165,56.13921641713981,7.125001089913504,2.7520282958223183,2389.25,0.49890132886889194,307.0,191.0,-15.667754431112582,35.54973502433737,4.378134482918398,True,251.6999969482422,265.0,Strong Uptrend,Positive,No Breakout,NAHARCAP,NAHARCAP.NS,Nahar Capital and Financial Services Limited,,Unavailable,0,60,,72.0,Momentum Watch,-3,69.0,0.8472234290328254,Strong price trend | Positive momentum | RSI supports positive momentum | Price is above 200 DMA,143,146
37.5,39.81999969482422,37.0,37.90999984741211,620683.0,36.61000061035156,3.550940222309018,35.24149990081787,34.78519996643067,35.86910007476806,37.13745004653931,36.028390522604845,35.52854868001531,35.273816056426,76.86565942610204,1.7692857469831194,4.667068726205489,85157.15,7.288677462784981,53.0,26.520000457763672,-28.47169840110923,42.948714905900545,2.0802446045828966,True,33.599998474121094,39.939998626708984,Sideways,Strong Positive,No Breakout,HPAL,HPAL.NS,HP Adhesives Limited,,Unavailable,0,60,,71.0,200 DMA Recovery Watch,-2,69.0,0.4709972465152176,Strong positive momentum | Volume is more than 2x average | RSI indicates overbought conditions | Price is above 200 DMA | Price is near 200 DMA,188,146
412.6000061035156,420.0,409.25,419.0,15197483.0,416.54998779296875,0.5881676338564512,412.1425018310547,396.7459997558594,392.6270001220703,400.5447001647949,418.0699956865499,413.00153991127195,403.114517743576,65.71170661179153,7.264288766043527,1.7337204692227988,12249727.2,1.2406384854023524,453.20001220703125,345.5,-7.546339648245192,21.273516642547033,4.6075506248396465,True,386.75,429.1000061035156,Sideways,Strong Positive,No Breakout,KOTAKBANK,KOTAKBANK.NS,Kotak Mahindra Bank Limited,,Unavailable,0,60,,71.0,200 DMA Recovery Watch,-2,69.0,0.31317848382994184,Strong positive momentum | Volume is above average | RSI supports positive momentum | Price is above 200 DMA,188,146
171.75,178.5399932861328,170.85000610351562,176.52000427246094,25334991.0,174.0,1.4482783175062908,169.832999420166,180.11719940185546,191.14579956054686,174.3953998565674,170.68975922439697,171.0134348194771,177.64581177349478,54.69872910877802,4.865711757114956,2.7564647854895052,7956326.5,3.184257332828159,220.75999450683594,134.25,-20.039858368906188,31.48603670201932,1.2182686112368433,True,159.24000549316406,180.74000549316406,Sideways,Positive,No Breakout,BANDHANBNK,BANDHANBNK.NS,Bandhan Bank Limited,,Unavailable,0,60,,70.0,200 DMA Recovery Watch,-2,68.0,0.2442130508573356,Positive momentum | Volume is more than 2x average | RSI supports positive momentum | Price is above 200 DMA | Price is near 200 DMA,196,191
209.89999389648438,225.75999450683594,200.0,221.14999389648438,431750.0,210.16000366210938,5.22934432949691,207.39249954223632,220.6941989135742,230.00629959106445,234.9700498199463,211.10295448196905,210.65624898498265,217.48502927220713,70.55051367402692,9.67499760219029,4.374857729690443,153400.3,2.814531653458305,314.70001220703125,186.0,-29.726728529328195,18.897846180905578,-5.881624459820307,False,197.1300048828125,219.7899932861328,Downtrend,Strong Positive,Confirmed Breakout,ALLTIME,ALLTIME.NS,All Time Plastics Limited,,Unavailable,0,60,,72.0,Strong Breakout Watch,-5,67.0,-0.056619535070456,Price trend is weak | Strong positive momentum | Confirmed price breakout | Volume is more than 2x average | RSI indicates overbought conditions | Price is below 200 DMA,143,194
28.59000015258789,32.38999938964844,28.43000030517578,31.899999618530273,1039887.0,28.610000610351562,11.499471995775966,29.5210000038147,29.813200073242186,30.95860004425049,33.4475001335144,29.888158935879876,29.759323171407463,30.01706050052726,74.39799411549839,1.0749999455043249,3.3699058255783556,213049.95,4.880953973469602,55.900001525878906,25.389999389648438,-42.933812615797216,25.640017272060188,-4.626655232250179,False,27.600000381469727,31.299999237060547,Downtrend,Strong Positive,Confirmed Breakout,TRACXN,TRACXN.NS,Tracxn Technologies Limited,,Unavailable,0,60,,72.0,Strong Breakout Watch,-5,67.0,-0.13953499719220488,Price trend is weak | Strong positive momentum | Confirmed price breakout | Volume is more than 2x average | RSI indicates overbought conditions | Price is below 200 DMA,143,194
31.799999237060547,31.81999969482422,31.100000381469727,31.670000076293945,619170.0,31.989999771118164,-1.000311650871366,30.507500076293944,31.061800003051758,30.78559997558594,30.682099990844726,31.754312133357217,31.1699193574616,31.039501135946566,59.51859712698623,1.8928571428571428,5.976814456258905,673370.1,0.919509197096812,46.91999816894531,21.0,-32.502128490586344,50.80952417282831,3.219792927289853,True,28.059999465942383,35.34000015258789,Uptrend,Positive,No Breakout,COFFEEDAY,COFFEEDAY.NS,Coffee Day Enterprises Limited,,Unavailable,0,60,,70.0,Momentum Watch,-3,67.0,1.0166203478665172,Price is in an uptrend | Positive momentum | RSI supports positive momentum | Price is above 200 DMA,196,194
15.979999542236328,17.299999237060547,15.600000381469727,16.1299991607666,420547.0,15.979999542236328,0.9386709813965499,16.238500022888182,16.046800079345704,16.20920000076294,15.83925003528595,16.363599029624908,16.27156977850234,16.14717708920056,51.96373273158718,0.9028568267822266,5.597376774688667,220225.45,1.9096203458773724,22.469999313354492,12.0,-28.215399850145378,34.41665967305501,1.8356243182785428,True,14.600000381469727,17.5,Uptrend,Neutral,No Breakout,BLBLIMITED,BLBLIMITED.NS,BLB Limited,,Unavailable,0,60,,69.0,200 DMA Recovery Watch,-2,67.0,0.8954260995312656,Price is in an uptrend | Strong volume confirmation | RSI supports positive momentum | Price is above 200 DMA | Price is near 200 DMA,207,194
754.5499877929688,766.5,741.0,756.0999755859375,1619515.0,762.1500244140625,-0.7938133745749365,728.6250061035156,726.6460034179687,723.8510046386718,748.9362521362305,746.3303543482309,735.6683722028531,728.1269547543066,70.40623936492568,21.442853655133927,2.8359812653765597,862033.75,1.8787141454728427,884.0,652.25,-14.46832855362698,15.921805379216176,0.9565197878021771,True,696.0499877929688,794.0,Sideways,Strong Positive,No Breakout,JSL,JSL.NS,Jindal Stainless Limited,,Unavailable,0,60,,69.0,200 DMA Recovery Watch,-2,67.0,0.6311412509312818,Strong positive momentum | Strong volume confirmation | RSI indicates overbought conditions | Price is above 200 DMA | Price is near 200 DMA,207,194
76.0,79.44000244140625,74.5199966430664,79.0,273519.0,76.47000122070312,3.308485339231182,77.44099998474121,76.30499954223633,72.76809978485107,76.90024997711181,78.12538706711125,77.67786143301645,76.03386523820583,58.26559229335916,2.7650015694754466,3.50000198667778,201608.45,1.3566842064407518,120.0,56.970001220703125,-34.166666666666664,38.6694721910785,2.7304853020804822,True,73.0,81.0,Sideways,Positive,No Breakout,ARIHANTCAP,ARIHANTCAP.NS,Arihant Capital Markets Limited,,Unavailable,0,60,,68.0,200 DMA Recovery Watch,-2,66.0,0.3333333333333333,Positive momentum | Volume is above average | RSI supports positive momentum | Price is above 200 DMA | Price is near 200 DMA,291,222
43.36000061035156,43.83000183105469,42.459999084472656,43.65999984741211,3568740.0,43.86000061035156,-0.4559980851715939,43.40800037384033,43.353600311279294,44.257900161743166,42.34000011444092,44.53692680048745,44.12486400386921,43.79645011516082,61.907691816521705,1.9614290509905135,4.49250814898199,13228506.0,0.2697764963027571,53.75,33.0099983215332,-18.77209330714026,32.26295688398039,3.1176186334514857,True,39.29999923706055,49.400001525878906,Strong Uptrend,Neutral,No Breakout,NSLNISP,NSLNISP.NS,NMDC Steel Limited,,Unavailable,0,60,,68.0,200 DMA Recovery Watch,-2,66.0,1.31651396214001,Strong price trend | RSI supports positive momentum | Price is above 200 DMA,291,222
4158.0,4189.0,4084.0,4174.39990234375,17556.0,4158.60009765625,0.37993084972043345,4018.9299926757812,4247.118017578125,4293.671003417969,4097.059989013672,4117.276088764583,4109.577045023469,4186.058586926075,68.60669434597848,115.68570382254464,2.7713133990251384,19418.45,0.9040886373526208,,,,,1.8876929685546784,True,3846.10009765625,4247.7998046875,Sideways,Strong Positive,No Breakout,SHILCTECH,SHILCTECH.NS,Shilchar Technologies Limited,,Unavailable,0,60,,68.0,200 DMA Recovery Watch,-2,66.0,0.22357583311271673,Strong positive momentum | RSI supports positive momentum | Price is above 200 DMA | Price is near 200 DMA,291,222
71.0,72.69999694824219,61.369998931884766,62.59000015258789,560099.0,67.83999633789062,-7.738791964483727,58.409999465942384,56.52099975585938,57.951499977111816,63.315149974823,59.75990263961244,58.56840111765532,57.71422464653458,61.77146293448224,3.2328570229666576,5.165133431994391,63036.8,8.885270191380272,91.9000015258789,46.150001525878906,-31.893363315165303,35.622964427184584,-1.1453022262814871,False,55.0,69.98999786376953,Downtrend,Strong Positive,No Breakout,SSDL,SSDL.NS,Saraswati Saree Depot Limited,,Unavailable,0,60,,68.0,200 DMA Recovery Watch,-2,66.0,0.9749667407659449,Price trend is weak | Strong positive momentum | Volume is more than 2x average | RSI supports positive momentum | Price is below 200 DMA | Price is near 200 DMA,291,222
140.88999938964844,140.88999938964844,137.80999755859375,139.47999572753906,78890.0,142.57000732421875,-2.1673644090181465,136.47950134277343,138.0780014038086,137.8492004394531,133.789100151062,138.09663702126207,137.5375874835113,137.51435744055317,54.932605475117136,3.6678564889090404,2.6296648990969644,84209.35,0.9368318363697142,154.25,114.30999755859375,-9.575367437575972,22.019069815869354,4.253631700976716,True,132.19000244140625,146.5,Uptrend,Positive,No Breakout,MUKANDLTD,MUKANDLTD.NS,Mukand Limited,,Unavailable,0,60,,67.0,Momentum Watch,-3,64.0,0.9629644358952354,Price is in an uptrend | Positive momentum | RSI supports positive momentum | Price is above 200 DMA,304,310
62.70000076293945,62.70000076293945,59.59000015258789,61.470001220703125,162.0,60.380001068115234,1.8052337418117181,61.17050018310547,61.22540000915527,62.4934001159668,59.49725004196167,61.233995500249286,61.29115784364586,61.38565324002825,55.38674524381264,2.781428745814732,4.524855523962387,1367.95,0.11842538104462882,77.01000213623047,43.0099983215332,-20.17919813589555,42.920259520047026,3.315701443932502,True,59.0,63.4900016784668,Uptrend,Positive,No Breakout,SHIVAMILLS,SHIVAMILLS.NS,Shiva Mills Limited,,Unavailable,0,60,,67.0,Momentum Watch,-3,64.0,0.8178135463385102,Price is in an uptrend | Positive momentum | RSI supports positive momentum | Price is above 200 DMA,304,310
372.0,390.8500061035156,372.0,388.0,16707001.0,372.0,4.3010752688172005,377.3125,385.8669989013672,400.27449920654294,415.56999938964844,377.9347474545086,378.8462663560966,385.94014033030004,58.65324635017991,9.896429879324776,2.5506262575579317,4552819.2,3.6695946546702314,481.5,337.79998779296875,-19.418483904465216,14.86086856752579,-6.634261238814341,False,367.3500061035156,389.3999938964844,Downtrend,Positive,Near Breakout,INDUSTOWER,INDUSTOWER.NS,Indus Towers Limited,,Unavailable,0,60,,66.0,200 DMA Recovery Watch,-2,64.0,0.06779633463827422,Price trend is weak | Positive momentum | Price is close to resistance | Volume is more than 2x average | RSI supports positive momentum | Price is below 200 DMA,355,310
1028.199951171875,1041.5,1022.7000122070312,1037.699951171875,2506618.0,1038.5999755859375,-0.08665746535905239,1009.0899963378906,1058.0460021972656,1045.6140002441407,1039.0899990844728,1018.8795063871369,1020.9058044284827,1037.9770108842954,59.573373920105645,24.349988664899552,2.3465346256787525,2024858.4,1.2379226122676035,1221.9000244140625,903.0,-15.074889071265623,14.916938114271872,-0.1337755068206331,False,980.2999877929688,1042.0999755859375,Downtrend,Positive,Near Breakout,MAXHEALTH,MAXHEALTH.NS,Max Healthcare Institute Limited,,Unavailable,0,60,,66.0,200 DMA Recovery Watch,-2,64.0,0.07665552650299168,Price trend is weak | Positive momentum | Price is close to resistance | Volume is above average | RSI supports positive momentum | Price is below 200 DMA | Price is near 200 DMA,355,310
716.0,722.4000244140625,694.0,699.7999877929688,83837.0,715.7999877929688,-2.235261284277601,606.9849975585937,635.2740002441407,687.4780029296875,671.2710025024414,653.0380990547803,627.8548195065976,639.1578341373029,65.54877584113848,38.817862374441965,5.546993862755822,393003.0,0.21332407131752176,941.75,513.4000244140625,-25.691533019063577,36.306964260791055,4.249995185874807,True,540.0,779.3499755859375,Sideways,Strong Positive,No Breakout,ASTEC,ASTEC.NS,Astec LifeSciences Limited,,Unavailable,0,60,,65.0,200 DMA Recovery Watch,-2,63.0,0.4978097238407234,Strong positive momentum | RSI supports positive momentum | Price is above 200 DMA,419,359
3280.0,3394.39990234375,3193.199951171875,3384.0,4326473.0,3306.0,2.3593466424682408,3321.355017089844,3506.8040087890627,3730.5120092773436,3292.3140063476562,3332.624673410087,3358.350580509119,3479.3181908228617,58.158376080233246,114.22141810825893,3.3753374145466584,4774466.5,0.9061688881888689,4446.7998046875,2021.5,-23.90032948115119,67.40044521395004,2.784849606555483,True,3131.5,3539.39990234375,Sideways,Positive,No Breakout,BSE,BSE.NS,BSE Limited,,Unavailable,0,60,,65.0,200 DMA Recovery Watch,-2,63.0,0.6154451577970297,Positive momentum | RSI supports positive momentum | Price is above 200 DMA | Price is near 200 DMA,419,359
161.97999572753906,161.97999572753906,157.0,157.1999969482422,808.0,155.27999877929688,1.2364748738015185,154.62950057983397,152.79320037841796,152.78170043945312,156.0665503692627,157.04664053103977,155.49187659149163,153.72420460938918,62.95936843772551,6.893567766462054,4.385221310616023,1875.25,0.43087588321557124,194.97000122070312,124.98999786376953,-19.372213179455162,25.770061312889474,0.7262584944036284,True,145.0,166.00999450683594,Sideways,Strong Positive,No Breakout,HISARMETAL,HISARMETAL.NS,Hisar Metal Industries Limited,,Unavailable,0,60,,65.0,200 DMA Recovery Watch,-2,63.0,0.7221311280625461,Strong positive momentum | RSI supports positive momentum | Price is above 200 DMA | Price is near 200 DMA,419,359
227.38999938964844,228.0,220.22999572753906,221.1199951171875,163779.0,227.38999938964844,-2.7573790796827646,212.02199935913086,202.51039978027345,201.54279998779296,215.25735008239747,217.82610698342046,212.89409154200783,206.3907468455568,65.23615859839245,7.3528562273297995,3.325278758003313,298389.2,0.5488771041311147,312.5,188.5,-29.2416015625,17.30503719744695,2.7235516150997388,True,190.0,233.99000549316406,Sideways,Strong Positive,No Breakout,JUNIPER,JUNIPER.NS,Juniper Hotels Limited,,Unavailable,0,60,,65.0,200 DMA Recovery Watch,-2,63.0,0.41356080961813796,Strong positive momentum | RSI supports positive momentum | Price is above 200 DMA | Price is near 200 DMA,419,359
1711.0,1729.0999755859375,1697.0999755859375,1711.0,21366.0,1715.4000244140625,-0.2565013612825018,1666.2949951171875,1602.0019995117189,1598.8439990234374,1709.5505004882812,1706.297859258422,1672.817521666505,1628.949203017049,69.66078149573507,42.92143031529018,2.5085581715540726,27927.6,0.7650496283246682,2048.0,1314.9000244140625,-16.455078125,30.1239613834858,0.08478834122214204,True,1555.5999755859375,1750.0,Sideways,Strong Positive,No Breakout,LGBBROSLTD,LGBBROSLTD.NS,LG Balakrishnan & Bros Limited,,Unavailable,0,60,,65.0,200 DMA Recovery Watch,-2,63.0,0.25096521153744944,Strong positive momentum | RSI supports positive momentum | Price is above 200 DMA | Price is near 200 DMA,419,359
91.98999786376953,93.4000015258789,88.7699966430664,90.61000061035156,346480.0,92.3499984741211,-1.884134155407835,84.39149932861328,83.9997998046875,83.05069984436035,89.07865007400513,88.79292701997817,85.96389547388014,83.85251463699323,63.61268911159788,4.832856859479632,5.333690350872276,1103265.5,0.31404951935866754,164.5,55.599998474121094,-44.9179327596647,62.9676314694969,1.7190993970768704,True,76.97000122070312,100.0,Sideways,Strong Positive,No Breakout,MASTERTR,MASTERTR.NS,Master Trust Limited,,Unavailable,0,60,,65.0,200 DMA Recovery Watch,-2,63.0,0.6884164083449024,Strong positive momentum | RSI supports positive momentum | Price is above 200 DMA | Price is near 200 DMA,419,359
44.25,45.5,43.470001220703125,45.20000076293945,24429679.0,44.40999984741211,1.778880698585228,44.70650005340576,43.39179992675781,42.23039989471435,44.30545000076294,45.398471823564996,44.92937855581695,43.72995776591201,61.71226010713816,1.351428440638951,2.989885880150292,24452802.75,0.99905435175524,57.88999938964844,35.83000183105469,-21.92088229487551,26.151265568073654,2.019053552466142,True,41.77000045776367,47.4900016784668,Sideways,Positive,No Breakout,SAGILITY,SAGILITY.NS,SAGILITY LIMITED,,Unavailable,0,60,,65.0,200 DMA Recovery Watch,-2,63.0,0.6676386914811033,Positive momentum | RSI supports positive momentum | Price is above 200 DMA | Price is near 200 DMA,419,359
673.7999877929688,673.7999877929688,656.0999755859375,662.0,8117.0,669.1500244140625,-1.0685233734129218,656.4324981689454,657.392998046875,660.2599993896484,660.791499633789,661.614296170974,659.9496413381707,658.873011832975,61.1031440953337,16.875004359654017,2.5490943141471325,16650.45,0.4874943319850214,883.4500122070312,556.0,-25.066501686247726,19.06474820143885,0.18288679059593035,True,640.0999755859375,685.0,Sideways,Strong Positive,No Breakout,SUNDROP,SUNDROP.NS,Sundrop Brands Limited,,Unavailable,0,60,,65.0,200 DMA Recovery Watch,-2,63.0,1.0502271397118252,Strong positive momentum | RSI supports positive momentum | Price is above 200 DMA | Price is near 200 DMA,419,359
1756.199951171875,1785.0,1747.800048828125,1761.5999755859375,167102.0,1764.4000244140625,-0.1586969388676418,1710.3000122070312,1765.747998046875,1795.732996826172,1714.6769989013671,1742.9609485814985,1733.285421552146,1756.7642247482124,67.06297683723302,44.17143031529018,2.507460883711583,263907.45,0.633184095409205,2110.0,1322.5,-16.5118494982968,33.20226658494801,2.736549024372228,True,1640.199951171875,1784.0,Sideways,Strong Positive,No Breakout,TATACOMM,TATACOMM.NS,Tata Communications Limited,,Unavailable,0,60,,65.0,200 DMA Recovery Watch,-2,63.0,0.1845141672926037,Strong positive momentum | RSI supports positive momentum | Price is above 200 DMA | Price is near 200 DMA,419,359
55.9900016784668,55.9900016784668,54.060001373291016,55.650001525878906,2687.0,55.959999084472656,-0.5539627656637403,53.946000480651854,51.721800079345705,53.90320014953613,53.27585006713867,55.105157434729314,54.024593748873635,52.89076344107962,65.85542146303209,3.660000664847238,6.57682042137093,14914.0,0.18016628671047338,69.4000015258789,35.400001525878906,-19.81267967965778,57.20338736481801,4.4563370753320894,True,48.099998474121094,59.0,Sideways,Strong Positive,No Breakout,VITAL,VITAL.NS,Vital Chemtech Limited,,Unavailable,0,60,,65.0,200 DMA Recovery Watch,-2,63.0,0.4437082278186812,Strong positive momentum | RSI supports positive momentum | Price is above 200 DMA,419,359
118.44999694824219,122.80000305175781,117.0,119.70999908447266,8436.0,120.16999816894531,-0.38279028999064213,113.87450065612794,111.96580032348633,116.29670021057129,118.95615020751953,118.82450080365246,115.64685011056773,113.89612050451251,69.1479470814163,4.184285845075335,3.495351998225911,15519.15,0.5435864721972531,164.5800018310547,100.80000305175781,-27.263338344498354,18.75991613115837,0.6337199679361141,True,101.0,126.0,Sideways,Strong Positive,No Breakout,VSTL,VSTL.NS,Vibhor Steel Tubes Limited,,Unavailable,0,60,,65.0,200 DMA Recovery Watch,-2,63.0,0.3361839242818236,Strong positive momentum | RSI supports positive momentum | Price is above 200 DMA | Price is near 200 DMA,419,359
547.0,549.75,533.0,538.4500122070312,90810.0,551.9500122070312,-2.445873666352283,536.4300018310547,538.1160046386718,546.7600045776367,533.2492529296875,540.9751289925978,538.2562352936815,537.9562395903937,52.214838226507226,17.699999128069198,3.2872130609709482,139203.2,0.6523556929725753,667.5499877929688,416.0,-19.339372024073207,29.435099088228668,0.9752961206735191,True,499.04998779296875,572.5999755859375,Uptrend,Positive,No Breakout,CARRARO,CARRARO.NS,Carraro India Limited,,Unavailable,0,60,,64.0,Momentum Watch,-3,61.0,0.8667498024878781,Price is in an uptrend | Positive momentum | RSI supports positive momentum | Price is above 200 DMA | Price is near 200 DMA,445,451
16.6200008392334,17.360000610351562,16.5,17.1299991607666,109228.0,17.040000915527344,0.5281586878158384,15.47199993133545,15.377199974060058,15.994899988174438,16.383450031280518,16.320902138023108,15.768282899578303,15.606003921910633,72.24577337084725,0.8600001335144043,5.0204330160394335,117409.75,0.9303145607583697,27.489999771118164,12.630000114440918,-37.686433963655745,35.6294458080049,4.556727234256009,True,14.180000305175781,18.049999237060547,Sideways,Strong Positive,No Breakout,AIRAN,AIRAN.NS,Airan Limited,,Unavailable,0,60,,63.0,200 DMA Recovery Watch,-2,61.0,0.31186455362528925,Strong positive momentum | RSI indicates overbought conditions | Price is above 200 DMA,493,451
10990.0,11146.0,10922.0,11134.0,49910.0,10992.0,1.2918486171761279,11248.85,11057.86,10740.145,10681.365,11126.476408476636,11187.221426495122,11067.57002171489,50.33460803059274,255.64285714285714,2.2960558392568453,46840.35,1.065534309628344,13880.0,8588.0,-19.78386167146974,29.646017699115045,4.237613825573793,True,10811.0,11644.0,Uptrend,Neutral,No Breakout,BAJAJHLDNG,BAJAJHLDNG.NS,Bajaj Holdings & Investment Limited,,Unavailable,0,60,,63.0,200 DMA Recovery Watch,-2,61.0,1.5789473684210527,Price is in an uptrend | RSI supports positive momentum | Price is above 200 DMA,493,451
64.69999694824219,69.72000122070312,63.119998931884766,65.69000244140625,101530.0,63.849998474121094,2.8817603935118674,63.359000015258786,64.8068000793457,63.208800354003905,68.05685005187988,64.49644339380183,64.0116100995236,64.13507690222818,62.86749038388876,3.6249997275216237,5.518343115841757,29004.7,3.500467165666254,163.89999389648438,36.29999923706055,-59.920680361407086,80.96419785689673,-3.477750746132644,False,58.5,71.4000015258789,Downtrend,Strong Positive,No Breakout,BROOKS,BROOKS.NS,Brooks Laboratories Limited,,Unavailable,0,60,,63.0,200 DMA Recovery Watch,-2,61.0,0.7941581565521515,Price trend is weak | Strong positive momentum | Volume is more than 2x average | RSI supports positive momentum | Price is below 200 DMA,493,451
89.0,89.0,86.0,88.94999694824219,18027.0,89.2300033569336,-0.31380297899501475,86.2390007019043,87.59259994506836,87.29060005187988,89.0596000289917,89.02055013821949,87.75072076258729,87.39788786355565,67.15209730066056,3.6385716029575894,4.090580919384162,9592.85,1.879212121528013,116.9000015258789,60.29999923706055,-23.90932781249729,47.512434616372715,-0.12306711540791679,False,80.0999984741211,94.98999786376953,Downtrend,Positive,No Breakout,EMMBI,EMMBI.NS,Emmbi Industries Limited,,Unavailable,0,60,,63.0,200 DMA Recovery Watch,-2,61.0,0.6824860968269472,Price trend is weak | Positive momentum | Strong volume confirmation | RSI supports positive momentum | Price is below 200 DMA | Price is near 200 DMA,493,451
175.0,178.3000030517578,171.00999450683594,175.5399932861328,471310.0,177.33999633789062,-1.0150011779227808,165.19749908447267,165.64079895019532,163.5602993774414,168.5609994506836,173.14773895636213,168.6013230309602,165.47251277335656,70.98728860035408,5.868571690150669,3.3431536485163296,523597.45,0.9001380736288918,279.8999938964844,129.10000610351562,-37.28474558271949,35.972103010886336,4.140337241825077,True,150.05999755859375,182.5,Sideways,Strong Positive,No Breakout,PENIND,PENIND.NS,Pennar Industries Limited,,Unavailable,0,60,,63.0,200 DMA Recovery Watch,-2,61.0,0.27315572531061044,Strong positive momentum | RSI indicates overbought conditions | Price is above 200 DMA,493,451
19.139999389648438,19.350000381469727,18.6299991607666,19.049999237060547,493330.0,19.139999389648438,-0.4702202479513473,18.461499977111817,17.598799991607667,17.23609999656677,19.02163330554962,18.9795160476368,18.644222467139205,17.97615908375501,55.895191899516334,0.9807145254952567,5.148107951560123,912240.25,0.5407895562599875,34.400001525878906,12.300000190734863,-44.62209769749762,54.87804017604982,0.14912458386341776,True,16.549999237060547,21.200000762939453,Sideways,Positive,No Breakout,BESTAGRO,BESTAGRO.NS,Best Agrolife Limited,,Unavailable,0,60,,62.0,200 DMA Recovery Watch,-2,60.0,0.8600006103515625,Positive momentum | RSI supports positive momentum | Price is above 200 DMA | Price is near 200 DMA,525,507
248.0,253.8000030517578,242.39999389648438,250.89999389648438,16946.0,249.1999969482422,0.6821817692860055,247.9845001220703,247.9358004760742,248.57979949951172,249.38139930725097,253.2922206424397,250.63846626882633,249.48278822229713,57.05708959907321,11.371429443359375,4.532255767232488,34694.6,0.4884333585053582,409.8999938964844,186.0,-38.78994934558444,34.89246983681956,0.6089446099235386,True,230.4199981689453,270.0,Sideways,Positive,No Breakout,EMKAY,EMKAY.NS,Emkay Global Financial Services Limited,,Unavailable,0,60,,62.0,200 DMA Recovery Watch,-2,60.0,0.9326176800824333,Positive momentum | RSI supports positive momentum | Price is above 200 DMA | Price is near 200 DMA,525,507
301.0,310.0,295.04998779296875,308.1499938964844,3397.0,305.3500061035156,0.9169764981172168,298.7649978637695,308.2,302.84900054931643,298.47650009155274,301.6393946206131,301.1155509372837,303.4339257481853,57.3146045014268,12.739290509905134,4.1341199942339095,5046.6,0.6731264613799389,363.0,252.5,-15.110194518874827,22.039601543162128,3.240956591880585,True,285.0,327.8999938964844,Sideways,Positive,No Breakout,HEALTHX,HEALTHX.NS,Health X Platform Limited,,Unavailable,0,60,,62.0,200 DMA Recovery Watch,-2,60.0,0.8531319743889562,Positive momentum | RSI supports positive momentum | Price is above 200 DMA,525,507
56.0,58.689998626708984,55.900001525878906,58.56999969482422,862.0,56.880001068115234,2.9711648997424733,57.06649971008301,56.151999893188474,57.994799766540524,57.01105003356933,57.543738922717814,57.2299955598327,57.06454760841149,57.19236919399028,2.4542857578822543,4.190346202271088,3169.45,0.27197147770117847,72.80000305175781,37.0099983215332,-19.546707088482737,58.25453215637394,2.734469300840701,True,54.099998474121094,60.70000076293945,Sideways,Positive,No Breakout,MUKTAARTS,MUKTAARTS.NS,Mukta Arts Limited,,Unavailable,0,60,,62.0,200 DMA Recovery Watch,-2,60.0,0.47651017593686207,Positive momentum | RSI supports positive momentum | Price is above 200 DMA | Price is near 200 DMA,525,507
56.70000076293945,56.70000076293945,55.70000076293945,55.779998779296875,4948.0,55.88999938964844,-0.19681626686854914,55.196000289916995,54.03900016784668,54.66840003967285,55.12220003128052,55.542724260910084,55.13094567934928,54.694914542758056,59.34064910384916,2.819286346435547,5.05429617808085,15546.3,0.3182750879630523,62.0,46.5099983215332,-10.032260033392138,19.931199295425145,1.1933463244265818,True,46.5099983215332,59.90999984741211,Sideways,Positive,No Breakout,OBCL,OBCL.NS,OBCL Limited,,Unavailable,0,60,,62.0,200 DMA Recovery Watch,-2,60.0,0.4455232863183235,Positive momentum | RSI supports positive momentum | Price is above 200 DMA | Price is near 200 DMA,525,507
116.0,117.79000091552734,114.5199966430664,116.75,11479971.0,116.8499984741211,-0.08557849843980891,116.28600044250489,112.74380035400391,109.70500030517579,114.60800006866455,116.26186240486129,115.82656198469668,113.73464984327322,54.056520184886125,2.169999803815569,1.8586722088356051,12001181.6,0.9565700597347848,135.14999389648438,98.5,-13.614498503475708,18.527918781725887,1.8689794168401175,True,113.16000366210938,119.0999984741211,Sideways,Positive,No Breakout,PNB,PNB.NS,Punjab National Bank,,Unavailable,0,60,,62.0,200 DMA Recovery Watch,-2,60.0,0.6545963429873254,Positive momentum | RSI supports positive momentum | Price is above 200 DMA | Price is near 200 DMA,525,507
533.0,534.5,522.7999877929688,524.1500244140625,374526.0,537.25,-2.4383388712773346,513.8700012207031,507.5559997558594,526.0579998779297,520.536499633789,520.5614099575043,514.7252636715507,513.490279119488,56.0572273451673,14.021429879324776,2.6750795051472274,660657.65,0.5668987561106724,639.75,453.1000061035156,-18.06955460507034,15.680868981121737,0.6941923924288997,True,489.5,555.0,Sideways,Positive,No Breakout,SARDAEN,SARDAEN.NS,Sarda Energy & Minerals Limited,,Unavailable,0,60,,62.0,200 DMA Recovery Watch,-2,60.0,0.8903305584228456,Positive momentum | RSI supports positive momentum | Price is above 200 DMA | Price is near 200 DMA,525,507
97.98999786376953,99.01000213623047,96.5199966430664,98.19000244140625,411967.0,98.4800033569336,-0.2944769553634763,96.87249984741212,94.21759963989258,93.35969963073731,95.18944965362549,98.48298083681728,97.2602859920278,95.16781604522824,59.50046126921006,3.799285888671875,3.869320495168594,2985488.75,0.13798980150235032,123.0,79.5999984741211,-20.170729722433943,23.354276788496406,3.152190498736096,True,91.5199966430664,104.38999938964844,Sideways,Positive,No Breakout,SBFC,SBFC.NS,SBFC Finance Limited,,Unavailable,0,60,,62.0,200 DMA Recovery Watch,-2,60.0,0.9295339667898578,Positive momentum | RSI supports positive momentum | Price is above 200 DMA,525,507
25.5,26.290000915527344,24.75,24.989999771118164,21404.0,25.489999771118164,-1.961553568025265,25.05349998474121,24.914799919128416,24.54670000076294,24.513200063705444,25.34179944671948,25.17277699265753,24.91838250056253,51.31578557108788,1.609285490853446,6.439717909534977,41721.45,0.5130214793589389,29.68000030517578,20.0,-15.801888429360112,24.94999885559082,1.945073291832982,True,23.200000762939453,28.350000381469727,Uptrend,Neutral,No Breakout,AMBICAAGAR,AMBICAAGAR.NS,Ambica Agarbathies & Aroma industries Limited,,Unavailable,0,60,,60.0,200 DMA Recovery Watch,-2,58.0,1.8770963531260823,Price is in an uptrend | RSI supports positive momentum | Price is above 200 DMA | Price is near 200 DMA,565,552
4.800000190734863,4.920000076293945,4.679999828338623,4.889999866485596,14697.0,4.800000190734863,1.8749931703013978,4.7029999732971195,4.681799964904785,4.8660000038146975,4.963349995613098,4.784123710695652,4.731749103118217,4.735716378046446,60.606075201644565,0.19714273725237166,4.03154892914254,15406.75,0.9539325295730767,7.489999771118164,4.099999904632568,-34.71295038830716,19.268292200700067,-1.477835115241384,False,4.480000019073486,4.980000019073486,Downtrend,Strong Positive,No Breakout,AURUS,AURUS.NS,AURUS GEM CORPORATION LIMITED,,Unavailable,0,60,,60.0,200 DMA Recovery Watch,-2,58.0,0.21951264898259196,Price trend is weak | Strong positive momentum | RSI supports positive momentum | Price is below 200 DMA | Price is near 200 DMA,565,552
332.0,338.3999938964844,325.0,334.04998779296875,131431.0,333.29998779296875,0.2250225104916126,326.4200012207031,333.9580010986328,322.1,342.4069999694824,330.8810317621155,329.2378546913447,328.657194132144,60.81313965423296,10.057141985212054,3.010669765821121,115399.0,1.1389266804738343,515.9000244140625,272.3500061035156,-35.249084709315795,22.6546650658058,-2.4406662764658673,False,317.0,340.0,Downtrend,Strong Positive,No Breakout,BAJAJHCARE,BAJAJHCARE.NS,Bajaj Healthcare Limited,,Unavailable,0,60,,60.0,200 DMA Recovery Watch,-2,58.0,0.3489745728430948,Price trend is weak | Strong positive momentum | RSI supports positive momentum | Price is below 200 DMA | Price is near 200 DMA,565,552
10.079999923706055,10.260000228881836,9.829999923706055,9.989999771118164,8199526.0,10.100000381469727,-1.0891149128407829,9.36799988746643,9.481799983978272,9.780700006484984,10.03979998588562,9.758001215559961,9.550475529390946,9.565160939723793,68.65077487887018,0.3707143919808524,3.7108548596028537,9335160.3,0.8783487092342699,16.389999389648438,7.699999809265137,-39.04819924869779,29.740259981533395,-0.4960279571053987,False,8.899999618530273,11.180000305175781,Downtrend,Strong Positive,No Breakout,BCG,BCG.NS,Brightcom Group Limited,,Unavailable,0,60,,60.0,200 DMA Recovery Watch,-2,58.0,1.0917434563952166,Price trend is weak | Strong positive momentum | RSI supports positive momentum | Price is below 200 DMA | Price is near 200 DMA,565,552
251.00999450683594,259.0,251.0,258.2699890136719,2539.0,258.0899963378906,0.06974027600263888,243.9265007019043,250.3056005859375,252.84040100097656,251.04250045776368,249.8863915617922,247.11088390033527,247.90123550404823,70.03737016921878,7.482855660574777,2.8972997169170367,6053.7,0.4194129210235063,379.0,208.00999450683594,-31.854884165258078,24.16229788669324,2.878990028672127,True,229.5,261.0,Sideways,Strong Positive,No Breakout,DIAMINESQ,DIAMINESQ.NS,Diamines & Chemicals Limited,,Unavailable,0,60,,60.0,200 DMA Recovery Watch,-2,58.0,0.09489092905217267,Strong positive momentum | RSI indicates overbought conditions | Price is above 200 DMA | Price is near 200 DMA,565,552
57.70000076293945,57.70000076293945,55.9900016784668,56.38999938964844,363820.0,57.7400016784668,-2.3380710938251004,56.071499824523926,56.2339998626709,57.44920009613037,54.085800113677976,56.651560391413526,56.46869214555639,56.52373418719376,54.69084053130881,1.8721438816615514,3.31999273262135,776272.35,0.46867571671205344,65.8499984741211,40.58000183105469,-14.365982237934926,38.96007108233992,4.2602665970134055,True,53.54999923706055,59.70000076293945,Uptrend,Neutral,No Breakout,ONEPOINT,ONEPOINT.NS,One Point One Solutions Limited,,Unavailable,0,60,,60.0,200 DMA Recovery Watch,-2,58.0,1.1654933786798731,Price is in an uptrend | RSI supports positive momentum | Price is above 200 DMA,565,552
24.200000762939453,25.700000762939453,24.200000762939453,25.18000030517578,242102.0,24.610000610351562,2.316130356309154,25.179499912261964,24.257599906921385,24.577899913787842,24.922149972915648,25.13128432359682,25.055099217116908,24.666214849496797,51.34453636047154,1.5307143075125558,6.079087724228167,322263.4,0.7512550292710869,40.5099983215332,18.200000762939453,-37.84250469398,38.351644228771995,1.0346231466400553,True,23.219999313354492,28.18000030517578,Sideways,Positive,No Breakout,ATL,ATL.NS,Allcargo Terminals Limited,,Unavailable,0,60,,59.0,200 DMA Recovery Watch,-2,57.0,1.530611470360693,Positive momentum | RSI supports positive momentum | Price is above 200 DMA | Price is near 200 DMA,603,595
262.8800048828125,262.8800048828125,255.39999389648438,257.4800109863281,117326.0,263.7799987792969,-2.388349314627114,251.3005012512207,243.91720031738282,238.59190017700195,250.51889991760254,254.95646059035627,251.25329332304062,245.49342182240662,52.14120148065365,13.520715985979352,5.251171123609004,1305887.15,0.0898439041995321,397.95001220703125,213.72999572753906,-35.2984035461279,20.469759104174205,2.7786770064115505,True,229.25,289.0,Sideways,Positive,No Breakout,BOROLTD,BOROLTD.NS,Borosil Limited,,Unavailable,0,60,,59.0,200 DMA Recovery Watch,-2,57.0,1.1165418613877656,Positive momentum | RSI supports positive momentum | Price is above 200 DMA | Price is near 200 DMA,603,595
883.0,892.9500122070312,873.2000122070312,889.5,9546.0,883.7999877929688,0.6449436847431267,885.5125,846.3030017089844,846.605,863.2535000610352,885.2553098048253,876.765360369567,857.9706138396766,52.879790154057844,26.996442522321427,3.0350132121777884,372869.3,0.02560146410551901,1175.0999755859375,640.0,-24.30431295375778,38.984375,3.040416278313274,True,808.0,945.9000244140625,Sideways,Positive,No Breakout,EXPLEOSOL,EXPLEOSOL.NS,Expleo Solutions Limited,,Unavailable,0,60,,59.0,200 DMA Recovery Watch,-2,57.0,0.6920248394363497,Positive momentum | RSI supports positive momentum | Price is above 200 DMA,603,595
291.80999755859375,316.94000244140625,286.9800109863281,307.80999755859375,2809027.0,299.6700134277344,2.716315869496344,226.83500213623046,249.43777709960938,265.33698745727537,298.6902444458008,266.4387969468126,245.38569202586046,247.6536915227923,80.79378266202447,24.790713718959264,8.05390140527849,2977048.05,0.9435611897496918,612.0,168.5,-49.70424876493566,82.6765564145957,3.0532477315133115,True,168.5,323.2300109863281,Sideways,Strong Positive,No Breakout,GENESYS,GENESYS.NS,Genesys International Corporation Limited,,Unavailable,0,60,,59.0,200 DMA Recovery Watch,-2,57.0,0.11068849112030686,Strong positive momentum | RSI indicates overbought conditions | Price is above 200 DMA,603,595
80.36000061035156,81.0,79.04000091552734,80.33999633789062,230861.0,80.36000061035156,-0.02489332044425252,79.28950004577636,82.8549998474121,82.22959983825683,79.7342497253418,79.88887773767556,80.0201386107848,81.53813586555133,51.93492719124797,3.175714765276228,3.9528440503282303,386451.6,0.5973865808810211,106.0,58.599998474121094,-24.207550624631484,37.09897342978659,0.7597069197182201,True,74.5,85.5,Sideways,Positive,No Breakout,PNBGILTS,PNBGILTS.NS,PNB Gilts Limited,,Unavailable,0,60,,59.0,200 DMA Recovery Watch,-2,57.0,0.8835628249679931,Positive momentum | RSI supports positive momentum | Price is above 200 DMA | Price is near 200 DMA,603,595
518.75,530.4500122070312,504.1000061035156,520.9500122070312,73285.0,519.0499877929688,0.3660580789417889,513.100001525879,491.6890014648437,492.09850128173827,506.0275001525879,522.0117394924939,514.6815628624253,501.3313729050747,51.03980805329016,16.260724748883927,3.1213598940125826,149494.55,0.4902185397394086,649.9500122070312,455.0,-19.847680218045618,14.494508177369505,2.9489527841754875,True,461.0,555.0,Sideways,Positive,No Breakout,WONDERLA,WONDERLA.NS,Wonderla Holidays Limited,,Unavailable,0,60,,59.0,200 DMA Recovery Watch,-2,57.0,0.5679729918215961,Positive momentum | RSI supports positive momentum | Price is above 200 DMA | Price is near 200 DMA,603,595
8.039999961853027,8.0600004196167,7.980000019073486,7.980000019073486,1291259.0,8.0,-0.2499997615814209,7.79500002861023,7.550600023269653,7.711700015068054,8.53865897655487,7.962761847658905,7.832878182794963,7.704015541282973,68.23525187887465,0.2607142925262451,3.267096389763107,1045754.4,1.2347631528014609,12.199999809265137,6.570000171661377,-34.59016275546845,21.461184331378156,-6.542701365815512,False,7.210000038146973,8.529999732971191,Downtrend,Strong Positive,No Breakout,AXITA,AXITA.NS,Axita Cotton Limited,,Unavailable,0,60,,58.0,200 DMA Recovery Watch,-2,56.0,0.7142853604176846,Price trend is weak | Strong positive momentum | Volume is above average | RSI supports positive momentum | Price is below 200 DMA,617,615
79.79000091552734,79.79000091552734,76.5,77.62000274658203,1640745.0,79.86000061035156,-2.8049058936260307,77.8224998474121,75.36439956665039,77.90009979248048,75.87274995803833,79.91127605183074,78.57457799564803,76.92208351589638,58.40430392282923,3.3914288112095425,4.369271696990352,2428532.8,0.6756116285520213,103.94999694824219,60.150001525878906,-25.329480495098178,29.044057817998294,2.3028726249015996,True,70.3499984741211,87.77999877929688,Sideways,Neutral,No Breakout,ELECTCAST,ELECTCAST.NS,Electrosteel Castings Limited,,Unavailable,0,60,,58.0,200 DMA Recovery Watch,-2,56.0,1.3975227045190757,RSI supports positive momentum | Price is above 200 DMA | Price is near 200 DMA,617,615
80.80999755859375,81.83999633789062,79.26000213623047,81.02999877929688,2108387.0,80.08000183105469,1.1863098483019474,71.7939998626709,75.64039978027344,80.47919967651367,82.6951997756958,74.44971116373266,73.49212336473082,75.41959196609373,77.92009067724568,3.054999760219029,3.7702083256103665,1637363.55,1.2876718795896,,,,,-2.0136610116616795,False,66.9000015258789,83.4000015258789,Downtrend,Strong Positive,No Breakout,EXCELSOFT,EXCELSOFT.NS,Excelsoft Technologies Limited,,Unavailable,0,60,,58.0,200 DMA Recovery Watch,-2,56.0,0.16772846477438208,Price trend is weak | Strong positive momentum | Volume is above average | RSI indicates overbought conditions | Price is below 200 DMA | Price is near 200 DMA,617,615
9.140000343322754,9.59000015258789,9.020000457763672,9.430000305175781,14442.0,9.149999618530273,3.06011692151833,9.51200008392334,9.568800048828125,9.950799989700318,9.242250008583069,9.572981088391153,9.590914204606184,9.637564039954922,56.2030042166016,0.6700000762939453,7.104984672441706,41986.8,0.3439652462202406,13.9399995803833,6.739999771118164,-32.3529369509745,39.91098850751663,2.031434947316433,True,8.100000381469727,11.149999618530273,Sideways,Neutral,No Breakout,FMNL,FMNL.NS,Future Market Networks Limited,,Unavailable,0,60,,58.0,200 DMA Recovery Watch,-2,56.0,1.2932326406167765,RSI supports positive momentum | Price is above 200 DMA | Price is near 200 DMA,617,615
1067.4000244140625,1075.0,1047.0999755859375,1065.5,70159.0,1070.0,-0.42056074766355644,1045.1750030517578,1165.4880041503907,1169.633502807617,1043.206501159668,1055.264602444494,1067.3114880956834,1119.5886870544527,58.97078855673388,39.34999738420759,3.6931015846276485,100463.2,0.6983552186273183,1400.0,665.0,-23.892857142857142,60.225563909774436,2.137016862485965,True,965.2999877929688,1143.699951171875,Sideways,Neutral,No Breakout,KRISHNADEF,KRISHNADEF.NS,Krishna Defence And Allied Industries Limited,,Unavailable,0,60,,58.0,200 DMA Recovery Watch,-2,56.0,0.7804385393716303,RSI supports positive momentum | Price is above 200 DMA | Price is near 200 DMA,617,615
206.6999969482422,211.75,204.0,210.2899932861328,1607823.0,206.69000244140625,1.741734385893734,211.01699981689453,217.95059997558593,214.16169998168945,202.3609999847412,211.36026775778643,211.77295145801716,212.93008132377292,55.706591182770204,6.926428658621652,3.2937509533309797,2133806.55,0.7534998896690049,288.45001220703125,146.8000030517578,-27.09655594148497,43.24931124966673,3.918241806469375,True,204.5,224.0,Sideways,Neutral,No Breakout,MOSCHIP,MOSCHIP.NS,Moschip Technologies Limited,,Unavailable,0,60,,58.0,200 DMA Recovery Watch,-2,56.0,2.3678795529354097,RSI supports positive momentum | Price is above 200 DMA,617,615
1903.0,1908.300048828125,1864.5999755859375,1869.199951171875,183488.0,1909.699951171875,-2.1207520047925588,1870.4799865722657,1933.2059985351561,1906.8019982910157,1858.7299969482422,1889.2649484856684,1889.5522840774706,1902.850572066909,57.158163853049594,43.985709054129465,2.353183725826287,233145.2,0.7870116991471409,2093.300048828125,1589.0,-10.70558889929354,17.63372883397577,0.5632853744665952,True,1781.0,1949.5999755859375,Sideways,Neutral,No Breakout,NH,NH.NS,Narayana Hrudayalaya Ltd.,,Unavailable,0,60,,58.0,200 DMA Recovery Watch,-2,56.0,0.9115654073026321,RSI supports positive momentum | Price is above 200 DMA | Price is near 200 DMA,617,615
330.8500061035156,331.5,325.25,330.1499938964844,101606.0,331.29998779296875,-0.3471155867361575,328.8350006103516,336.85400024414065,326.1715008544922,328.77175079345704,333.82865029000976,332.9931923984999,332.0770626517741,57.18584352040062,9.996427263532366,3.0278441460964127,370497.1,0.2742423624908265,453.25,276.25,-27.159405648872724,19.511310007777148,0.4192097099890976,True,310.29998779296875,354.79998779296875,Sideways,Neutral,No Breakout,NUVOCO,NUVOCO.NS,Nuvoco Vistas Corporation Limited,,Unavailable,0,60,,58.0,200 DMA Recovery Watch,-2,56.0,1.2418129126982296,RSI supports positive momentum | Price is above 200 DMA | Price is near 200 DMA,617,615
80.04000091552734,81.58000183105469,79.62000274658203,80.27999877929688,17030.0,81.58000183105469,-1.5935315304969055,79.47249984741211,76.84879989624024,76.99610000610352,77.97220001220703,81.86099031020821,80.30931626760065,78.17086392848806,65.5583310877528,3.571429661342076,4.44871663633246,39161.15,0.43486976250697434,114.75,68.81999969482422,-30.039216750068082,16.652134750495406,2.9597712604345516,True,73.61000061035156,86.9000015258789,Sideways,Neutral,No Breakout,SINCLAIR,SINCLAIR.NS,Sinclairs Hotels Limited,,Unavailable,0,60,,58.0,200 DMA Recovery Watch,-2,56.0,0.9925044323706034,RSI supports positive momentum | Price is above 200 DMA | Price is near 200 DMA,617,615
23.520000457763672,24.170000076293945,23.440000534057617,23.989999771118164,3110385.0,23.809999465942383,0.7559861789717903,24.37849998474121,24.778400001525878,24.79579999923706,23.632500076293944,24.415905615314756,24.45834866092689,24.598913906577664,52.35920388390666,1.142857279096331,4.763890329303921,3150479.35,0.9872735715598326,32.7400016784668,17.639999389648438,-26.725722232028893,35.997735834367745,1.5127459797739833,True,23.18000030517578,25.950000762939453,Sideways,Neutral,No Breakout,SINDHUTRAD,SINDHUTRAD.NS,Sindhu Trade Links Limited,,Unavailable,0,60,,58.0,200 DMA Recovery Watch,-2,56.0,2.4197559063090894,RSI supports positive momentum | Price is above 200 DMA | Price is near 200 DMA,617,615
14.760000228881836,14.760000228881836,14.289999961853027,14.520000457763672,14252337.0,14.800000190734863,-1.89189006326147,14.669000101089477,14.591200046539306,14.230200071334838,14.066000046730041,14.942801170019338,14.783890395391916,14.537269303331852,50.97614116210157,0.7478570938110352,5.150530786733996,16270115.0,0.8759825606641379,22.59000015258789,10.119999885559082,-35.7237699881101,43.47826701543001,3.227644031887896,True,13.850000381469727,16.489999771118164,Sideways,Neutral,No Breakout,UTKARSHBNK,UTKARSHBNK.NS,Utkarsh Small Finance Bank Limited,,Unavailable,0,60,,58.0,200 DMA Recovery Watch,-2,56.0,2.9402971478024216,RSI supports positive momentum | Price is above 200 DMA,617,615
541.9500122070312,567.0,528.9000244140625,548.9000244140625,275682.0,544.4500122070312,0.8173408223451473,524.7250030517578,558.9480004882812,573.613501586914,557.7865000915527,531.847952865209,532.9913515340069,549.8151327050018,58.75568643881943,25.16786847795759,4.585146175721833,329118.9,0.8376364894267694,898.7000122070312,368.70001220703125,-38.92288672990317,48.87442534334551,-1.5931679372002818,False,495.3500061035156,585.7999877929688,Downtrend,Positive,No Breakout,BFUTILITIE,BFUTILITIE.NS,BF Utilities Limited,,Unavailable,0,60,,57.0,200 DMA Recovery Watch,-2,55.0,0.689074710766974,Price trend is weak | Positive momentum | RSI supports positive momentum | Price is below 200 DMA | Price is near 200 DMA,638,632
432.0,434.29998779296875,424.20001220703125,426.3999938964844,3868222.0,432.0,-1.2962977091471317,411.17750091552733,417.38899963378907,437.77899963378906,431.19299957275393,421.30566970079144,416.3448810055559,420.0880604805533,67.98894609532303,9.039289202008929,2.11990837978374,11099503.0,0.3485040726598299,491.25,369.6000061035156,-13.201019054150764,15.367961811413094,-1.111568527554643,False,395.79998779296875,436.29998779296875,Downtrend,Strong Positive,No Breakout,COALINDIA,COALINDIA.NS,Coal India Limited,,Unavailable,0,60,,57.0,200 DMA Recovery Watch,-2,55.0,0.3235291477718682,Price trend is weak | Strong positive momentum | RSI supports positive momentum | Price is below 200 DMA | Price is near 200 DMA,638,632
31.920000076293945,34.4900016784668,31.049999237060547,33.58000183105469,17146.0,30.979999542236328,8.3925188096716,32.53100004196167,32.876399993896484,33.87839992523193,35.15954999923706,32.370724600483626,32.51840491394596,32.93153917202872,52.727290315703705,2.0450004850115096,6.089935597085939,5175.35,3.313012646487677,52.869998931884766,28.100000381469727,-36.485714943331864,19.501784253350742,-4.492515314378727,False,30.510000228881836,36.119998931884766,Downtrend,Positive,No Breakout,INCREDIBLE,INCREDIBLE.NS,INCREDIBLE INDUSTRIES LIMITED,,Unavailable,0,60,,57.0,200 DMA Recovery Watch,-2,55.0,0.82736018737982,Price trend is weak | Positive momentum | Volume is more than 2x average | RSI supports positive momentum | Price is below 200 DMA,638,632
62.88999938964844,62.88999938964844,57.06999969482422,58.720001220703125,8042.0,61.470001220703125,-4.473726932469624,55.82500019073486,55.30240005493164,58.76790004730225,59.616350116729734,57.7317275023005,56.555122407977706,56.58899981563808,60.97980881587282,3.747857230050223,6.382590517945745,15681.5,0.5128335937250901,82.48999786376953,38.33000183105469,-28.815610690549477,53.195925947304836,-1.5035286364756382,False,52.86000061035156,66.66000366210938,Downtrend,Strong Positive,No Breakout,KREBSBIO,KREBSBIO.NS,Krebs Biochemicals and Industries Limited,,Unavailable,0,60,,57.0,200 DMA Recovery Watch,-2,55.0,1.354949080957502,Price trend is weak | Strong positive momentum | RSI supports positive momentum | Price is below 200 DMA | Price is near 200 DMA,638,632
170.85000610351562,176.8000030517578,164.1699981689453,173.27000427246094,1947707.0,169.5399932861328,2.2000773469614154,156.03849868774415,171.4884002685547,174.64410079956053,176.17215007781982,161.05335828676377,160.04625173829913,166.61076791809217,67.33135001316589,9.975713457380023,5.7573227975995005,3080241.7,0.6323227816830088,240.89999389648438,117.25,-28.07388598485573,47.77825524303705,-1.6473351798663587,False,142.97999572753906,176.13999938964844,Downtrend,Strong Positive,No Breakout,RESPONIND,RESPONIND.NS,Responsive Industries Limited,,Unavailable,0,60,,57.0,200 DMA Recovery Watch,-2,55.0,0.09475055488779831,Price trend is weak | Strong positive momentum | RSI supports positive momentum | Price is below 200 DMA | Price is near 200 DMA,638,632
29.25,29.25,29.25,29.25,0.0,29.25,0.0,27.963999938964843,28.041599960327147,29.069200019836426,29.78160002708435,28.625042409101802,28.209263994404957,28.275573148125595,62.97118632527213,1.6078570229666573,5.496947087065495,28727.45,0.0,43.36000061035156,26.0,-32.54151386470001,12.5,-1.784994851186294,False,26.5,31.889999389648438,Downtrend,Strong Positive,No Breakout,SELMC,SELMC.NS,SEL Manufacturing Company Limited,,Unavailable,0,60,,57.0,200 DMA Recovery Watch,-2,55.0,0.9599997780539773,Price trend is weak | Strong positive momentum | RSI supports positive momentum | Price is below 200 DMA | Price is near 200 DMA,638,632
1304.0,1304.0,1276.699951171875,1298.300048828125,3732.0,1295.199951171875,0.23935282374316635,1285.520001220703,1301.2780004882814,1336.0040002441406,1312.6859985351562,1291.9935232575397,1287.132443756067,1298.0137818477542,64.59330941992889,39.542872837611604,3.0457422283318785,6089.8,0.6128280074879306,1942.0,1112.800048828125,-33.1462384743499,16.66966138214566,-1.0959170527517346,False,1236.199951171875,1350.0,Downtrend,Strong Positive,No Breakout,SUNCLAY,SUNCLAY.NS,Sundaram Clayton Limited,,Unavailable,0,60,,57.0,200 DMA Recovery Watch,-2,55.0,0.8325260848711679,Price trend is weak | Strong positive momentum | RSI supports positive momentum | Price is below 200 DMA | Price is near 200 DMA,638,632
4679.7001953125,4746.5,4611.0,4710.7001953125,25632.0,4703.0,0.1637294346693574,4581.480053710938,4561.982021484375,4514.442021484375,4788.0955078125,4656.284860890707,4610.581105554366,4572.28309047447,68.40019498624287,91.257080078125,1.9372296324213678,42205.25,0.6073178099880939,5642.0,4000.0,-16.506554496410846,17.7675048828125,-1.6164112092943363,False,4415.7001953125,4750.0,Downtrend,Strong Positive,No Breakout,SUNDARMFIN,SUNDARMFIN.NS,Sundaram Finance Limited,,Unavailable,0,60,,57.0,200 DMA Recovery Watch,-2,55.0,0.13321967690677966,Price trend is weak | Strong positive momentum | RSI supports positive momentum | Price is below 200 DMA | Price is near 200 DMA,638,632
6.130000114440918,6.349999904632568,5.730000019073486,5.849999904632568,88082.0,5.989999771118164,-2.3372265748761722,5.548000001907349,5.55460000038147,5.779899997711182,5.962800011634827,5.769474721776482,5.636796660435303,5.612828872629036,66.41791655561221,0.36785714966910227,6.288156507110353,117198.05,0.751565405738406,10.329999923706055,4.409999847412109,-43.368829159354085,32.65306365181587,-1.8917305088575678,False,5.199999809265137,6.449999809265137,Downtrend,Strong Positive,No Breakout,ZENITHSTL,ZENITHSTL.NS,Zenith Steel Pipes & Industries Limited,,Unavailable,0,60,,57.0,200 DMA Recovery Watch,-2,55.0,0.9230766409247999,Price trend is weak | Strong positive momentum | RSI supports positive momentum | Price is below 200 DMA | Price is near 200 DMA,638,632
89.9000015258789,93.5,85.41000366210938,88.80000305175781,17879.0,88.83999633789062,-0.045017208218589566,89.23749961853028,88.46499954223633,91.92579986572265,93.33019987106323,89.57090616039928,89.36740855804034,89.50827321543687,55.67958954567793,3.8157146998814175,4.296975865707344,7679.35,2.328191839153053,140.1999969482422,59.15999984741211,-36.66190799951285,50.10142542392565,-4.853945266981038,False,85.0,94.19999694824219,Downtrend,Neutral,No Breakout,BSHSL,BSHSL.NS,Bombay Super Hybrid Seeds Limited,,Unavailable,0,60,,56.0,200 DMA Recovery Watch,-2,54.0,1.4210498841537602,Price trend is weak | Volume is more than 2x average | RSI supports positive momentum | Price is below 200 DMA,658,656
88.0,88.61000061035156,85.13999938964844,85.9800033569336,791089.0,88.06999969482422,-2.373108147079339,86.41849975585937,87.10219970703125,89.71109962463379,82.15089998245239,88.19698399247247,87.44439517835728,87.42993761103007,53.575214860635185,3.7049996512276784,4.309141086965194,1202944.75,0.6576270439685613,106.19999694824219,38.5,-19.039542535168852,123.32468404398335,4.66106077389184,True,81.3499984741211,98.86000061035156,Sideways,Neutral,No Breakout,ARFIN,ARFIN.NS,Arfin India Limited,,Unavailable,0,60,,55.0,200 DMA Recovery Watch,-2,53.0,2.7818539244377654,RSI supports positive momentum | Price is above 200 DMA,670,668
54.900001525878906,55.11000061035156,52.790000915527344,53.90999984741211,557333.0,55.54999923706055,-2.952294171327907,54.860499954223634,55.11359992980957,55.12009983062744,52.48424983978271,55.71158989459754,55.37494493892586,54.97656159421406,53.72653961373585,3.1607142857142856,5.862946196736099,912900.25,0.6105081031580395,71.5,40.31999969482422,-24.60139881480824,33.70535777640992,2.7165292673168544,True,51.310001373291016,62.45000076293945,Sideways,Neutral,No Breakout,BLKASHYAP,BLKASHYAP.NS,B. L. Kashyap and Sons Limited,,Unavailable,0,60,,55.0,200 DMA Recovery Watch,-2,53.0,3.2846176644062126,RSI supports positive momentum | Price is above 200 DMA | Price is near 200 DMA,670,668
389.45001220703125,399.0,369.75,379.3500061035156,4288.0,384.5,-1.3394002331558852,365.95750122070314,369.8,384.9820001220703,396.67524993896484,369.63936933063223,367.96744930463524,371.424348759887,61.12204957964742,20.460719517299108,5.393625725081934,4783.65,0.896386650361126,703.0,290.3500061035156,-46.038405959670605,30.65265993769937,-4.367614021322226,False,347.75,399.5,Downtrend,Strong Positive,No Breakout,CHEMFAB,CHEMFAB.NS,Chemfab Alkalis Limited,,Unavailable,0,60,,55.0,200 DMA Recovery Watch,-2,53.0,0.6376579115357389,Price trend is weak | Strong positive momentum | RSI supports positive momentum | Price is below 200 DMA,670,668
982.0999755859375,1007.6500244140625,980.2000122070312,995.0,304.0,991.5,0.35300050428643814,1006.2400054931641,955.8080004882812,909.0914984130859,963.3040008544922,1005.3378825492184,996.405802532518,960.150694392632,52.31597485717558,49.642870221819194,4.989233188122532,4998.65,0.06081642043351705,1573.0999755859375,667.0999755859375,-36.74909316368216,49.1530559757638,3.2903423132668497,True,948.5,1151.75,Sideways,Neutral,No Breakout,DHUNINV,DHUNINV.NS,Dhunseri Investments Limited,,Unavailable,0,60,,55.0,200 DMA Recovery Watch,-2,53.0,3.370967741935484,RSI supports positive momentum | Price is above 200 DMA,670,668
143.9499969482422,145.0,140.10000610351562,142.91000366210938,4346.0,144.1999969482422,-0.8945862090384282,148.49400100708007,140.49980087280272,139.36700004577636,142.18270011901856,147.68330231067208,147.32417409045516,142.97877900569546,52.22292561130013,10.526426042829241,7.3657727052596655,47824.9,0.09087316439762551,198.89999389648438,102.0,-28.1498199861758,40.10784672755821,0.5115274519909946,True,131.1999969482422,193.7899932861328,Sideways,Neutral,No Breakout,DTIL,DTIL.NS,Dhunseri Tea & Industries Limited,,Unavailable,0,60,,55.0,200 DMA Recovery Watch,-2,53.0,4.345000892593041,RSI supports positive momentum | Price is above 200 DMA | Price is near 200 DMA,670,668
910.0,921.9500122070312,900.5,910.9000244140625,21159.0,912.5,-0.1753397902397258,894.4625,908.3709973144531,918.317998046875,971.0079989624023,907.60784961018,901.8196049361948,906.8484244834028,60.71591737491801,19.428584507533483,2.1328997680103194,25411.35,0.8326594218725097,1328.800048828125,689.2999877929688,-31.449428737048173,32.14856238872462,-6.190265642772241,False,852.5499877929688,941.4000244140625,Downtrend,Strong Positive,No Breakout,GMBREW,GMBREW.NS,GM Breweries Limited,,Unavailable,0,60,,55.0,200 DMA Recovery Watch,-2,53.0,0.5227074697151799,Price trend is weak | Strong positive momentum | RSI supports positive momentum | Price is below 200 DMA,670,668
960.4000244140625,977.4000244140625,941.0999755859375,945.8499755859375,87.0,960.0,-1.4739608764648415,963.7800048828125,931.7370007324218,920.858501586914,933.9412521362304,962.165386337628,957.7530777541397,939.9028857804008,54.12201257593019,35.22857666015625,3.724541689429422,366.15,0.23760753789430564,1236.199951171875,805.0,-23.487298742464414,17.496891377135093,1.2751041269959853,True,903.4000244140625,1054.0,Sideways,Neutral,No Breakout,GROBTEA,GROBTEA.NS,The Grob Tea Company Limited,,Unavailable,0,60,,55.0,200 DMA Recovery Watch,-2,53.0,2.547706685837527,RSI supports positive momentum | Price is above 200 DMA | Price is near 200 DMA,670,668
210.0,221.1999969482422,202.50999450683594,213.8300018310547,354.0,217.60000610351562,-1.7325386795566056,215.42949981689452,211.16919952392578,213.02329986572266,213.27755004882812,216.04096647308606,215.24562517979075,213.19716137547894,51.9091338889172,16.317143031529017,7.630895052987492,938.2,0.3773182690257941,333.989990234375,170.0399932861328,-35.97712264340585,25.752770097582133,0.25902950502764593,True,200.0,257.7900085449219,Sideways,Neutral,No Breakout,LOYALTEX,LOYALTEX.NS,Loyal Textile Mills Limited,,Unavailable,0,60,,55.0,200 DMA Recovery Watch,-2,53.0,3.178597316969029,RSI supports positive momentum | Price is above 200 DMA | Price is near 200 DMA,670,668
94.30000305175781,94.30000305175781,91.5,93.70999908447266,329886.0,95.2300033569336,-1.5961401017322019,94.08199958801269,100.77919921875,99.91349967956543,92.04304969787597,94.40124854171722,95.36809254051931,97.94804611453117,50.868482500290604,3.966428484235491,4.232663027410818,1616337.85,0.2040947070564486,123.58999633789062,64.0,-24.176711820370254,46.421873569488525,1.8110540579308418,True,89.16000366210938,109.25,Sideways,Neutral,No Breakout,NITCO,NITCO.NS,Nitco Limited,,Unavailable,0,60,,55.0,200 DMA Recovery Watch,-2,53.0,3.4153882527327513,RSI supports positive momentum | Price is above 200 DMA | Price is near 200 DMA,670,668
54.88999938964844,56.150001525878906,52.630001068115234,55.189998626708984,253434.0,54.88999938964844,0.5465462568708279,51.05149974822998,51.40580001831054,53.771199989318845,58.794300060272214,53.217544432171586,51.99924098166463,52.122414140388834,69.28150345937392,2.557143075125558,4.633345060255245,225800.3,1.1223811482978543,103.69000244140625,46.0,-46.77404057551636,19.978257884149965,-6.1303586059674595,False,46.5099983215332,57.0,Downtrend,Strong Positive,No Breakout,RAJOOENG,RAJOOENG.NS,Rajoo Engineers Limited,,Unavailable,0,60,,55.0,200 DMA Recovery Watch,-2,53.0,0.20852549650392677,Price trend is weak | Strong positive momentum | RSI supports positive momentum | Price is below 200 DMA,670,668
96.25,98.44999694824219,92.62999725341797,96.31999969482422,148192.0,96.31999969482422,0.0,89.48499984741211,85.41880020141602,90.15310020446778,99.90745010375977,95.12766829285064,91.63275043036143,88.58454122150114,66.20317308287677,5.725000108991351,5.943729367867705,148198.65,0.9999551277963733,152.4499969482422,75.2300033569336,-36.81862799411829,28.034022858975266,-3.5907736662378773,False,80.0999984741211,102.0,Downtrend,Strong Positive,No Breakout,REMSONSIND,REMSONSIND.NS,Remsons Industries Limited,,Unavailable,0,60,,55.0,200 DMA Recovery Watch,-2,53.0,0.35018494930357086,Price trend is weak | Strong positive momentum | RSI supports positive momentum | Price is below 200 DMA,670,668
110.4000015258789,110.4000015258789,108.30999755859375,108.83000183105469,51220.0,110.54000091552734,-1.5469504887912988,104.96149978637695,105.9179995727539,111.04019989013672,112.47195011138916,107.99895841499728,106.63767860479025,107.08716512865765,67.97584961744684,2.970715659005301,2.729684470296137,56933.2,0.8996508188543767,173.0,95.16999816894531,-37.09248449071983,14.353266706867224,-3.2380947220418856,False,100.12000274658203,113.97000122070312,Downtrend,Strong Positive,No Breakout,RUCHIRA,RUCHIRA.NS,Ruchira Papers Limited,,Unavailable,0,60,,55.0,200 DMA Recovery Watch,-2,53.0,0.5901262835735002,Price trend is weak | Strong positive momentum | RSI supports positive momentum | Price is below 200 DMA,670,668
349.8999938964844,349.8999938964844,340.25,346.3999938964844,676349.0,349.8999938964844,-1.0002858133902781,351.50999755859374,366.6069982910156,351.3989993286133,334.38274978637696,353.0365073064935,356.6549176416654,358.7508091738245,50.57803468208092,11.871431623186384,3.4270877114200973,961405.2,0.703500459535688,430.0,276.0,-19.44186188453852,25.50724416539289,3.5938588691506137,True,329.04998779296875,377.75,Sideways,Neutral,No Breakout,SENCO,SENCO.NS,Senco Gold Limited,,Unavailable,0,60,,55.0,200 DMA Recovery Watch,-2,53.0,1.8069161426498395,RSI supports positive momentum | Price is above 200 DMA,670,668
1960.0,2020.0,1960.0,2020.0,28.0,2010.0,0.4975124378109541,1997.1549987792969,2078.7419921875,2005.7619970703124,2020.1009991455078,1996.3506220675445,2012.407586732273,2029.5130579527777,66.80904498285875,61.79286411830357,3.059052679123939,1478.15,0.01894259716537564,2991.0,1539.0,-32.464058843196256,31.25406107862248,-0.004999707715134408,False,1920.0,2199.0,Downtrend,Positive,No Breakout,NBIFIN,NBIFIN.NS,N. B. I. Industrial Finance Company Limited,,Unavailable,0,60,,54.0,200 DMA Recovery Watch,-2,52.0,1.79,Price trend is weak | Positive momentum | RSI supports positive momentum | Price is below 200 DMA | Price is near 200 DMA,699,697
572.25,594.9000244140625,571.0499877929688,591.25,39880.0,578.5,2.203975799481417,577.4924987792969,575.2879968261718,600.8359973144532,598.871748046875,586.6200574563866,581.4868546066259,582.0426009272478,59.58810091661624,18.139295305524552,3.067956922710284,113433.8,0.3515706958596115,,,,,-1.2726845224761663,False,541.7999877929688,616.4500122070312,Downtrend,Positive,No Breakout,ORKLAINDIA,ORKLAINDIA.NS,Orkla India Limited,,Unavailable,0,60,,54.0,200 DMA Recovery Watch,-2,52.0,0.5096057833419115,Price trend is weak | Positive momentum | RSI supports positive momentum | Price is below 200 DMA | Price is near 200 DMA,699,697
22.200000762939453,22.75,21.65999984741211,21.93000030517578,48149.0,22.200000762939453,-1.216218236417399,21.247500324249266,20.63420021057129,21.143000068664552,22.488999996185303,22.58947130905407,21.84598118734953,21.147467913995133,62.339878802725735,1.577857289995466,7.194971582481329,115446.2,0.41706872984992144,33.880001068115234,17.0,-35.27154777508464,29.000001795151654,-2.4856582822906397,False,18.540000915527344,26.68000030517578,Downtrend,Positive,No Breakout,PRAENG,PRAENG.NS,Prajay Engineers Syndicate Limited,,Unavailable,0,60,,54.0,200 DMA Recovery Watch,-2,52.0,1.4011801932780297,Price trend is weak | Positive momentum | RSI supports positive momentum | Price is below 200 DMA | Price is near 200 DMA,699,697
16.010000228881836,16.719999313354492,16.010000228881836,16.350000381469727,1609.0,16.799999237060547,-2.6785647382538524,15.717000055313111,14.487200069427491,15.161600008010865,16.852999992370606,16.387674401270047,15.786213608518153,15.124055381164064,60.33519959849785,0.9807141848972866,5.9982517554481465,19821.1,0.08117612039695073,39.790000915527344,11.260000228881836,-58.90927367360419,45.204263313708196,-2.9846295088624477,False,12.65999984741211,17.600000381469727,Downtrend,Positive,No Breakout,PRUDMOULI,PRUDMOULI.NS,Prudential Sugar Corporation Limited,,Unavailable,0,60,,54.0,200 DMA Recovery Watch,-2,52.0,0.33875333850574507,Price trend is weak | Positive momentum | RSI supports positive momentum | Price is below 200 DMA | Price is near 200 DMA,699,697
646.0,654.5,641.7000122070312,650.9000244140625,577285.0,645.1500244140625,0.8912655634202737,640.3925018310547,657.692001953125,669.8050006103516,666.5392514038086,637.1016316865082,642.331127346212,653.5432258790437,52.876234087812364,14.732155936104911,2.263351572212144,578849.55,0.997297138781571,1184.699951171875,538.8499755859375,-45.057816220030325,20.794294127281614,-2.3463324863176647,False,616.0999755859375,679.4000244140625,Downtrend,Positive,No Breakout,TATAINVEST,TATAINVEST.NS,Tata Investment Corporation Limited,,Unavailable,0,60,,54.0,200 DMA Recovery Watch,-2,52.0,0.8189643681467087,Price trend is weak | Positive momentum | RSI supports positive momentum | Price is below 200 DMA | Price is near 200 DMA,699,697
750.0,774.75,748.0,752.1500244140625,12940.0,769.1500244140625,-2.2102320042114765,732.5350036621094,736.2480017089844,789.0720025634765,758.2227532958984,755.4169444156248,743.1289515772377,747.6256671421689,62.507851393625565,36.44643293108259,4.845633417279348,17927.1,0.7218122284139655,1860.0,565.0,-59.561826644405244,33.12389812638274,-0.8009162024535064,False,685.0,804.7000122070312,Downtrend,Positive,No Breakout,VIVIANA,VIVIANA.NS,Viviana Power Tech Limited,,Unavailable,0,60,,54.0,200 DMA Recovery Watch,-2,52.0,0.7825758553553672,Price trend is weak | Positive momentum | RSI supports positive momentum | Price is below 200 DMA | Price is near 200 DMA,699,697
3550.0,3592.199951171875,3531.300048828125,3576.0,8326.0,3551.0,0.7040270346381217,3574.4500122070312,3629.54400390625,3741.5180053710938,3685.196993408203,3572.189525629301,3579.4784243961703,3631.5632296079148,51.096946863626115,58.22853306361607,1.6283146829870265,6482.7,1.2843414009594767,4545.0,3301.300048828125,-21.32013201320132,8.320962866413378,-2.9631249999260896,False,3501.0,3672.0,Downtrend,Neutral,No Breakout,SWARAJENG,SWARAJENG.NS,Swaraj Engines Limited,,Unavailable,0,60,,53.0,200 DMA Recovery Watch,-2,51.0,1.28,Price trend is weak | Volume is above average | RSI supports positive momentum | Price is below 200 DMA | Price is near 200 DMA,714,713
270.0,276.8999938964844,265.6000061035156,273.54998779296875,119178.0,271.79998779296875,0.6438558052228371,269.3625015258789,268.2580001831055,270.4279000854492,289.23615074157715,269.55125883053347,269.3336047201445,268.8135992896828,50.48139646953534,7.128574916294643,2.6059496378737816,79993.5,1.4898460499915618,396.0,220.5,-30.921720254300823,24.05895138003118,-5.423306494845266,False,260.0,280.20001220703125,Downtrend,Positive,No Breakout,DOLLAR,DOLLAR.NS,Dollar Industries Limited,,Unavailable,0,60,,52.0,200 DMA Recovery Watch,-2,50.0,0.4907771516601127,Price trend is weak | Positive momentum | Volume is above average | RSI supports positive momentum | Price is below 200 DMA,723,723
718.0,724.7000122070312,705.25,722.2000122070312,1018560.0,720.9000244140625,0.18032844346556054,689.3799987792969,712.7859997558594,755.9260021972656,763.5269998168945,707.1809929401121,699.7913080716385,714.7482839568394,60.928775072063736,23.899998256138392,3.309332297447683,1950511.5,0.5222014840722549,1122.0,613.0,-35.63279748600435,17.81403135514376,-5.412642594141941,False,648.0,772.7999877929688,Downtrend,Strong Positive,No Breakout,HBLENGINE,HBLENGINE.NS,HBL Engineering Limited,,Unavailable,0,60,,52.0,200 DMA Recovery Watch,-2,50.0,0.6819402595885639,Price trend is weak | Strong positive momentum | RSI supports positive momentum | Price is below 200 DMA,723,723
1090.0,1109.800048828125,1090.0,1102.199951171875,39091.0,1091.199951171875,1.0080645612370764,1049.7300048828124,1064.0779992675782,1121.0780023193358,1141.2639999389648,1076.0318152449051,1061.885986653287,1069.9279095612444,68.26179441968273,30.69287109375,2.7846917486357077,51327.1,0.7616054676769193,1638.9000244140625,996.0,-32.74757857387108,10.66264569998745,-3.422875756107176,False,1015.0,1140.0,Downtrend,Strong Positive,No Breakout,NESCO,NESCO.NS,Nesco Limited,,Unavailable,0,60,,52.0,200 DMA Recovery Watch,-2,50.0,0.4334870412211518,Price trend is weak | Strong positive momentum | RSI supports positive momentum | Price is below 200 DMA,723,723
128.55999755859375,132.58999633789062,126.4000015258789,131.38999938964844,472565.0,128.55999755859375,2.2013082489091174,123.4424991607666,125.93579940795898,128.08399978637695,137.63489986419677,127.16718368010582,125.72163190857927,126.22258557324373,62.73486471627755,5.100715092250279,3.882118209867454,600199.85,0.7873460814760284,186.3000030517578,109.0999984741211,-29.47396820323953,20.430798558457003,-4.537294305957372,False,116.56999969482422,136.49000549316406,Downtrend,Strong Positive,No Breakout,TARC,TARC.NS,TARC Limited,,Unavailable,0,60,,52.0,200 DMA Recovery Watch,-2,50.0,0.3441299735854088,Price trend is weak | Strong positive momentum | RSI supports positive momentum | Price is below 200 DMA,723,723
83.5999984741211,85.51000213623047,82.9000015258789,84.11000061035156,5140262.0,84.22000122070312,-0.1306110291583784,84.06099967956543,85.44779968261719,85.65279983520507,87.71179969787597,83.79870747817048,84.12578758714517,84.94182684863256,50.394719670732314,1.3814288548060827,1.6424073769844534,2813849.05,1.826772477365124,117.0,72.6500015258789,-28.11111058944311,15.774258559912694,-4.10640198916319,False,81.70999908447266,86.81999969482422,Downtrend,Neutral,No Breakout,BAJAJHFL,BAJAJHFL.NS,Bajaj Housing Finance Limited,,Unavailable,0,60,,51.0,200 DMA Recovery Watch,-2,49.0,1.1291655672928065,Price trend is weak | Strong volume confirmation | RSI supports positive momentum | Price is below 200 DMA,760,760
577.8499755859375,577.8499755859375,569.0999755859375,575.3499755859375,667017.0,580.4000244140625,-0.870097969624184,567.7474975585938,575.1169982910156,612.6864978027344,592.2202474975586,570.6612558257752,570.7201888983348,579.7648138072291,52.760732061307664,13.789293561662946,2.396679264237372,1059753.3,0.6294078065149691,771.9000244140625,466.3999938964844,-25.46314841450136,23.35977339520166,-2.8486482829499424,False,552.75,601.0,Downtrend,Positive,No Breakout,GMDCLTD,GMDCLTD.NS,Gujarat Mineral Development Corporation Limited,,Unavailable,0,60,,51.0,200 DMA Recovery Watch,-2,49.0,1.1349580585397998,Price trend is weak | Positive momentum | RSI supports positive momentum | Price is below 200 DMA | Price is near 200 DMA,760,760
76.98999786376953,78.87999725341797,76.38999938964844,78.2699966430664,32019.0,77.16000366210938,1.4385600418291622,77.94050025939941,77.10740005493165,78.63630004882812,79.39514999389648,78.3945712657904,77.90996200391925,77.63507955341981,52.35634663577475,3.0871423993791853,3.9442219647171295,72272.25,0.44303311436962317,114.54000091552734,60.0,-31.665797086216084,30.449994405110676,-1.4171562758135372,False,72.19999694824219,83.27999877929688,Downtrend,Positive,No Breakout,INTLCONV,INTLCONV.NS,International Conveyors Limited,,Unavailable,0,60,,51.0,200 DMA Recovery Watch,-2,49.0,0.8253710688819983,Price trend is weak | Positive momentum | RSI supports positive momentum | Price is below 200 DMA | Price is near 200 DMA,760,760
37.20000076293945,37.20000076293945,36.099998474121094,36.290000915527344,328.0,36.88999938964844,-1.6264529250424875,35.46599979400635,35.20020004272461,36.288199996948244,37.195000085830685,35.6756472250252,35.434048634975454,35.486517031945674,50.20704432478198,1.7200004032679967,4.739598676978988,3803.85,0.08622842646266284,49.95000076293945,29.0,-27.347346624160984,25.137934191473597,-2.4331204952681205,False,33.70000076293945,37.70000076293945,Downtrend,Positive,No Breakout,MADHAV,MADHAV.NS,Madhav Marbles and Granites Limited,,Unavailable,0,60,,51.0,200 DMA Recovery Watch,-2,49.0,0.5444014534143011,Price trend is weak | Positive momentum | RSI supports positive momentum | Price is below 200 DMA | Price is near 200 DMA,760,760
68.88999938964844,69.88999938964844,67.01000213623047,68.51000213623047,52411.0,68.08999633789062,0.6168392141711943,68.10899963378907,70.82399978637696,72.41480003356934,71.06359994888305,68.5825679777047,68.76344713583246,70.01577168555909,57.53333662244842,2.873572758265904,4.194384277717398,42649.25,1.2288844469715177,88.87999725341797,57.310001373291016,-22.91853706870378,19.54283806414136,-3.5933977655078246,False,64.95999908447266,72.0,Downtrend,Neutral,No Breakout,RUBFILA,RUBFILA.NS,Rubfila International Limited,,Unavailable,0,60,,51.0,200 DMA Recovery Watch,-2,49.0,0.9830971446746872,Price trend is weak | Volume is above average | RSI supports positive momentum | Price is below 200 DMA,760,760
285.1000061035156,291.6000061035156,280.25,287.75,91603.0,287.45001220703125,0.10436172559724621,281.9149993896484,315.1310003662109,297.2229006958008,292.5278504180908,282.46946788629845,288.01928954886654,299.2502838012099,56.86016999648927,10.178571428571429,3.537296760580862,140704.65,0.6510303675109529,479.6000061035156,222.0,-40.00208583444163,29.617117117117115,-1.63329761978633,False,262.8999938964844,318.70001220703125,Downtrend,Neutral,No Breakout,DENTA,DENTA.NS,Denta Water and Infra Solutions Limited,,Unavailable,0,60,,50.0,200 DMA Recovery Watch,-2,48.0,1.2454730223447565,Price trend is weak | RSI supports positive momentum | Price is below 200 DMA | Price is near 200 DMA,777,777
127.0,128.30999755859375,125.30000305175781,127.8499984741211,215251.0,128.00999450683594,-0.12498714130192434,128.85050048828126,133.34999969482422,133.79600006103516,130.05230014801026,129.0753914137078,129.82857415662352,131.6363100034245,55.80386885569637,5.060712541852679,3.9583203772012943,651863.9,0.3302084990440489,,,,,-1.6933969421400203,False,121.16000366210938,144.35000610351562,Downtrend,Neutral,No Breakout,GKENERGY,GKENERGY.NS,GK Energy Limited,,Unavailable,0,60,,50.0,200 DMA Recovery Watch,-2,48.0,2.4663707660533873,Price trend is weak | RSI supports positive momentum | Price is below 200 DMA | Price is near 200 DMA,777,777
352.0,364.95001220703125,351.0,359.20001220703125,66567.0,361.79998779296875,-0.7186223531398417,352.1075012207031,376.5930017089844,374.3505017089844,366.1810008239746,358.7833076511604,360.23202682042347,369.5424340120363,57.48251324417948,11.439285278320312,3.1846561496571106,96441.25,0.6902336914961181,572.2000122070312,268.04998779296875,-37.224745797966385,34.00486049805874,-1.9064311368516815,False,332.5,377.0,Downtrend,Neutral,No Breakout,HARIOMPIPE,HARIOMPIPE.NS,Hariom Pipe Industries Limited,,Unavailable,0,60,,50.0,200 DMA Recovery Watch,-2,48.0,0.6666659046800456,Price trend is weak | RSI supports positive momentum | Price is below 200 DMA | Price is near 200 DMA,777,777
210.00999450683594,212.9600067138672,208.10000610351562,212.4499969482422,1949.0,209.36000061035156,1.475924880054591,212.80399856567382,219.16699951171876,216.64069931030272,218.4665496826172,213.39260034413238,213.90533900541158,215.99076398889665,53.85822296354215,7.788569859095982,3.6660720032834173,1785.05,1.09184616677404,303.04998779296875,153.0,-29.896054939497553,38.85620715571385,-2.7539926561369286,False,205.22000122070312,227.0,Downtrend,Neutral,No Breakout,INDIANCARD,INDIANCARD.NS,Indian Card Clothing Company Limited,,Unavailable,0,60,,50.0,200 DMA Recovery Watch,-2,48.0,2.0124497441038356,Price trend is weak | RSI supports positive momentum | Price is below 200 DMA | Price is near 200 DMA,777,777
2125.60009765625,2127.5,2100.0,2113.10009765625,34221.0,2142.89990234375,-1.390629802862331,2084.3049926757812,2238.98400390625,2252.4859985351563,2116.2694970703124,2091.7054646413067,2113.741111124044,2184.399417427895,54.62283268888463,57.949986049107146,2.742415568168423,37968.9,0.901290266507589,2675.800048828125,1780.0,-21.029222696154413,18.713488632373597,-0.14976350689030662,False,1964.4000244140625,2235.0,Downtrend,Neutral,No Breakout,STYRENIX,STYRENIX.NS,Styrenix Performance Materials Limited,,Unavailable,0,60,,50.0,200 DMA Recovery Watch,-2,48.0,0.8197702912036356,Price trend is weak | RSI supports positive momentum | Price is below 200 DMA | Price is near 200 DMA,777,777
46.5,46.86000061035156,45.75,46.630001068115234,839230.0,47.060001373291016,-0.9137277786392728,45.84300022125244,46.490199966430666,47.22379989624024,48.59874996185303,46.87947806597896,46.451299247457385,46.502146185807774,56.18298884248292,2.007143293108259,4.304403274999511,1818541.0,0.4614853335723528,76.3499984741211,37.11000061035156,-38.92599607068687,25.653463490130306,-4.051027845949002,False,42.5,49.29999923706055,Downtrend,Positive,No Breakout,DCW,DCW.NS,DCW Limited,,Unavailable,0,60,,49.0,200 DMA Recovery Watch,-2,47.0,0.6464884935644318,Price trend is weak | Positive momentum | RSI supports positive momentum | Price is below 200 DMA,817,817
1356.5999755859375,1362.0,1335.0999755859375,1355.5,24968.0,1356.5999755859375,-0.08108326741362859,1324.0849914550781,1376.8299951171875,1381.2759948730468,1409.2214953613282,1332.9882838021963,1334.7477222555272,1358.9082053497334,62.324807208679566,31.050005231584823,2.2906680362659406,65929.25,0.37870899486950027,1745.0,1200.0,-22.320916905444125,12.958333333333332,-3.8121399324492855,False,1265.0999755859375,1381.0,Downtrend,Positive,No Breakout,ERIS,ERIS.NS,Eris Lifesciences Limited,,Unavailable,0,60,,49.0,200 DMA Recovery Watch,-2,47.0,0.28207956983729815,Price trend is weak | Positive momentum | RSI supports positive momentum | Price is below 200 DMA,817,817
19.790000915527344,19.790000915527344,19.350000381469727,19.639999389648438,8984467.0,19.90999984741211,-1.3561047706324603,19.248999977111815,19.64659999847412,20.470300006866456,20.726074991226195,19.451807338807175,19.41366176223141,19.72707835146665,59.58004303297359,0.5614286150251117,2.858597925013283,15707371.1,0.5719904968693329,23.950000762939453,18.760000228881836,-17.995829795380917,4.690827025747072,-5.2401412329035635,False,18.760000228881836,20.600000381469727,Downtrend,Positive,No Breakout,IRB,IRB.NS,IRB Infrastructure Developers Limited,,Unavailable,0,60,,49.0,200 DMA Recovery Watch,-2,47.0,1.0909112583527862,Price trend is weak | Positive momentum | RSI supports positive momentum | Price is below 200 DMA,817,817
201.14999389648438,204.0,197.00999450683594,202.83999633789062,52887.0,202.55999755859375,0.13823004673756412,197.74550018310546,209.27919982910157,214.64829971313478,215.58604919433594,199.97471600194876,200.66203933955413,206.38449724060905,62.65719483277575,5.522854396275112,2.7227639992041546,90251.45,0.5859961252700095,377.04998779296875,155.8800048828125,-46.2034205264936,30.125731321590422,-5.912280921737951,False,189.4499969482422,206.7899932861328,Downtrend,Positive,No Breakout,LAXMIDENTL,LAXMIDENTL.NS,Laxmi Dental Limited,,Unavailable,0,60,,49.0,200 DMA Recovery Watch,-2,47.0,0.29499605140354657,Price trend is weak | Positive momentum | RSI supports positive momentum | Price is below 200 DMA,817,817
72.05000305175781,72.87999725341797,70.0,71.7300033569336,40924.0,71.8499984741211,-0.16700782148342252,71.94900016784668,73.41480010986328,73.43359985351563,73.98259994506836,71.53229973951156,71.9441278393893,72.62500269837385,50.45922684689237,2.9107153756277904,4.057877093834589,13358.25,3.063574944322797,104.69999694824219,55.0,-31.489966143558828,30.41818792169744,-3.0447653770039227,False,69.0,76.0,Strong Downtrend,Neutral,No Breakout,LOVABLE,LOVABLE.NS,Lovable Lingerie Limited,,Unavailable,0,60,,49.0,200 DMA Recovery Watch,-2,47.0,1.5640994111679667,Price trend is weak | Volume is more than 2x average | RSI supports positive momentum | Price is below 200 DMA,817,817
17.649999618530273,18.059999465942383,17.649999618530273,17.780000686645508,151622.0,18.059999465942383,-1.5503808835924837,17.316000080108644,17.399999923706055,17.57720001220703,18.814450006484986,17.726768775450005,17.53509454017248,17.484335210941875,55.555568884351764,0.7157144546508789,4.025390478125511,338822.75,0.4474965155084775,28.959999084472656,13.25,-38.60496806376446,34.188684427513266,-5.498164014802042,False,16.450000762939453,19.280000686645508,Downtrend,Positive,No Breakout,ORIENTPPR,ORIENTPPR.NS,Orient Paper & Industries Limited,,Unavailable,0,60,,49.0,200 DMA Recovery Watch,-2,47.0,1.1278196135682765,Price trend is weak | Positive momentum | RSI supports positive momentum | Price is below 200 DMA,817,817
46.689998626708984,47.400001525878906,45.0,47.119998931884766,107895.0,45.880001068115234,2.702697983656499,44.14199981689453,42.074599761962894,43.252099952697755,49.13890003204346,44.52141279375774,43.55598363378849,42.935307438972,56.905703275851984,2.7714285169328963,5.881639600499968,165386.4,0.6523813324432964,71.98999786376953,37.619998931884766,-34.54646432820789,25.25252596950047,-4.108559814815083,False,37.75,49.90999984741211,Downtrend,Positive,No Breakout,SHREERAMA,SHREERAMA.NS,Shree Rama Multi-Tech Limited,,Unavailable,0,60,,49.0,200 DMA Recovery Watch,-2,47.0,0.2977589363466595,Price trend is weak | Positive momentum | RSI supports positive momentum | Price is below 200 DMA,817,817
99.0,99.0,94.66000366210938,96.80000305175781,5797.0,97.33999633789062,-0.5547496470601487,96.71149978637695,97.24300003051758,100.07450004577636,103.68534980773926,96.52947498648724,96.66157894057446,97.45069317513983,50.22450207031282,3.72857175554548,3.8518302045423045,5818.25,0.9963476990504018,159.2899932861328,89.0,-39.23033013261803,8.764048372761588,-6.640616797598449,False,93.0,103.98999786376953,Downtrend,Positive,No Breakout,THEINVEST,THEINVEST.NS,The Investment Trust Of India Limited,,Unavailable,0,60,,49.0,200 DMA Recovery Watch,-2,47.0,1.8921023783614483,Price trend is weak | Positive momentum | RSI supports positive momentum | Price is below 200 DMA,817,817
121.01000213623047,125.54000091552734,121.01000213623047,121.01000213623047,28736.0,123.08000183105469,-1.6818326812064854,109.74050025939941,102.53039962768554,103.81339988708496,123.9531999206543,117.81055505888033,111.97547503490034,106.31471417053622,81.56719395698849,4.590000152587891,3.793075011618103,78093.9,0.3679672804149876,295.79998779296875,77.47000122070312,-59.09059934751393,56.202401225587806,-2.374442762516699,False,87.4000015258789,123.08999633789062,Downtrend,Strong Positive,No Breakout,KHADIM,KHADIM.NS,Khadim India Limited,,Unavailable,0,60,,48.0,200 DMA Recovery Watch,-2,46.0,0.06188616970805819,Price trend is weak | Strong positive momentum | RSI indicates overbought conditions | Price is below 200 DMA | Price is near 200 DMA,855,855
24.200000762939453,24.200000762939453,23.719999313354492,23.790000915527344,9000.0,24.040000915527344,-1.0399334046552688,23.74300012588501,24.204600105285646,24.483800048828126,24.73345001220703,23.80562175084913,23.873652516330054,24.133743129164426,57.09093759081586,1.0957141603742326,4.605776032816703,9883.9,0.910571737876749,31.479999542236328,20.809999465942383,-24.428204379073794,14.320045776368362,-3.814466223733659,False,22.850000381469727,26.989999771118164,Downtrend,Neutral,No Breakout,SAGARDEEP,SAGARDEEP.NS,Sagardeep Alloys Limited,,Unavailable,0,60,,48.0,200 DMA Recovery Watch,-2,46.0,3.404252167578744,Price trend is weak | RSI supports positive momentum | Price is below 200 DMA,855,855
10.720000267028809,10.75,10.130000114440918,10.609999656677246,23492.0,10.729999542236328,-1.1183587202099,9.367499923706054,9.663999919891358,10.412699966430663,11.352049975395202,9.983701734322217,9.631077711477303,9.749161718056797,75.96155345088192,0.7142855780465263,6.732192282372047,36814.6,0.6381163994719486,15.069999694824219,8.0600004196167,-29.595223148403626,31.637706008727655,-6.536707645987286,False,8.300000190734863,10.75,Downtrend,Strong Positive,No Breakout,AKG,AKG.NS,Akg Exim Limited,,Unavailable,0,60,,47.0,200 DMA Recovery Watch,-2,45.0,0.060606223242410856,Price trend is weak | Strong positive momentum | RSI indicates overbought conditions | Price is below 200 DMA,871,871
1155.9000244140625,1155.9000244140625,1117.0,1131.0999755859375,22425.0,1149.800048828125,-1.6263761043710634,1175.0099975585938,1122.5399963378907,1155.7054998779297,1132.6897518920898,1178.2640952396662,1173.6204667153334,1148.6369354459346,50.67335329910722,44.585745675223215,3.941804140887432,79403.25,0.282419170499948,1808.800048828125,807.0,-37.46683187460393,40.16108743320167,-0.14035408226274593,False,1054.5999755859375,1264.800048828125,Downtrend,Neutral,No Breakout,EPIGRAL,EPIGRAL.NS,Epigral Limited,,Unavailable,0,60,,47.0,200 DMA Recovery Watch,-2,45.0,1.7477133757148693,Price trend is weak | RSI supports positive momentum | Price is below 200 DMA | Price is near 200 DMA,871,871
1.5099999904632568,1.5399999618530273,1.309999942779541,1.5,251370.0,1.5099999904632568,-0.6622510282393357,1.5014999985694886,1.5067999935150147,1.541299990415573,1.5612499982118606,1.510390369511485,1.5077919549837888,1.5125695828341992,50.0,0.07714284317834037,5.142856211889358,161204.05,1.5593280689908227,2.0999999046325684,1.0199999809265137,-28.571425327638234,47.05882627933776,-3.92313840076937,False,1.350000023841858,1.600000023841858,Strong Downtrend,Neutral,No Breakout,KANANIIND,KANANIIND.NS,Kanani Industries Limited,,Unavailable,0,60,,47.0,200 DMA Recovery Watch,-2,45.0,0.6666669315762411,Price trend is weak | Strong volume confirmation | RSI supports positive momentum | Price is below 200 DMA,871,871
797.2000122070312,810.0,788.7999877929688,804.2000122070312,94866.0,804.2000122070312,0.0,804.2874938964844,845.63599609375,859.9549957275391,813.9514978027344,808.1240352202304,810.9138363899216,830.5023078341048,50.93963888464525,23.389286586216517,2.908391722356159,157025.65,0.6041433358180655,1028.300048828125,666.6500244140625,-21.79325352327693,20.633013238672767,-1.1980425887816772,False,780.4000244140625,843.0,Downtrend,Neutral,No Breakout,KSB,KSB.NS,Ksb Limited,,Unavailable,0,60,,47.0,200 DMA Recovery Watch,-2,45.0,1.6302524240971024,Price trend is weak | RSI supports positive momentum | Price is below 200 DMA | Price is near 200 DMA,871,871
444.0,444.0,428.0,435.45001220703125,87056.0,438.5,-0.6955502378492073,407.1699981689453,398.6989990234375,423.9415002441406,453.2577494812012,431.90052505570407,417.6201018261628,408.93262815164326,72.86736008903002,25.417853219168528,5.83714605732605,493173.4,0.17652209141855582,685.4000244140625,344.04998779296875,-36.46775653687925,26.565914156945773,-3.928832390522318,False,344.04998779296875,467.3999938964844,Downtrend,Strong Positive,No Breakout,MARATHON,MARATHON.NS,Marathon Nextgen Realty Limited,,Unavailable,0,60,,47.0,200 DMA Recovery Watch,-2,45.0,0.3495620695319793,Price trend is weak | Strong positive momentum | RSI indicates overbought conditions | Price is below 200 DMA,871,871
68.5,69.30000305175781,68.16000366210938,69.0,246359.0,69.30000305175781,-0.4329048175275685,69.09899978637695,67.91239990234375,68.7470002746582,70.74645002365112,69.68741457313179,69.20824212539638,68.5953565360948,53.83910489229584,1.9207136971609933,2.783643039363758,588316.5,0.41875249121858726,116.19000244140625,55.099998474121094,-40.61451196302695,25.226863721978766,-2.4686044643473544,False,66.0,73.30000305175781,Downtrend,Neutral,No Breakout,SPIC,SPIC.NS,Southern Petrochemicals Industries Corporation  Limited,,Unavailable,0,60,,47.0,200 DMA Recovery Watch,-2,45.0,1.4333343505859375,Price trend is weak | RSI supports positive momentum | Price is below 200 DMA | Price is near 200 DMA,871,871
56.5,57.849998474121094,55.349998474121094,56.099998474121094,40050.0,57.029998779296875,-1.630721243349198,57.54399948120117,55.50779975891113,56.13489971160889,57.50944995880127,57.76923260191548,57.46781792210943,56.35055585840323,53.79830946732867,3.6771436418805803,6.554623425839923,61928.35,0.646715115129016,102.4000015258789,37.54999923706055,-45.21484605647853,49.40079790668102,-2.450817188635748,False,52.0,64.81999969482422,Downtrend,Neutral,No Breakout,TRIGYN,TRIGYN.NS,Trigyn Technologies Limited,,Unavailable,0,60,,47.0,200 DMA Recovery Watch,-2,45.0,2.126830357558221,Price trend is weak | RSI supports positive momentum | Price is below 200 DMA | Price is near 200 DMA,871,871
62.02000045776367,62.560001373291016,61.5,62.09000015258789,143137.0,62.0099983215332,0.12901440609602854,61.70099983215332,62.63039985656738,64.88919998168946,65.78325000762939,61.84176330617831,61.93182322733658,62.79785674896216,51.662417815710114,0.8978573935372489,1.446057966388693,188733.75,0.7584070151734917,78.9000015258789,59.5,-21.305451265140213,4.352941432920825,-5.614270889038115,False,60.79999923706055,63.70000076293945,Downtrend,Positive,No Breakout,JAGRAN,JAGRAN.NS,Jagran Prakashan Limited,,Unavailable,0,60,,46.0,200 DMA Recovery Watch,-2,44.0,1.248061602881425,Price trend is weak | Positive momentum | RSI supports positive momentum | Price is below 200 DMA,931,930
453.5,460.0,446.25,454.04998779296875,93689.0,456.25,-0.4821944563356162,451.3124969482422,468.9770001220703,489.1074993896484,485.54774871826174,450.24653565246626,453.2464702014502,466.6746246718184,54.57363367906275,14.864283970424108,3.2737109062982097,127066.45,0.7373228731895791,,,,,-6.487057350886722,False,433.0,477.75,Downtrend,Positive,No Breakout,JARO,JARO.NS,Jaro Institute of Technology Management and Research Limited,,Unavailable,0,60,,46.0,200 DMA Recovery Watch,-2,44.0,1.125891969160556,Price trend is weak | Positive momentum | RSI supports positive momentum | Price is below 200 DMA,931,930
556.0499877929688,557.7999877929688,548.0,555.4500122070312,35635.0,556.0499877929688,-0.10789957721586418,548.0874969482422,536.2019989013672,546.9380001831055,574.0009991455078,555.280660840271,547.8861938092491,542.2606162826416,52.39575277447419,16.003566196986608,2.881189278113049,71047.45,0.5015662068096745,860.9500122070312,464.0,-35.484057804570526,19.70905435496363,-3.231873631943607,False,502.04998779296875,584.0,Downtrend,Positive,No Breakout,MONTECARLO,MONTECARLO.NS,Monte Carlo Fashions Limited,,Unavailable,0,60,,46.0,200 DMA Recovery Watch,-2,44.0,0.534643721725534,Price trend is weak | Positive momentum | RSI supports positive momentum | Price is below 200 DMA,931,930
12.1899995803833,12.1899995803833,11.800000190734863,12.039999961853027,82560.0,12.100000381469727,-0.49587122086860447,11.929499912261964,11.928799991607667,12.303699989318847,12.43625,12.21854540641716,12.11494432543098,12.067331520103032,61.60459447103712,0.7192856924874442,5.974133677461755,135131.15,0.6109620172698893,18.709999084472656,8.670000076293945,-35.64938241047286,38.86966385125585,-3.186250181099383,False,10.949999809265137,13.789999961853027,Downtrend,Neutral,No Breakout,GENUSPAPER,GENUSPAPER.NS,Genus Paper & Boards Limited,,Unavailable,0,60,,45.0,200 DMA Recovery Watch,-2,43.0,1.605504362403189,Price trend is weak | RSI supports positive momentum | Price is below 200 DMA,970,969
727.0,739.0,721.0,730.0999755859375,11852.0,727.9000244140625,0.3022326003692566,733.4550018310547,780.7090014648437,782.1300030517579,773.8877514648437,733.4293643369065,744.9990371551464,766.06071425339,55.36396212545806,20.803575788225448,2.849414667015933,29650.55,0.39972277074118356,920.0,660.2999877929688,-20.641307001528535,10.570950944020602,-5.658155952981954,False,702.5,833.9500122070312,Downtrend,Neutral,No Breakout,ICEMAKE,ICEMAKE.NS,Ice Make Refrigeration Limited,,Unavailable,0,60,,45.0,200 DMA Recovery Watch,-2,43.0,3.7626858146210287,Price trend is weak | RSI supports positive momentum | Price is below 200 DMA,970,969
67.0999984741211,67.41000366210938,64.33000183105469,65.06999969482422,934174.0,67.52999877929688,-3.6428241210435752,68.32300033569337,65.8842002105713,69.77290012359619,67.95000022888183,68.07318652311145,67.85515963556657,67.2790810870616,53.74251622389006,2.900714329310826,4.457836703419493,962025.95,0.9710486499870404,108.0,53.650001525878906,-39.75000028257017,21.286109681537845,-4.238411367706639,False,63.11000061035156,74.19999694824219,Downtrend,Neutral,No Breakout,JAIBALAJI,JAIBALAJI.NS,Jai Balaji Industries Limited,,Unavailable,0,60,,45.0,200 DMA Recovery Watch,-2,43.0,4.658164039844142,Price trend is weak | RSI supports positive momentum | Price is below 200 DMA,970,969
144.0,144.0,137.0,139.35000610351562,9389.0,145.32000732421875,-4.108175694888072,138.5729995727539,140.51099945068358,142.6225,145.3865502166748,140.48521099082808,139.50238189205632,140.35028218756887,52.3633073787995,7.611430576869419,5.462095617861184,11193.75,0.8387716359575657,225.99000549316406,111.0,-38.33797835465303,25.540546039203267,-4.152065032262408,False,130.0,166.97999572753906,Downtrend,Neutral,No Breakout,LFIC,LFIC.NS,Lakshmi Finance & Industrial Corporation Limited,,Unavailable,0,60,,45.0,200 DMA Recovery Watch,-2,43.0,2.955077175151201,Price trend is weak | RSI supports positive momentum | Price is below 200 DMA,970,969
277.0,284.0,272.0,282.1000061035156,33612.0,280.20001220703125,0.6780848728445088,279.8675018310547,285.94200134277344,300.25850006103514,300.1949501800537,282.81921418966607,282.36246976578184,286.19161430632835,60.901094934462286,14.060714721679688,4.984301459575352,114268.95,0.2941481478564387,559.7000122070312,206.25999450683594,-49.59799893676477,36.76913294699335,-6.027731001365918,False,258.0,308.0,Downtrend,Neutral,No Breakout,MEIL,MEIL.NS,Mangal Electrical Industries Limited,,Unavailable,0,60,,45.0,200 DMA Recovery Watch,-2,43.0,1.074688271249283,Price trend is weak | RSI supports positive momentum | Price is below 200 DMA,970,969
38.16999816894531,38.790000915527344,38.060001373291016,38.43000030517578,25926.0,38.16999816894531,0.6811688464842591,38.46450004577637,39.3613998413086,39.87440006256104,39.36265001296997,38.3772065685385,38.58123174385126,39.14490106479642,51.53371792321464,0.7264284406389508,1.8902639470994618,36519.35,0.7099250123564631,43.77000045776367,36.099998474121094,-12.200137301211091,6.4542989737935565,-2.369377334825992,False,37.97999954223633,39.4900016784668,Strong Downtrend,Neutral,No Breakout,PTL,PTL.NS,PTL Enterprises Limited,,Unavailable,0,60,,43.0,200 DMA Recovery Watch,-2,41.0,2.3555546136565932,Price trend is weak | RSI supports positive momentum | Price is below 200 DMA | Price is near 200 DMA,1057,1057
319.5,319.5,308.8500061035156,313.3999938964844,10383.0,317.6499938964844,-1.33795060023989,312.1625030517578,317.7250012207031,321.43750061035155,328.5847503662109,314.4487110094386,314.76865326993186,317.58947962451975,54.43478063957083,12.800000871930804,4.084237754056443,22327.65,0.46502878717643814,420.0,215.35000610351562,-25.380953834170388,45.530524733692154,-4.621260254105826,False,290.0,339.0,Downtrend,Neutral,No Breakout,BORANA,BORANA.NS,Borana Weaves Limited,,Unavailable,0,60,,42.0,200 DMA Recovery Watch,-2,40.0,1.0940176402080934,Price trend is weak | RSI supports positive momentum | Price is below 200 DMA,1064,1064
118.0999984741211,121.0,115.0,119.04000091552734,9426.0,119.55000305175781,-0.4266015250619981,119.29050064086914,127.39060089111328,127.1610008239746,122.97020042419433,119.82945508610854,121.33090623707561,124.67806929790385,54.591683617706856,6.751427241734096,5.671561819396334,23279.85,0.4048995161051296,160.5,92.0999984741211,-25.831775130512558,29.25081746768545,-3.196058471978974,False,114.0,148.38999938964844,Downtrend,Neutral,No Breakout,HECPROJECT,HECPROJECT.NS,HEC Infra Projects Limited,,Unavailable,0,60,,42.0,200 DMA Recovery Watch,-2,40.0,5.82341133782317,Price trend is weak | RSI supports positive momentum | Price is below 200 DMA,1064,1064
136.0800018310547,139.9600067138672,135.0,137.6699981689453,10254.0,139.0800018310547,-1.0138076240624128,137.66949996948242,140.38179992675782,139.18739959716797,143.51679985046385,139.1147251324395,139.04856127421758,139.23003916480462,53.88311124540546,6.062855311802456,4.4039045488780095,14359.75,0.7140792841100994,233.0,108.0,-40.91416387598913,27.472220526801216,-4.073949312979782,False,131.10000610351562,148.33999633789062,Downtrend,Neutral,No Breakout,LORDSCHLO,LORDSCHLO.NS,Lords Chloro Alkali Limited,,Unavailable,0,60,,42.0,200 DMA Recovery Watch,-2,40.0,1.6240503889021787,Price trend is weak | RSI supports positive momentum | Price is below 200 DMA,1064,1064
159.99000549316406,161.0,158.11000061035156,159.77999877929688,13568.0,159.99000549316406,-0.13126239556018326,159.30900115966796,163.19140014648437,172.30379989624024,170.68845016479492,159.51030584779193,159.98797681959542,163.43886870553666,51.520271358739706,4.182856968470982,2.6178852174412244,21428.35,0.6331798761920541,231.10000610351562,137.3000030517578,-30.861101445524277,16.372902569466664,-6.39085501975455,False,155.14999389648438,165.17999267578125,Downtrend,Neutral,No Breakout,SUKHJITS,SUKHJITS.NS,Sukhjit Starch & Chemicals Limited,,Unavailable,0,60,,42.0,200 DMA Recovery Watch,-2,40.0,1.166304147222442,Price trend is weak | RSI supports positive momentum | Price is below 200 DMA,1064,1064
1237.9000244140625,1252.800048828125,1229.800048828125,1246.0,4562285.0,1246.0,0.0,1249.690008544922,1261.8200073242188,1283.0470043945313,1288.3675018310546,1251.5782527113697,1252.3608355980077,1262.9571541366884,50.054631467725414,23.935703822544642,1.9210035170581574,4639693.05,0.9833161269149044,1418.300048828125,1055.0999755859375,-12.14834963662932,18.093074479321107,-3.2884640268278287,False,1208.5999755859375,1300.0,Strong Downtrend,Neutral,No Breakout,AXISBANK,AXISBANK.NS,Axis Bank Limited,,Unavailable,0,60,,41.0,200 DMA Recovery Watch,-2,39.0,1.443849324860223,Price trend is weak | RSI supports positive momentum | Price is below 200 DMA,1127,1127
23.399999618530273,24.690000534057617,22.75,23.389999389648438,39705.0,23.239999771118164,0.6454372633716066,23.419499969482423,23.807000007629394,24.480600032806397,24.696350040435792,23.667464684761875,23.62463373223184,23.758661808679655,56.16438160936031,1.5428573063441686,6.596226364276782,60949.8,0.6514377405668271,47.75,15.199999809265137,-51.015708084505896,53.88157686285693,-5.289650691897559,False,21.5,26.989999771118164,Strong Downtrend,Neutral,No Breakout,BALAXI,BALAXI.NS,BALAXI PHARMACEUTICALS LIMITED,,Unavailable,0,60,,41.0,200 DMA Recovery Watch,-2,39.0,1.9047627217167353,Price trend is weak | RSI supports positive momentum | Price is below 200 DMA,1127,1127
176.50999450683594,177.88999938964844,171.82000732421875,175.0500030517578,60944.0,178.11000061035156,-1.7180380372284976,175.43800048828126,179.59340057373046,179.93670013427734,183.99805015563965,176.6626706213462,176.64202131669794,178.5250090337093,51.81097422007286,4.838570731026786,2.764107767308147,61652.65,0.9885057657700034,215.22000122070312,147.5,-18.664621290356703,18.67796817068326,-4.863120612589585,False,169.2100067138672,184.0,Strong Downtrend,Neutral,No Breakout,NCLIND,NCLIND.NS,NCL Industries Limited,,Unavailable,0,60,,41.0,200 DMA Recovery Watch,-2,39.0,1.5325346850259975,Price trend is weak | RSI supports positive momentum | Price is below 200 DMA,1127,1127
219.22999572753906,223.0,218.4199981689453,221.0500030517578,33790.0,221.0399932861328,0.004528486214727678,222.44199905395507,226.11140045166016,227.63720001220702,228.65924987792968,226.12680524719687,225.27953742418373,225.06860029619426,59.46325286854861,9.634284973144531,4.358418837428701,74177.0,0.4555320382328754,342.3999938964844,183.5,-35.441002630804235,20.463216921938862,-3.3277668977896515,False,205.0,239.5,Strong Downtrend,Neutral,No Breakout,PLATIND,PLATIND.NS,Platinum Industries Limited,,Unavailable,0,60,,41.0,200 DMA Recovery Watch,-2,39.0,1.149532301566854,Price trend is weak | RSI supports positive momentum | Price is below 200 DMA,1127,1127
30.899999618530273,30.899999618530273,29.5,29.530000686645508,25934.0,30.040000915527344,-1.6977370617130116,30.13350009918213,30.16679992675781,30.36140001296997,31.237500038146973,30.538045940368697,30.53256058762373,30.389193927368268,55.45454892245206,2.0128571646554128,6.816312623946861,102532.45,0.2529345587665173,46.25,25.200000762939453,-36.151349866712415,17.182538859578123,-5.466184391888854,False,27.5,35.0,Strong Downtrend,Neutral,No Breakout,XTGLOBAL,XTGLOBAL.NS,Xtglobal Infotech Limited,,Unavailable,0,60,,41.0,200 DMA Recovery Watch,-2,39.0,2.6945800311001076,Price trend is weak | RSI supports positive momentum | Price is below 200 DMA,1127,1127
246.07000732421875,249.0,243.85000610351562,245.38999938964844,12982.0,249.0800018310547,-1.4814527116910448,247.2479995727539,249.51020080566406,248.24850051879883,259.6860497283935,250.31593207076554,249.16797226086067,249.0230273584288,51.05693315637501,10.977856227329799,4.4736363562633805,27480.4,0.4724094263547837,388.1000061035156,203.0,-36.771451808687424,20.881773098348987,-5.505128347748127,False,235.0,273.989990234375,Strong Downtrend,Neutral,No Breakout,IRIS,IRIS.NS,IRIS RegTech Solutions Limited,,Unavailable,0,60,,38.0,200 DMA Recovery Watch,-2,36.0,2.752646056285696,Price trend is weak | RSI supports positive momentum | Price is below 200 DMA,1287,1287
