Company_Name,Sector,Industry,Market_Cap,Enterprise_Value,Revenue,Net_Income,EPS,Forward_EPS,Book_Value,Total_Debt,Total_Cash,Current_Ratio,Quick_Ratio,ROE,ROA,Operating_Margin,Profit_Margin,Debt_to_Equity,PE,Forward_PE,PB,PEG,Dividend_Yield,Revenue_Growth,Profit_Growth,Fundamental_Score,Symbol
Avalon Technologies Limited,Technology,Electronic Components,144512581632.0,145030791168.0,17643110400.0,1336009984.0,19.93,36.57361,108.034,2129229952.0,1430710016.0,,,,,10.1940006,7.571999999999999,29.503,108.414444,59.078117,20.000185,,,49.8,145.3,60.19,AVALON
Macpower CNC Machines Limited,Industrials,Specialty Industrial Machinery,18830831616.0,18767716352.0,3673864960.0,388972000.0,38.89,,175.15,6809000.0,66219000.0,,,,,13.943,10.588000000000001,0.389,48.40062,,10.746789,,8.0,56.10000000000001,110.5,87.0,MACPOWER
Syrma SGS Technology Limited,Technology,Electronic Components,290420654080.0,288667795456.0,54636969984.0,3681139968.0,19.39,30.97242,149.623,3998919936.0,8079860224.0,,,,,8.756,6.737,13.045,77.75658,48.67879,10.076659,,9.0,68.30000000000001,86.0,58.76,SYRMA
NRB Bearings Limited,Consumer Cyclical,Auto Parts,46605234176.0,47681630208.0,13946300416.0,1475000064.0,15.23,19.9,99.319,1538800000.0,666499968.0,,,,,12.262,10.576,15.653,31.572556,24.163317,4.8414702,,238.0,19.2,14.799999999999999,54.26,NRBBEARING
CP Capital Limited,Financial Services,Credit Services,2550954752.0,3290605824.0,790505024.0,451108000.0,24.79,,314.755,772068992.0,30738000.0,,,,,88.744,57.065999999999995,13.476,5.654296,,0.44533047,,,13.200000000000001,23.400000000000002,68.3,CPCAP
Supreme Petrochem Limited,Basic Materials,Specialty Chemicals,148430438400.0,142762983424.0,57153429504.0,4847288832.0,25.78,25.1,126.382,1333890944.0,7012483072.0,,,,,17.762,8.4809996,5.61,30.618694,31.448206,6.2457466,,128.0,23.7,193.5,67.11,SPLPETRO
Sambhv Steel Tubes Limited,Basic Materials,Steel,38000828416.0,40078426112.0,25867870208.0,1648029952.0,5.82,,35.771,3733410048.0,1619600000.0,,,,,11.291,6.371,35.435,22.158075,,3.6051552,,,31.1,36.199999999999996,61.29,SAMBHV
Prime Focus Limited,Communication Services,Entertainment,248428871680.0,301235470336.0,49194778624.0,1155782016.0,1.4,9.7,26.882,57167257600.0,9238934528.0,,,,,9.659999599999999,2.349,224.567,227.85715,32.886597,11.866676,,,23.799999999999997,,45.41,PFOCUS
Tatva Chintan Pharma Chem Limited,Basic Materials,Specialty Chemicals,36194529280.0,37319921664.0,5560489984.0,513840000.0,22.04,40.86667,334.033,1203730048.0,87910000.0,,,,,13.008000000000001,9.241000000000001,15.398,70.20417,37.862152,4.6321774,,12.0,42.9,140.5,63.01,TATVA
HLE Glascoat Limited,,,27462402048.0,,,,,,77.797,,,,,,,,,,75.1711,,5.0824585,,27.0,,,,HLEGLAS
Shekhawati Industries Limited,Consumer Cyclical,Textile Manufacturing,699396352.0,658780288.0,149752992.0,123588000.0,3.58,,6.378,13807000.0,54423000.0,,,,,-104.18799999999999,82.528,6.28,5.6675982,,3.1812482,,,-49.0,125.6,25.0,SHEKHAWATI
Manugraph India Limited,Industrials,Specialty Industrial Machinery,474446720.0,456407648.0,826803968.0,55897000.0,1.83,,19.082,30000000.0,19173000.0,,,,,-11.179,6.761,5.169,8.273224,,0.7934179,,,-18.8,8.9,20.05,MANUGRAPH
ACME Solar Holdings Limited,Utilities,Utilities - Renewable,296924938240.0,404033929216.0,28535959552.0,6034149888.0,9.7,24.89404,83.561,198962937856.0,61580910592.0,,,,,67.57600000000001,21.146,393.194,43.340206,16.887577,5.0310555,,5.0,46.800000000000004,71.5,75.0,ACMESOLAR
Equippp Social Impact Technologies Limited,Technology,Information Technology Services,2412428288.0,1455319936.0,480003008.0,19963000.0,0.18,,0.972,111632000.0,61761000.0,,,,,2.757,4.1589998,74.065,130.0,,24.074074,,,33.7,,37.01,EQUIPPP
APAR Industries Limited,Industrials,Electrical Equipment & Parts,692987166720.0,666594902016.0,243890192384.0,11814700032.0,294.0,376.06,1342.639,9555099648.0,7761900032.0,,,,,10.8009994,4.843999999999999,17.716,56.29252,44.008934,12.32647,,34.0,29.099999999999998,77.4,60.8,APARINDS
QMS Medical Allied Services Limited,Healthcare,Medical Instruments & Supplies,3206535168.0,3727517952.0,1832480000.0,108558000.0,5.24,,29.669,744809024.0,66601000.0,,,,,12.031999,5.924,65.354,31.64504,,5.588999,,32.0,22.3,25.0,60.68,QMSMEDI
Nureca Limited,Healthcare,Medical Devices,3221512960.0,2966766592.0,1531299968.0,43340000.0,4.53,,189.438,22590000.0,130230000.0,,,,,7.1490005,2.8320000000000003,1.25,71.125824,,1.7008203,,,18.0,296.3,72.4,NURECA
Kshitij Polyline Limited,Industrials,Business Equipment & Supplies,562993856.0,916862656.0,499932992.0,37032000.0,0.23,,2.998,187796992.0,2516000.0,,,,,3.5540000000000003,7.407,29.786,15.869565,,1.2174784,,,57.599999999999994,-40.0,28.55,KSHITIJPOL
Talbros Automotive Components Limited,Consumer Cyclical,Auto Parts,26006069248.0,25718349824.0,9016907776.0,1119286016.0,18.14,,120.31,836984000.0,1137810944.0,,,,,12.839,12.413,11.266,23.224918,,3.501787,,18.0,15.299999999999999,35.0,57.99,TALBROAUTO
Indiabulls Limited,Real Estate,Real Estate - Development,61498589184.0,58645561344.0,11619800064.0,4190700032.0,1.91,,13.265,4585500160.0,7495099904.0,,,,,44.352999999999994,36.064997,14.753,14.366492,,2.0686016,,,1922000.0,,66.67,IBULLSLTD
GPT Healthcare Limited,Healthcare,Medical Care Facilities,13083641856.0,13523485696.0,4916426752.0,472700992.0,5.75,10.0,32.835,911801024.0,471956992.0,,,,,13.709,9.6149996,33.842,27.730434,15.945,4.8560987,,188.0,17.8,64.9,60.11,GPTHEALTH
3i Infotech Limited,Technology,Information Technology Services,4975616000.0,4804906496.0,7007499776.0,343000000.0,1.79,,17.827,615699968.0,776000000.0,,,,,0.298,4.8950000000000005,16.298,13.402235,,1.3457116,,,4.3,-29.5,14.95,3IINFOLTD
Bhagyanagar India Limited,Basic Materials,Copper,13566055424.0,15532114944.0,25973008384.0,628449984.0,19.65,,80.556,2589148928.0,10124000.0,,,,,5.1409997,2.42,100.527,20.610687,,5.0275583,1.82,,45.2,166.0,55.14,BHAGYANGR
Veto Switchgears and Cables Limited,Industrials,Electrical Equipment & Parts,2392045568.0,2586982144.0,4111998976.0,273628000.0,14.32,17.47,151.404,214288992.0,23320000.0,,,,,10.029,6.6539995,7.386,8.738827,7.163137,0.8265303,,79.0,37.7,72.2,60.03,VETO
Yatharth Hospital & Trauma Care Services Limited,Healthcare,Medical Care Facilities,94600708096.0,94954668032.0,13663660032.0,1804050048.0,18.75,31.25,184.726,2640920064.0,2633600000.0,,,,,16.158001,13.203000000000001,14.614,52.362667,31.417599,5.314899,,10.0,52.300000000000004,11.899999999999999,59.61,YATHARTH
Neogen Chemicals Limited,Basic Materials,Specialty Chemicals,63259881472.0,76745965568.0,9255199744.0,356000000.0,13.29,57.8,309.587,13950900224.0,49500000.0,,,,,15.992999999999999,3.846,170.915,173.83748,39.97059,7.4625225,,4.0,34.0,61.7,65.99,NEOGEN
Sansera Engineering Limited,Consumer Cyclical,Auto Parts,241607884800.0,243414597632.0,37528739840.0,3484250112.0,52.04,90.67455,496.13,5911529984.0,3989530112.0,,,,,13.137001000000001,9.284,19.023,74.39854,42.69886,7.803801,,10.0,33.300000000000004,38.3,63.14,SANSERA
United Polyfab Gujarat Limited,Consumer Cyclical,Textile Manufacturing,9811787776.0,10805870592.0,7157066752.0,261779008.0,1.14,,5.825,1063134976.0,85364000.0,,,,,5.6810003,3.6580000000000004,80.156,37.5,,7.339056,,,23.0,30.8,54.68,UNITEDPOLY
Venus Pipes and Tubes Limited,Basic Materials,Steel,40222400512.0,42788212736.0,12109710336.0,1036060032.0,50.1,83.03333,324.591,2870970112.0,297480000.0,,,,,13.819999999999999,8.5559994,42.948,38.75449,23.38338,5.9816813,,5.0,16.0,5.5,49.57,VENUSPIPES
Action Construction Equipment Limited,Industrials,Farm & Heavy Construction Machinery,134751469568.0,128440786944.0,34140399616.0,4368600064.0,36.69,47.1,168.988,79000000.0,6374600192.0,,,,,13.841999999999999,12.796,0.393,30.85582,24.036093,6.6992917,,18.0,20.5,22.3,83.28,ACE
Valiant Organics Limited,Basic Materials,Chemicals,10887240704.0,13344335872.0,7658909184.0,540846016.0,19.38,,270.99,2558945024.0,21430000.0,,,,,13.563,7.062,33.698,20.0387,,1.4330788,,,13.3,256.3,57.71,VALIANTORG
Nupur Recyclers Limited,Industrials,Waste Management,9348488192.0,9741969408.0,2451158016.0,171548992.0,2.47,,19.419,334320992.0,69764000.0,,,,,9.1630004,6.999,22.74,54.797573,,6.969978,,,55.60000000000001,80.80000000000001,59.16,NRL
Electronics Mart India Limited,Consumer Cyclical,Specialty Retail,71201603584.0,90571374592.0,78628216832.0,2061580032.0,5.37,6.5125,42.153,19969849344.0,497470016.0,,,,,8.1590004,2.622,122.806,34.461826,28.416122,4.3901978,,,39.1,460.70000000000005,58.16,EMIL
Belrise Industries Limited,Consumer Cyclical,Auto Parts,221816307712.0,226362998784.0,97933606912.0,5068469760.0,5.69,9.15808,58.73,15208429568.0,8060080128.0,,,,,7.637,5.175,29.1,40.307556,25.043459,3.9051592,,24.0,12.6,-8.7,34.59,BELRISE
TSF Investments Limited,Financial Services,Asset Management,97755455488.0,86369255424.0,11116743680.0,4952813056.0,21.91,,271.631,2346077952.0,14965999616.0,,,,,21.997,44.553003000000004,3.85,20.216797,,1.6307049,,290.0,70.89999999999999,-22.3,54.1,TSFINV
Share India Securities Limited,Financial Services,Capital Markets,43152396288.0,16375608320.0,14192481280.0,3634352128.0,16.57,,118.921,7413736960.0,34414874624.0,,,,,40.546,25.607999999999997,27.925,11.901026,,1.6582437,,101.0,32.9,47.0,75.0,SHAREINDIA
SoftTech Engineers Limited,Technology,Software - Application,6574323712.0,6613558784.0,1391737984.0,50362000.0,3.62,,123.955,388331008.0,358025984.0,,,,,6.669,3.6189999999999998,22.788,131.20166,,3.8316324,,,23.200000000000003,10.299999999999999,48.42,SOFTTECH
Jyoti CNC Automation Limited,Industrials,Specialty Industrial Machinery,218655948800.0,226029813760.0,21914300416.0,3217200128.0,14.18,24.2,87.946,8527499776.0,1371200000.0,,,,,18.441999,14.681,42.609,67.803246,39.72934,10.932277,,,24.0,-20.1,45.39,JYOTICNC
West Coast Paper Mills Limited,Basic Materials,Paper & Paper Products,47112683520.0,44392771584.0,43754004480.0,2296942080.0,34.76,,546.231,3450541056.0,11953866752.0,,,,,13.722999999999999,5.25,8.243,20.520714,,1.3058577,0.58,42.0,10.100000000000001,145.3,56.27,WSTCSTPAPR
PVR INOX Limited,Communication Services,Entertainment,119902150656.0,181851521024.0,68188000256.0,2808000000.0,28.45,58.59756,750.517,67790999552.0,5916000256.0,,,,,13.192001000000001,6.52,91.874,42.917397,20.837046,1.6268785,,,10.4,,41.19,PVRINOX
Confidence Petroleum India Limited,Energy,Oil & Gas Refining & Marketing,28605954048.0,35260809216.0,60011098112.0,1346300032.0,4.05,,42.532,7613000192.0,2233799936.0,,,,,4.2140003,2.243,49.394,21.259258,,2.024358,,11.0,116.6,204.9,54.21,CONFIPET
Shyam Metalics and Energy Limited,Basic Materials,Steel,292382048256.0,305515986944.0,195843096576.0,11231599616.0,40.52,67.53877,404.449,10050700288.0,5316599808.0,,,,,9.275,5.7350002,8.133,25.925468,15.5540285,2.5973608,,42.0,23.5,20.7,56.38,SHYAMMETL
,,,,,,,,,,,,,,,,,,,,,,,,,,,FILATEX
GMM Pfaudler Limited,Industrials,Specialty Industrial Machinery,60602339328.0,64947437568.0,36541501440.0,705699968.0,15.69,47.2,267.921,10414000128.0,6353800192.0,,,,,5.7439998,1.931,84.461,85.9146,28.559322,5.031334,,15.0,16.400000000000002,114.5,51.44,GMMPFAUDLR
Shilpa Medicare Limited,Healthcare,Drug Manufacturers - Specialty & Generic,178351063040.0,184426790912.0,16831800320.0,2973299968.0,15.19,20.8625,132.457,6598600192.0,451800000.0,,,,,21.697001,17.665,25.465,60.03292,43.71001,6.8844986,,6.0,44.9,115.39999999999999,71.7,SHILPAMED
Nelco Limited,Technology,Communication Equipment,21404798976.0,21625546752.0,3118400000.0,38600000.0,1.66,,56.459,728400000.0,193900000.0,,,,,3.9989999999999997,1.238,56.54,565.0904,,16.614712,,11.0,6.7,29.099999999999998,44.85,NELCO
Iris Clothings Limited,Consumer Cyclical,Apparel Manufacturing,11056355328.0,11388783616.0,2007076992.0,175747008.0,0.85,,7.492,343131008.0,10733000.0,,,,,13.152,8.756,24.205,68.34117,,7.753604,,,26.3,50.0,63.15,IRISDOREME
IIFL Capital Services Limited,Financial Services,Capital Markets,106057678848.0,72249884672.0,23250796544.0,5701066752.0,17.33,,98.596,18208868352.0,50653908992.0,,,,,36.176,24.520001,59.292,19.417196,,3.4129174,,88.0,3.3000000000000003,4.5,53.9,IIFLCAPS
Aurobindo Pharma Limited,Healthcare,Drug Manufacturers - Specialty & Generic,955127365632.0,938928308224.0,349352886272.0,37125599232.0,64.0,92.98037,652.391,80728399872.0,105849200640.0,,,,,15.237,10.627,21.31,25.9375,17.853231,2.5444863,,24.0,16.3,25.8,60.89,AUROPHARMA
Krishna Institute of Medical Sciences Limited,Healthcare,Medical Care Facilities,312671404032.0,351781552128.0,42125000704.0,2043000064.0,5.14,16.99606,56.165,42529001472.0,705000000.0,,,,,10.394,4.8499998,166.226,149.1537,45.107517,13.6499605,,,35.3,-46.9,35.39,KIMS
Visaka Industries Limited,Industrials,Building Products & Equipment,7644229120.0,10425571328.0,17623994368.0,858995968.0,9.95,,95.696,3025556992.0,244215008.0,,,,,12.652999000000001,4.874,36.591,8.891458,,0.9244901,,243.00000000000003,16.7,1.2,46.6,VISAKAIND
Nagreeka Capital & Infrastructure Ltd.,Financial Services,Asset Management,345406912.0,1419239296.0,634008000.0,73791000.0,5.36,,22.622,1085099008.0,10838000.0,,,,,27.282,11.639,380.22,5.1082087,,1.2103262,,,108.3,-0.7000000000000001,62.15,NAGREEKCAP
,,,,,,,,,,,,,,,,,,,,,,,,,,,SHIVAMAUTO
Schaeffler India Limited,Consumer Cyclical,Auto Parts,623807954944.0,596080197632.0,105050398720.0,12534700032.0,80.32,100.65018,392.485,481100000.0,15066099712.0,2.487,1.423,21.645,12.267999,14.774999,11.932000500000001,0.783,49.688744,39.65219,10.168542,,90.0,17.299999999999997,13.0,78.12,SCHAEFFLER
Castrol India Limited,Energy,Oil & Gas Refining & Marketing,185776963584.0,177956864000.0,62250000384.0,10623500288.0,10.74,11.81896,19.27,531500000.0,8628799488.0,1.511,0.852,56.996,24.879,24.779,17.066,2.784,17.487896,15.891416,9.746757,,665.0,25.0,42.1,88.69,CASTROLIND
Emcure Pharmaceuticals Limited,Healthcare,Drug Manufacturers - Specialty & Generic,378093305856.0,392004993024.0,96834502656.0,10113880064.0,53.43,77.60827,261.124,15212409856.0,1475209984.0,,,,,15.443000000000001,10.4449995,30.567,37.30114,25.680254,7.6323895,,18.0,22.8,41.9,64.34,EMCURE
Rollatainers Limited,Real Estate,Real Estate Services,1238143488.0,878294016.0,,169452992.0,0.68,,0.36,112332000.0,298000.0,,,,,,,121.05,7.2794113,,13.749999,,,,,0.0,ROLLT
Anand Rathi Wealth Limited,Financial Services,Asset Management,362617503744.0,359041269760.0,14012512256.0,4648415232.0,27.64,33.655,60.115,834769984.0,4548030976.0,,,,,48.529997,33.193,8.25,79.0123,64.8908,36.3287,,32.0,52.1,71.0,75.0,ANANDRATHI
Motisons Jewellers Limited,Consumer Cyclical,Luxury Goods,18905360384.0,15769550848.0,5098236928.0,667254976.0,0.68,,4.809,389048000.0,157284000.0,,,,,14.821000000000002,13.088,7.795,24.441177,,3.45602,,,23.3,37.5,63.97,MOTISONS
Adani Ports and Special Economic Zone Limited,Industrials,Marine Shipping,3948525125632.0,4539894726656.0,404304297984.0,131120201728.0,58.58,78.16959,416.495,633989890048.0,72847302656.0,,,,,44.629999999999995,32.431,64.051,29.255718,21.924126,4.114815,,43.0,18.6,2.4,60.5,ADANIPORTS
Alembic Pharmaceuticals Limited,Healthcare,Drug Manufacturers - Specialty & Generic,162223538176.0,174392836096.0,77839499264.0,6934600192.0,35.3,48.47412,288.702,14299400192.0,1963699968.0,,,,,10.892,8.9090005,25.224,23.379604,17.02558,2.8586571,,148.0,25.7,12.1,54.44,APLLTD
LG Electronics India Limited,Technology,Consumer Electronics,1105177214976.0,1065956409344.0,255753240576.0,18247010304.0,26.89,40.00099,112.933,4591560192.0,44762648576.0,,,,,10.9560005,7.135,5.99,60.55039,40.70399,14.4173975,,,15.5,27.200000000000003,56.21,LGEINDIA
JSW Infrastructure Limited,Industrials,Marine Shipping,754395512832.0,733462528000.0,55882498048.0,14852599808.0,7.1,11.20105,52.166,68989198336.0,23128999936.0,,,,,35.162997000000004,26.578000000000003,59.002,45.894367,29.091024,6.2464056,,26.0,18.099999999999998,-10.299999999999999,53.9,JSWINFRA
Transindia Real Estate Limited,Real Estate,Real Estate Services,6316831744.0,6258134016.0,846400000.0,406100000.0,1.66,,51.95,0.0,14900000.0,,,,,34.827998,48.393002,,15.487951,,0.49489892,,,4.2,51.6,86.13,TREL
ASK Automotive Limited,Consumer Cyclical,Auto Parts,119212130304.0,125873233920.0,46431399936.0,3163699968.0,16.05,22.4339,66.505,6790099968.0,129000000.0,,,,,9.380999,6.814000000000001,51.789,37.676014,26.954742,9.09255,,30.0,52.400000000000006,28.999999999999996,59.38,ASKAUTOLTD
Home First Finance Company India Limited,Financial Services,Mortgage Finance,122888740864.0,218579763200.0,11303950336.0,5813429760.0,55.32,78.69794,417.581,106274947072.0,10311910400.0,,,,,66.038,51.428,243.944,21.245481,14.934319,2.814544,,44.0,29.7,32.300000000000004,75.0,HOMEFIRST
TIL Limited,Industrials,Farm & Heavy Construction Machinery,20165756928.0,20887113728.0,3774700032.0,-307000000.0,-4.34,62.8,15.781,3823800064.0,144800000.0,,,,,4.0809999999999995,-8.133,344.424,,3.8949046,15.499652,,,86.2,,38.77,TIL
Shankara Building Products Limited,Consumer Cyclical,Home Improvement Retail,3633276672.0,5541976576.0,13640099840.0,38400000.0,2.05,56.42,184.463,1920300032.0,11600000.0,1.467,0.334,0.895,2.258,5.8500000000000005,0.28200000000000003,42.93,73.08781,2.6556187,0.81224966,,261.0,,,8.99,SHANKARA
Redington Limited,Technology,Information Technology Services,296253423616.0,316201435136.0,1282364801024.0,17009300480.0,21.77,30.58,129.97,28416200704.0,11100699648.0,,,,,1.881,1.3259999,27.26,17.406982,12.392087,2.915673,,152.0,34.599999999999994,76.7,51.88,REDINGTON
Tikona Communication Limited,Basic Materials,Steel,669155712.0,736063680.0,302087008.0,24390000.0,0.8,,-1.792,67922000.0,1014000.0,,,,,11.411999999999999,8.0740005,,27.4875,,-12.271205,,,,,45.65,GFSTEELS
Ipca Laboratories Limited,Healthcare,Drug Manufacturers - Specialty & Generic,490258038784.0,500992344064.0,101263998976.0,13098000384.0,51.57,70.30824,317.843,8087600128.0,11955800064.0,,,,,20.039,12.934999999999999,8.492,37.471397,27.484686,6.0797315,,30.0,20.8,72.39999999999999,67.94,IPCALAB
Acutaas Chemicals Limited,Basic Materials,Specialty Chemicals,267407441920.0,266097737728.0,14618044416.0,3862220032.0,47.03,73.23627,201.925,355959008.0,2248343040.0,,,,,31.319000000000003,26.421,2.081,69.44929,44.59812,16.175312,,7.000000000000001,59.099999999999994,67.10000000000001,89.59,ACUTAAS
Kross Limited,Consumer Cyclical,Auto Parts,14764271616.0,15073370112.0,7181850112.0,578259968.0,8.97,,75.919,537219968.0,253740000.0,,,,,10.602999500000001,8.0520004,10.969,25.515049,,3.0146604,,,32.300000000000004,24.099999999999998,60.15,KROSS
BlackBuck Limited,Technology,Software - Application,111468118016.0,105812541440.0,7125250048.0,1688140032.0,9.23,15.66,77.872,592110016.0,6476480000.0,,,,,13.309999999999999,23.692,4.164,66.2947,39.074078,7.8577666,,,42.1,25.7,67.49,BLACKBUCK
,,,,,,,,,,,,,,,,,,,,,,,,,,,ABBOTINDIA
Aegis Vopak Terminals Limited,Energy,Oil & Gas Equipment & Services,334613446656.0,370178850816.0,9510377472.0,3055269888.0,2.77,7.56667,38.724,37309267968.0,3023527936.0,,,,,53.025999999999996,32.126,84.438,109.02527,39.911877,7.7987814,,7.000000000000001,42.5,30.4,75.0,AEGISVOPAK
Tega Industries Limited,Industrials,Specialty Industrial Machinery,144245178368.0,109773873152.0,30592860160.0,211290000.0,3.78,87.9,449.925,3984009984.0,23211909120.0,,,,,10.032,0.6910000000000001,11.693,507.93652,21.843002,4.267378,,12.0,384.0,,46.71,TEGA
GNG Electronics Limited,Technology,Computer Hardware,76553035776.0,79754870784.0,19912570880.0,1424259968.0,12.44,23.15,66.523,4445230080.0,1182380032.0,,,,,11.174000000000001,7.153,58.541,53.975082,29.00432,10.093501,,,32.1,25.1,61.17,EBGNG
Vijaya Diagnostic Centre Limited,Healthcare,Diagnostics & Research,148697792512.0,149904474112.0,8571307008.0,1874887040.0,18.17,27.46,93.061,4225850112.0,2891252992.0,,,,,31.785000000000004,21.874,44.15,79.45514,52.574654,15.51348,,13.0,22.8,37.3,73.9,VIJAYA
Viji Finance Limited,Financial Services,Credit Services,3536610048.0,2555122176.0,61317000.0,34417000.0,0.23,,1.633,72489000.0,4367000.0,,,,,80.67400500000001,56.130004,31.027,66.565216,,9.375382,,,295.5,,66.67,VIJIFIN
Welspun Enterprises Limited,Industrials,Engineering & Construction,100028743680.0,106307444736.0,35440500736.0,3404699904.0,24.61,36.8,227.219,19865200640.0,15754999808.0,,,,,18.084,8.623999,60.918,29.971554,20.043478,3.2462075,0.48,38.0,-8.4,-50.0,26.38,WELENT
APL Apollo Tubes Limited,Basic Materials,Steel,588441452544.0,584309342208.0,235159404544.0,12290199552.0,44.36,63.63461,190.726,4976500224.0,8862300160.0,,,,,6.276,5.2259997,9.396,47.775024,33.304203,11.1117525,,39.0,8.5,11.0,41.03,APLAPOLLO
,,,,,,,,,,,,,,,,,,,,,,,,,,,UNOMINDA
Lyka Labs Limited,Healthcare,Biotechnology,2937407744.0,,1302464000.0,-7620000.0,-2.49,,25.888,,,,,,,-0.6799999999999999,-0.50199996,,,,3.1385198,,,,,0.0,LYKALABS
SBC Exports Limited,Industrials,Conglomerates,22728548352.0,25011728384.0,4518294016.0,322691008.0,0.68,,1.659,2271311104.0,180483008.0,,,,,10.421999999999999,7.1419999999999995,283.225,70.19118,,28.770342,,,66.3,185.7,60.42,SBC
Anlon Healthcare Limited,Healthcare,Drug Manufacturers - Specialty & Generic,10725972992.0,9040997376.0,2262310912.0,316289984.0,0.69,,5.11,436527008.0,43759000.0,,,,,16.588,13.980999999999998,17.133,29.246378,,3.9491193,,,163.0,,55.45,AHCL
,,,,,,,,,,,,,,,,,,,,,,,,,,,ATGL
,,,,,,,,,,,,,,,,,,,,,,,,,,,MAHSCOOTER
Sharda Motor Industries Limited,Consumer Cyclical,Auto Parts,53569998848.0,44162695168.0,36515897344.0,3319981056.0,57.85,,228.769,491534016.0,9908697088.0,,,,,8.7460004,9.092,3.744,16.13051,,4.0790057,,212.0,33.7,-13.4,45.83,SHARDAMOTR
Alkali Metals Limited,Basic Materials,Specialty Chemicals,747905024.0,923382336.0,899828992.0,10653000.0,1.05,,43.851,182283008.0,9956000.0,,,,,-5.942,1.184,40.789,69.952385,,1.6749902,,129.0,-14.799999999999999,,6.8,ALKALI
One97 Communications Limited,Technology,Software - Infrastructure,1109160361984.0,962225373184.0,89670000640.0,6499999744.0,10.12,32.09163,249.971,1720000000.0,145910005760.0,,,,,2.9409999,7.249,1.073,170.94862,53.90814,6.920803,,,27.700000000000003,79.9,72.58,PAYTM
JK Paper Limited,Basic Materials,Paper & Paper Products,72908275712.0,95506620416.0,73021603840.0,3168399872.0,17.48,61.5,304.295,25775200256.0,5798300160.0,,,,,10.118,4.3390002,44.544,23.003433,6.5382113,1.3214151,0.3,97.0,12.7,49.6,53.97,JKPAPER
Swan Defence and Heavy Industries Limited,Industrials,Aerospace & Defense,139634049024.0,164620550144.0,3123311104.0,-2368055040.0,-45.28,,13.218,27875082240.0,2888576000.0,,,,,-82.06099999999999,-75.819,4002.895,,,200.522,,,7188.4,,33.33,SWANDEF
The Indian Hotels Company Limited,Consumer Cyclical,Lodging,1051176075264.0,1019378860032.0,102826500096.0,21459099648.0,15.05,18.69838,91.696,28365500416.0,43310501888.0,,,,,24.399,20.868999,18.987,48.282394,38.861656,7.9245553,,46.0,15.1,20.7,67.3,INDHOTEL
Aditya Birla Capital Limited,Financial Services,Financial Conglomerates,1067689771008.0,2674523111424.0,343285301248.0,41005600768.0,15.44,25.36906,131.406,1823427919872.0,171203493888.0,,,,,17.869,11.9449995,495.936,25.259068,15.373056,2.967901,,,31.4,39.1,67.87,ABCAPITAL
Birla Cable Limited,Technology,Communication Equipment,11338500096.0,12657759232.0,8613131264.0,462359008.0,15.42,8.94,93.634,1325712000.0,6453000.0,,,,,15.952,5.367999999999999,47.195,24.510376,42.27629,4.0364614,,32.0,51.1,2173.3,65.95,BIRLACABLE
Aarey Drugs & Pharmaceuticals Limited,Healthcare,Drug Manufacturers - Specialty & Generic,3296072192.0,3385361152.0,4146863104.0,36200000.0,1.29,,52.865,607486976.0,33980000.0,,,,,1.0650001,0.873,40.385,76.60465,,1.8692896,,,-56.3,-25.0,1.07,AAREYDRUGS
D S Kulkarni Developers Limited,Real Estate,Real Estate - Development,214200000.0,5629461504.0,,-20651000.0,-2.06,,-128.95,5431435776.0,16070000.0,,,,,,,,,,-0.1661109,,,,,,DSKULKARNI
Sikko Industries Limited,Basic Materials,Agricultural Inputs,2463552000.0,2632305920.0,646003008.0,60510000.0,0.14,,2.151,117252000.0,3206000.0,,,,,24.437,9.3669996,13.589,40.285713,,2.6220362,,,-2.3,40.0,60.79,SIKKO
,,,,,,,,,,,,,,,,,,,,,,,,,,,GPTINFRA
Shreeji Shipping Global Limited,Industrials,Marine Shipping,111436087296.0,110011154432.0,7570339840.0,1597760000.0,10.17,,47.287,2780730112.0,4205489920.0,,,,,29.181,21.105999999999998,36.166,67.25664,,14.464864,,28.999999999999996,29.599999999999998,7.1,66.05,SHREEJISPG
Kamdhenu Limited,Basic Materials,Steel,10897597440.0,8386343424.0,7809714176.0,856169024.0,2.98,10.2,14.099,94152000.0,2581160960.0,,,,,9.026,10.963000000000001,2.375,12.973154,3.7901962,2.7420385,,102.0,9.0,34.2,64.15,KAMDHENU
Gandhar Oil Refinery (India) Limited,Energy,Oil & Gas Refining & Marketing,25492723712.0,27793186816.0,50701500416.0,3014299904.0,30.79,,138.296,3150700032.0,1316899968.0,,,,,15.790000000000001,5.945,22.511,8.458916,,1.8832793,,119.0,91.8,633.1999999999999,65.79,GANDHAR
IL&FS Engineering and Construction Company Limited,Industrials,Engineering & Construction,5136012288.0,29605212160.0,1879200000.0,13300000.0,0.81,,-243.277,26717200384.0,2248000000.0,0.137,0.126,,-0.8659999999999999,68.70200600000001,0.7080000000000001,,48.35802,,-0.16100988,,,-70.8,37.2,66.67,IL&FSENGG
RSWM Limited,Consumer Cyclical,Textile Manufacturing,9863564288.0,26636548096.0,45541277696.0,520116992.0,13.42,53.71,288.96,16876369920.0,103386000.0,1.065,0.571,3.9130002,2.242,2.74,1.1419999,123.995,15.604322,3.8989017,0.7247024,,,-9.1,2241.3,31.68,RSWM
Akums Drugs and Pharmaceuticals Limited,Healthcare,Drug Manufacturers - Specialty & Generic,117222596608.0,102511722496.0,45040041984.0,2917230080.0,19.02,34.13086,216.414,1917379968.0,16805980160.0,,,,,11.453000000000001,6.4770006,5.756,40.254993,22.43278,3.537895,,13.0,13.900000000000002,57.3,55.9,AKUMS
Bharat Heavy Electricals Limited,Industrials,Specialty Industrial Machinery,1437569908736.0,1407422824448.0,359929905152.0,24324700160.0,6.98,13.98333,75.089,81869496320.0,112016498688.0,,,,,5.4819997,6.758,31.312,59.147564,29.524443,5.4981427,,32.0,40.300000000000004,,40.64,BHEL
Kalpataru Projects International Limited,Industrials,Engineering & Construction,235700256768.0,250805469184.0,273798594560.0,11364899840.0,66.62,91.78721,455.375,35426201600.0,19881500672.0,,,,,6.6360004,4.151,45.814,20.7175,15.036953,3.0309086,,77.0,3.8,45.2,46.04,KPIL
IntraSoft Technologies Limited,Consumer Cyclical,Internet Retail,1472292096.0,1351584896.0,5448615936.0,137219008.0,8.42,12.87,163.205,172915008.0,46742000.0,,,,,3.3940002,2.5179999,6.493,10.719715,7.0132093,0.55304676,,,8.3,11.200000000000001,38.14,ISFT
Laurus Labs Limited,Healthcare,Drug Manufacturers - Specialty & Generic,1041127571456.0,1065610444800.0,72696397824.0,10933699584.0,20.28,28.94202,98.175,25184800768.0,1136999936.0,,,,,25.385999999999996,15.040000000000001,46.369,95.01479,66.577934,19.627195,,12.0,29.099999999999998,125.2,75.0,LAURUSLABS
Kanoria Chemicals & Industries Limited,Basic Materials,Chemicals,7782656000.0,10590906368.0,12404169728.0,609249984.0,13.55,,131.122,2912859904.0,104610000.0,,,,,7.779,12.493,50.843,13.145387,,1.3584296,2.93,,1.5,,28.04,KANORICHEM
Sigma Advanced Systems Limited,Industrials,Aerospace & Defense,140048891904.0,143071657984.0,8680353792.0,1670563968.0,9.49,,26.584,3316685056.0,244179008.0,,,,,14.87,19.245,70.808,83.73552,,29.892042,,,77343.6,-89.1,39.87,SIGMAADV
Anthem Biosciences Limited,Healthcare,Biotechnology,529611882496.0,520766193664.0,20073299968.0,5759419904.0,10.16,15.11537,54.165,539240000.0,9384960000.0,,,,,28.832,28.691998,1.772,92.80019,62.376904,17.406996,,21.0,-22.6,-12.8,48.44,ANTHEM
Gretex Corporate Services Limited,Financial Services,Capital Markets,14127630336.0,15163009024.0,1731852032.0,316399008.0,13.4,,70.265,148556000.0,7854000.0,,,,,44.474998,18.269,6.793,44.891792,,8.561161,,12.0,68.2,845.2,75.0,GCSL
Capital Trust Limited,Financial Services,Credit Services,606371200.0,954241664.0,220315008.0,-382995008.0,-13.45,,18.088,401153984.0,48949000.0,,,,,2.733,-173.84,65.243,,,0.9896064,,,55.800000000000004,,36.98,CAPTRUST
DIC India Limited,Basic Materials,Specialty Chemicals,5444510208.0,5324805632.0,9844589568.0,289308000.0,31.55,42.77,483.852,32700000.0,153843008.0,2.037,1.236,,,6.84,2.939,0.736,18.800318,13.868366,1.2258915,,50.0,25.4,227.2,78.16,DICIND
Morepen Laboratories Limited,Healthcare,Drug Manufacturers - Specialty & Generic,58203643904.0,59330633728.0,19505807360.0,1405278976.0,2.56,,22.167,2078552064.0,916993984.0,,,,,13.012,7.204000000000001,16.667,41.492188,,4.7918077,,17.0,34.1,415.00000000000006,63.01,MOREPENLAB
Mazda Limited,Industrials,Specialty Industrial Machinery,5124397568.0,4430574080.0,2427624960.0,299281984.0,14.96,,148.304,0.0,697424000.0,,,,,7.721,12.328,,17.105614,,1.7255098,,157.0,61.9,49.4,76.96,MAZDA
Ujaas Energy Limited,Technology,Solar,28752564224.0,28818188288.0,899449984.0,103618000.0,0.1,,6.647,240000000.0,174376992.0,,,,,-96.029997,11.5200005,27.068,2155.4,,32.42666,,,14.499999999999998,286.3,44.75,UEL
,,,,,,,,,,,,,,,,,,,,,,,,,,,SEJALLTD
BEML Limited,Industrials,Conglomerates,161522368512.0,162895495168.0,45361598464.0,1784600064.0,21.45,72.35,352.246,3088399872.0,370900000.0,,,,,-2.6149999999999998,3.934,10.529,90.410255,26.804424,5.5055275,1.06,87.0,29.299999999999997,,33.33,BEML
Apollo Hospitals Enterprise Limited,Healthcare,Medical Care Facilities,1252939530240.0,1324253446144.0,264299003904.0,20896000000.0,144.91,217.8871,659.326,84929003520.0,18559000576.0,,,,,12.167,7.906000000000001,85.146,60.133873,39.99319,13.216527,,23.0,20.599999999999998,34.1,59.97,APOLLOHOSP
Greaves Cotton Limited,Industrials,Specialty Industrial Machinery,44661448704.0,41786216448.0,36653101056.0,998200000.0,4.23,8.7,61.429,3944199936.0,6227700224.0,,,,,2.8870001,2.723,26.051,45.323875,22.036781,3.1210015,0.14,108.0,30.7,-32.4,27.89,GREAVESCOT
,,,,,,,,,,,,,,,,,,,,,,,,,,,ALKEM
Jash Engineering Limited,Industrials,Specialty Industrial Machinery,31207229440.0,29802164224.0,7584537088.0,861305984.0,13.57,21.85,82.494,1026880000.0,1068084992.0,,,,,1.656,11.356,19.563,36.558586,22.704805,6.0137706,,31.0,17.5,,30.54,JASH
Allied Blenders and Distillers Limited,Consumer Defensive,Beverages - Wineries & Distilleries,176664920064.0,187054325760.0,39788580864.0,2209796096.0,7.91,15.53333,59.442,11505278976.0,1346532992.0,,,,,9.467,5.554,68.251,79.84829,40.66095,10.625483,,85.0,6.1,-12.9,31.07,ABDL
Mangalam Drugs & Organics Limited,Healthcare,Drug Manufacturers - Specialty & Generic,530879456.0,1650461824.0,2320432896.0,-382404992.0,-24.16,,65.122,1127529984.0,7514000.0,,,,,-5.376,-16.479999,109.406,,,0.5150333,,,-0.2,,16.53,MANGALAM
Metropolis Healthcare Limited,Healthcare,Diagnostics & Research,118767353856.0,119098556416.0,17099978752.0,2016243968.0,9.78,15.56221,72.984,2319110912.0,2029644032.0,,,,,17.501,11.791000499999999,15.212,58.537834,36.787834,7.844185,,34.0,16.6,12.7,57.15,METROPOLIS
Ratnamani Metals & Tubes Limited,Basic Materials,Steel,188645605376.0,184848072704.0,43558666240.0,4328933888.0,61.57,89.3,586.461,3176250880.0,7944710144.0,,,,,12.966,9.9379994,7.549,43.712845,30.138855,4.5892224,,36.0,-8.5,-43.4,21.22,RATNAMANI
G.M. Breweries Limited,Consumer Defensive,Beverages - Wineries & Distilleries,21408710656.0,21085386752.0,19003680768.0,1687124992.0,73.83,60.67,471.951,345192992.0,111050000.0,,,,,5.598,8.878,3.201,12.691995,15.445031,1.9854816,,99.0,25.8,45.9,64.59,GMBREW
,,,,,,,,,,,,,,,,,,,,,,,,,,,EIHOTEL
Sona BLW Precision Forgings Limited,Consumer Cyclical,Auto Parts,493061472256.0,484885331968.0,48967540736.0,6959289856.0,11.19,16.86907,96.212,4422870016.0,12289000448.0,,,,,16.643,14.212,7.213,70.598755,46.831272,8.211034,,46.0,52.400000000000006,44.3,66.64,SONACOMS
Kilitch Drugs (India) Limited,Healthcare,Drug Manufacturers - Specialty & Generic,6649689600.0,6821524480.0,2372139008.0,300535008.0,8.8,15.3,79.989,887089984.0,687393024.0,,,,,4.1050002,12.669,32.04,21.613636,12.431373,2.377827,,,4.0,-11.700000000000001,25.26,KILITCH
Bafna Pharmaceuticals Limited,Healthcare,Drug Manufacturers - Specialty & Generic,7269591552.0,8046831104.0,1425766016.0,77860000.0,3.29,,40.571,374332992.0,20245000.0,,,,,-3.381,5.461,38.932,93.40425,,7.5743756,,,-23.200000000000003,-97.89999999999999,0.9,BAFNAPH
Strides Pharma Science Limited,Healthcare,Drug Manufacturers - Specialty & Generic,106053918720.0,122006650880.0,50043539456.0,6134989824.0,66.51,95.4,337.146,17579829248.0,2044819968.0,,,,,13.701000999999998,12.259,55.821,17.299654,12.060796,3.4127648,,42.0,13.0,57.4,57.7,STAR
Universus Photo Imagings Limited,Healthcare,Medical Devices,6203987968.0,3475603200.0,192900000.0,-175900000.0,-16.04,,740.454,0.0,2728399872.0,,,,,14.051,-91.186994,,,,0.7654088,,,10.299999999999999,,63.4,UNIVPHOTO
Somany Ceramics Limited,Industrials,Building Products & Equipment,22589853696.0,25648676864.0,29349584896.0,1063612032.0,25.89,35.12667,205.394,3743261952.0,1459587968.0,,,,,7.693999999999999,3.624,40.692,21.274624,15.680392,2.6816752,,159.0,24.0,242.89999999999998,57.19,SOMANYCERA
G N A Axles Limited,Consumer Cyclical,Auto Parts,22864943104.0,,14475534336.0,1169508992.0,30.81,37.0,233.891,,,2.373,1.753,12.285,6.5089999999999995,12.595001,8.0790006,,17.286594,14.394594,2.277129,,54.0,,,49.76,GNA
Welspun Living Limited,Consumer Cyclical,Textile Manufacturing,191157354496.0,205272760320.0,99339902976.0,2776199936.0,2.91,9.22,51.269,23147900928.0,10245999616.0,,,,,8.4680006,2.795,46.501,69.28866,21.868763,3.932786,,5.0,23.7,83.7,57.82,WELSPUNLIV
Commercial Syn Bags Limited,Consumer Cyclical,Packaging & Containers,11690299392.0,12942565376.0,4056165888.0,297012000.0,7.09,,44.498,1285163008.0,56680000.0,,,,,11.639,7.321999999999999,72.4,40.87447,,6.512652,,17.0,20.599999999999998,61.4,59.44,COMSYN
Adani Green Energy Limited,Utilities,Utilities - Renewable,2198156607488.0,3192691884032.0,136239996928.0,17109999616.0,10.45,29.83231,117.11,1035449991168.0,40730001408.0,,,,,66.78,13.095,346.548,127.703354,44.73338,11.395269,,,16.6,18.5,67.55,ADANIGREEN
Heritage Foods Limited,Consumer Defensive,Packaged Foods,36547706880.0,37605203968.0,47272488960.0,1345629952.0,14.57,20.8,118.897,3614810112.0,2605240064.0,,,,,2.638,2.8469998,32.621,27.031572,18.935097,3.312531,,60.0,17.7,-37.8,23.99,HERITGFOOD
Jubilant Pharmova Limited,Healthcare,Drug Manufacturers - Specialty & Generic,160279904256.0,183783899136.0,86083002368.0,3520999936.0,22.14,50.55,447.814,36146999296.0,12670999552.0,,,,,5.414,4.0900003,50.943,45.706867,20.018793,2.2597551,0.14,49.0,17.299999999999997,-45.0,26.56,JUBLPHARMA
Global Health Limited,Healthcare,Medical Care Facilities,381070180352.0,381689462784.0,46834728960.0,5561780224.0,20.69,33.75304,147.471,11900460032.0,11302280192.0,,,,,16.700001,11.875,29.869,68.54035,42.013992,9.616128,,3.0,26.5,-0.2,54.1,MEDANTA
Global Education Limited,Consumer Defensive,Education & Training Services,6425296384.0,6416565248.0,930617984.0,260706000.0,5.11,,26.571,0.0,6329000.0,8.357,6.458,20.906,14.687,34.654,28.014,,24.702543,,4.7506685,,79.0,-5.3,-10.6,62.96,GLOBAL
Craftsman Automation Limited,Consumer Cyclical,Auto Parts,290288041984.0,299426217984.0,87168499712.0,4649399808.0,193.71,353.83,1368.258,36234801152.0,1581699968.0,,,,,10.836001000000001,5.3340003,111.011,57.29699,31.368172,8.1117735,,10.0,36.3,113.3,60.84,CRAFTSMAN
RBL Bank Limited,Financial Services,Banks - Regional,625959174144.0,229205131264.0,79456002048.0,7216269824.0,12.13,20.03055,270.96,152253202432.0,108387999744.0,,,,,13.972001,9.081999999999999,,33.272877,20.149221,1.4895188,,33.0,40.8,367.9,85.3,RBLBANK
Tilaknagar Industries Ltd.,Consumer Defensive,Beverages - Wineries & Distilleries,130530639872.0,145464606720.0,29976893440.0,-360460000.0,-2.3,16.96,120.017,23012075520.0,3604162048.0,,,,,12.234,-1.202,77.177,,31.046581,4.3872952,,19.0,155.7,-72.0,37.23,TI
Ratnaveer Precision Engineering Limited,Basic Materials,Steel,24305072128.0,22124054528.0,11187479552.0,675960000.0,18.42,15.9,98.432,3349760000.0,915609984.0,,,,,7.8839995,6.042,50.053,15.722041,18.213837,2.9421327,,,18.9,-9.700000000000001,37.48,RATNAVEER
Welspun Corp Limited,Basic Materials,Steel,636396699648.0,625026138112.0,172997705728.0,23091200000.0,87.52,108.56375,347.077,23554500608.0,37637300224.0,,,,,13.911999999999999,13.347999999999999,25.042,27.57427,22.229336,6.9532123,,19.0,14.899999999999999,198.3,58.86,WELCORP
Vedant Fashions Limited,Consumer Cyclical,Apparel Manufacturing,137683058688.0,136790441984.0,14556539904.0,3858970112.0,15.9,18.24188,80.943,4575909888.0,5370480128.0,,,,,29.462,26.51,23.295,35.638367,31.063137,7.0006056,,133.0,7.199999999999999,14.899999999999999,61.05,MANYAVAR
Smartworks Coworking Spaces Limited,Real Estate,Real Estate Services,59329462272.0,104731082752.0,19628419072.0,278729984.0,2.44,11.57643,46.287,47783501824.0,2355610112.0,,,,,18.351999,1.4199998999999999,900.425,212.58197,44.80656,11.206171,,,44.0,,57.8,SMARTWORKS
Yuken India Limited,Industrials,Specialty Industrial Machinery,14638117888.0,15556937728.0,4919474176.0,156363008.0,11.58,,274.68,1146749952.0,227650000.0,,,,,6.834,3.1780000000000004,30.736,93.05699,,3.9231105,,13.0,28.499999999999996,23.1,55.88,YUKEN
Onelife Capital Advisors Limited,Financial Services,Capital Markets,1238484096.0,1252105600.0,371500000.0,95904000.0,4.98,,20.505,311924992.0,286712992.0,,,,,59.608000000000004,25.814999999999998,42.418,6.6566267,,1.616679,,3.0,320.40000000000003,,66.67,ONELIFECAP
Navin Fluorine International Limited,Basic Materials,Chemicals,422163152896.0,421397561344.0,36335800320.0,7896999936.0,154.64,201.14343,775.549,12754799616.0,13030500352.0,,,,,30.179000000000002,21.733,32.091,53.20745,40.90613,10.609259,,18.0,44.1,100.89999999999999,75.0,NAVINFLUOR
Clean Science and Technology Limited,Basic Materials,Specialty Chemicals,87184859136.0,83469164544.0,9821100032.0,2329420032.0,21.89,32.34338,148.941,21390000.0,3753679872.0,,,,,28.083000000000002,23.719,0.135,37.473732,25.362223,5.5075502,,71.0,10.5,4.7,81.92,CLEAN
Kopran Limited,Healthcare,Drug Manufacturers - General,12066572288.0,13586677760.0,7002016768.0,249828000.0,5.18,5.67,109.822,1526925056.0,6820000.0,,,,,6.514,3.5680000000000005,28.795,48.243244,44.074074,2.2755003,,128.0,13.900000000000002,-9.700000000000001,33.61,KOPRAN
Gandhi Special Tubes Limited,Industrials,Metal Fabrication,9830534144.0,10475544576.0,2008593024.0,746921984.0,61.43,,259.996,1017000.0,112295000.0,,,,,45.088001999999996,37.186,0.032,14.181996,,3.3508208,,169.0,18.9,29.299999999999997,96.79,GANDHITUBE
Ansal Properties & Infrastructure Limited,Real Estate,Real Estate - Development,544620864.0,5801483264.0,7613400064.0,-12117000192.0,-10.1,,-110.088,4508136960.0,275470016.0,0.608,0.042,,-15.226,-628.619,-159.15401,,,,-0.031429403,,,-3.3000000000000003,,21.7,ANSALAPI
Geekay Wires Limited,Industrials,Electrical Equipment & Parts,3066616832.0,1710476416.0,4440129024.0,286867008.0,1.52,,169.833,1576999936.0,173100000.0,3.502,1.362,17.416,8.6890005,9.565999999999999,6.461,88.865,19.302631,,0.17275795,,126.0,3.5000000000000004,700.0,52.99,GEEKAYWIRE
Welspun Investments and Commercials Limited,Financial Services,Capital Markets,8345040384.0,8262450176.0,51986000.0,30306000.0,8.36,,1840.185,0.0,55137000.0,124.468,124.354,0.43299999999999994,0.321,-184.412,58.29600000000001,,272.2488,,1.2368321,,,136.4,,33.91,WELINV
Libas Consumer Products Limited,Consumer Cyclical,Apparel Manufacturing,301118560.0,88820112.0,725776000.0,19010000.0,3.45,,31.015,144056992.0,73393000.0,,,,,5.244,2.619,16.922,3.3130436,,0.36853138,,,-30.2,,6.99,LIBAS
Total Transport Systems Limited,Industrials,Integrated Freight & Logistics,1219199232.0,1298947456.0,6677210112.0,90001000.0,5.57,,69.853,398771008.0,321220992.0,,,,,2.856,1.348,44.052,13.57271,,1.0822728,,163.0,31.3,40.9,52.86,TOTAL
Eternal Limited,Consumer Cyclical,Internet Retail,2902000402432.0,2880009928704.0,674080030720.0,4329999872.0,0.45,3.76126,33.829,45920002048.0,66140000256.0,,,,,0.23700001,0.642,14.826,700.5556,83.814995,9.318928,,,182.0,233.3,50.24,ETERNAL
Oriental Hotels Limited,Consumer Cyclical,Lodging,24821712896.0,26023559168.0,4976732160.0,666233024.0,3.73,,42.669,1305854976.0,104010000.0,,,,,12.926000000000002,13.386999999999999,17.136,37.26005,,3.2571657,,46.0,3.5999999999999996,-18.9,30.28,ORIENTHOT
Krishival Foods Limited,Consumer Defensive,Packaged Foods,10751072256.0,8543265792.0,3321125888.0,220040992.0,9.24,,85.742,361545984.0,283116000.0,,,,,9.585,6.625,18.086,45.400433,,4.892585,,8.0,79.60000000000001,15.7,54.94,KRISHIVAL
Max Estates Limited,Real Estate,Real Estate - Development,93060595712.0,113679753216.0,2963161088.0,89347000.0,0.73,31.5,148.056,24087910400.0,10805031936.0,,,,,35.111,3.0150002,76.199,779.31506,18.060318,3.8424652,,,-0.1,-31.1,37.45,MAXESTATES
Jet Freight Logistics Limited,Industrials,Integrated Freight & Logistics,1027379776.0,1503864704.0,5035643904.0,75610000.0,1.63,,15.26,742380992.0,146299008.0,,,,,3.374,1.5010000000000001,104.6,13.582822,,1.4508518,,,49.5,42.1,53.37,JETFREIGHT
Manba Finance Limited,Financial Services,Credit Services,6725549056.0,19610398720.0,1444448000.0,488684000.0,9.74,,81.39,15556019200.0,2670963968.0,,,,,47.787,33.832002,379.637,13.744353,,1.6447966,,94.0,19.0,36.1,72.0,MANBA
Sanstar Limited,Basic Materials,Chemicals,22181728256.0,18993790976.0,8211299840.0,439900000.0,2.41,,38.086,199000000.0,1607200000.0,,,,,4.9089998,5.357,2.868,45.958504,,2.9081554,,,22.1,,52.16,SANSTAR
The Ruby Mills Limited,Consumer Cyclical,Textile Manufacturing,14459455488.0,17612150784.0,3805051904.0,432008992.0,12.92,,201.449,3758787072.0,602260992.0,,,,,13.8,11.354000000000001,55.74,33.46749,,2.1464489,,55.00000000000001,31.5,-3.0,49.8,RUBYMILLS
Prozone Realty Limited,Real Estate,Real Estate - Diversified,8045223936.0,,2032313984.0,113753000.0,0.4,,29.907,,,,,,,-35.683,5.57,134.619,131.8,,1.7627981,,,-58.8,80.0,25.0,PROZONER
Divi's Laboratories Limited,Healthcare,Drug Manufacturers - Specialty & Generic,2441779871744.0,2409519906816.0,112299999232.0,29250000896.0,110.0,150.47398,631.374,70000000.0,32330000384.0,,,,,36.655998000000004,26.046000000000003,0.042,83.61818,61.126846,14.568227,,32.0,27.800000000000004,65.7,99.79,DIVISLAB
Northern Arc Capital Limited,Financial Services,Credit Services,47554494464.0,164149182464.0,12018340864.0,4392937984.0,26.82,44.226,241.104,122866008064.0,6305742848.0,,,,,38.464999999999996,36.551997,314.96,10.969426,6.6521955,1.2202203,,,43.9,40.2,75.0,NORTHARC
Patel Integrated Logistics Limited,Industrials,Integrated Freight & Logistics,810067520.0,672614464.0,3931158016.0,104643000.0,1.5,,17.799,62554000.0,307492992.0,,,,,1.644,2.6619998999999996,5.065,9.1866665,,0.7742008,,152.0,46.0,50.0,51.64,PATINTLOG
SMS Pharmaceuticals Limited,Healthcare,Drug Manufacturers - General,38411378688.0,41646354432.0,8977888256.0,1024076032.0,11.08,,83.907,3650480128.0,460748000.0,,,,,14.959,11.407,46.455,37.017147,,4.88815,0.94,9.0,5.6000000000000005,-3.5000000000000004,41.01,SMSPHARMA
Poonawalla Fincorp Limited,Financial Services,Credit Services,419890561024.0,827792490496.0,34718498816.0,7869199872.0,9.56,24.55299,128.074,484357996544.0,6262600192.0,,,,,38.981998000000004,22.666,468.058,50.146442,19.525116,3.7431483,,,100.29999999999998,337.0,75.0,POONAWALLA
Precision Wires India Limited,Industrials,Electrical Equipment & Parts,80444645376.0,80569016320.0,60840628224.0,1746350976.0,9.62,15.4,42.249,3041216000.0,2916848896.0,,,,,3.819,2.87,39.377,45.743244,28.574675,10.41563,,38.0,60.4,67.10000000000001,53.82,PRECWIRE
D. P. Abhushan Limited,Consumer Cyclical,Luxury Goods,30532343808.0,33316032512.0,43774369792.0,2398662912.0,104.97,,277.667,3038258944.0,257546000.0,,,,,10.718001000000001,5.48,48.027,12.741735,,4.816921,,,57.99999999999999,75.5,60.72,DPABHUSHAN
Quadrant Future Tek Limited,Industrials,Railroads,19384000512.0,19323430912.0,1648220032.0,-385769984.0,-9.62,,70.077,263950000.0,324520000.0,,,,,-17.113,-23.405,10.233,,,6.9152503,,,41.3,,33.33,QUADFUTURE
Nazara Technologies Limited,Communication Services,Electronic Gaming & Multimedia,137490366464.0,127826100224.0,17589700608.0,-524600000.0,-1.44,6.45,79.198,2149299968.0,7343300096.0,,,,,-0.28700000000000003,-1.286,6.051,,55.410854,4.51274,,,-14.000000000000002,,7.33,NAZARA
Tourism Finance Corporation of India Limited,Financial Services,Credit Services,63974191104.0,74174898176.0,2272516096.0,1541137024.0,3.33,11.67,28.336,10776069120.0,676182016.0,,,,,89.208,67.816,81.939,41.495495,11.840616,4.876482,,42.0,98.3,100.0,75.0,TFCILTD
Zydus Lifesciences Limited,Healthcare,Drug Manufacturers - Specialty & Generic,1096256716800.0,1205994127360.0,285916987392.0,45129998336.0,44.88,49.18734,269.434,125145997312.0,49711001600.0,,,,,16.438,15.784,42.304,24.487522,22.343147,4.0789213,,9.0,22.0,-35.9,39.94,ZYDUSLIFE
STEL Holdings Limited,Financial Services,Asset Management,11034486784.0,11131297792.0,268226000.0,193747008.0,10.51,,871.509,0.0,23807000.0,,,,,-125.026,72.233003,,56.88868,,0.6860515,,,-86.2,,0.0,STEL
Foseco India Limited,Basic Materials,Chemicals,47140814848.0,,7709380096.0,989718016.0,128.85,,1374.842,,,2.873,2.499,13.254,8.9770004,14.435999999999998,12.838,,48.300346,,4.526702,,40.0,1.2,-1.0999999999999999,52.74,FOSECOIND
Prime Securities Limited,Financial Services,Capital Markets,9423989760.0,13832457216.0,1230400000.0,84800000.0,2.01,,91.737,15100000.0,46900000.0,,,,,19.178,6.8919999999999995,0.582,138.05971,,3.0249517,,50.0,-28.799999999999997,-78.4,41.27,PRIMESECU
Azad Engineering Limited,Industrials,Specialty Industrial Machinery,174687158272.0,177736941568.0,6384820224.0,1389049984.0,21.65,36.965,236.653,4743229952.0,1845910016.0,,,,,26.5,21.756001,31.025,124.937645,73.17462,11.429814,,,25.900000000000002,21.3,73.15,AZAD
AXISCADES Technologies Limited,Industrials,Engineering & Construction,73059770368.0,76559572992.0,12478741504.0,634646016.0,14.84,,170.785,3880355072.0,497783008.0,,,,,-0.034999999999999996,2.912,52.834,115.74797,,10.057674,,,-24.8,,0.13,AXISCADES
Vraj Iron and Steel Limited,Basic Materials,Steel,4125466112.0,4492457984.0,6434449920.0,359260000.0,10.89,,130.308,426380000.0,59770000.0,,,,,6.4050004,5.583,9.921,11.485766,,0.9598797,,,40.1,51.7,56.41,VRAJ
S.J.S. Enterprises Limited,Consumer Cyclical,Auto Parts,74551230464.0,71841693696.0,10064079872.0,2103079936.0,64.97,82.662,271.239,232540000.0,2489479936.0,,,,,24.105999999999998,20.897,2.639,35.581036,27.96569,8.522741,,15.0,24.5,111.4,85.66,SJS
Aarti Pharmalabs Limited,Healthcare,Drug Manufacturers - Specialty & Generic,71587184640.0,79401590784.0,19690485760.0,2048190976.0,22.58,25.5,234.275,7937210880.0,96159000.0,,,,,19.152,10.402001,37.359,34.962357,30.958824,3.369758,,48.0,38.7,53.7,69.15,AARTIPHARM
Carborundum Universal Limited,Industrials,Conglomerates,206431617024.0,198532235264.0,54361948160.0,2092339968.0,11.04,30.19333,204.723,4125339904.0,6999849984.0,,,,,6.75,3.849,10.292,98.15217,35.888718,5.2930055,,38.0,19.400000000000002,23.5,53.2,CARBORUNIV
Arfin India Limited,Basic Materials,Aluminum,14827331584.0,15239750656.0,7219045888.0,184448000.0,1.1,,9.985,1292659968.0,89562000.0,,,,,4.2069998,2.555,75.884,79.89091,,8.801202,,27.0,95.5,300.0,54.21,ARFIN
Emami Paper Mills Limited,Basic Materials,Paper & Paper Products,6836392448.0,15984952320.0,20076300288.0,936800000.0,13.57,,79.318,8173599744.0,10000000.0,,,,,12.498,4.666,142.073,8.327192,,1.4246451,,276.0,21.8,602.5,60.9,EMAMIPAP
SPR Auto Technologies Limited,Consumer Cyclical,Auto Parts,199892353024.0,198890995712.0,49698250752.0,5632039936.0,127.83,191.1,658.596,19684700160.0,10295520256.0,,,,,13.877,11.332,65.22,33.711178,22.549973,6.543161,,23.0,53.1,8.0,55.38,SHRIPISTON
Prudent Corporate Advisory Services Limited,Financial Services,Asset Management,134633816064.0,129374445568.0,14009330688.0,2450310912.0,59.24,83.86667,213.184,341254016.0,5600631808.0,,,,,27.326,17.491,3.866,54.886898,38.76987,15.252082,,10.0,20.9,44.4,78.62,PRUDENT
Dharmaj Crop Guard Limited,Basic Materials,Agricultural Inputs,9066124288.0,10317309952.0,11529570304.0,601689984.0,17.8,,132.404,1319049984.0,64690000.0,,,,,13.741999999999999,5.219,29.375,15.070226,,2.025996,,,4.1000000000000005,17.0,49.29,DHARMAJ
CyberTech Systems and Software Limited,Technology,Information Technology Services,4252303360.0,2768299264.0,2474054912.0,317335008.0,10.17,,68.189,82564000.0,1663555968.0,,,,,7.074999999999999,12.827,3.889,13.808259,,2.059423,,285.0,17.599999999999998,16.400000000000002,54.63,CYBERTECH
PC Jeweller Limited,Consumer Cyclical,Luxury Goods,125705019392.0,134821298176.0,35050098688.0,7747100160.0,0.88,20.5,10.693,11665600512.0,1361699968.0,,,,,26.919999999999998,22.103001,14.271,14.647728,0.6287805,1.2054616,,,21.0,43.8,73.0,PCJEWELLER
Narayana Hrudayalaya Limited,Healthcare,Medical Care Facilities,376059658240.0,418256027648.0,90723999744.0,8212619776.0,40.36,70.08216,223.4,58574950400.0,25195450368.0,,,,,11.686,8.996,129.033,45.877106,26.420418,8.288272,,24.0,78.0,5.4,51.89,NH
Ather Energy Limited,Consumer Cyclical,Auto Manufacturers,621312933888.0,581974884352.0,42440998912.0,-3900300032.0,-10.1,4.13618,67.228,6642200064.0,24890200064.0,,,,,-5.935999799999999,-9.19,25.819,,379.21463,23.331053,,,88.8,,33.33,ATHERENERG
Alivus Life Sciences Limited,Healthcare,Drug Manufacturers - Specialty & Generic,165471371264.0,158195384320.0,25904001024.0,6030239744.0,49.09,62.8129,271.018,567710016.0,7825110016.0,,,,,29.845,23.279,1.704,27.455694,21.457376,4.9731016,,36.0,6.4,31.7,82.18,ALIVUS
Gayatri Projects Limited,Industrials,Engineering & Construction,12141418496.0,15027985408.0,11565863936.0,20798236672.0,111.48,,32.421,3113542912.0,226976000.0,,,,,23.932000000000002,179.82401,51.304,0.23457122,,0.80657595,,,208.70000000000002,,65.24,GAYAPROJ
Landmark Property Development Company Limited,Real Estate,Real Estate Services,948392192.0,653851968.0,85805000.0,84653000.0,0.63,,3.235,0.0,163114000.0,,,,,628.28197,98.657,,11.222222,,2.1854715,,,,,100.0,LPDC
The Peria Karamalai Tea and Produce Company Limited,Consumer Defensive,Farm Products,3172037632.0,3307418880.0,748294016.0,-46205000.0,-14.92,,1451.793,455601984.0,319732992.0,,,,,54.625,-6.1750001999999995,10.135,,,0.705748,,7.000000000000001,23.5,26.200000000000003,74.25,PKTEA
Vardhman Acrylics Limited,Consumer Cyclical,Textile Manufacturing,3475731968.0,1617046528.0,3274299904.0,417200000.0,5.19,,31.597,0.0,1855800064.0,,,,,21.711999000000002,12.742,,8.333333,,1.3688009,,340.0,12.8,818.2,87.48,VARDHACRLC
Sterlite Technologies Limited,Technology,Communication Equipment,438259679232.0,432357310464.0,56429998080.0,2430000128.0,4.58,32.5,46.463,19420000256.0,3249999872.0,,,,,15.706999999999999,4.306,85.626,186.14629,26.232307,18.349009,,,87.4,1755.0,65.71,STLTECH
Ajanta Pharma Limited,Healthcare,Drug Manufacturers - Specialty & Generic,438656139264.0,434602016768.0,57761701888.0,11348799488.0,90.81,116.58786,362.354,2659099904.0,6631099904.0,,,,,25.195997999999996,19.648,5.874,38.656536,30.10948,9.687763,,181.0,24.8,30.8,74.9,AJANTPHARM
Lorenzini Apparels Limited,Consumer Cyclical,Apparel Manufacturing,1552901504.0,1632417920.0,802508032.0,55565000.0,0.32,,2.982,200688000.0,67318000.0,,,,,20.927,6.9239999999999995,38.569,28.09375,,3.014755,,,81.6,116.7,70.93,LAL
Western Carriers (India) Limited,Industrials,Integrated Freight & Logistics,9323804672.0,11221809152.0,18782949376.0,367240000.0,3.6,,85.038,2255200000.0,384960000.0,,,,,2.5919999999999996,1.9550001000000001,26.012,25.402777,,1.0754015,,,11.799999999999999,-19.8,23.59,WCIL
Diamond Power Infrastructure Limited,Industrials,Specialty Industrial Machinery,231752531968.0,229208227840.0,22981556224.0,2002098944.0,3.8,,-11.466,25365014528.0,358076992.0,,,,,9.458999,8.712,,101.97369,,-33.79557,,,127.2,208.3,79.28,DIACABS
Tirupati Forge Limited,Industrials,Metal Fabrication,8676686848.0,8699737088.0,1682786944.0,61041000.0,0.47,,10.521,415440992.0,65551000.0,,,,,5.984,3.627,31.143,145.78723,,6.5126886,,,18.0,-25.0,27.48,TIRUPATIFL
Fineotex Chemical Limited,Basic Materials,Specialty Chemicals,62743306240.0,50382815232.0,10117813248.0,1223389952.0,0.27,2.1,10.609,81964000.0,732326016.0,,,,,14.538,12.091000000000001,0.872,199.55556,25.657145,5.0787067,,23.0,174.8,88.1,85.18,FCL
IOL Chemicals and Pharmaceuticals Limited,Healthcare,Drug Manufacturers - Specialty & Generic,52694061056.0,52045258752.0,25236299776.0,1681100032.0,5.71,10.4,61.274,1354200064.0,2003000064.0,,,,,10.863,6.6610000000000005,7.529,31.43958,17.26154,2.929791,,51.0,37.1,89.7,60.86,IOLCP
JSW Dulux Limited,,,142714224640.0,,,,,,538.336,,,,,,,,,,7.271167,31.606657,5.8212714,,,,,,JSWDULUX
Aditya Vision Limited,Consumer Cyclical,Specialty Retail,78929174528.0,83366019072.0,29240700928.0,1389799936.0,10.73,16.34286,53.54,5728000000.0,1286499968.0,,,,,9.397,4.753,83.205,56.961792,37.398598,11.415764,,20.0,26.900000000000002,39.800000000000004,59.4,AVL
Cubex Tubings Limited,Basic Materials,Copper,1168857856.0,1469528832.0,3031051008.0,75412000.0,5.27,,58.18,434193984.0,39877000.0,,,,,1.6660000000000001,2.488,52.119,15.489563,,1.4030594,,,30.3,7.000000000000001,42.67,CUBEXTUB
BlueStone Jewellery and Lifestyle Limited,Consumer Cyclical,Luxury Goods,126584791040.0,137570271232.0,26805919744.0,563169984.0,3.92,8.66667,118.287,19838949376.0,8568280064.0,,,,,6.431000000000001,2.101,110.033,211.36479,95.60188,7.0045733,,,49.6,,41.91,BLUESTONE
Agastya Energy and Infrastructure Limited,Basic Materials,Chemicals,1734885888.0,2267997952.0,1558589056.0,-212316000.0,-7.35,,17.911,122710000.0,436000.0,,,,,-44.699,-13.622,26.413,,,3.7396016,,,-44.9,,0.0,SANGINITA
Cupid Limited,Consumer Defensive,Household & Personal Products,382421499904.0,379181727744.0,4526189056.0,1373746944.0,1.01,,3.357,563785024.0,1864455040.0,,,,,37.985,30.351,12.506,281.58417,,84.71849,,,158.7,190.9,75.0,CUPID
Exide Industries Limited,Consumer Cyclical,Auto Parts,353175011328.0,353017495552.0,188286107648.0,9316700160.0,10.97,18.51564,163.586,15754000384.0,10820200448.0,,,,,8.672,4.948,11.308,37.876026,22.440487,2.5399485,,49.0,17.7,28.299999999999997,55.02,EXIDEIND
Inventurus Knowledge Solutions Limited,Healthcare,Health Information Services,293911068672.0,300259278848.0,33473220608.0,7637559808.0,44.75,72.01667,167.361,7525150208.0,6089560064.0,,,,,29.167998,22.817,26.873,39.150837,24.327702,10.4683895,,,20.7,27.900000000000002,72.85,IKS
Punjab National Bank,Financial Services,Banks - Regional,1318240518144.0,1358404648960.0,579009773568.0,220875292672.0,19.22,17.15096,136.054,63164899328.0,24066799616.0,,,14.965999,1.131,29.404999999999998,38.147,,5.967742,6.6876717,0.84304756,,257.0,15.2,1.9,73.52,PNB
Capri Global Capital Limited,Financial Services,Credit Services,245445492736.0,464641589248.0,32256468992.0,11276290048.0,11.73,19.35,74.718,241120985088.0,22112890880.0,,,,,50.395,34.958,334.728,21.747658,13.183462,3.4141705,,8.0,85.8,79.4,75.0,CGCL
Rossell Techsys Limited,Industrials,Aerospace & Defense,47883071488.0,51390930944.0,5523642880.0,257326000.0,6.8,,41.178,4094053888.0,474984000.0,,,,,11.858,4.659,264.369,186.08823,,30.730001,,2.0,77.10000000000001,117.19999999999999,61.86,ROSSTECH
Usha Martin Limited,Basic Materials,Steel,146188238848.0,143708045312.0,38368698368.0,5319300096.0,17.46,23.3,108.352,2285700096.0,4767499776.0,,,,,16.892,13.215,6.922,27.50573,20.61159,4.4323134,,76.0,16.400000000000002,40.8,62.59,USHAMART
Tips Music Limited,Communication Services,Entertainment,84208975872.0,82695831552.0,3939587072.0,2146061056.0,16.8,22.96667,20.336,50995000.0,1578924032.0,,,,,49.368,54.473996,1.962,39.235123,28.700289,32.412964,,242.0,20.9,-4.7,73.29,TIPSMUSIC
The Great Eastern Shipping Company Limited,Industrials,Marine Shipping,197121884160.0,126322556928.0,62129799168.0,37468598272.0,261.96,191.45,1188.123,10871499776.0,83052396544.0,,,,,54.431,60.307,6.409,5.3076806,7.2624707,1.1702492,,408.0,66.9,159.4,75.0,GESHIP
Standard Engineering Technology Limited,Industrials,Specialty Industrial Machinery,88723914752.0,87710400512.0,8487179776.0,855216000.0,4.26,,39.445,826836992.0,1986700032.0,,,,,13.994001,10.077,10.365,104.401405,,11.275193,,,43.1,25.7,63.99,SETL
Urban Company Limited,Technology,Software - Application,232985313280.0,228178018304.0,17196699648.0,-3338700032.0,-2.27,-0.87682,13.9,1357900032.0,17183700992.0,,,,,-20.523001,-19.415002,6.335,,-180.44753,11.382734,,,43.6,,33.33,URBANCO
Sai Life Sciences Limited,Healthcare,Diagnostics & Research,327405666304.0,327805403136.0,22503579648.0,3617400064.0,16.96,24.98376,117.47,2884519936.0,1578630016.0,,,,,18.414,16.075,11.614,90.890335,61.700077,13.122499,,,11.700000000000001,20.8,59.66,SAILIFE
Aegis Logistics Limited,Energy,Oil & Gas Refining & Marketing,464548495360.0,489202253824.0,89706553344.0,12512738304.0,35.6,42.0533,172.508,41499369472.0,44138561536.0,,,,,28.032,13.949000999999999,47.243,37.176968,31.471966,7.672108,,99.0,37.1,269.0,75.0,AEGISLOG
Jubilant FoodWorks Limited,Consumer Cyclical,Restaurants,,362442686464.0,98299723776.0,3692640000.0,5.67,8.81561,34.852,49022160896.0,3350060032.0,,,,,9.6829996,4.415,205.318,88.18342,56.71757,14.346378,,25.0,13.700000000000001,6.0,44.53,JUBLFOOD
PTC Industries Limited,Industrials,Metal Fabrication,338231918592.0,338737528832.0,6974279168.0,1255958016.0,82.71,387.25333,1005.23,2613419008.0,2133369984.0,,,,,18.276999999999997,18.008,17.341,272.76025,58.25644,22.442625,,,97.39999999999999,465.7,68.28,PTCIL
Almondz Global Securities Limited,Financial Services,Capital Markets,2945312000.0,3720246272.0,2002400000.0,333800000.0,1.91,,15.072,493400000.0,72100000.0,,,,,18.429000000000002,16.669999999999998,16.822,8.816754,,1.1173036,,,42.699999999999996,70.0,68.43,ALMONDZ
Sree Rayalaseema Hi-Strength Hypo Limited,Basic Materials,Chemicals,8537781248.0,4398070784.0,6976486912.0,922529024.0,54.74,18.82,565.755,116107000.0,4387988992.0,,,,,13.297,13.215,1.18,9.086591,26.42933,0.8791791,,56.99999999999999,17.0,11.3,71.55,SRHHYPOLTD
Khadim India Limited,Consumer Cyclical,Footwear & Accessories,2268443648.0,4688817664.0,3492329984.0,27700000.0,1.51,14.5,90.87,2491520000.0,103790000.0,,,,,1.598,0.7929999,149.29,81.74172,8.512414,1.358314,,,-18.7,-39.1,4.75,KHADIM
The Ugar Sugar Works Limited,Consumer Defensive,Confectioners,5987250176.0,13225578496.0,16058023936.0,288352000.0,2.56,,20.772,7257871872.0,19544000.0,,,,,3.6630000000000003,1.796,310.587,20.789062,,2.562103,,18.0,34.1,,38.22,UGARSUGAR
Manomay Tex India Limited,Consumer Cyclical,Textile Manufacturing,4127926528.0,7606749184.0,7442770944.0,201448000.0,11.17,,94.766,3477996032.0,4554000.0,,,,,6.4479999999999995,2.707,203.436,20.475382,,2.4134185,,,20.5,11.4,47.4,MANOMAY
Parag Milk Foods Limited,Consumer Defensive,Packaged Foods,31899125760.0,37481684992.0,39105499136.0,1295200000.0,10.12,15.9,100.716,6073999872.0,182700000.0,,,,,5.4190002,3.312,48.262,24.916008,15.858491,2.5035744,,41.0,10.9,-21.0,25.37,PARAGMILK
Robust Hotels Limited,Consumer Cyclical,Lodging,3104723968.0,4317780480.0,1488844032.0,267950000.0,15.5,,428.714,1516391936.0,202154000.0,,,,,19.98,17.997,20.435,11.583871,,0.4188107,,,1.7999999999999998,51.9,58.38,RHL
Entero Healthcare Solutions Limited,Healthcare,Medical Distribution,78432927744.0,82861301760.0,71278878720.0,1254050048.0,28.86,57.144,388.089,6771520000.0,2960640000.0,,,,,4.364,1.7590000000000001,38.638,62.442825,31.536118,4.6435227,,,38.2,37.3,54.36,ENTERO
Affordable Robotic & Automation Limited,Industrials,Specialty Industrial Machinery,2042063872.0,2653246464.0,1099314944.0,58582000.0,5.44,,98.023,740128000.0,70393000.0,,,,,-35.25,5.329,67.073,31.674631,,1.7578527,,,-41.199999999999996,,0.0,AFFORDABLE
Man Infraconstruction Limited,Industrials,Engineering & Construction,50201305088.0,44659425280.0,6459210752.0,2166500096.0,5.35,,56.146,639787008.0,6835828224.0,,,,,31.330000000000002,33.541,2.766,23.33271,,2.2233107,,128.0,19.400000000000002,21.2,81.47,MANINFRA
VMS TMT Limited,Basic Materials,Steel,2509850112.0,4566186496.0,8746849280.0,169247008.0,4.12,,45.828,2309296896.0,98972000.0,,,,,3.8900003,1.9349999999999998,101.226,12.274272,,1.1034739,,,16.8,-63.7,24.79,VMSTMT
Quality Power Electrical Equipments Limited,Industrials,Electrical Equipment & Parts,104952233984.0,105135587328.0,10032220160.0,1333049984.0,17.26,40.7,69.99,401750016.0,2530749952.0,,,,,15.945,13.288,5.195,78.5168,33.297295,19.362766,,7.000000000000001,31.7,49.5,65.94,QPOWER
Vaishali Pharma Limited,Healthcare,Drug Manufacturers - Specialty & Generic,1176768512.0,1351367424.0,1079165952.0,44317000.0,0.0,,5.298,188900992.0,14302000.0,,,,,5.892000299999999,4.107,27.331,Infinity,,1.7025294,,,-3.5999999999999996,18.5,38.34,VAISHALI
AuSom Enterprise Limited,Financial Services,Capital Markets,2067101440.0,2136036608.0,44059320320.0,248095008.0,18.2,,118.467,88527000.0,19791000.0,,,,,1.0249998999999999,0.563,5.493,8.336813,,1.2807785,,66.0,489.1,36.0,51.02,AUSOMENT
Elgi Rubber Company Limited,Consumer Cyclical,Auto Parts,2794291712.0,5647452160.0,3510134016.0,-1978765056.0,-39.54,,15.124,3127788032.0,275038016.0,,,,,-1.214,-56.373,413.219,,,3.691484,,,-18.099999999999998,,4.6,ELGIRUBCO
Menon Bearings Limited,Consumer Cyclical,Auto Parts,17055774720.0,17413982208.0,3192869888.0,439286016.0,7.85,6.2,33.074,468531008.0,110323000.0,,,,,18.916,13.758000000000001,25.279,38.770702,49.08871,9.202092,,134.0,36.6,68.0,68.92,MENONBE
Suraksha Diagnostic Limited,Healthcare,Diagnostics & Research,16824688640.0,17835147264.0,3254732032.0,357976992.0,6.9,9.8,47.173,1303410944.0,263484000.0,,,,,21.802,10.998999,53.533,46.81884,32.964283,6.848197,,15.0,20.7,38.9,69.65,SURAKSHA
Unimech Aerospace and Manufacturing Limited,Industrials,Aerospace & Defense,78312718336.0,73577250816.0,2851223040.0,720227968.0,14.17,30.7,144.925,1267284992.0,5917983744.0,,,,,29.081000000000003,25.259999999999998,17.186,108.574455,50.114006,10.615835,,,70.89999999999999,45.5,75.0,UNIMECH
Oil Country Tubular Limited,Energy,Oil & Gas Equipment & Services,3505914624.0,3412021760.0,629614976.0,-677835008.0,-13.06,,37.973,248770000.0,80895000.0,,,,,-88.76899499999999,-107.65899999999999,12.601,,,1.6432729,,,-28.999999999999996,,0.0,OILCOUNTUB
Adroit Infotech Limited,Technology,Information Technology Services,603098880.0,466025376.0,538412032.0,30848000.0,0.79,,14.315,264544992.0,396636000.0,,,,,3.7159999999999997,5.7290003,34.111,13.974683,,0.771219,,,52.7,-25.0,28.72,ADROITINFO
Tribhovandas Bhimji Zaveri Limited,Consumer Cyclical,Luxury Goods,34996875264.0,42857820160.0,34199203840.0,2137243008.0,32.05,2.97,125.641,8862133248.0,1018267008.0,,,,,7.5780004,6.249,105.734,16.363495,176.58249,4.174195,,48.0,34.8,61.8,57.58,TBZ
Syncom Formulations (India) Limited,Healthcare,Drug Manufacturers - Specialty & Generic,17418201088.0,16594314240.0,4977961984.0,855304000.0,0.9,,4.451,14742000.0,1128551040.0,,,,,19.650999,17.181998,0.355,20.58889,,4.1631093,,51.0,7.3999999999999995,23.799999999999997,83.48,SYNCOMF
Sigachi Industries Limited,Healthcare,Drug Manufacturers - Specialty & Generic,12052114432.0,13266783232.0,4708608000.0,253550000.0,0.67,,13.535,1622627968.0,260143008.0,,,,,9.977999,5.3850003,30.681,47.02985,,2.3280385,,26.0,-5.4,,26.37,SIGACHI
Mangalam Worldwide Limited,Basic Materials,Steel,12186186752.0,17081175040.0,12484653056.0,518967008.0,1.75,,10.09,4901586944.0,64448000.0,,,,,8.214,4.157,160.456,23.445713,,4.066402,,7.000000000000001,14.7,17.599999999999998,49.36,MWL
Subex Limited,Technology,Software - Application,11341242368.0,10379542528.0,2921100032.0,299400000.0,0.54,,6.178,282700000.0,1244400000.0,,,,,15.607001,10.25,8.247,37.851852,,3.308514,,,19.7,13.0,56.96,SUBEXLTD
Bodal Chemicals Limited,Basic Materials,Specialty Chemicals,22249279488.0,30187679744.0,22670800896.0,686739968.0,5.45,7.1,92.069,8131859968.0,212870000.0,,,,,7.454,3.029,70.251,32.41468,24.881691,1.9187783,,,56.10000000000001,217.1,57.45,BODALCHEM
Shivalik Rasayan Limited,Basic Materials,Agricultural Inputs,5588975104.0,6367166976.0,3750324992.0,139378000.0,9.02,,379.951,1136429056.0,343678016.0,,,,,7.0310004,3.7159999999999997,18.969,39.23503,,0.9314359,,14.000000000000002,7.9,111.80000000000001,48.48,SHIVALIK
Neuland Laboratories Limited,Healthcare,Drug Manufacturers - Specialty & Generic,289891352576.0,292137369600.0,6057591808.0,138578000.0,388.33,490.832,1461.02,3012721920.0,766704000.0,1.424,0.682,,,30.601,2.2880001,16.072,58.18505,46.03408,15.465222,,14.000000000000002,119.19999999999999,962.8,75.0,NEULANDLAB
Tata Communications Limited,Communication Services,Telecom Services,498386698240.0,612996284416.0,254256906240.0,9458199552.0,33.12,78.3408,120.949,122623803392.0,9905099776.0,,,,,7.454,3.7199999999999998,335.854,52.783817,22.31532,14.454026,,99.0,10.5,-29.4,25.2,TATACOMM
Kapston Services Limited,Industrials,Specialty Business Services,17147014144.0,18837399552.0,8611575808.0,304958400.0,10.0,,38.232,1841489024.0,151720992.0,,,,,6.059,3.5409999999999995,158.273,56.345,,14.737656,,,16.2,38.6,51.66,KAPSTON
Quess Corp Limited,Industrials,Staffing & Employment Services,51104923648.0,49777717248.0,158354538496.0,2526129920.0,16.88,20.3,78.207,1244829952.0,2580790016.0,,,,,1.7870000000000001,1.595,10.656,20.266588,16.852219,4.3742886,,172.0,14.499999999999998,59.8,46.54,QUESS
Lumax Auto Technologies Limited,Consumer Cyclical,Auto Parts,135722442752.0,147238535168.0,52075732992.0,3240774912.0,47.45,66.88,177.561,12311004160.0,3452581120.0,,,,,10.384,6.2230001999999995,83.409,41.96628,29.774225,11.214738,,28.000000000000004,32.9,109.00000000000001,60.38,LUMAXTECH
Finolex Cables Limited,Industrials,Electrical Equipment & Parts,204923437056.0,184465883136.0,69386403840.0,8001399808.0,52.26,72.7,397.807,191400000.0,20693999616.0,,,,,11.058,11.532,0.314,25.639112,18.430538,3.3682163,,63.0,44.3,53.2,84.49,FINCABLES
63 moons technologies limited,Technology,Software - Application,39811854336.0,21291816960.0,3183105024.0,-650862976.0,-14.09,,770.436,54222000.0,19559452672.0,,,,,-58.952000000000005,-20.482,0.149,,,1.1214429,,22.0,350.5,,65.67,63MOONS
Ganesh Benzoplast Limited,Basic Materials,Specialty Chemicals,9023874048.0,8983302144.0,4332959744.0,727849984.0,10.02,,84.687,757960000.0,874350016.0,,,,,17.711,16.798,12.271,12.509979,,1.4801564,,,22.900000000000002,-3.2,52.56,GANESHBE
Sudarshan Chemical Industries Limited,Basic Materials,Specialty Chemicals,94191681536.0,109318684672.0,99224002560.0,724000000.0,9.11,63.88333,438.887,24732000256.0,13642999808.0,,,,,6.166,0.73,64.172,129.87926,18.521263,2.6959102,,40.0,5.4,105.0,46.37,SUDARSCHEM
Central Bank of India,Financial Services,Banks - Regional,287200968704.0,193557446656.0,163976839168.0,45649375232.0,5.04,,45.195,288185712640.0,371055984640.0,,,11.560000500000001,0.878,39.668998,27.839002,,6.2956347,,0.7020688,,455.99999999999994,-3.2,2.8000000000000003,61.36,CENTRALBK
Restaurant Brands Asia Limited,Consumer Cyclical,Restaurants,67811221504.0,72917270528.0,29475270656.0,-1734880000.0,-2.92,0.21263,12.371,19670009856.0,1934889984.0,,,,,-0.404,-5.886,285.657,,447.8672,7.6978416,,,17.9,,28.6,RBA
I G Petrochemicals Limited,Basic Materials,Chemicals,16174995456.0,17795377152.0,20727322624.0,816473024.0,26.53,38.1,432.828,3616896000.0,1996513024.0,,,,,15.299,3.9389998000000004,27.136,19.798342,13.78609,1.2135305,,91.0,31.4,,53.73,IGPL
Radico Khaitan Limited,Consumer Defensive,Beverages - Wineries & Distilleries,598365372416.0,587907923968.0,62280757248.0,7035586048.0,52.32,79.72443,247.631,4984484864.0,871516992.0,,,,,18.275,11.297,15.033,85.35933,56.017963,18.034899,,21.0,11.799999999999999,76.0,61.67,RADICO
TD Power Systems Limited,Industrials,Specialty Industrial Machinery,226687451136.0,225412349952.0,21243891712.0,2749943040.0,8.77,14.875,34.304,181074000.0,1436436992.0,,,,,17.884000999999998,12.945,1.689,82.7252,48.77311,21.149137,,13.0,72.1,72.0,84.44,TDPOWERSYS
Man Industries (India) Limited,Basic Materials,Steel,60622733312.0,59619934208.0,38748999680.0,2042899968.0,27.2,75.3,287.233,6279799808.0,7279799808.0,,,,,10.785,5.272,30.097,29.713236,10.7330675,2.8137436,1.12,,41.9,95.19999999999999,60.78,MANINDS
Ellenbarrie Industrial Gases Limited,Basic Materials,Chemicals,50046230528.0,51048431616.0,3566680064.0,1206499968.0,8.59,12.2,69.332,1844169984.0,841969984.0,,,,,31.757997999999997,33.827,18.873,41.338764,29.106558,5.121733,,,18.0,74.6,71.5,ELLEN
RPG Life Sciences Limited,Healthcare,Drug Manufacturers - Specialty & Generic,44966273024.0,42422575104.0,7343300096.0,1196400000.0,72.32,94.2,366.013,200000000.0,2743699968.0,,,,,19.107,16.292,3.304,37.59403,28.861998,7.4281516,,89.0,15.8,17.0,68.99,RPGLIFE
Plaza Wires Limited,Industrials,Electrical Equipment & Parts,2685502720.0,3000748544.0,3429329920.0,107210000.0,2.45,,29.531,320870016.0,580000.0,,,,,7.742,3.1260000000000003,24.764,25.05306,,2.0784938,,,38.1,312.0,57.74,PLAZACABLE
TBO Tek Limited,Consumer Cyclical,Travel Services,176844947456.0,169841999872.0,30919819264.0,2646960128.0,24.69,50.07778,145.006,7561390080.0,15388869632.0,,,,,11.933,8.561,48.762,67.07574,33.070553,11.420907,,,81.10000000000001,32.300000000000004,61.93,TBOTEK
SML Mahindra Limited,Consumer Cyclical,Auto Manufacturers,90505674752.0,93330366464.0,29507072000.0,1564103936.0,107.96,,358.867,2891105024.0,66416000.0,,,,,9.0679996,5.301,55.669,57.928864,,17.427069,,36.0,13.200000000000001,-5.0,38.17,SMLMAH
Pasupati Acrylon Limited,Consumer Cyclical,Textile Manufacturing,6282102784.0,5859401728.0,10323699712.0,955600000.0,10.71,,48.877,1071100032.0,1499800064.0,,,,,15.059000000000001,9.255999,24.599,6.5807657,,1.4419872,,,10.299999999999999,1435.0,57.71,PASUPTAC
Asahi Songwon Colors Limited,Basic Materials,Specialty Chemicals,4179173632.0,5827023360.0,5745036800.0,348372992.0,29.55,,230.183,1432080000.0,48026000.0,,,,,14.366999999999999,6.064,48.076,11.998308,,1.5402962,,41.0,26.0,509.0,64.37,ASAHISONG
Gujarat Themis Biosyn Limited,Healthcare,Drug Manufacturers - Specialty & Generic,56023801856.0,48461230080.0,1737399040.0,486865984.0,4.48,,26.409,1618121984.0,60876000.0,,,,,38.412,28.023002,56.23,96.08259,,16.299368,,16.0,22.1,22.900000000000002,72.5,GUJTHEM
ZIM Laboratories Limited,Healthcare,Drug Manufacturers - Specialty & Generic,7154686976.0,8011252736.0,3968225024.0,36962000.0,0.82,,55.355,1265588992.0,402518016.0,,,,,-3.1029999999999998,0.931,42.734,162.93903,,2.4136934,,,31.2,,33.33,ZIMLAB
Glenmark Pharmaceuticals Limited,Healthcare,Drug Manufacturers - Specialty & Generic,669352263680.0,663573889024.0,177365532672.0,17979039744.0,63.62,97.66697,372.475,5935269888.0,11762570240.0,,,,,15.718001000000001,10.137,5.646,37.279156,24.283543,6.367407,,31.0,23.1,930.7,64.77,GLENMARK
Rane (Madras) Limited,Consumer Cyclical,Auto Parts,36107919360.0,43166220288.0,40239398912.0,1190499968.0,42.84,,271.577,7520099840.0,461800000.0,,,,,4.559,2.9590001,100.193,30.497198,,4.8107905,,118.0,18.3,62.5,51.21,RML
One MobiKwik Systems Limited,Technology,Software - Infrastructure,15817106432.0,9598816256.0,11293500416.0,-125650000.0,-1.57,9.9,68.837,2759549952.0,8931349504.0,,,,,12.292,-1.113,51.207,,20.288889,2.9179077,,,3.6999999999999997,,35.52,MOBIKWIK
Arrow Greentech Limited,Consumer Cyclical,Packaging & Containers,12651990016.0,11396260864.0,2467500032.0,638300032.0,42.36,,155.204,22600000.0,1294400000.0,,,,,39.048,25.868000000000002,0.957,19.795797,,5.4028893,,62.0,111.20000000000002,151.7,95.22,ARROWGREEN
Steel Strips Wheels Limited,Consumer Cyclical,Auto Parts,53312868352.0,61436715008.0,55058362368.0,2124273024.0,13.49,21.1,114.789,8283693056.0,114001000.0,,,,,8.2600005,3.8580000000000005,45.898,25.129726,16.06635,2.9532447,,40.0,27.200000000000003,46.5,58.26,SSWL
GOCL Corporation Limited,Basic Materials,Specialty Chemicals,21596254208.0,20662800384.0,106564000.0,2697150976.0,54.4,,634.009,6152000.0,939606016.0,,,,,-142.66601,3188.6980000000003,0.02,8.008272,,0.6871354,,679.0,26.3,-96.7,49.9,GOCLCORP
City Union Bank Limited,Financial Services,Banks - Regional,223699943424.0,240474767360.0,37122211840.0,14028846080.0,14.14,19.35358,106.637,53267980288.0,36493160448.0,,,,,50.985,37.791002,,15.967467,11.666059,2.1172764,,88.0,23.3,25.2,98.87,CUB
Kabra Extrusiontechnik Limited,Industrials,Specialty Industrial Machinery,22762070016.0,7985807872.0,4704412160.0,-14345000.0,0.14,,126.236,1430444032.0,438592000.0,,,,,-6.001,-0.30500002,32.04,4648.928,,5.155819,,125.0,-8.9,,10.73,KABRAEXTRU
Varroc Engineering Limited,Consumer Cyclical,Auto Parts,127740239872.0,134929563648.0,94971789312.0,1972409984.0,12.91,36.29716,116.609,9246380032.0,2424740096.0,,,,,5.2550003,2.0769998000000003,50.855,64.756004,23.032104,7.1692576,,17.0,29.9,-26.5,30.26,VARROC
Lodha Developers Limited,Real Estate,Real Estate - Development,1063972962304.0,1104106881024.0,181812002816.0,41256001536.0,41.21,49.07614,233.115,98959998976.0,59927998464.0,,,,,37.088,22.692,42.238,25.83839,21.696898,4.567703,,38.0,43.1,103.3,75.0,LODHA
Cyient Limited,Industrials,Conglomerates,112315260928.0,111966306304.0,76320997376.0,3782000128.0,34.01,71.05143,514.316,4640000000.0,16679000064.0,,,,,9.014,4.955,7.528,31.723024,15.184775,2.0977378,93.13,302.0,21.3,-32.4,32.16,CYIENT
Shivalik Bimetal Controls Limited,Industrials,Metal Fabrication,58767806464.0,58431488000.0,6164602880.0,1060846976.0,18.37,29.0,83.898,711360000.0,1046953984.0,,,,,21.547002000000003,17.209,14.779,55.536198,35.17931,12.160004,,37.0,33.4,44.7,71.55,SBCL
Dr. Lal PathLabs Limited,Healthcare,Diagnostics & Research,318326439936.0,307340312576.0,28908109824.0,5418789888.0,32.45,43.53413,150.208,1989939968.0,13307490304.0,,,,,25.461,18.745,7.83,58.748844,43.790928,12.691735,,105.0,19.1,27.800000000000004,72.05,LALPATHLAB
Ion Exchange (India) Limited,Industrials,Pollution & Treatment Controls,,52809822208.0,30321100800.0,980800000.0,8.29,,112.936,4821899776.0,3192699904.0,,,,,1.426,3.235,35.976,52.110977,,3.8251755,,28.000000000000004,20.1,-91.60000000000001,23.98,IONEXCHANG
Kamat Hotels (India) Limited,Consumer Cyclical,Lodging,6120062976.0,8130878976.0,3935220992.0,443139008.0,14.51,,81.18,2331918080.0,483868992.0,,,,,18.733,11.261000000000001,70.111,14.307374,,2.5572803,,,9.5,124.6,60.98,KAMATHOTEL
Geojit Financial Services Limited,Financial Services,Capital Markets,22363265024.0,21301000192.0,6751001088.0,725289024.0,2.6,,43.034,1226902016.0,2330295040.0,,,,,11.067,10.743,9.473,30.815388,,1.8617837,,195.0,4.9,-28.299999999999997,26.02,GEOJITFSL
Chemcon Speciality Chemicals Limited,Basic Materials,Specialty Chemicals,7834574336.0,6409048576.0,2529477120.0,281740000.0,7.69,,131.945,531368000.0,1964275968.0,,,,,17.57,11.137999599999999,10.998,27.812744,,1.6209784,,598.0,24.2,71.8,67.17,CHEMCON
Rubicon Research Limited,Healthcare,Drug Manufacturers - General,299741249536.0,299517509632.0,19357999104.0,2882149888.0,17.44,28.85,78.067,3110080000.0,3333850112.0,,,,,21.330999000000002,14.889,24.131,104.1055,62.932407,23.256945,,8.0,51.6,82.1,71.33,RUBICON
Artemis Medicare Services Limited,,,,54669340672.0,11136050176.0,1136509056.0,2.29,12.425,59.045,2615600128.0,334049984.0,,,,,15.215,10.2060005,27.805,144.34497,26.60362,5.5982723,,,12.7,46.7,59.06,ARTEMISMED
Caplin Point Laboratories Limited,Healthcare,Drug Manufacturers - Specialty & Generic,195395665920.0,186597867520.0,22873300992.0,6653499904.0,87.33,110.7,462.024,46100000.0,10067500032.0,,,,,31.434,29.089,0.127,29.435474,23.221321,5.563781,,28.999999999999996,19.6,15.9,92.11,CAPLIPOINT
Sinclairs Hotels Limited,Consumer Cyclical,Lodging,4199731712.0,3683689216.0,636944000.0,107795000.0,2.1,,22.548,343878016.0,643902016.0,,,,,31.746000000000002,16.924,28.381,39.014286,,3.6335816,,103.0,28.4,27.3,75.0,SINCLAIR
Sundram Fasteners Limited,Consumer Cyclical,Auto Parts,259991846912.0,265224126464.0,66014998528.0,6112200192.0,29.08,41.65,203.449,6245700096.0,1240499968.0,,,,,12.101,9.259,14.532,42.548145,29.707083,6.0816226,,67.0,20.4,13.5,54.05,SUNDRMFAST
Tamilnad Mercantile Bank Limited,Financial Services,Banks - Regional,137504489472.0,112163504128.0,35027791872.0,14441675776.0,91.18,,638.463,15402099712.0,40727900160.0,,,14.521,1.9609999,58.677,41.229,,9.52347,,1.3600631,,137.0,18.3,35.0,86.17,TMB
Chalet Hotels Limited,Consumer Cyclical,Lodging,,205703512064.0,23874750464.0,5281079808.0,24.12,31.5179,168.984,23676780544.0,3231089920.0,,,,,33.731,22.12,64.041,35.039387,26.814922,5.0013614,,23.0,-42.699999999999996,-57.699999999999996,25.0,CHALET
Petronet LNG Limited,Energy,Oil & Gas Refining & Marketing,438900031488.0,347500642304.0,371728908288.0,42077900800.0,28.17,28.36372,148.594,23414599680.0,101141299200.0,,,,,24.001,11.3199994,10.507,10.386936,10.315995,1.9691241,,353.0,-53.2,35.099999999999994,49.0,PETRONET
Jindal Worldwide Limited,Consumer Cyclical,Textile Manufacturing,49568641024.0,52057935872.0,23003584512.0,847673024.0,0.85,,8.56,5583431168.0,3581236992.0,,,,,7.982,3.6849998000000004,64.866,58.164703,,5.7757006,,,2.7,88.2,46.83,JINDWORLD
Tijaria Polypipes Limited,Industrials,Building Products & Equipment,225157776.0,950405824.0,1965000.0,-13820950.0,-0.49,,-11.804,728264064.0,510.0,,,,,-410.39700000000005,,,,,-0.6574043,,,147.2,,50.0,TIJARIA
NOCIL Limited,Basic Materials,Specialty Chemicals,30665777152.0,27358576640.0,13697699840.0,661299968.0,3.94,7.3,106.175,80400000.0,3387599872.0,,,,,7.814,4.828,0.453,46.598984,25.150684,1.7292206,,79.0,19.900000000000002,61.199999999999996,78.0,NOCIL
Gland Pharma Limited,Healthcare,Drug Manufacturers - Specialty & Generic,477660938240.0,446297047040.0,67252989952.0,11287929856.0,68.38,96.42188,628.683,2835899904.0,33591060480.0,,,,,21.003,16.784,2.738,42.344254,30.02949,4.60566,,68.0,19.6,46.9,79.61,GLAND
Deep Industries Limited,Energy,Oil & Gas E&P,46745600000.0,48335695872.0,9701300224.0,2064736000.0,32.29,61.0,311.873,2029815040.0,1562123008.0,,,,,33.080999999999996,21.282999999999998,9.61,22.620007,11.973771,2.341979,,32.0,39.800000000000004,45.2,75.0,DEEPINDS
Ind-Swift Laboratories Limited,Healthcare,Drug Manufacturers - Specialty & Generic,32936691712.0,28706314240.0,6744245760.0,573249024.0,6.71,,165.767,205012992.0,4417501184.0,,,,,13.502,8.5,1.481,56.445602,,2.2848337,,,25.4,142.70000000000002,81.1,INDSWFTLAB
AksharChem (India) Limited,Basic Materials,Specialty Chemicals,3227699200.0,4294445312.0,4163379968.0,140628000.0,17.49,,325.627,1084647936.0,17416000.0,,,,,12.953000000000001,3.3779999999999997,41.473,22.973127,,1.233927,,12.0,45.300000000000004,2028.1,62.95,AKSHARCHEM
Edelweiss Financial Services Limited,Financial Services,Financial Conglomerates,120588132352.0,180898447360.0,71733436416.0,6020819968.0,7.46,15.75,48.843,190187765760.0,143082553344.0,,,,,5.35,8.392999,319.986,17.077747,8.088889,2.6083574,,112.99999999999999,23.0,27.3,54.35,EDELWEISS
Max Healthcare Institute Limited,Healthcare,Medical Care Facilities,1002509565952.0,1030562775040.0,87120502784.0,14569299968.0,14.94,23.34851,110.433,34783600640.0,6657999872.0,,,,,19.728,16.723,32.367,68.94244,44.114162,9.326922,,19.0,16.7,4.8,55.48,MAXHEALTH
Paisalo Digital Limited,Financial Services,Credit Services,77218177024.0,119398055936.0,5492994048.0,2513491968.0,2.77,3.8,19.859,43596742656.0,1500088064.0,,,,,63.73799999999999,45.757999999999996,243.153,30.494585,22.228949,4.253487,,12.0,20.7,28.799999999999997,72.85,PAISALO
Rushil Décor Limited,Consumer Cyclical,"Furnishings, Fixtures & Appliances",5064374784.0,6954218496.0,9120879616.0,226870000.0,0.79,4.82,21.867,2598850048.0,55390000.0,,,,,4.137,2.487,39.929,21.8481,3.5809128,0.78931725,,32.0,27.800000000000004,,38.85,RUSHIL
Gujarat Narmada Valley Fertilizers & Chemicals Limited,Basic Materials,Chemicals,85938257920.0,61380038656.0,84099997696.0,10369999872.0,70.6,62.69,620.096,60000000.0,18040000512.0,,,,,14.163999999999998,12.331,0.066,8.283994,9.329239,0.94316036,,389.0,39.800000000000004,275.59999999999997,88.83,GNFC
E2E Networks Limited,Technology,Software - Infrastructure,119134748672.0,116833583104.0,3662298112.0,311576000.0,2.75,,84.048,1590875008.0,3659328000.0,,,,,36.525999999999996,8.5080005,9.441,210.85454,,6.899034,,,334.1,,66.67,E2E
eClerx Services Limited,Technology,Information Technology Services,174369488896.0,167850147840.0,43348279296.0,7288750080.0,77.12,98.20295,276.885,3849520128.0,10381179904.0,,,,,18.712,16.814,15.012,24.569502,19.294737,6.843274,,5.0,23.3,18.8,64.76,ECLERX
Remsons Industries Limited,Consumer Cyclical,Auto Parts,3459819264.0,4163296000.0,4888032768.0,172883008.0,4.96,,42.726,984865984.0,236710000.0,,,,,5.069,3.537,62.789,19.89113,,2.3091326,,32.0,20.200000000000003,-21.2,29.57,REMSONSIND
eMudhra Limited,Technology,Software - Application,52696555520.0,47856205824.0,7449959936.0,1150540032.0,13.87,21.2,111.055,287760000.0,1085629952.0,,,,,19.729,15.443999999999999,3.153,46.30858,30.297169,5.783621,,21.0,29.5,29.299999999999997,78.96,EMUDHRA
Hatsun Agro Product Limited,Consumer Defensive,Packaged Foods,284004057088.0,301961838592.0,104594300928.0,3547000064.0,15.92,27.3,87.119,18382499840.0,511900000.0,,,,,6.453,3.3910000000000005,94.535,80.08794,46.703297,14.635154,,163.0,19.3,-1.2,40.5,HATSUN
Ram Ratna Wires Limited,Industrials,Electrical Equipment & Parts,48154116096.0,54879879168.0,60298711040.0,1268082944.0,13.58,,62.077,6752235008.0,80834000.0,,,,,4.1450000000000005,2.103,115.438,37.986008,,8.30984,,47.0,88.6,127.8,54.15,RAMRAT
Graphite India Limited,Industrials,Electrical Equipment & Parts,152686034944.0,127210323968.0,30287200256.0,2133299968.0,10.9,51.90333,299.886,3686700032.0,29133299712.0,,,,,14.371,7.0440000000000005,6.295,71.69725,15.056837,2.6059904,,85.0,26.6,28.4,64.37,GRAPHITE
Asian Hotels (North) Limited,Consumer Cyclical,Lodging,16432977920.0,17954154496.0,3484252928.0,-922465984.0,-37.92,,255.896,3337306880.0,1842332032.0,,,,,12.086,-26.474999999999998,36.252,,,1.506276,,,10.4,,39.71,ASIANHOTNR
Lancor Holdings Limited,Real Estate,Real Estate - Development,2650762240.0,3503102464.0,1347672960.0,575801024.0,7.85,,32.631,1066057984.0,207724000.0,,,,,16.375999,42.726,44.543,4.591083,,1.1044712,,54.0,8.4,11650.0,58.08,LANCORHOL
Sky Gold and Diamonds Limited,Consumer Cyclical,Luxury Goods,122257448960.0,123015208960.0,71764443136.0,3350159872.0,21.76,36.97,77.361,8691079168.0,7980575232.0,,,,,7.561999599999999,4.6680003,72.072,36.277573,21.352448,10.204108,,,77.9,124.2,57.56,SKYGOLD
Siemens Limited,Industrials,Specialty Industrial Machinery,1342574297088.0,1289592242176.0,173932003328.0,14176000000.0,47.48,67.77003,388.638,3065999872.0,56160002048.0,,,,,7.4889995,19.017,2.213,79.401855,55.62931,9.700544,,45.0,14.799999999999999,406.1,66.32,SIEMENS
Bal Pharma Limited,Healthcare,Drug Manufacturers - Specialty & Generic,1710538496.0,3202621440.0,3344065024.0,72065000.0,4.53,,51.714,1595164032.0,92917000.0,,,,,5.829,2.155,193.935,23.71744,,2.0775805,,112.00000000000001,34.5,446.2,55.83,BALPHARMA
California Software Company Limited,Technology,Software - Application,2340824064.0,2296774144.0,247404992.0,146270000.0,2.37,,6.676,16117000.0,60151000.0,,,,,83.403,59.122,3.905,15.974685,,5.6710606,,,328.79999999999995,2161.1,80.47,CALSOFT
PVP Ventures Limited,Industrials,Conglomerates,16035658752.0,19884365824.0,1181367040.0,49952000.0,0.19,,8.381,2571718912.0,513367008.0,,,,,15.693999999999999,4.2280003,64.735,324.1053,,7.3475723,,,165.2,4500.0,65.69,PVP
Rishabh Instruments Limited,Technology,Scientific & Technical Instruments,30164289536.0,28874276864.0,7830980096.0,808630016.0,20.82,34.3,193.281,805440000.0,2018310016.0,,,,,12.026,10.326,10.752,37.43996,22.725948,4.032988,,24.0,4.2,-4.5,36.88,RISHABH
Prabha Energy Limited,Energy,Oil & Gas E&P,37370273792.0,36814917632.0,66671000.0,10969000.0,0.1,,45.496,1634838016.0,62546000.0,,,,,18.094999,16.451999999999998,37.627,2394.2,,5.2624407,,,49.3,,57.46,PRABHA
Suprajit Engineering Limited,Consumer Cyclical,Auto Parts,65852944384.0,72494415872.0,40314851328.0,1868169984.0,13.59,25.65,104.669,9926169600.0,3412100096.0,,,,,8.3579995,4.634,69.079,35.323765,18.715399,4.586363,,72.0,23.9,8.6,49.61,SUPRAJIT
Multi Commodity Exchange of India Limited,Financial Services,Financial Data & Stock Exchanges,,770283798528.0,27750199296.0,15418000384.0,60.61,80.7999,165.341,47600000.0,39172698112.0,,,,,69.577,55.559999999999995,0.113,52.359344,39.27604,19.193666,,24.0,85.3,103.4,99.44,MCX
Supreme Engineering Limited,Basic Materials,Steel,847330496.0,4845496320.0,247738000.0,-6003000.0,-3.72,,-19.442,1066750976.0,19268000.0,0.128,0.023,,-0.8420000000000001,-0.7059999699999999,-2.4230001000000003,,,,-0.17436479,,,0.6,,25.6,SUPREMEENG
Par Drugs and Chemicals Limited,Healthcare,Drug Manufacturers - Specialty & Generic,1647344768.0,1228924160.0,1088897024.0,144932000.0,10.65,,90.522,0.0,418428992.0,,,,,17.315,13.309999999999999,,12.570893,,1.4789774,,,20.1,41.9,86.49,PAR
Garware Technical Fibres Limited,Consumer Cyclical,Textile Manufacturing,76702777344.0,73580437504.0,16439316480.0,2101329024.0,21.25,29.5,136.494,428150016.0,4203898880.0,,,,,16.744,12.781999999999998,3.161,36.964706,26.62712,5.754832,1.15,112.99999999999999,31.4,22.6,74.74,GARFIBRES
Bliss GVS Pharma Limited,Healthcare,Drug Manufacturers - Specialty & Generic,72831057920.0,71179902976.0,10052192256.0,1361886976.0,12.62,,112.762,217503008.0,1886350976.0,,,,,23.273,13.547999999999998,1.766,54.274963,,6.074298,,28.000000000000004,37.6,15.1,84.49,BLISSGVS
MMP Industries Limited,Basic Materials,Aluminum,11626775552.0,13458301952.0,8733082624.0,501201984.0,19.74,,136.344,1845245056.0,20081000.0,,,,,7.6230004000000005,5.7389997,53.253,23.186424,,3.3569503,,43.0,26.900000000000002,,43.5,MMP
AMD Industries Limited,Consumer Cyclical,Packaging & Containers,1334772352.0,1985942656.0,3175712000.0,32725000.0,1.71,,80.02,783169024.0,132032000.0,,,,,11.554,1.0299999,51.225,40.725143,,0.8702825,,,40.8,502.50000000000006,61.55,AMDIND
Kiri Industries Limited,Basic Materials,Specialty Chemicals,34073088000.0,-6797011968.0,9498820608.0,58466070528.0,944.07,,1052.041,418432992.0,41109336064.0,,,,,1.268,615.509,0.649,0.55382544,,0.4969863,,,54.50000000000001,2465.1,73.02,KIRIINDUS
N R Agarwal Industries Limited,Basic Materials,Paper & Paper Products,10872651776.0,18916661248.0,23402586112.0,621256000.0,36.48,,479.106,8205305856.0,161296000.0,,,,,8.723,2.6550000000000002,100.63,17.512335,,1.333421,,32.0,43.1,111.4,58.72,NRAIL
The Karur Vysya Bank Limited,Financial Services,Banks - Regional,313635209216.0,330932453376.0,66443173888.0,27445815296.0,28.41,32.94293,145.947,26225606656.0,8922755072.0,,,,,56.660999999999994,41.307,,11.420275,9.848851,2.2230673,,78.0,26.0,45.0,100.0,KARURVYSYA
IKIO Technologies Limited,Technology,Electronic Components,16310864896.0,16862794752.0,6444449792.0,464980000.0,5.95,,77.914,696990016.0,217510000.0,,,,,8.578,7.215000000000001,11.438,35.47227,,2.708884,,,40.9,363.3,58.58,IKIO
IDFC First Bank Limited,Financial Services,Banks - Regional,731162279936.0,,30275438592.0,9922635776.0,2.59,6.75436,55.11,,,,,,,33.398,32.775003000000005,,32.741314,12.554853,1.5387408,,28.999999999999996,-1.0999999999999999,-23.200000000000003,50.47,IDFCFIRSTB
India Nippon Electricals Limited,Consumer Cyclical,Auto Parts,28932800512.0,,11482600448.0,1148999936.0,50.82,24.49,363.076,,,,,,,14.819999000000001,10.005999000000001,,25.167257,52.2254,3.5226786,,113.99999999999999,,,59.28,INDNIPPON
Anuh Pharma Limited,Healthcare,Drug Manufacturers - Specialty & Generic,9053234176.0,8524622848.0,7789883904.0,441697984.0,3.58,,35.144,583000.0,529193984.0,,,,,7.1490005,5.6700002,0.017,25.231844,,2.5702822,,158.0,3.9,37.3,71.51,ANUHPHR
ABB India Limited,Industrials,Specialty Industrial Machinery,1511012564992.0,1407817351168.0,139951194112.0,15815199744.0,74.69,104.88056,440.551,1445200000.0,73355198464.0,2.193,1.691,19.131,7.907,11.459,21.349001,1.547,95.46793,67.98686,16.185413,,56.00000000000001,12.1,3.0,64.32,ABB
Wendt (India) Limited,Industrials,Tools & Accessories,17159999488.0,16407900160.0,2554299904.0,169500000.0,84.6,84.72,1269.35,1900000.0,754000000.0,,,,,10.424,6.6360004,0.075,101.41844,101.27479,6.759365,,23.0,36.6,63.2,85.05,WENDT
Setubandhan Infrastructure Limited,Industrials,Engineering & Construction,81207496.0,,3042545920.0,74507000.0,0.01,,3.94,,,,,,,5.9860002,2.4489999,,63.0,,0.15989847,,,148.10000000000002,266.7,74.65,SETUINFRA
Valiant Laboratories Limited,Healthcare,Drug Manufacturers - Specialty & Generic,6660341760.0,6790965760.0,3059298048.0,160142000.0,2.81,,56.566,462119008.0,331495008.0,,,,,22.896999,5.235,14.865,43.640568,,2.1679099,,,146.2,826.2,72.9,VALIANTLAB
Nitiraj Engineers Limited,Technology,Scientific & Technical Instruments,2315803392.0,2207593472.0,464107008.0,10606000.0,2.36,,80.088,233000.0,108443000.0,6.588,2.267,1.284,0.244,-10.223999599999999,2.2850001,0.028,95.72458,,2.8207722,,64.0,-63.800000000000004,,26.14,NITIRAJ
Dhunseri Ventures Limited,Financial Services,Capital Markets,9901497344.0,11341643776.0,4965044224.0,1916600960.0,53.98,,938.644,9518196736.0,8078050816.0,,,,,42.631,39.073002,28.952,5.237125,,0.30117917,,175.0,32.5,144.5,75.0,DVL
Texmo Pipes and Products Limited,Industrials,Building Products & Equipment,1768049280.0,2124210688.0,3879440896.0,151115008.0,5.18,,91.886,545084032.0,105337000.0,,,,,7.403,3.895,23.807,11.69112,,0.6590776,,,11.600000000000001,23.599999999999998,50.0,TEXMOPIPES
Modison Limited,Industrials,Electrical Equipment & Parts,15515967488.0,17256947712.0,2220943104.0,153528000.0,31.29,,84.64,1744717056.0,3737000.0,,,,,17.668,6.912999999999999,63.523,15.2812395,,5.64922,,119.0,101.6,604.6999999999999,67.67,MODISONLTD
Satia Industries Limited,Basic Materials,Paper & Paper Products,6651000320.0,9519285248.0,14428053504.0,-78110000.0,-0.78,,108.866,3125977088.0,265471008.0,,,,,6.0089998,-0.541,28.731,,,0.61093456,,59.0,-2.5,,23.01,SATIA
Manoj Vaibhav Gems 'N' Jewellers Limited,Consumer Cyclical,Luxury Goods,9576541184.0,13407907840.0,29090000896.0,1219600000.0,24.97,,170.46,4910400000.0,1086000000.0,,,,,5.914,4.1929998,58.923,7.851422,,1.1501231,,,30.099999999999998,33.6,55.91,MVGJL
L.G. Balakrishnan & Bros Limited,Consumer Cyclical,Auto Parts,54438391808.0,54050856960.0,32173447168.0,3188041984.0,99.98,113.1,675.302,2311284992.0,2604937984.0,,,,,9.140000500000001,9.908999999999999,10.719,17.070414,15.090185,2.5273137,,129.0,21.6,,43.25,LGBBROSLTD
Dolphin Offshore Enterprises (India) Limited,Energy,Oil & Gas Equipment & Services,26044981248.0,27661320192.0,1428238976.0,720193984.0,17.98,,88.335,2032076032.0,437564992.0,,,,,47.654,50.425,57.496,36.20968,,7.3702383,,,160.60000000000002,30.7,75.0,DOLPHIN
Bajaj Housing Finance Limited,Financial Services,Mortgage Finance,712766914560.0,1724559392768.0,42615701504.0,26923200512.0,3.23,4.37795,27.043,1037715505152.0,1936400000.0,,,12.679000000000002,,80.913,63.176995999999995,460.74,26.495356,19.547962,3.16459,,,19.6,22.900000000000002,67.14,BAJAJHFL
Orient Bell Limited,Industrials,Building Products & Equipment,5743705600.0,5463010304.0,7523686912.0,211191008.0,14.31,,223.53,312020000.0,592715008.0,,,,,5.9499998,2.807,9.489,27.285116,,1.7467455,,25.0,42.6,,41.27,ORIENTBELL
Sakar Healthcare Limited,Healthcare,Drug Manufacturers - Specialty & Generic,24969121792.0,26026524672.0,2719723008.0,360982016.0,13.79,40.9,145.976,705339008.0,2597000.0,,,,,20.153,13.272998999999999,21.739,82.49094,27.812958,7.79272,,,38.4,119.0,70.15,SAKAR
Kalyani Forge Limited,Consumer Cyclical,Auto Parts,3799163648.0,4833795584.0,2373082112.0,123905000.0,34.02,,262.754,1056208000.0,22612000.0,,,,,11.382,5.2210003,110.547,30.69665,,3.97444,,39.0,4.2,218.1,50.98,KALYANIFRG
Network People Services Technologies Limited,Technology,Software - Application,34205708288.0,31493267456.0,2177600000.0,508000000.0,22.09,,147.936,137600000.0,3093799936.0,,,,,17.28,23.327999,3.119,74.2191,,11.082495,,12.0,68.0,42.199999999999996,76.69,NPST
S.A.L. Steel Limited,Basic Materials,Steel,10288569344.0,13944742912.0,1672199936.0,124100000.0,1.31,,10.062,3492000000.0,4700000.0,,,,,12.350000399999999,7.420999999999999,238.167,54.25191,,7.063208,,,-31.5,,16.47,SALSTEEL
Super Spinning Mills Limited,Consumer Cyclical,Textile Manufacturing,401147008.0,476048992.0,63002000.0,6613000.0,0.11,,10.761,151464992.0,69216000.0,,,,,49.248,-82.401,30.667,65.09091,,0.6653657,,,-0.6,,49.6,SUPERSPIN
Uflex Limited,Consumer Cyclical,Packaging & Containers,45933727744.0,137206169600.0,164920033280.0,6824082944.0,94.49,56.46,1123.679,101523062784.0,10296866816.0,,,,,12.989999999999998,4.138,124.991,6.7319293,11.266383,0.56608695,,46.0,35.5,630.0,62.99,UFLEX
AKI India Limited,Consumer Cyclical,Footwear & Accessories,602722752.0,1250299008.0,1187062016.0,30608000.0,0.26,,7.713,214494000.0,46931000.0,,,,,4.4260003,2.5780000000000003,21.381,22.46154,,0.7571633,,,64.4,150.0,54.43,AKI
CarTrade Tech Limited,Consumer Cyclical,Auto & Truck Dealerships,146365661184.0,137932275712.0,8073907200.0,2313696000.0,46.63,79.35569,518.92,1404294016.0,9444602880.0,,,,,25.951999999999998,28.656,5.363,64.70298,38.01996,5.8141913,,,16.3,22.400000000000002,69.35,CARTRADE
Cyient DLM Limited,Industrials,Aerospace & Defense,70054952960.0,70777364480.0,13568579584.0,821040000.0,10.31,17.60228,127.527,1722739968.0,1000329984.0,,,,,7.509,6.0510002,17.021,85.615906,50.146915,6.9216714,,,34.300000000000004,118.10000000000001,57.51,CYIENTDLM
VRL Logistics Limited,Industrials,Trucking,49612132352.0,60989231104.0,33677199360.0,2673200128.0,15.28,18.8,65.306,11541300224.0,164200000.0,,,,,14.136000000000001,7.9380006000000005,101.023,18.56021,15.085107,4.3426332,,347.0,18.099999999999998,60.8,60.69,VRLLOG
JTL Industries Limited,Basic Materials,Steel,32417441792.0,32175536128.0,23141109760.0,1146983936.0,3.1,5.6,41.471,2440551936.0,445100000.0,,,,,6.7909999999999995,4.956,16.038,26.603228,14.726787,1.9886185,,14.000000000000002,32.7,143.2,56.79,JTLIND
ICDS Limited,Real Estate,Real Estate Services,822636096.0,,,,0.5,,,,,,,,,,,,126.3,,,,,,,,ICDSLTD
Windlas Biotech Limited,Healthcare,Drug Manufacturers - Specialty & Generic,22661675008.0,20225904640.0,9420980224.0,664440000.0,31.17,,275.197,352420000.0,2788189952.0,,,,,7.849,7.053,6.067,35.23099,,3.9904144,,56.00000000000001,18.099999999999998,-0.2,41.8,WINDLAS
Fine Organic Industries Limited,Basic Materials,Specialty Chemicals,158006181888.0,144423878656.0,24715878400.0,4381239808.0,143.14,156.16,869.056,923091008.0,14505394176.0,,,,,23.356001000000003,17.726,3.464,36.003212,33.001408,5.9299974,,21.0,18.0,18.0,74.04,FINEORG
Kavveri Defence & Wireless Technologies Limited,Technology,Communication Equipment,4519540736.0,4418239488.0,59502000.0,-10471000.0,-0.16,,31.56,44057000.0,177360992.0,,,,,-109.263,-17.598,3.943,,,2.3818123,,,-63.1,,7.05,KAVDEFENCE
Dollex Agrotech Limited,Consumer Defensive,Confectioners,1494085120.0,3047296768.0,2288925952.0,79463000.0,1.97,,19.457,1573826048.0,19023000.0,,,,,6.589,3.472,126.948,18.984772,,1.9221874,,,10.299999999999999,-48.4,24.24,DOLLEX
Archidply Industries Limited,Basic Materials,Lumber & Wood Production,2004497408.0,3806176256.0,7118560768.0,130256000.0,6.56,,56.496,1824672000.0,7611000.0,,,,,5.748,1.83,163.098,15.275914,,1.7737539,,,27.800000000000004,875.9000000000001,55.75,ARCHIDPLY
Optiemus Infracom Limited,Technology,Electronics & Computer Distribution,54546194432.0,57416110080.0,22162569216.0,726640000.0,8.1,,87.569,3728220928.0,418145984.0,,,,,2.693,3.279,45.355,74.68518,,6.9082665,,,102.8,46.0,52.69,OPTIEMUS
Gujarat Fluorochemicals Limited,Basic Materials,Specialty Chemicals,505452789760.0,521608298496.0,53029998592.0,6169999872.0,55.85,109.91407,696.703,22900000768.0,5920000000.0,,,,,19.709998000000002,11.635,28.94,82.38675,41.8627,6.604392,,6.0,24.0,20.4,66.91,FLUOROCHEM
Honasa Consumer Limited,Consumer Defensive,Household & Personal Products,149074575360.0,145670488064.0,25526339584.0,2488689920.0,7.63,10.59645,43.462,1353459968.0,4658990080.0,,,,,13.189,9.748999999999999,9.586,59.927914,43.151245,10.520684,,64.0,27.0,119.0,63.19,HONASA
IVP Limited,Basic Materials,Specialty Chemicals,2166346752.0,2788646656.0,6110900224.0,315100000.0,30.52,12.94,152.127,653699968.0,31400000.0,,,,,12.312,5.156000000000001,41.613,6.8738527,16.212519,1.3790451,,70.0,12.0,1080.0,55.81,IVP
Rane Holdings Limited,Consumer Cyclical,Auto Parts,23829663744.0,36129062912.0,61293699072.0,844600000.0,59.2,,808.128,10209899520.0,628000000.0,,,,,3.312,1.3780001,71.619,28.192568,,2.0652668,,277.0,18.4,-26.400000000000002,25.01,RANEHOLDIN
Authum Investment & Infrastructure Limited,Financial Services,Capital Markets,449962082304.0,482710552576.0,25575999488.0,20986200064.0,19.16,,173.427,36309700608.0,4867500032.0,,,,,92.406,82.054,24.59,27.653965,,3.0551758,,4.0,14.099999999999998,17.5,65.8,AIIL
Vishnu Chemicals Limited,Basic Materials,Specialty Chemicals,45962870784.0,50277568512.0,16961894400.0,1496887040.0,22.28,34.9,148.456,5272292864.0,1003867008.0,,,,,12.534,8.825,49.066,30.646318,19.564468,4.599343,,4.0,24.9,23.0,61.48,VISHNU
Antelopus Selan Energy Limited,Energy,Oil & Gas E&P,37194747904.0,36541526016.0,2788800000.0,896099968.0,37.48,,186.411,35500000.0,687900032.0,2.755,2.04,14.704999999999998,9.304,47.985,32.132,0.542,28.223055,,5.674558,,,65.3,158.9,89.6,ANTELOPUS
Manaksia Steels Limited,Basic Materials,Steel,7341123584.0,8111785984.0,12410998784.0,560784000.0,8.56,,49.768,1513869056.0,733857024.0,,,,,9.277000000000001,4.518,46.44,13.086448,,2.2508438,,,50.6,249.5,59.28,MANAKSTEEL
STL Networks Limited,Communication Services,Telecom Services,18157637632.0,26653644800.0,9451599872.0,-985699968.0,-2.02,,16.4,9344600064.0,847400000.0,,,,,4.7909997,-10.428999999999998,116.754,,,2.2682927,,,-9.2,,16.92,STLNETWORK
Vidhi Specialty Food Ingredients Limited,Basic Materials,Specialty Chemicals,16014864384.0,16377333760.0,4384047104.0,533703008.0,10.7,,65.568,576254016.0,199635008.0,,,,,16.298000000000002,12.174,17.578,29.967289,,4.8903427,,209.0,66.4,35.0,66.3,VIDHIING
RACL Geartech Limited,Consumer Cyclical,Auto Parts,20727007232.0,22907836416.0,5216399872.0,495900000.0,42.51,,302.716,2356900096.0,139500000.0,,,,,17.181998,9.507,66.889,41.28911,,5.7981734,,17.0,31.5,7.7,58.53,RACLGEAR
Jindal Stainless Limited,Basic Materials,Steel,596168867840.0,372681670656.0,440260591616.0,32486500352.0,39.39,51.905,54.627,74603298816.0,29351499776.0,,,,,9.104,7.379,37.523,18.368876,13.93989,13.245281,,53.0,10.5,7.6,43.15,JSL
Centum Electronics Limited,Technology,Electronic Components,59204542464.0,59794718720.0,9783629824.0,993080000.0,63.72,110.7,232.826,1234759936.0,379120000.0,,,,,9.2159994,5.554,37.984,62.94099,36.22945,17.22574,,12.0,-25.3,1718.6,34.22,CENTUM
Knowledge Marine & Engineering Works Limited,Industrials,Marine Shipping,69257265152.0,67143016448.0,3232192000.0,1292659968.0,49.64,100.0,233.223,2220572928.0,765926016.0,,,,,58.216,39.993,38.764,55.006042,27.305,11.707679,,,138.1,392.2,75.0,KMEW
Arisinfra Solutions Limited,Industrials,Engineering & Construction,10409903104.0,9145067520.0,11461900288.0,662830016.0,8.36,,90.403,702670016.0,1203949952.0,,,,,9.8500006,5.783,9.356,15.223684,,1.4078072,,,37.1,279.59999999999997,59.85,ARIS
Pitti Engineering Limited,Industrials,Metal Fabrication,40948244480.0,47597715456.0,19853340672.0,1244269952.0,33.64,48.6,267.367,8105842176.0,1467398016.0,,,,,11.1219995,6.267,82.134,32.975628,22.825104,4.1489787,,21.0,15.9,30.099999999999998,56.57,PITTIENG
Sanathan Textiles Limited,Consumer Cyclical,Textile Manufacturing,38944030720.0,52403974144.0,44005801984.0,607400000.0,7.18,46.2,222.184,15120799744.0,1690400000.0,,,,,5.4959998,1.38,80.77,64.26184,9.987013,2.076657,,,79.10000000000001,-41.099999999999994,30.5,SANATHAN
Tamilnadu Petroproducts Limited,Basic Materials,Specialty Chemicals,11310313472.0,12526812160.0,17832800256.0,1423100032.0,15.82,,113.215,4647499776.0,3436000000.0,,,,,13.701999,7.9799999999999995,45.668,7.9462705,,1.1103653,,115.99999999999999,68.5,127.0,63.7,TNPETRO
Consolidated Finvest & Holdings Limited,Financial Services,Capital Markets,9762562048.0,9765368832.0,627200000.0,544400000.0,16.73,,358.675,0.0,800000.0,,,,,98.96000000000001,86.797994,,18.051405,,0.8419879,0.2,49.0,2.5,2.6,70.07,CONSOFINVT
Mold-Tek Technologies Limited,Industrials,Engineering & Construction,5675472384.0,5467611136.0,2079276032.0,184112992.0,6.41,,44.879,51289000.0,251720992.0,,,,,17.62,8.8549994,4.004,30.73791,,4.3902493,,96.0,78.9,1204.2,72.6,MOLDTECH
Cyber Media (India) Limited,Communication Services,Publishing,484290976.0,671363840.0,1278302976.0,44134000.0,2.31,,-4.689,101219000.0,37456000.0,,,,,3.274,3.453,216.303,10.064936,,-4.958413,,,95.0,9.9,45.72,CYBERMEDIA
Aditya Birla Sun Life AMC Limited,Financial Services,Asset Management,300325175296.0,262269255680.0,21167800320.0,10074500096.0,34.74,43.60359,139.944,637299968.0,38120001536.0,,,,,65.116,47.594002,1.577,29.876223,23.803087,7.4165382,,229.99999999999997,10.6,11.3,78.06,ABSLAMC
Pudumjee Paper Products Limited,Basic Materials,Paper & Paper Products,9192109056.0,8260344320.0,8143511040.0,910716032.0,9.59,,70.508,425127008.0,1356892032.0,,,,,15.035000000000002,11.1829996,6.35,10.09489,,1.3730356,,61.0,3.3000000000000003,-7.1,38.14,PDMJEPAPER
Sreeleathers Limited,Consumer Cyclical,Footwear & Accessories,7331107840.0,7245830656.0,2647961088.0,327961984.0,14.33,7.78,215.123,22136000.0,101214000.0,,,,,15.515,12.385,0.445,22.094208,40.69537,1.4717625,,60.0,20.3,137.79999999999998,85.94,SREEL
RBZ Jewellers Limited,Consumer Cyclical,Luxury Goods,6627999744.0,8304519168.0,6817055232.0,567665024.0,14.2,,74.958,1697771008.0,30887000.0,,,,,13.475001,8.327,56.626,11.669014,,2.2105713,,,59.8,27.500000000000004,63.48,RBZJEWEL
Aries Agro Limited,Basic Materials,Agricultural Inputs,6154953728.0,6262410240.0,7661265920.0,477424000.0,36.72,,257.262,557276992.0,486695008.0,,,,,12.225999999999999,6.2319998000000005,16.482,12.889433,,1.8397586,,32.0,16.3,48.8,57.88,ARIES
Impex Ferro Tech Limited,Basic Materials,Other Industrial Metals & Mining,471767264.0,3126756864.0,,-63338000.0,-0.71,,-37.559,2675998976.0,15519000.0,,,,,,,,,,-0.14057884,,,,,,IMPEXFERRO
Kalyani Steels Limited,Basic Materials,Steel,40715915264.0,,14143579136.0,1217039616.0,60.55,84.55,482.192,,,,,,,13.818,8.605,,15.366639,11.00473,1.9296256,,103.0,-10.2,-10.2,38.16,KSL
NHPC Limited,Utilities,Utilities - Renewable,772965400576.0,1336618123264.0,122098302976.0,37965901824.0,2.72,6.4,41.149,547509993472.0,36618399744.0,,,,,46.019,31.094998,113.111,28.29044,12.023437,1.8700333,,214.0,18.5,2.8000000000000003,60.65,NHPC
BLS E-Services Limited,Industrials,Specialty Business Services,28111831040.0,24896253952.0,11778947072.0,581150976.0,6.38,,57.424,61320000.0,3880653056.0,,,,,6.508,4.934,1.076,48.605015,,5.4001813,,32.0,24.6,3.6999999999999997,65.28,BLSE
Page Industries Limited,Consumer Cyclical,Apparel Manufacturing,406001025024.0,389114265600.0,53506600960.0,7558329856.0,693.4,869.1189,1347.154,2768120064.0,4262510080.0,,,,,18.332,14.126,18.422,52.49495,41.881496,27.019924,,227.99999999999997,7.9,-4.0,45.28,PAGEIND
Samvardhana Motherson International Limited,Consumer Cyclical,Auto Parts,1665514078208.0,1804481200128.0,1304830672896.0,43799101440.0,4.16,6.92965,38.912,191696994304.0,79525003264.0,,,,,4.978,3.3570003,43.908,38.016827,22.82222,4.064299,,30.0,16.6,104.2,50.78,MOTHERSON
Ceigall India Limited,Industrials,Engineering & Construction,66589810688.0,73424773120.0,41538650112.0,3200039936.0,18.6,23.8,125.142,13111390208.0,3786789888.0,,,,,13.442999,7.704,61.085,20.551075,16.060925,3.0545301,,13.0,15.7,24.099999999999998,58.34,CEIGALL
Sapphire Foods India Limited,Consumer Cyclical,Restaurants,71549321216.0,84204478464.0,32394489856.0,-161240000.0,-0.5,2.36655,43.269,14171299840.0,1412220032.0,,,,,4.7620002,-0.49799997,102.058,,93.96378,5.139245,,,14.7,,32.82,SAPPHIRE
Kesoram Industries Limited,Basic Materials,Building Materials,3914362112.0,6044646400.0,2642342912.0,-89777000.0,-0.29,,11.914,2185374976.0,55091000.0,,,,,-18.802,-3.398,59.044,,,1.0575794,1.11,,5.8999999999999995,,20.6,KESORAMIND
ShreeOswal Seeds and Chemicals Limited,Basic Materials,Agricultural Inputs,1447970048.0,2053290368.0,2673637888.0,122160000.0,0.79,,5.564,618492992.0,15148000.0,,,,,15.504999999999999,4.5689996,121.208,20.037973,,2.8450754,,,19.5,67.5,62.75,OSWALSEEDS
Meghmani Organics Limited,Basic Materials,Agricultural Inputs,14968934400.0,21924691968.0,21031614464.0,642499008.0,2.53,,61.551,7259639808.0,264880000.0,,,,,12.547,3.0550001,46.995,23.264822,,0.9562802,,,-11.5,280.0,44.3,MOL
Univastu India Limited,Industrials,Engineering & Construction,5231396352.0,5444613632.0,3176622080.0,306575008.0,3.69,,28.729,335667008.0,206462000.0,,,,,13.682,9.651,30.028,39.39566,,5.060044,,,252.70000000000002,281.2,63.68,UNIVASTU
Renaissance Global Limited,Consumer Cyclical,Luxury Goods,16300700672.0,20996440064.0,30631591936.0,1091064064.0,10.18,,140.541,6413670912.0,2027497984.0,,,,,5.82,3.562,41.552,14.908645,,1.0798985,,,47.199999999999996,301.7,55.82,RGL
Greenply Industries Limited,Basic Materials,Lumber & Wood Production,34985062400.0,39789879296.0,28631101440.0,986320000.0,7.92,16.73571,72.227,5148791808.0,278732000.0,,,,,8.396,3.4450000000000003,57.505,35.36616,16.736668,3.8780513,,17.0,20.7,32.0,56.25,GREENPLY
Ankit Metal & Power Limited,Basic Materials,Steel,235654528.0,11269491712.0,8180030976.0,-2567971072.0,-19.9,,-73.147,11049052160.0,10982000.0,,,,,-51.785000000000004,-31.392999999999997,,,,-0.022830736,,,-25.5,,0.0,ANKITMETAL
J.G. Chemicals Limited,Basic Materials,Other Industrial Metals & Mining,22126411776.0,20716666880.0,10705680384.0,751880000.0,19.18,,133.758,64480000.0,1603160064.0,,,,,10.2460004,7.023,1.192,29.439522,,4.2214303,,19.0,44.800000000000004,58.8,79.29,JGCHEM
Concord Biotech Limited,Healthcare,Biotechnology,154099679232.0,149784772608.0,11083921408.0,2753743104.0,29.06,42.53941,192.806,23156000.0,4318821888.0,,,,,24.962999,24.844,0.115,50.688232,34.626713,7.639804,,50.0,26.200000000000003,31.1,99.39,CONCORDBIO
Tata Investment Corporation Limited,Financial Services,Asset Management,345034620928.0,38919319552.0,4094049024.0,4308907008.0,8.55,,577.547,19179000.0,324551180288.0,,,,,91.65100000000001,105.248,0.007,79.76023,,1.1807697,,47.0,4.1000000000000005,-1.7999999999999998,76.11,TATAINVEST
Hyundai Motor India Limited,Consumer Cyclical,Auto Manufacturers,1738837983232.0,1643714838528.0,706850914304.0,49509101568.0,60.87,91.4,246.276,10975620096.0,105519783936.0,,,,,5.844,7.0040000000000004,5.484,35.15689,23.413567,8.689438,,97.0,-0.5,-35.099999999999994,18.09,HYUNDAI
Vindhya Telelinks Limited,Industrials,Engineering & Construction,31022004224.0,45244243968.0,34045874176.0,2341576960.0,197.51,,3585.234,14347682816.0,125445000.0,,,,,10.774000000000001,6.877999999999999,34.118,13.253507,,0.73013365,0.98,21.0,-20.8,76.5,37.87,VINDHYATEL
Coromandel International Limited,Basic Materials,Agricultural Inputs,588934873088.0,566187065344.0,326020104192.0,18319599616.0,62.14,96.62222,426.421,15061900288.0,22944000000.0,,,,,6.771999600000001,5.619,11.469,32.17734,20.693996,4.6890283,,56.99999999999999,15.9,-24.5,27.47,COROMANDEL
Hindustan Oil Exploration Company Limited,Energy,Oil & Gas E&P,23237791744.0,23261059072.0,2986799104.0,251072992.0,1.89,,105.169,497671008.0,549420992.0,,,,,-11.096,8.405999999999999,3.594,92.97355,,1.6708345,,,45.2,-85.8,32.03,HINDOILEXP
Anmol India Limited,Energy,Thermal Coal,869079104.0,1574971392.0,12949300224.0,115800000.0,2.03,,20.854,1973100032.0,1270700032.0,,,,,2.1389998,0.894,165.862,7.5221677,,0.73223364,,,-21.099999999999998,4.0,18.59,ANMOL
PCBL Chemical Limited,Basic Materials,Specialty Chemicals,123566923776.0,170772627456.0,85486198784.0,2587899904.0,6.59,15.6,101.822,49890598912.0,2813400064.0,,,,,11.82,3.0269999,124.132,47.655537,20.131409,3.0843039,,136.0,17.0,58.9,57.82,PCBL
DEE Development Engineers Limited,Industrials,Metal Fabrication,47750713344.0,49417244672.0,12127031296.0,803049984.0,11.57,22.2,127.161,7711898112.0,392681984.0,,,,,11.797,6.622,86.608,54.853073,28.587837,4.990917,,16.0,31.6,22.1,60.35,DEEDEV
Dynamatic Technologies Limited,Consumer Cyclical,Auto Parts,81979506688.0,87660617728.0,16752199680.0,424300000.0,62.9,187.6,1168.799,6378899968.0,676499968.0,,,,,8.34,2.533,80.387,191.90779,64.344345,10.327696,,7.000000000000001,14.499999999999998,93.10000000000001,53.09,DYNAMATECH
Devyani International Limited,Consumer Cyclical,Restaurants,167951056896.0,204767379456.0,58350260224.0,-278660000.0,-0.22,1.03668,12.505,38331461632.0,4949009920.0,,,,,4.709,-0.47400002,203.327,,131.40024,10.893243,,,16.5,300.0,50.46,DEVYANI
Uniparts India Limited,Industrials,Farm & Heavy Construction Machinery,39063175168.0,38124851200.0,12441339904.0,1804610048.0,39.94,,192.826,1546880000.0,2502099968.0,,,,,20.195,14.505,17.771,21.675014,,4.4895396,,270.0,26.900000000000002,63.6,70.19,UNIPARTS
Juniper Hotels Limited,Consumer Cyclical,Lodging,47802413056.0,58814644224.0,10764716032.0,1658658944.0,7.45,14.3,128.917,11933627392.0,921625024.0,,,,,24.099001,15.408,41.603,28.837584,15.023776,1.6664984,,,13.0,272.5,68.1,JUNIPER
Astec LifeSciences Limited,Basic Materials,Agricultural Inputs,15011544064.0,19403479040.0,4406278144.0,-665971008.0,-29.32,11.0,175.299,4489298944.0,100490000.0,,,,,-14.041999999999998,-15.113999999999999,114.84,,61.245457,3.8431482,,,-8.3,,11.13,ASTEC
Omaxe Limited,Real Estate,Real Estate - Development,21678553088.0,26908999680.0,13773299712.0,-5102099968.0,-27.9,7.0,-49.294,14662400000.0,9090100224.0,,,,,-0.13799999,-37.043,,,16.862858,-2.394612,,,43.9,,50.0,OMAXE
Steel Exchange India Limited,Basic Materials,Steel,14591930368.0,18337413120.0,10291549184.0,317878016.0,0.25,,6.207,4175371008.0,162363008.0,,,,,10.386,3.089,54.377,45.76,,1.8430804,,,-10.100000000000001,33.300000000000004,42.84,STEELXIND
Signet Industries Limited,Industrials,Conglomerates,2030858624.0,6567479808.0,13932957696.0,235195008.0,7.74,,79.5,4596758016.0,157395008.0,,,,,8.32,1.688,185.772,8.913437,,0.8677987,,71.0,17.9,,39.69,SIGIND
Gillanders Arbuthnot and Company Limited,Consumer Defensive,Farm Products,2196340992.0,3653646848.0,4338328064.0,174383008.0,8.17,,120.859,1486040064.0,28734000.0,,,,,4.316,4.02,57.612,12.596084,,0.8514881,,,3.4000000000000004,,24.69,GILLANDERS
Digjam Limited,Consumer Cyclical,Textile Manufacturing,1300000000.0,1897744128.0,367844992.0,38575000.0,1.93,,2.185,601321024.0,10394000.0,,,,,9.885000400000001,-3.083,1361.379,33.678757,,29.748285,,,88.7,-14.6,40.09,DIGJAMLMTD
Godrej Agrovet Limited,Consumer Defensive,Packaged Foods,124163072000.0,138079404032.0,104788901888.0,4467599872.0,23.18,34.02957,105.656,15740800000.0,3087099904.0,,,,,6.433999999999999,4.2630002000000005,72.751,27.838654,18.96292,6.107557,,163.0,9.6,-16.3,28.08,GODREJAGRO
Shah Alloys Limited,Basic Materials,Steel,1802566016.0,2413985536.0,136300000.0,1084899968.0,54.8,,56.781,629900032.0,10900000.0,,,,,9.097999,795.965,56.061,1.6614964,,1.6035295,,,,,18.2,SHAHALLOYS
Techno Electric & Engineering Company Limited,Industrials,Engineering & Construction,119840890880.0,92005031936.0,33560000512.0,4310759936.0,37.09,58.2,357.561,724929984.0,23309979648.0,,,,,14.791000000000002,12.845,1.744,27.78242,17.705326,2.8818858,,71.0,19.8,-31.5,53.47,TECHNOE
HDB Financial Services Limited,Financial Services,Credit Services,578592702464.0,1540757520384.0,92704096256.0,27613300736.0,33.46,47.2476,248.866,1000786690048.0,25889400832.0,,,,,42.416,29.786,484.313,20.872684,14.781704,2.8063297,,59.0,21.0,32.6,73.0,HDBFS
TVS Supply Chain Solutions Limited,Industrials,Integrated Freight & Logistics,56106016768.0,76702654464.0,117458796544.0,647600000.0,1.46,5.1,46.348,27553599488.0,7239499776.0,,,,,2.318,0.551,133.606,87.095894,24.933334,2.743592,,,28.7,-70.39999999999999,27.32,TVSSCS
Bhansali Engineering Polymers Limited,Basic Materials,Chemicals,30034728960.0,26061926400.0,14402480128.0,1998674048.0,8.04,5.82,43.528,0.0,3972801024.0,,,,,17.061001,13.877,,15.011194,20.737114,2.7726982,,312.0,53.300000000000004,43.5,89.41,BEPL
Baid Finserv Limited,Financial Services,Credit Services,1633889408.0,,534936000.0,153030000.0,1.09,,15.03,,,,,,,34.229,28.607,,9.247706,,0.6706587,,84.0,59.699999999999996,28.199999999999996,100.0,BAIDFIN
DCB Bank Limited,Financial Services,Banks - Regional,71488290816.0,120879374336.0,31146811392.0,7874976768.0,24.43,34.30363,203.012,60864475136.0,11411887104.0,,,,,34.86,25.283,,9.082685,6.4684114,1.0929896,,64.0,17.4,32.4,94.93,DCBBANK
North Eastern Carrying Corporation Limited,Industrials,Trucking,1989680128.0,3276064000.0,3145287936.0,79823000.0,0.78,,25.938,1243709056.0,95788000.0,,,,,4.9450003,2.538,54.791,24.41026,,0.7340582,,,9.4,,29.53,NECCLTD
Madhya Bharat Agro Products Limited,Basic Materials,Agricultural Inputs,68270149632.0,76883951616.0,18802448384.0,1549383936.0,3.44,,12.546,8614218752.0,417000.0,,,,,14.197999,8.2399994,156.708,45.296513,,12.419896,,6.0,1.6,16.5,48.25,MBAPL
Honeywell Automation India Limited,Industrials,Electrical Equipment & Parts,313594642432.0,262915260416.0,47032000512.0,5511000064.0,624.04,830.1,5047.434,1104999936.0,38050000896.0,,,,,13.202,11.7180005,2.476,56.799244,42.699677,7.02238,,32.0,1.7999999999999998,20.9,62.17,HONAUT
McNally Bharat Engineering Company Limited,Industrials,Engineering & Construction,11564000256.0,12488418304.0,737528000.0,36545417216.0,1096.37,,3424.929,979745024.0,58421000.0,,,,,-46.712002000000005,4955.123,17.165,0.31642604,,0.10129262,,,0.7000000000000001,,17.13,MBECL
Oriental Aromatics Limited,Basic Materials,Specialty Chemicals,17195294720.0,21090068480.0,10650798080.0,53204000.0,1.6,,197.462,4026052096.0,131278000.0,,,,,4.649000200000001,0.5,60.585,319.34375,,2.5875864,,9.0,15.2,400.0,49.75,OAL
Manaksia Coated Metals & Industries Limited,Industrials,Metal Fabrication,13242883072.0,13980719104.0,8968203264.0,407812992.0,4.22,,42.869,1154034048.0,339041984.0,,,,,9.482,4.547,33.071,29.428911,,2.8969653,,4.0,4.9,-7.000000000000001,33.43,MANAKCOAT
Vintage Coffee and Beverages Limited,Consumer Defensive,Beverages - Non-Alcoholic,24262946816.0,24590041088.0,6124379136.0,787502016.0,5.54,,39.009,1236252032.0,860544000.0,,,,,17.868000000000002,12.858,21.719,30.06137,,4.2692714,,9.0,58.5,31.2,67.87,VINCOFE
Speciality Restaurants Limited,Consumer Cyclical,Restaurants,6638673408.0,3751919104.0,4630597120.0,208846000.0,4.92,,71.817,1445773952.0,1747352064.0,,,,,10.503,4.5100003,42.426,27.973577,,1.9163986,,111.00000000000001,7.199999999999999,,35.47,SPECIALITY
Asian Energy Services Limited,Energy,Oil & Gas Equipment & Services,23578966016.0,23066449920.0,9468657664.0,575630016.0,12.57,,110.402,1586429952.0,1468454016.0,,,,,6.182,6.079,32.051,38.60382,,4.395301,,23.0,135.1,102.4,56.18,ASIANENE
Hindcon Chemicals Limited,Basic Materials,Specialty Chemicals,1215265408.0,1143905408.0,714355008.0,43261000.0,0.84,,11.153,107991000.0,189219008.0,,,,,13.027,6.0560003,18.593,28.261906,,2.1285753,,,43.1,80.0,63.03,HINDCON
Black Box Limited,Technology,Software - Application,132453482496.0,138583687168.0,66536099840.0,2260100096.0,13.05,28.65,72.504,11530000384.0,5399799808.0,,,,,6.595,3.3970002,89.594,57.14942,26.031414,10.286329,,12.0,23.9,12.9,49.99,BBOX
Chembond Chemicals Limited,Basic Materials,Specialty Chemicals,7120868352.0,6703763456.0,3472517888.0,382236000.0,14.21,,76.957,0.0,426028992.0,,,19.914,,11.738,11.007,,18.631245,,3.4402328,,48.0,32.300000000000004,51.9,81.65,CHEMBONDCH
Eimco Elecon (India) Limited,Industrials,Farm & Heavy Construction Machinery,12933872640.0,12832126976.0,2429490944.0,396092000.0,68.6,95.0,810.464,43460000.0,145206000.0,,,,,15.659,16.303,0.93,32.68513,23.602104,2.7665634,0.69,17.0,14.7,6.2,71.46,EIMCOELECO
Chembond Material Technologies Limited,Basic Materials,Specialty Chemicals,2629409280.0,2370544384.0,2648145920.0,146267008.0,10.79,,124.136,41570000.0,300435008.0,,,,,2.9360002,5.523,2.49,18.120481,,1.5750468,,92.0,25.6,43.4,65.49,CHEMBOND
Wheels India Limited,Consumer Cyclical,Auto Parts,52020326400.0,,22416199680.0,714499968.0,66.9,37.28,426.337,,,,,,,4.8919999999999995,3.1870000000000003,,31.825113,57.111057,4.993937,,65.0,2.5,-9.8,34.99,WHEELS
IndiQube Spaces Limited,Real Estate,Real Estate Services,42278686720.0,93626957824.0,15642040320.0,-934689984.0,-4.67,2.4,24.281,52070871040.0,722600000.0,,,,,16.698,-5.975,1011.578,,83.095825,8.213418,,,36.7,,55.6,INDIQUBE
Poddar Pigments Limited,Basic Materials,Specialty Chemicals,2865761024.0,2670170112.0,3737349120.0,152412000.0,14.36,,330.399,61108000.0,256588000.0,,,,,2.774,4.077999999999999,1.743,18.809193,,0.8174965,,143.0,-1.2,11.4,49.16,PODDARMENT
Solara Active Pharma Sciences Limited,Healthcare,Drug Manufacturers - Specialty & Generic,34537717760.0,39525654528.0,14314300416.0,-16200000.0,-0.6,31.4,287.118,6865600000.0,533400000.0,,,,,9.24,-0.11299999999999999,54.682,,22.796179,2.4930515,,,19.6,43.1,56.54,SOLARA
Kaya Limited,Consumer Defensive,Household & Personal Products,4800803328.0,7355981312.0,2298189056.0,-972649024.0,-65.91,15.7,-100.583,2955898112.0,400720000.0,,,,,-11.607000000000001,-42.321998,,,20.133759,-3.1426783,,,13.900000000000002,,38.9,KAYA
CRISIL Limited,Financial Services,Financial Data & Stock Exchanges,336171368448.0,330347347968.0,41258598400.0,8843200512.0,120.74,150.51949,447.345,3346599936.0,9163100160.0,1.868,1.402,29.052,14.865999999999998,24.679000000000002,21.434,10.23,38.07272,30.540232,10.275961,,85.0,27.6,26.200000000000003,79.74,CRISIL
Thejo Engineering Limited,Industrials,Specialty Industrial Machinery,23595380736.0,23634358272.0,6741401088.0,560017024.0,51.53,,326.729,408366016.0,614678976.0,,,,,11.156,8.307,10.776,42.212303,,6.657505,,23.0,31.0,71.7,61.16,THEJO
TVS Motor Company Limited,Consumer Cyclical,Auto Manufacturers,1949235544064.0,2210768093184.0,602321911808.0,34277199872.0,72.19,114.7548,70.313,327910096896.0,44654501888.0,,,,,13.137999,5.691,306.09,56.81812,35.743168,58.334873,,30.0,34.300000000000004,67.10000000000001,63.14,TVSMOTOR
Laxmi Organic Industries Limited,Basic Materials,Specialty Chemicals,46642421760.0,51004108800.0,31220750336.0,1256870016.0,4.55,7.6,71.644,5430249984.0,943280000.0,,,,,9.564,4.0260002,27.344,36.88571,22.082895,2.342555,,17.0,39.7,221.1,59.56,LXCHEM
Medicamen Biotech Limited,Healthcare,Drug Manufacturers - Specialty & Generic,4315687936.0,5121626624.0,2061264000.0,96067000.0,7.3,,234.322,477836000.0,312641984.0,,,,,6.973999999999999,4.6609998,17.341,43.589043,,1.3579605,,31.0,12.1,15.299999999999999,45.67,MEDICAMEQ
Aarti Drugs Limited,Healthcare,Drug Manufacturers - Specialty & Generic,38912966656.0,44440211456.0,26775799808.0,1911800064.0,20.95,27.9,169.788,5766400000.0,242800000.0,,,,,11.462,7.140000000000001,37.221,20.350836,15.281363,2.5110726,,47.0,19.0,-6.9,42.51,AARTIDRUGS
Bhartiya International Ltd.,Consumer Cyclical,Footwear & Accessories,13779868672.0,18206920704.0,14508538880.0,256156000.0,19.1,16.74,368.119,5419662848.0,1027262016.0,,,,,9.016,1.7659999999999998,111.216,53.79843,61.38292,2.791353,,,33.2,213.0,59.02,BIL
Mufin Green Finance Limited,Financial Services,Credit Services,25872056320.0,37802835968.0,944417024.0,387912000.0,2.15,,32.655,13975982080.0,2427653888.0,,,,,57.062999999999995,41.074002,243.19,60.72558,,3.9981627,,,49.0,268.40000000000003,75.0,MUFIN
DMCC Speciality Chemicals Limited,Basic Materials,Chemicals,6621552128.0,6737906688.0,7075439104.0,399779008.0,16.02,,99.542,208299008.0,93092000.0,,,,,15.959999999999999,5.6500003,28.623,16.573032,,2.6672158,,87.0,-46.7,-8.5,24.21,DMCC
Cords Cable Industries Limited,Industrials,Electrical Equipment & Parts,4579665920.0,5435307520.0,9754013696.0,245747008.0,19.01,,155.661,1117644032.0,278449984.0,,,,,5.256,2.5190001,55.403,18.63493,,2.2757788,,32.0,9.5,102.4,47.51,CORDSCABLE
Five-Star Business Finance Limited,Financial Services,Credit Services,159977127936.0,220469772288.0,23094558720.0,11038423040.0,37.42,49.52555,250.026,82605637632.0,22106103808.0,,,,,59.126,47.797,111.929,14.482898,10.942837,2.1675746,,36.0,8.0,1.7999999999999998,54.9,FIVESTAR
Indegene Limited,Healthcare,Health Information Services,137621749760.0,124444123136.0,38128001024.0,4008999936.0,16.6,27.1789,130.29,1583000064.0,14814000128.0,,,,,12.2379996,10.515001,5.043,34.42771,21.027342,4.386369,,39.0,39.7,-0.2,49.64,INDGN
Jindal Poly Films Limited,Consumer Cyclical,Packaging & Containers,32309993472.0,44571947008.0,28994205696.0,-10698748928.0,-230.32,,696.967,40037449728.0,27688476672.0,3.175,1.909,-29.930001,-4.836,-82.845,-36.562002,131.567,,,1.0587302,,88.0,-52.5,,0.0,JINDALPOLY
Themis Medicare Limited,Healthcare,Drug Manufacturers - Specialty & Generic,11291860992.0,12115419136.0,3316146944.0,399748992.0,4.33,,43.063,1000912000.0,91499000.0,,,,,-63.207,12.055001,25.112,28.076214,,2.8230731,,40.0,-10.9,,9.4,THEMISMED
Goodluck India Limited,Basic Materials,Steel,51767320576.0,62861950976.0,44044312576.0,2044557952.0,20.31,32.23333,165.813,11194542080.0,495135008.0,,,,,9.222999,4.642,73.233,25.561302,16.106,3.1309366,,39.0,30.9,51.6,59.22,GOODLUCK
Amanta Healthcare Limited,Healthcare,Drug Manufacturers - Specialty & Generic,7525128704.0,9066004480.0,2911728128.0,146784992.0,3.78,,64.094,2444432896.0,926368000.0,,,,,14.321999,5.041,111.004,51.269844,,3.023684,,,5.4,-30.3,29.52,AMANTA
Alembic Limited,Real Estate,Real Estate - Development,25809141760.0,24935145472.0,2389897984.0,3206289920.0,12.49,49.8,95.22,106385000.0,980382016.0,,,,,24.573999999999998,134.16001,0.435,8.047238,2.018273,1.0555556,,229.99999999999997,-2.0,5.4,74.1,ALEMBICLTD
Sonam Limited,Consumer Cyclical,"Furnishings, Fixtures & Appliances",2904321792.0,3114298624.0,1997188992.0,90015000.0,1.83,,17.855,212264992.0,2288000.0,,,,,6.554,4.507,29.697,39.64481,,4.0632877,,82.0,76.0,127.3,56.55,SONAMLTD
Equitas Small Finance Bank Limited,Financial Services,Banks - Regional,84093329408.0,82431303680.0,46719770624.0,5104529920.0,4.46,9.0443,53.564,57725501440.0,56662847488.0,,,,,31.503999999999998,10.925999000000001,94.248,16.47982,8.126665,1.3721904,,,19.2,,62.8,EQUITASBNK
IndusInd Bank Limited,Financial Services,Banks - Regional,745251930112.0,683826348032.0,172924993536.0,13223199744.0,16.92,79.04106,844.192,427891884032.0,489323495424.0,,,,,27.308,7.6469995,,56.53073,12.101305,1.133036,0.72,15.0,1.0,71.7,84.0,INDUSINDBK
Manali Petrochemicals Limited,Basic Materials,Specialty Chemicals,13792618496.0,9116441600.0,10624400384.0,1799699968.0,10.47,,74.575,1370000000.0,6053100032.0,,,,,26.871002,16.939,10.691,7.6590257,,1.0752934,1.22,59.0,17.1,350.59999999999997,71.05,MANALIPETC
Maharashtra Seamless Limited,Basic Materials,Steel,93946871808.0,57292021760.0,46202699776.0,7373499904.0,55.03,,512.908,133600000.0,36791799808.0,,,,,13.951999,15.958998999999999,0.194,12.740323,,1.3669116,,137.0,-4.7,15.6,68.43,MAHSEAMLES
Wockhardt Limited,Healthcare,Drug Manufacturers - Specialty & Generic,335400108032.0,355000090624.0,36529999872.0,4089999872.0,25.28,,304.435,22329999360.0,6800000000.0,,,,,14.316,11.196,42.284,81.64953,,6.7801013,,,25.900000000000002,,52.42,WOCKPHARMA
SecMark Consultancy Limited,Industrials,Consulting Services,1567181952.0,1334920960.0,412284992.0,32801000.0,3.11,,22.418,128548000.0,275852992.0,,,,,-4.123,7.956,54.908,45.974277,,6.3779106,,,55.50000000000001,,33.33,SECMARK
Gufic Biosciences Limited,Healthcare,Drug Manufacturers - Specialty & Generic,42630094848.0,46056148992.0,9811020800.0,734571008.0,7.31,,66.308,4047533056.0,621859008.0,,,,,14.915000000000001,7.487000000000001,60.866,58.153217,,6.410991,,2.0,16.6,70.8,60.71,GUFICBIO
Ramkrishna Forgings Limited,Industrials,Metal Fabrication,125121290240.0,147872432128.0,44394872832.0,1068873024.0,5.83,20.03333,181.758,24487675904.0,1664913024.0,,,,,9.783,2.408,74.422,118.0446,34.35275,3.7863533,,28.000000000000004,19.8,289.2,57.18,RKFORGE
Sindhu Trade Links Limited,Industrials,Conglomerates,45543727104.0,59651436544.0,4879538176.0,613772032.0,0.36,,8.719,5593370112.0,1466360960.0,5.323,2.775,3.5159999999999996,0.219,10.6300004,12.578,25.008,68.666664,,2.8351874,,,-21.9,,15.7,SINDHUTRAD
Mangalam Cement Limited,Basic Materials,Building Materials,27205826560.0,34531971072.0,17618808832.0,1147620992.0,41.74,58.7,355.414,8884919296.0,1558775040.0,,,,,6.876,6.514,90.914,23.70388,16.855196,2.7837958,,15.0,0.8,-44.0,19.78,MANGLMCEM
Manaksia Limited,Industrials,Metal Fabrication,4456970752.0,850134208.0,8334606848.0,628478976.0,9.59,,110.383,303726016.0,4150723072.0,,,,,6.768000000000001,7.541,4.069,7.0917625,,0.6161275,,,28.499999999999996,69.89999999999999,61.42,MANAKSIA
Bajaj Holdings & Investment Limited,Financial Services,Asset Management,1235357925376.0,1327127724032.0,12055799808.0,88566898688.0,796.08,,6572.762,96200000.0,1005600000.0,,,11.598,,84.845,734.641,0.012,13.943322,,1.6887877,,144.0,24.2,-22.400000000000002,69.95,BAJAJHLDNG
Globe Enterprises (India) Limited,Consumer Cyclical,Textile Manufacturing,932366848.0,2523456768.0,6786382848.0,106662000.0,0.16,,3.325,1667533056.0,8652000.0,,,,,4.5250002,1.572,114.163,12.9375,,0.6225564,,,47.0,200.0,54.53,GLOBE
Shree Pushkar Chemicals & Fertilisers Limited,Basic Materials,Specialty Chemicals,16215736320.0,16210748416.0,10021865472.0,720673024.0,22.01,16.15,188.726,1314195968.0,1318530048.0,,,,,9.140000500000001,7.191,21.542,22.782825,31.049538,2.6570268,,43.0,10.0,6.9,42.59,SHREEPUSHK
Pricol Limited,Consumer Cyclical,Auto Parts,,92819120128.0,42509000704.0,2679300096.0,22.0,32.805,102.96,3791600128.0,1256199936.0,,,,,8.3739996,6.303,30.215,33.670456,22.580399,7.1945415,,53.0,23.5,34.5,57.62,PRICOLLTD
Texmaco Infrastructure & Holdings Limited,Real Estate,Real Estate Services,14535550976.0,13434574848.0,170228000.0,90648000.0,0.72,,87.898,280495008.0,30318000.0,,,,,-64.865994,53.251000000000005,2.626,158.43054,,1.2977542,,13.0,-10.8,-50.0,18.97,TEXINFRA
Indo Rama Synthetics (India) Limited,Consumer Cyclical,Textile Manufacturing,21622779904.0,32848515072.0,45409898496.0,1612000000.0,6.17,,19.915,11398700032.0,182600000.0,,,,,9.873,3.55,219.556,13.421393,,4.158172,,,-28.299999999999997,20.8,32.77,INDORAMA
Stove Kraft Limited,Consumer Cyclical,"Furnishings, Fixtures & Appliances",26641461248.0,27516944384.0,17479000064.0,486140000.0,14.67,27.025,152.498,1171020032.0,304489984.0,,,,,6.348,2.781,23.223,54.853443,29.776134,5.2767906,,43.0,41.3,63.5,56.35,STOVEKRAFT
Kalyan Jewellers India Limited,Consumer Cyclical,Luxury Goods,623988178944.0,675828727808.0,390633127936.0,14349760512.0,13.89,19.19988,61.161,61173379072.0,8609130496.0,,,,,4.887,3.6730002999999996,96.966,43.49892,31.468946,9.878844,,42.0,45.7,31.6,54.89,KALYANKJIL
Raghav Productivity Enhancers Limited,Basic Materials,Chemicals,74503774208.0,74053918720.0,2855442944.0,626982976.0,13.65,,53.258,54112000.0,487760992.0,,,,,27.523002,21.957001,2.213,118.85715,,30.46303,,5.0,48.699999999999996,67.7,88.94,RPEL
Krystal Integrated Services Limited,Industrials,Specialty Business Services,9160011776.0,9095467008.0,13149039616.0,653240000.0,46.74,,357.254,1197379968.0,594040000.0,,,,,5.4879999999999995,4.968,23.988,14.026528,,1.8351089,,25.0,11.600000000000001,,31.72,KRYSTAL
L&T Finance Limited,Financial Services,Credit Services,743885438976.0,1732380983296.0,96218898432.0,31825500160.0,12.67,19.53211,112.086,1102976647168.0,112093798400.0,,,,,45.948002,33.076,393.442,23.425413,15.19549,2.6479666,,89.0,29.299999999999997,28.199999999999996,75.0,LTF
Shalimar Paints Limited,Basic Materials,Specialty Chemicals,6846737408.0,8022587392.0,5587899904.0,-694400000.0,-8.3,,29.91,1647600000.0,470900000.0,,,,,-12.517999,-12.427000000000001,65.594,,,2.734537,,,-10.299999999999999,,9.8,SHALPAINTS
Spectrum Electrical Industries Limited,Industrials,Electrical Equipment & Parts,54228779008.0,51936096256.0,5950674944.0,517614016.0,32.95,,155.834,2492835072.0,332412000.0,,,,,13.505,8.698,101.796,96.31563,,20.365261,,,80.9,129.6,63.51,SPECTRUM
Seamec Limited,Industrials,Marine Shipping,44315295744.0,45822382080.0,10384600064.0,2568399872.0,101.04,151.25,511.904,3529200128.0,1883000064.0,,,,,24.936001,24.733,27.069,17.190222,11.483637,3.3930192,,11.0,40.8,7.199999999999999,66.04,SEAMECLTD
Andhra Paper Limited,Basic Materials,Paper & Paper Products,14245627904.0,11381020672.0,17015844864.0,276270016.0,1.39,,97.528,2321529088.0,5186136064.0,,,,,5.534,1.6239999,11.971,51.53957,,0.7345583,,68.0,0.1,42.1,43.08,ANDHRAPAP
Granules India Limited,Healthcare,Drug Manufacturers - Specialty & Generic,216227594240.0,222004051968.0,56323100672.0,6623479808.0,26.92,39.71429,205.208,15120409600.0,9343949824.0,,,,,17.556,11.76,29.735,32.414562,21.97194,4.2522707,1.0,19.0,22.0,53.400000000000006,66.06,GRANULES
Orient Ceratech Limited,Basic Materials,Specialty Chemicals,5358640128.0,5709061120.0,4079968000.0,285987008.0,2.39,,25.08,396088000.0,92738000.0,,,,,12.918,6.4030000000000005,13.113,18.740585,,1.7858852,,76.0,2.1999999999999997,97.2,51.52,ORIENTCER
Oberoi Realty Limited,Real Estate,Real Estate - Development,649030008832.0,628288323584.0,63224012800.0,26296872960.0,72.24,106.75764,492.891,28253941760.0,32888037376.0,,,,,53.744,41.592997,15.765,24.709303,16.720116,3.6214905,,46.0,31.7,28.9,75.0,OBEROIRLTY
Kothari Petrochemicals Limited,Basic Materials,Specialty Chemicals,7828336640.0,7366448128.0,5772213248.0,719382016.0,12.21,,63.259,22378000.0,326558016.0,,,,,13.459,12.4630004,0.601,10.895167,,2.102942,,153.0,-8.799999999999999,-3.3000000000000003,54.4,KOTHARIPET
Shanti Gold International Limited,Consumer Cyclical,Luxury Goods,19022948352.0,19542566912.0,24423120896.0,1562809984.0,23.44,30.4,90.6,2162439936.0,491750016.0,,,,,9.902000399999999,6.3990004,36.138,10.575512,8.154277,2.7360928,,,144.70000000000002,53.5,59.9,SHANTIGOLD
Dollar Industries Limited,Consumer Cyclical,Apparel Manufacturing,15497679872.0,18111684608.0,18866427904.0,1121326976.0,19.76,24.8,167.265,2914280960.0,1282000.0,,,,,9.494001,5.9439998,30.541,13.828441,11.018146,1.6336353,,112.00000000000001,1.4000000000000001,22.1,46.24,DOLLAR
Motilal Oswal Financial Services Limited,Financial Services,Capital Markets,596606910464.0,759087431680.0,86241697792.0,19803600896.0,32.23,59.01527,214.138,214747299840.0,52623298560.0,,,,,51.266999999999996,22.963,165.8,30.741545,16.788876,4.6269226,,107.0,23.9,8.7,66.3,MOTILALOFS
Windsor Machines Limited,Industrials,Specialty Industrial Machinery,30551564288.0,27891077120.0,6060279808.0,102699000.0,1.2,,86.564,862988032.0,338616992.0,,,,,0.8240000000000001,1.695,17.494,246.08331,,3.4113486,,,31.4,,34.43,WINDMACHIN
Bhageria Industries Limited,Basic Materials,Specialty Chemicals,13376941056.0,13805967360.0,10028993536.0,689640000.0,15.82,,136.839,1092310016.0,627009024.0,,,,,11.307999500000001,6.876,18.402,19.37421,,2.2398584,,79.0,81.89999999999999,203.5,61.31,BHAGERIA
Savita Oil Technologies Limited,Basic Materials,Specialty Chemicals,47190134784.0,44184817664.0,48532201472.0,4139383040.0,60.38,60.72,264.9,17806000.0,3028477952.0,,,,,24.169001,8.529,0.098,11.399469,11.335639,2.598339,,70.0,49.6,414.79999999999995,98.68,SOTL
Sundaram Finance Limited,Financial Services,Credit Services,517471469568.0,1106430132224.0,48162701312.0,22198398976.0,201.62,221.42,1340.516,609390297088.0,24592799744.0,,,,,60.550000000000004,46.089999999999996,409.161,23.28638,21.204046,3.5023828,,85.0,26.8,33.800000000000004,75.0,SUNDARMFIN
Supriya Lifescience Limited,Healthcare,Biotechnology,70418423808.0,69621612544.0,8725220352.0,1983730048.0,24.62,38.8,148.771,54350000.0,788670016.0,,,,,21.396999,22.736,0.454,35.53818,22.550259,5.881187,,11.0,32.6,-30.8,69.13,SUPRIYA
Sri Lotus Developers and Realty Limited,Industrials,Engineering & Construction,104362057728.0,97288904704.0,8399810048.0,2569420032.0,5.04,10.6,39.19,1312169984.0,8485960192.0,,,,,36.098,30.589,6.839,42.369045,20.14528,5.448839,,24.0,115.8,57.599999999999994,75.0,LOTUSDEV
Nandan Denim Limited,Consumer Cyclical,Textile Manufacturing,3964047360.0,4902435840.0,24465854464.0,367255008.0,-0.45,18.19,4.517,1175411968.0,237027008.0,,,,,2.0480001000000003,1.5010000000000001,18.05,,0.15118197,0.60881114,,,-40.6,25.0,27.05,NDL
Diffusion Engineers Limited,Industrials,Specialty Industrial Machinery,15862194176.0,15189185536.0,4360710144.0,547379968.0,14.7,,108.707,286240000.0,975630016.0,,,,,11.1499995,12.553,7.057,29.064627,,3.9302897,,33.0,36.5,37.1,61.15,DIFFNKG
IZMO Limited,Technology,Software - Application,13680778240.0,13230536704.0,2937529088.0,537528000.0,36.02,,273.324,165831008.0,102902000.0,,,,,18.857999,18.299000000000003,4.055,25.35397,,3.3412726,1.06,,15.7,102.2,68.93,IZMO
Vardhman Special Steels Limited,Basic Materials,Steel,37620400128.0,36414644224.0,18067415040.0,1433144960.0,14.94,22.3,126.181,930052992.0,2133616000.0,,,,,12.081,7.932,7.281,26.044178,17.448431,3.0836656,,88.0,12.1,74.9,55.63,VSSL
AYM Syntex Limited,Consumer Cyclical,Textile Manufacturing,15819820032.0,17478586368.0,13896699904.0,187700000.0,3.21,,100.411,1878300032.0,145700000.0,,,,,4.7059998,1.351,31.914,83.83178,,2.6799853,,,7.5,,27.94,AYMSYNTEX
The Supreme Industries Limited,Industrials,Building Products & Equipment,454990954496.0,419248668672.0,113261297664.0,10323999744.0,81.27,104.79252,485.651,908400000.0,6488399872.0,,,,,10.142,9.115,1.473,44.05439,34.165607,7.3721666,,108.0,4.2,38.7,67.38,SUPREMEIND
Niraj Ispat Industries Limited,Consumer Cyclical,Apparel Manufacturing,180000000.0,,,,25.56,,,,,,,,,,,,11.737089,,,,,,,,NIRAJISPAT
Dr. Reddy's Laboratories Limited,Healthcare,Drug Manufacturers - Specialty & Generic,978761613312.0,943433908224.0,331186012160.0,33106999296.0,39.67,59.28612,460.306,71951998976.0,81426997248.0,1.902,1.161,8.836999500000001,4.0149998,4.251,9.995999999999999,18.605,29.619362,19.819141,2.5526497,1.62,70.0,-5.6000000000000005,-68.7,18.23,DRREDDY
Colgate-Palmolive (India) Limited,Consumer Defensive,Household & Personal Products,521614065664.0,486748848128.0,62042800128.0,13477699584.0,49.5,58.44183,58.242,474100000.0,14260400128.0,,,,,27.678000000000004,21.722999,2.993,38.743435,32.815536,32.928127,,261.0,11.799999999999999,7.000000000000001,69.44,COLPAL
Ramco Industries Limited,Industrials,Building Products & Equipment,28840083456.0,28212256768.0,18832099328.0,3272199936.0,37.77,11.52,520.717,1714700032.0,1369900032.0,,,,,16.131,17.376,3.792,8.792693,28.828125,0.63777447,,39.0,17.299999999999997,31.900000000000002,68.32,RAMCOIND
Aditya Infotech Limited,Industrials,Building Products & Equipment,433381801984.0,430653767680.0,48831938560.0,4772830208.0,40.55,75.4,159.328,1802599936.0,2882299904.0,,,,,13.607,9.774,9.604,90.34279,48.586205,22.992819,,4.0,89.5,303.7,63.61,CPPLUS
Star Paper Mills Limited,Basic Materials,Paper & Paper Products,2501550336.0,109170920.0,4163351040.0,309492992.0,19.83,42.05,455.198,43063000.0,2435717888.0,,,,,1.0170000000000001,7.434,0.608,8.082199,3.8114152,0.35208854,,148.0,2.3,-14.099999999999998,42.08,STARPAPER
Coforge Limited,Technology,Information Technology Services,786507563008.0,743886422016.0,182260006912.0,17568999424.0,48.75,71.44928,283.963,7278000128.0,10992000000.0,,,,,15.959999999999999,9.64,7.518,36.420513,24.849796,6.252575,,87.0,49.9,30.9,65.96,COFORGE
Choice International Limited,Financial Services,Capital Markets,170167828480.0,155201880064.0,11299279872.0,2279428096.0,10.63,15.03,84.535,9076511744.0,5428152832.0,,,,,27.432000000000002,20.173,49.768,71.85795,50.82169,9.035902,,,34.4,15.4,70.2,CHOICEIN
CG Power and Industrial Solutions Limited,Industrials,Electrical Equipment & Parts,1351736229888.0,1324906577920.0,128207101952.0,12481000448.0,7.91,13.92668,50.609,1185100032.0,29838700544.0,,,,,10.4490004,9.75,1.446,108.47029,61.608368,16.953506,,14.000000000000002,14.000000000000002,13.100000000000001,66.77,CGPOWER
Innova Captab Limited,Healthcare,Drug Manufacturers - Specialty & Generic,65242140672.0,67996540928.0,17493280768.0,1540280064.0,26.96,45.35,190.615,3436900096.0,682499968.0,,,,,13.042000000000002,8.805,31.508,42.288578,25.140022,5.981166,,35.0,33.900000000000006,42.3,63.04,INNOVACAP
Marine Electricals (India) Limited,Industrials,Electrical Equipment & Parts,52724060160.0,52384489472.0,9691198464.0,640246016.0,4.61,,35.47,885976000.0,1480852992.0,,,,,9.097999,6.605999999999999,17.661,81.72451,,10.621652,,7.000000000000001,55.2,48.199999999999996,59.1,MARINE
Haleos Labs Limited,Healthcare,Biotechnology,4558814720.0,5745223680.0,3242321920.0,158016992.0,52.26,,705.781,1105379968.0,23693000.0,,,,,6.6850000000000005,4.874,48.153,28.85381,,2.1364985,,10.0,-11.600000000000001,-36.4,13.38,HALEOSLABS
Hitachi Energy India Limited,Industrials,Electrical Equipment & Parts,1391994863616.0,1300054671360.0,91624996864.0,11503899648.0,253.68,501.80582,1161.249,861000000.0,46891700224.0,,,,,15.841,12.555,1.663,123.10786,62.23523,26.893456,,3.0,68.60000000000001,123.50000000000001,82.53,POWERINDIA
Skipper Limited,Industrials,Engineering & Construction,65252106240.0,69463932928.0,56087920640.0,2246860032.0,19.91,30.6,132.966,9477820416.0,319420000.0,,,,,9.004,4.006,63.557,26.828228,17.455883,4.0171924,,2.0,4.5,25.4,48.75,SKIPPER
VA Tech Wabag Limited,Industrials,Engineering & Construction,131444760576.0,122846003200.0,40969998336.0,3948000000.0,57.4,90.92222,412.216,2284000000.0,10552000512.0,,,,,8.7840006,9.636,8.874,36.644596,23.134058,5.1026645,,22.0,20.8,36.8,56.68,WABAG
Avadh Sugar & Energy Limited,Consumer Defensive,Confectioners,14667496448.0,28720248832.0,27561605120.0,659534016.0,32.94,,561.713,14071809024.0,19057000.0,,,,,2.6780000000000004,2.3929998,125.143,22.243475,,1.3044028,,130.0,8.7,,26.04,AVADHSUGAR
PNB Housing Finance Limited,Financial Services,Mortgage Finance,298620485632.0,822826958848.0,37733998592.0,23150800896.0,88.65,104.85916,737.638,552998076416.0,28500400128.0,,,,,75.16100399999999,61.353,287.733,12.915961,10.919409,1.5522519,,68.0,5.800000000000001,4.3,55.05,PNBHOUSING
Venky's (India) Limited,Consumer Defensive,Farm Products,24140058624.0,22759581696.0,39798697984.0,1734099968.0,123.14,54.1,1133.024,1665100032.0,3042700032.0,,,,,5.3400002,4.3569997,10.432,13.915868,31.674677,1.5124127,,56.00000000000001,29.2,215.7,55.34,VENKEYS
Seya Industries Limited,Basic Materials,Specialty Chemicals,375113792.0,8048509440.0,,-16015000.0,-0.6,,313.088,7729883136.0,14199000.0,,,,,,,94.447,,,0.040148456,,,,,0.0,SEYAIND
Torrent Pharmaceuticals Limited,Healthcare,Drug Manufacturers - Specialty & Generic,1844784136192.0,1860127293440.0,157227302912.0,21813700608.0,62.57,93.15099,247.852,150254993408.0,23552100352.0,,,,,21.764,13.874,85.446,77.51318,52.066006,19.568129,,77.0,54.800000000000004,-8.200000000000001,55.16,TORNTPHARM
Chennai Petroleum Corporation Limited,Energy,Oil & Gas Refining & Marketing,219167801344.0,225385398272.0,761971015680.0,41741500416.0,280.29,401.0,746.005,19641600000.0,13421800448.0,,,,,5.1149998000000005,5.4780003,17.68,5.25099,3.6703243,1.9729091,,394.0,84.8,,40.15,CHENNPETRO
Bank of Maharashtra,Financial Services,Banks - Regional,611940106240.0,850761351168.0,141095370752.0,75358060544.0,9.79,12.5,46.399,387485990912.0,148798193664.0,,,22.961001,1.9,57.523,53.40899999999999,,8.126659,6.3648,1.7146921,,261.0,21.8,34.2,96.36,MAHABANK
3M India Limited,Industrials,Conglomerates,384082575360.0,360028831744.0,53169999872.0,5776999936.0,513.97,777.2,1569.586,1697500032.0,8121399808.0,,,,,15.554000000000002,10.865,9.6,66.33656,43.869015,21.722288,,49.0,19.0,31.2,62.55,3MINDIA
DCM Nouvelle Limited,Consumer Cyclical,Textile Manufacturing,3223779328.0,6540963840.0,10618800128.0,293500000.0,15.71,,175.975,3278599936.0,12900000.0,,,,,14.445,2.7640000000000002,98.359,10.986633,,0.98082113,,,13.8,1662.3999999999999,58.84,DCMNVL
Vadilal Industries Limited,Consumer Defensive,Packaged Foods,50569977856.0,52289425408.0,16765899776.0,2190299904.0,304.87,,1182.932,2296399872.0,579400000.0,,,,,22.179002,13.064,26.996,23.07705,,5.9475102,,62.0,34.4,95.39999999999999,72.18,VADILALIND
Bajaj Finance Limited,Financial Services,Credit Services,6471616036864.0,9976691032064.0,466800803840.0,203035295744.0,32.58,50.51748,183.341,3683091742720.0,47410601984.0,,,,,61.55199999999999,43.495,314.833,31.930632,20.592873,5.6741266,,53.0,26.1,27.200000000000003,75.0,BAJFINANCE
Unichem Laboratories Limited,Healthcare,Drug Manufacturers - Specialty & Generic,36544106496.0,38650806272.0,23078699008.0,3047800064.0,43.23,,386.071,5001500160.0,2894799872.0,,,,,6.3229999999999995,13.206000000000001,18.405,12.006708,,1.3444418,,,20.1,,38.5,UNICHEMLAB
Star Health and Allied Insurance Company Limited,Financial Services,Insurance - Life,318208606208.0,,184750292992.0,6685300224.0,11.37,28.03434,172.352,0.0,,,,7.507,2.5309999,13.664000000000001,3.6189999999999998,,47.563763,19.290627,3.1377645,,,1407.8,109.60000000000001,71.17,STARHEALTH
HBL Engineering Limited,Industrials,Electrical Equipment & Parts,209767268352.0,188327231488.0,33390899200.0,7807000064.0,28.19,,80.581,668700032.0,6924299776.0,,,,,21.051000000000002,23.381001,3.021,26.844625,,9.391171,,56.99999999999999,6.0,-23.5,47.2,HBLENGINE
Shree Vasu Logistics Limited,Industrials,Trucking,9084620800.0,11107181568.0,2389895936.0,71592000.0,3.85,,34.686,2031200000.0,8639000.0,,,,,13.477,2.996,509.488,205.2987,,22.787292,,,30.2,74.1,63.48,SVLL
Panache Digilife Limited,Technology,Communication Equipment,8055611904.0,9166613504.0,2642771968.0,188834000.0,10.48,,71.715,277535008.0,27181000.0,,,,,10.829,7.247000000000001,26.17,50.4771,,7.376421,,,72.1,294.3,60.83,PANACHE
Lokesh Machines Limited,Industrials,Specialty Industrial Machinery,7240887296.0,8766949376.0,2159746048.0,44161000.0,2.22,,114.474,1694344960.0,2193000.0,,,,,10.3590004,2.0450002,74.215,149.63965,,2.9019692,,,15.4,112.99999999999999,55.56,LOKESHMACH
Happy Forgings Limited,Industrials,Metal Fabrication,195816292352.0,194951725056.0,16419545088.0,3274017024.0,34.7,51.54,225.555,3296225024.0,4055664128.0,,,,,25.502999999999997,19.940001,15.489,59.7781,40.24641,9.196427,,18.0,27.0,39.1,75.0,HAPPYFORGE
Jammu and Kashmir Bank Limited,Financial Services,Banks - Regional,162600599552.0,,67329699840.0,23037800448.0,20.92,25.2,149.837,,,,,14.609,1.248,23.302999,34.216,,7.0583177,5.859524,0.9854709,,143.0,,,75.82,J&KBANK
MRO-TEK Networks Limited,Technology,Communication Equipment,1787369088.0,3013394176.0,758648000.0,89666000.0,5.89,,67.818,1272153984.0,15795000.0,,,,,24.072,11.8190005,110.392,16.241087,,1.41054,,,27.3,-99.2,49.07,UMIYA-MRO
Brightcom Group Limited,Communication Services,Advertising Agencies,20710035456.0,5684554240.0,72247402496.0,10130338816.0,5.03,,52.369,0.0,14155055104.0,,,,,21.518,14.022000000000002,,2.0397613,,0.19591744,,,20.4,25.0,92.29,BCG
Oracle Financial Services Software Limited,Technology,Software - Infrastructure,1027842179072.0,980371439616.0,89451003904.0,34129000448.0,391.71,453.35,795.582,393000000.0,47734001664.0,4.413,3.946,49.897000000000006,30.941000000000003,59.574000000000005,38.153999999999996,0.567,30.131987,26.035072,14.835681,,565.0,68.7,120.19999999999999,97.73,OFSS
Manorama Industries Limited,Consumer Defensive,Packaged Foods,125430505472.0,121363947520.0,14811940864.0,2566313984.0,42.96,54.6,114.243,3557594880.0,840470976.0,,,,,24.764,17.326,52.154,46.254658,36.393772,17.393627,,4.0,39.5,67.80000000000001,74.76,MANORAMA
Engineers India Limited,Industrials,Engineering & Construction,147508019200.0,133204148224.0,38776631296.0,7841243136.0,13.96,13.65,55.825,168019008.0,14473662464.0,,,,,14.229,20.222001,0.534,18.800144,19.227108,4.7012987,,186.0,-5.800000000000001,142.2,71.16,ENGINERSIN
FSN E-Commerce Ventures Limited,Consumer Cyclical,Internet Retail,963304095744.0,971518967808.0,106494099456.0,2561299968.0,0.9,2.93532,5.022,12441799680.0,4181100032.0,,,,,5.269,2.405,82.829,373.55557,114.53607,66.94544,,,29.099999999999998,250.0,55.27,NYKAA
Imagicaaworld Entertainment Limited,Communication Services,Entertainment,28537022464.0,31619434496.0,4033603072.0,138988000.0,0.25,1.7,31.596,3425138944.0,271215008.0,,,,,36.751996999999996,3.4459999999999997,27.313,201.72,29.664705,1.596088,,,19.900000000000002,34.2,72.45,IMAGICAA
Tata Chemicals Limited,Basic Materials,Chemicals,186430636032.0,265560391680.0,151200006144.0,-21649999872.0,-84.95,31.09349,832.403,80010002432.0,11360000000.0,,,,,5.1469997,-14.319,36.081,,23.535473,0.87914145,,150.0,14.399999999999999,,33.13,TATACHEM
Central Depository Services (India) Limited,Financial Services,Capital Markets,282024607744.0,,12807166976.0,4712818176.0,22.6,29.87624,93.769,,,,,,,48.887002,36.797999999999995,0.11,59.707966,45.16633,14.390684,,98.0,15.4,14.7,89.5,CDSL
Thangamayil Jewellery Limited,Consumer Cyclical,Luxury Goods,156793257984.0,157416177664.0,96064602112.0,3910299904.0,126.05,182.03333,455.569,9132099584.0,1241799936.0,,,,,4.855,4.0700004,64.492,40.019833,27.711958,11.072966,,37.0,71.2,86.1,54.86,THANGAMAYL
Matrimony.com Limited,Communication Services,Internet Content & Information,10291214336.0,8299015168.0,4751699968.0,448500000.0,21.26,32.6,99.872,493500000.0,2485700096.0,,,,,15.101999999999999,9.4390005,23.902,23.414864,15.269939,4.98438,,97.0,13.200000000000001,137.3,59.2,MATRIMONY
Wonderla Holidays Limited,Consumer Cyclical,Leisure,32611987456.0,28434216960.0,5931570176.0,1019569984.0,15.99,24.5,272.318,62510000.0,4240280064.0,,,,,34.674,17.188999,0.348,32.1576,20.987755,1.8882337,,38.0,44.2,38.3,98.26,WONDERLA
Bajaj Consumer Care Limited,Consumer Defensive,Household & Personal Products,65805508608.0,61856215040.0,12328934400.0,2226468096.0,16.86,22.64,56.39,157972992.0,4060763904.0,,,,,23.294,18.059,2.092,29.881374,22.25265,8.934208,,,28.1,95.7,87.83,BAJAJCON
Voltamp Transformers Limited,Industrials,Electrical Equipment & Parts,107201003520.0,106192453632.0,22774474752.0,3170582016.0,312.95,397.9,1625.687,5427000.0,1013974016.0,,,,,14.112,13.922,0.03,33.858444,26.629807,6.51786,,89.0,28.4,14.7,83.81,VOLTAMP
The South Indian Bank Limited,Financial Services,Banks - Regional,117868552192.0,106288652288.0,51337699328.0,15111300096.0,5.76,7.02,45.049,36069400576.0,47799500800.0,,,13.596,1.11,38.448003,29.435,,7.8124995,6.4102564,0.9989123,,97.0,8.6,17.1,76.45,SOUTHBANK
Oil India Limited,Energy,Oil & Gas Integrated,789880700928.0,1162070982656.0,385207894016.0,83533103104.0,51.38,65.8731,356.618,374779805696.0,60454100992.0,,,,,40.747002,21.685,58.741,9.451148,7.37175,1.3616811,,265.0,57.699999999999996,91.4,75.0,OIL
AGI Greenpac Limited,Consumer Cyclical,Packaging & Containers,47659327488.0,48386949120.0,27629299712.0,3621600000.0,55.98,96.4,372.015,2437600000.0,1697900032.0,,,,,16.576,13.108,10.126,13.159164,7.6415977,1.980162,,92.0,14.2,11.899999999999999,54.63,AGI
GAIL (India) Limited,Utilities,Utilities - Regulated Gas,1123549577216.0,1352309407744.0,1474846523392.0,98786304000.0,15.04,18.29196,135.549,248314904576.0,21266599936.0,,,,,14.834,6.6979999999999995,27.809,11.361703,9.341809,1.2606512,,317.0,16.7,97.2,60.68,GAIL
Canara HSBC Life Insurance Company Limited,Financial Services,Insurance - Life,143809265664.0,124113403904.0,122203201536.0,1313299968.0,1.38,1.9,17.196,2500000000.0,22577600512.0,2.911,2.21,8.276,0.198,0.847,1.075,15.304,109.985504,79.88421,8.826471,,26.0,18.3,20.200000000000003,42.7,CANHLIFE
Raymond Limited,Industrials,Specialty Industrial Machinery,66281897984.0,73022193664.0,23032399872.0,370700000.0,6.62,22.7,427.336,10639599616.0,6635899904.0,,,,,6.506,1.609,34.127,150.44562,43.874447,2.3306017,,,15.5,-99.6,26.76,RAYMOND
Gujarat Industries Power Company Limited,Utilities,Utilities - Regulated Electric,29228711936.0,62552268800.0,14177984512.0,4272569088.0,32.39,15.3,247.441,35941715968.0,2626010112.0,,,,,30.091,30.135,93.592,5.8138313,12.307843,0.7610299,,204.99999999999997,34.4,174.9,75.0,GIPCL
Aksh Optifibre Limited,Technology,Communication Equipment,1358528128.0,2141050496.0,1502061056.0,-19064000.0,-0.11,3.44,-0.805,1022395008.0,237039008.0,,,,,15.334,-1.269,,,2.4273257,-10.372671,,,85.1,,80.67,AKSHOPTFBR
Maral Overseas Limited,Consumer Cyclical,Textile Manufacturing,2490480128.0,6451266048.0,10185831424.0,218114000.0,5.26,,26.705,4038170112.0,78654000.0,,,,,3.3239998,2.141,364.667,11.406843,,2.2467704,,,16.7,,32.23,MARALOVER
GlaxoSmithKline Pharmaceuticals Limited,Healthcare,Drug Manufacturers - General,477538648064.0,450303393792.0,39549448192.0,10681524224.0,63.07,79.175,133.845,332721984.0,27567996928.0,,,,,29.801,27.008,1.467,44.694782,35.60341,21.060928,,202.0,16.6,15.7,83.81,GLAXO
Bosch Home Comfort India Limited,Consumer Cyclical,"Furnishings, Fixtures & Appliances",45338079232.0,46042685440.0,29415800832.0,46800000.0,1.53,,183.696,816800000.0,557299968.0,,,,,2.54,0.159,16.319,1089.804,,9.076953,,381.0,28.499999999999996,48.199999999999996,52.54,BOSCH-HCIL
NDL Ventures Limited,Communication Services,Entertainment,4002545664.0,3463229952.0,1065000.0,7573000.0,0.23,,19.542,0.0,55322000.0,,,,,-90.925,711.08003,,516.8261,,6.082796,,40.0,,-57.099999999999994,0.0,NDLVENTURE
The Federal Bank Limited,Financial Services,Banks - Regional,844319358976.0,920094310400.0,152438603776.0,46830698496.0,18.62,26.99,162.445,331932499968.0,268973195264.0,,,,,42.963,30.720999999999997,,18.356604,12.663949,2.1040967,,35.0,21.4,32.7,97.6,FEDERALBNK
K.P.R. Mill Limited,Consumer Cyclical,Textile Manufacturing,384104792064.0,374562553856.0,68196200448.0,9123399680.0,26.73,36.2,166.687,5961399808.0,14298900480.0,,,,,16.448,13.378,10.463,41.95286,30.977901,6.7275796,,45.0,9.6,21.5,57.0,KPRMILL
Shanthi Gears Limited,Industrials,Specialty Industrial Machinery,52125855744.0,49951842304.0,4993200128.0,638200000.0,8.29,3.86,57.362,0.0,2157400064.0,,,,,8.7629996,12.781,,81.936066,175.97151,11.841463,,70.0,-14.399999999999999,-56.8,18.75,SHANTIGEAR
Titan Company Limited,Consumer Cyclical,Luxury Goods,4308788576256.0,4578689417216.0,924169994240.0,57590001664.0,65.12,88.92735,176.878,306210013184.0,38610001920.0,,,,,12.333999599999999,6.2319998000000005,195.001,74.57002,54.60637,27.45395,,30.0,29.299999999999997,62.8,62.33,TITAN
Baazar Style Retail Limited,Consumer Cyclical,Apparel Retail,28623929344.0,37768986624.0,19498547200.0,470416000.0,6.29,14.9,60.386,9952258048.0,128801000.0,,,,,4.137,2.4130002,221.076,59.785374,25.238255,6.2274365,,,28.7,3.5999999999999996,43.44,STYLEBAAZA
Prism Johnson Limited,Basic Materials,Building Materials,58917888000.0,68973772800.0,74265403392.0,2237100032.0,3.96,2.45,30.36,14211099648.0,5465299968.0,,,,,5.361,2.3510001999999997,77.196,29.55808,47.77551,3.8554018,,,-4.5,4040.0,40.61,PRSMJOHNSN
KRN Heat Exchanger and Refrigeration Limited,Technology,Electronic Components,99104153600.0,97185488896.0,7370926080.0,969422016.0,15.46,34.8,92.138,1873127040.0,464439008.0,,,,,16.881001,13.152,32.633,97.930145,43.50575,16.431873,,,118.9,160.0,66.88,KRN
One Point One Solutions Limited,Industrials,Specialty Business Services,14798081024.0,16665384960.0,4026917120.0,451273984.0,1.71,,16.875,2203043072.0,609569984.0,,,,,15.774,11.206000000000001,47.642,32.91228,,3.3351111,,,129.4,72.2,65.77,ONEPOINT
Aeroflex Industries Limited,Industrials,Metal Fabrication,67171098624.0,66563538944.0,5029782016.0,671532032.0,5.13,9.9,33.8,88936000.0,696496000.0,,,,,17.643,13.350999999999999,1.988,98.947365,51.272728,15.017752,,7.000000000000001,72.39999999999999,158.20000000000002,82.7,AEROFLEX
Aarti Surfactants Limited,Basic Materials,Specialty Chemicals,4347268608.0,5252963328.0,9164302336.0,183992000.0,21.74,,289.663,1041825984.0,134310000.0,,,,,5.6950003,2.0079998000000003,42.536,23.606256,,1.7717141,,20.0,26.400000000000002,206.1,55.7,AARTISURF
Marksans Pharma Limited,Healthcare,Drug Manufacturers - General,141772275712.0,135592501248.0,31717449728.0,5167499776.0,11.4,14.06667,66.712,3433789952.0,9908809728.0,,,,,22.379999,16.292,11.248,27.442984,22.240517,4.6895614,1.12,27.0,35.6,169.0,72.38,MARKSANS
Creative Newtech Limited,Technology,Electronics & Computer Distribution,16046818304.0,19312924672.0,27866556416.0,737641984.0,43.34,,219.534,3242608896.0,221811008.0,,,,,4.966,2.6470000000000002,83.725,24.656206,,4.8675833,,4.0,20.8,39.0,52.87,CNL
Sunflag Iron and Steel Company Limited,Basic Materials,Steel,61094395904.0,63270096896.0,40055201792.0,2057900032.0,11.41,,491.911,5239799808.0,1818899968.0,,,,,8.288,5.138,5.905,29.710781,,0.689149,,30.0,6.5,5.5,39.29,SUNFLAG
M M Forgings Limited,Industrials,Metal Fabrication,28669614080.0,38771453952.0,16520750080.0,1136072960.0,35.19,41.25,201.986,12353164288.0,2254925056.0,,,,,10.717,6.877,126.624,16.874113,14.395151,2.9398077,,127.0,16.3,78.3,56.37,MMFL
Hindustan Aeronautics Limited,Industrials,Aerospace & Defense,3139898441728.0,2678633791488.0,337849810944.0,93215096832.0,139.3,171.98515,613.676,658200000.0,461957791744.0,,,,,15.674,27.590999999999998,0.16,33.704235,27.298868,7.6506166,,41.0,14.399999999999999,14.899999999999999,79.52,HAL
Jana Small Finance Bank Limited,Financial Services,Banks - Regional,55001890816.0,82825756672.0,29423618048.0,3797348096.0,35.96,68.0,424.582,54967619584.0,25493508096.0,,,,,18.67,12.906,,14.463292,7.648529,1.2249694,,,25.1,52.2,91.56,JSFB
MPS Limited,Communication Services,Publishing,42822479872.0,42213560320.0,8063300096.0,1883699968.0,110.86,129.8,351.409,606300032.0,1192000000.0,,,,,30.347002,23.361,10.167,22.754827,19.434515,7.17853,,289.0,20.4,43.0,72.7,MPSLTD
INOX India Limited,Industrials,Specialty Industrial Machinery,181190279168.0,178554896384.0,16182287360.0,2548424960.0,28.08,45.86667,123.134,810403968.0,3129007104.0,,,,,17.899999,15.748000000000001,7.251,70.968666,43.447674,16.183994,,9.0,9.2,-4.9,45.05,INOXINDIA
Rainbow Children's Medicare Limited,Healthcare,Medical Care Facilities,147478069248.0,151667982336.0,18201329664.0,2853959936.0,28.18,39.558,162.362,8909830144.0,4890319872.0,,,,,19.67,15.68,53.558,51.586227,36.748573,8.953449,,24.0,33.2,13.3,63.82,RAINBOW
Simplex Infrastructures Limited,Industrials,Engineering & Construction,19208304640.0,33835126784.0,10691500032.0,458100000.0,5.87,,125.464,16416600064.0,1815299968.0,,,,,4.557,4.285,167.843,41.37138,,1.9356151,,,19.8,100.0,51.96,SIMPLEXINF
Nakoda Group of Industries Limited,Consumer Defensive,Packaged Foods,667147520.0,730203008.0,448473984.0,16394000.0,0.96,,16.755,129310000.0,486000.0,,,,,8.1020005,3.656,44.646,39.625,,2.2703671,,,20.1,88.9,55.65,NGIL
MSTC Limited,Industrials,Conglomerates,49364480000.0,37537673216.0,3864702976.0,2343106048.0,33.31,,128.408,1450019968.0,13275807744.0,,,,,58.120000000000005,60.627997,16.041,21.050735,,5.4607186,,213.0,21.7,37.6,73.35,MSTCLTD
Mangal Credit and Fincorp Limited,Financial Services,Credit Services,4544574464.0,7340865024.0,775862016.0,179980000.0,8.46,,81.792,3317465088.0,523708000.0,,,,,79.84100600000001,23.197001,192.098,25.442081,,2.6315532,,35.0,53.1,80.9,75.0,MANCREDIT
Jindal Saw Limited,Basic Materials,Steel,184272502784.0,222723194880.0,182627958784.0,6534822912.0,10.23,23.3,197.329,46907392000.0,5426617856.0,,,,,5.2330000000000005,3.578,38.19,28.250246,12.403434,1.4645592,,64.0,9.0,-75.4,22.23,JINDALSAW
Piramal Pharma Limited,Healthcare,Drug Manufacturers - Specialty & Generic,269601521664.0,313603555328.0,92052897792.0,-3136300032.0,-2.37,4.073,61.504,57119801344.0,13554199552.0,,,,,-1.2489999999999999,-3.4070000000000005,69.977,,49.955807,3.30824,,8.0,17.4,,28.27,PPLPHARMA
Landmark Cars Limited,Consumer Cyclical,Auto & Truck Dealerships,19503022080.0,29080723456.0,51368669184.0,449470016.0,10.83,31.6,141.138,10153339904.0,564670016.0,,,,,2.7390001,0.8750000000000001,173.699,43.430286,14.884494,3.332554,,31.0,22.7,110.2,51.59,LANDMARK
Zydus Wellness Limited,Consumer Defensive,Packaged Foods,174972485632.0,205851492352.0,45370998784.0,1882000000.0,5.91,16.25,183.115,32028000256.0,1148999936.0,,,,,12.873999999999999,4.1479997,54.974,93.05415,33.84308,3.003304,,22.0,66.9,-7.000000000000001,46.87,ZYDUSWELL
Bajaj Auto Limited,Consumer Cyclical,Auto Manufacturers,3139358949376.0,3325486170112.0,723617710080.0,117593997312.0,420.41,476.25745,1389.348,226649604096.0,108031000576.0,,,,,21.514,16.250999999999998,56.352,27.173473,23.987026,8.222562,1.31,128.0,64.0,45.800000000000004,71.51,BAJAJ-AUTO
Tarmat Limited,Industrials,Engineering & Construction,1440442880.0,1377783296.0,1282470016.0,70819000.0,2.83,,74.495,150230000.0,213996000.0,,,,,6.003,5.5219997,8.047,20.30742,,0.7714612,,,43.6,106.69999999999999,56.0,TARMAT
Brigade Enterprises Limited,Real Estate,Real Estate - Development,199692910592.0,2039822417920.0,55316299776.0,6949199872.0,19.8,37.36581,20.913,63439499264.0,27353100288.0,,,,,25.834000000000003,12.562999,84.316,30.921719,16.3853,29.276049,,31.0,-12.9,33.800000000000004,56.05,BRIGADE
Asahi India Glass Limited,Consumer Cyclical,Auto Parts,244424196096.0,263885602816.0,51745800192.0,4376099840.0,17.35,23.2,154.339,21979600896.0,2453100032.0,,,,,17.254,8.457,55.868,55.262245,41.327583,6.212299,,20.0,15.0,153.2,62.25,ASAHIINDIA
Arihant Capital Markets Limited,Financial Services,Capital Markets,8927929344.0,5417116160.0,2078728960.0,402494016.0,3.61,,44.248,2440806912.0,5953851904.0,,,,,38.595,19.363001,55.35,22.562326,,1.8407611,,63.0,50.4,69.0,75.0,ARIHANTCAP
Paradeep Phosphates Limited,Basic Materials,Agricultural Inputs,155092615168.0,220055060480.0,234470899712.0,10726299648.0,10.32,11.45,65.386,69062803456.0,4092199936.0,,,,,10.035,4.575,101.822,14.47093,13.042794,2.2839751,,96.0,63.1,20.8,57.94,PARADEEP
Nahar Industrial Enterprises Limited,Consumer Cyclical,Textile Manufacturing,5503094784.0,11876548608.0,13364496384.0,722267008.0,16.72,,241.421,6817944064.0,444968992.0,,,,,13.600000000000001,5.404,65.369,7.6178236,,0.5275846,,,-18.5,508.4,41.85,NAHARINDUS
Aether Industries Limited,Basic Materials,Specialty Chemicals,210121457664.0,212778385408.0,12300690432.0,2351909888.0,17.75,28.57232,185.099,4579369984.0,56630000.0,,,,,24.91,19.12,18.646,89.18873,55.40677,8.55272,,,27.500000000000004,34.1,74.91,AETHER
Sagility Limited,Healthcare,Health Information Services,213468577792.0,216993169408.0,76173918208.0,9930200064.0,2.12,2.94171,20.988,11105349632.0,9037859840.0,,,,,15.795,13.036,11.497,21.509434,15.501187,2.17267,,44.0,27.6,43.8,65.8,SAGILITY
Kirloskar Oil Engines Limited,Industrials,Specialty Industrial Machinery,297093332992.0,336070934528.0,79523799040.0,5461400064.0,37.52,57.05,249.067,55365898240.0,15692999680.0,,,,,12.594,6.868,154.864,54.413643,35.78615,8.196991,,32.0,13.4,-19.900000000000002,34.34,KIRLOSENG
Arvind Limited,Consumer Cyclical,Textile Manufacturing,144334077952.0,158768087040.0,97978302464.0,4141499904.0,15.82,25.68571,154.291,16595200000.0,3134000128.0,,,,,5.883,4.227,40.071,34.804043,21.436043,3.5685813,,78.0,24.7,0.5,43.48,ARVIND
Indo Count Industries Limited,Consumer Cyclical,Textile Manufacturing,84589010944.0,94975975424.0,43896049664.0,1508807936.0,7.62,23.75,118.922,13423334400.0,3036368896.0,,,,,8.121,3.437,56.992,56.04987,17.983158,3.5914297,,34.0,25.900000000000002,67.0,58.12,ICIL
Nitin Spinners Limited,Consumer Cyclical,Textile Manufacturing,36157894656.0,47310786560.0,32955840512.0,2118299008.0,37.7,52.425,261.514,11244987392.0,86437000.0,,,,,13.479,6.428000000000001,76.458,17.059683,12.2680025,2.459333,,46.0,10.299999999999999,83.7,56.13,NITINSPIN
Container Corporation of India Limited,Industrials,Railroads,384274300928.0,344737087488.0,90851000320.0,12419999744.0,16.3,23.33,169.932,9645700096.0,34873200640.0,,,,,13.638,13.670999,7.39,30.953989,21.626661,2.9691286,,176.0,0.3,0.6,39.09,CONCOR
Religare Enterprises Limited,Financial Services,Insurance - Life,85338832896.0,80691224576.0,89760235520.0,495523008.0,1.49,,87.38,4932328960.0,17026802688.0,,,,,-2.617,0.55199997,12.72,166.14095,,2.8330283,,,26.0,,33.33,RELIGARE
Bosch Limited,Consumer Cyclical,Auto Parts,,1326294630400.0,208610000896.0,23631998976.0,803.19,1140.925,5033.356,1188000000.0,63159001088.0,,,,,12.362,11.328000000000001,0.8,58.603817,41.255997,9.351614,,56.00000000000001,22.0,-36.7,56.86,BOSCHLTD
Nilkamal Limited,Consumer Cyclical,"Furnishings, Fixtures & Appliances",30212595712.0,33257992192.0,37146464256.0,1246542976.0,83.47,116.8,1057.049,4183930112.0,1053363008.0,,,,,4.408,3.356,26.499,24.175152,17.27654,1.908994,,98.0,-7.199999999999999,59.5,38.31,NILKAMAL
GP Petroleums Limited,Energy,Oil & Gas Refining & Marketing,3110557184.0,3283820032.0,7146451968.0,406152992.0,7.97,,69.661,233004000.0,57568000.0,,,,,11.9569995,5.683,6.563,7.654956,,0.8758128,,78.0,45.6,220.6,61.96,GULFPETRO
Orchid Pharma Limited,Healthcare,Drug Manufacturers - Specialty & Generic,50120617984.0,,6053393920.0,-1790113024.0,3.21,42.0,253.981,,,,,,,-12.264,-29.572,,307.85046,23.528572,3.8908422,,,-1.5,,23.5,ORCHPHARMA
Indoco Remedies Limited,Healthcare,Drug Manufacturers - Specialty & Generic,22249809920.0,32622749696.0,18731499520.0,56300000.0,0.71,12.15,111.55,10897500160.0,329900000.0,,,,,1.388,0.301,116.912,339.98593,19.86749,2.1639624,,8.0,6.800000000000001,,23.05,INDOCO
Khaitan (India) Limited,Industrials,Industrial Distribution,798024704.0,769187392.0,1240205952.0,69235000.0,14.64,,70.575,54292000.0,40240000.0,,,,,6.223999999999999,5.583,16.193,10.856557,,2.2520723,,,39.800000000000004,55.900000000000006,56.22,KHAITANLTD
MTAR Technologies Limited,Industrials,Specialty Industrial Machinery,213686878208.0,215072407552.0,10803430400.0,1334439936.0,43.14,167.18,267.49,3765649920.0,2365600000.0,,,,,20.892,12.352,45.778,161.03384,41.554016,25.971066,,,130.4,363.9,70.89,MTARTECH
Bharat Forge Limited,Industrials,Metal Fabrication,938057728000.0,966309773312.0,175428452352.0,7062510080.0,14.77,48.1835,200.378,73086148608.0,23854880768.0,,,,,9.616,4.0260002,76.475,132.8436,40.72141,9.791993,,44.0,18.7,,41.95,BHARATFORG
LMW Limited,Industrials,Specialty Industrial Machinery,188202418176.0,166691848192.0,33763999744.0,1747800064.0,163.09,377.6,2683.254,0.0,16019500032.0,,,,,3.893,5.177,,108.02011,46.65519,6.565536,,20.0,24.0,383.9,71.19,LMW
GHCL Textiles Limited,Consumer Cyclical,Textile Manufacturing,11433971712.0,12639872000.0,14597900288.0,962000000.0,10.07,,157.188,1342200064.0,136300000.0,,,,,13.161000000000001,6.59,8.933,11.878849,,0.76099956,,46.0,52.7,192.2,63.16,GHCLTEXTIL
Suven Life Sciences Limited,Healthcare,Drug Manufacturers - Specialty & Generic,94220533760.0,82923495424.0,88138000.0,-3524375040.0,-14.61,19.35,22.425,166942000.0,5181076992.0,,,,,-3776.3702000000003,,2.823,,17.23256,14.869566,,,91.0,,47.85,SUVEN
Orient Press Limited,Consumer Cyclical,Packaging & Containers,829000000.0,1379815296.0,1234211968.0,-16344000.0,-1.63,6.01,64.866,583022016.0,33931000.0,,,,,-5.915,-1.324,90.363,,13.793677,1.2780194,,,-18.0,,4.67,ORIENTLTD
Saregama India Limited,Communication Services,Entertainment,93196328960.0,91637374976.0,10414499840.0,2219699968.0,11.53,15.65,86.666,725800000.0,2170899968.0,,,,,26.434,21.314,4.281,42.107548,31.022366,5.6019664,,178.0,27.500000000000004,41.6,78.59,SAREGAMA
Hindustan Foods Limited,Industrials,Conglomerates,72473477120.0,82821292032.0,44334301184.0,1595800064.0,13.18,21.55,96.179,10882599936.0,517100000.0,,,,,6.1739996,3.599,93.406,45.383156,27.756382,6.2191334,,,20.7,31.2,54.02,HNDFDS
Cemindia Projects Limited,Industrials,Engineering & Construction,212174848000.0,210076090368.0,102050996224.0,6013300224.0,35.01,57.04,139.684,9049100288.0,6337800192.0,,,,,8.524,5.892000299999999,37.711,35.278492,21.653225,8.8421,,24.0,7.000000000000001,2.6,38.32,CEMPRO
Hirect Limited,Industrials,Electrical Equipment & Parts,41415114752.0,43789176832.0,10427990016.0,416649984.0,12.08,,60.689,2446439936.0,39140000.0,,,,,3.293,3.995,118.871,99.74338,,19.853682,,11.0,20.3,-26.700000000000003,25.94,HIRECT
Tata Capital Limited,Financial Services,Credit Services,1481534996480.0,3755166662656.0,136186699776.0,54035898368.0,12.82,21.3125,108.762,2369170440192.0,75528503296.0,,,,,57.055,39.678000000000004,502.931,27.406397,16.48563,3.2304482,,17.0,40.300000000000004,47.199999999999996,75.0,TATACAP
Radhika Jeweltech Limited,Consumer Cyclical,Luxury Goods,8915008512.0,9430409216.0,6925356032.0,794380992.0,6.74,,33.723,581444992.0,56496000.0,,,,,19.829,11.470999599999999,14.612,11.1973295,,2.2379386,,,53.900000000000006,25.8,69.83,RADHIKAJWE
Stallion India Fluorochemicals Limited,Basic Materials,Specialty Chemicals,24823773184.0,20821282816.0,4416522240.0,520436992.0,5.78,,82.786,344780000.0,4336689152.0,,,,,17.828,11.784001,5.066,36.996536,,2.5830452,,,9.9,22.1,58.83,STALLION
Rolex Rings Limited,Industrials,Metal Fabrication,43670593536.0,41661263872.0,11562489856.0,1520819968.0,5.59,9.26667,44.563,0.0,3674030080.0,,,,,19.610001,13.153,,29.779964,17.964382,3.7356102,,,4.3999999999999995,22.400000000000002,77.35,ROLEXRINGS
GE Vernova T&D India Limited,Industrials,Specialty Industrial Machinery,1087403982848.0,1072115286016.0,67123200000.0,13050399744.0,50.94,80.32748,105.082,240000000.0,15277200384.0,,,,,24.438,19.442,0.892,83.370636,52.869827,40.415104,,22.0,38.0,24.7,94.83,GVT&D
Ador Welding Limited,Industrials,Specialty Industrial Machinery,26943039488.0,14861451264.0,11310699520.0,658700032.0,65.11,81.9,318.598,19700000.0,707200000.0,,,,,10.5299994,5.824,0.4,23.778221,18.90354,4.859415,,224.00000000000003,5.2,73.0,73.63,ADOR
Just Dial Limited,Communication Services,Internet Content & Information,57297534976.0,-1376217088.0,12434700288.0,5035899904.0,59.23,70.84784,600.447,845100032.0,58522599424.0,,,,,23.486,40.499002,1.655,11.374304,9.509111,1.1219975,,,9.9,4.1000000000000005,72.21,JUSTDIAL
Texmaco Rail & Engineering Limited,Industrials,Railroads,45043978240.0,50072453120.0,42233466880.0,2151931904.0,5.33,6.7,58.446,8947088384.0,4291040000.0,,,,,5.9019998,5.095000000000001,37.094,20.771107,16.52388,1.8942271,,64.0,-16.900000000000002,68.5,34.95,TEXRAIL
Dynamic Cables Limited,Industrials,Electrical Equipment & Parts,20963207168.0,20969760768.0,12848831488.0,911822016.0,18.81,,94.357,430915008.0,424360992.0,,,,,10.065,7.097,9.424,22.998405,,4.5847154,,11.0,33.2,37.0,60.06,DYCL
Aartech Solonics Limited,Industrials,Electrical Equipment & Parts,1614888320.0,1560262784.0,438334016.0,46539000.0,1.54,,9.759,56170000.0,123730000.0,,,,,10.4370005,10.617,16.02,33.006496,,5.2085257,,24.0,68.0,145.0,60.44,AARTECH
Adani Enterprises Limited,Energy,Thermal Coal,4167320207360.0,4836406853632.0,1114313850880.0,71852802048.0,57.53,65.84,626.031,1066217897984.0,98084003840.0,,,,,9.395000000000001,6.546,119.56,50.905617,44.480564,4.6780434,,4.0,49.9,,45.86,ADANIENT
Kanpur Plastipack Limited,Consumer Cyclical,Packaging & Containers,6021823488.0,7042152448.0,7413891072.0,453000992.0,18.87,,109.673,1123847040.0,108160000.0,,,,,7.0440000000000005,6.0949995999999995,41.789,13.036566,,2.2430317,,45.0,13.8,112.3,51.44,KANPRPLA
Vital Chemtech Limited,Basic Materials,Specialty Chemicals,1287611136.0,1904779776.0,1438376960.0,26387000.0,0.98,,42.447,618748032.0,8929000.0,,,,,8.408999999999999,1.8339999,61.906,54.85714,,1.2665206,,,51.5,163.39999999999998,58.41,VITAL
Yasho Industries Limited,Basic Materials,Specialty Chemicals,46822522880.0,52366684160.0,9391352832.0,576657024.0,47.74,,368.245,5579323904.0,35164000.0,,,,,19.155,6.140000000000001,125.684,81.34478,,10.545696,,1.0,54.900000000000006,890.1,69.16,YASHO
Poly Medicure Limited,Healthcare,Medical Instruments & Supplies,172780748800.0,168415330304.0,19974240256.0,3150819072.0,31.12,48.8,306.438,3535759104.0,8270274048.0,,,,,16.911,15.774,11.227,54.775063,34.93033,5.5626264,,20.0,30.3,-7.5,50.66,POLYMED
Lumax Industries Limited,Consumer Cyclical,Auto Parts,53903695872.0,63380840448.0,44853760000.0,1873620992.0,200.49,342.83334,981.526,9731290112.0,254147008.0,,,,,5.527,4.1770000000000005,106.063,28.762032,16.820126,5.8750353,,94.0,32.6,41.199999999999996,55.53,LUMAXIND
Mangalam Global Enterprise Limited,Consumer Defensive,Farm Products,5117998080.0,6926368768.0,34779779072.0,472184000.0,1.43,,7.548,2147058048.0,255296992.0,,,,,1.8509999,1.358,86.568,10.86014,,2.0574987,,6.0,10.9,30.0,44.8,MGEL
Lloyds Metals and Energy Limited,Basic Materials,Steel,1019581366272.0,1184117424128.0,221068001280.0,47555801088.0,84.67,143.66,246.469,207163604992.0,28079900672.0,,,,,34.264,21.511999,145.214,21.404276,12.615203,7.353055,,6.0,208.6,169.3,75.0,LLOYDSME
HealthCare Global Enterprises Limited,Healthcare,Medical Care Facilities,100652089344.0,114250612736.0,26273499136.0,227800000.0,1.53,15.56667,92.072,17353601024.0,5409200128.0,,,,,7.457999999999999,0.8669998999999999,123.057,440.62094,43.30727,7.3219876,,,13.4,170.6,51.66,HCG
Seshasayee Paper and Boards Limited,Basic Materials,Paper & Paper Products,15312944128.0,13914373120.0,18171299840.0,990099968.0,16.45,,339.044,0.0,708800000.0,,,,,6.564,5.449,,14.759878,,0.7161312,,80.0,27.700000000000003,107.0,75.42,SESHAPAPER
Pidilite Industries Limited,Basic Materials,Specialty Chemicals,1600208633856.0,1543241465856.0,153992806400.0,26489200640.0,25.91,31.72845,106.431,4172100096.0,42159800320.0,,,,,24.093,17.202,3.776,60.675415,49.548588,14.771072,,74.0,21.3,29.599999999999998,78.36,PIDILITIND
Swaraj Engines Limited,Consumer Cyclical,Auto Parts,44044476416.0,42049560576.0,21114243072.0,2018674048.0,167.34,180.26666,402.411,20486000.0,1138182016.0,,,,,12.0699994,9.561,0.419,21.663082,20.109653,9.008451,,310.0,21.5,11.1,76.27,SWARAJENG
Technocraft Industries (India) Limited,Industrials,Tools & Accessories,70934118400.0,77299007488.0,29310963712.0,3395993088.0,149.83,198.7,892.036,8299086848.0,2371372032.0,,,,,18.478,11.586001,40.163,20.880999,15.745345,3.5072577,,123.0,27.200000000000003,68.4,68.48,TIIL
Eastern Silk Industries Limited,Consumer Cyclical,Textile Manufacturing,317500000.0,1046966016.0,244084992.0,-142176000.0,-28.43,,71.65,763729984.0,34264000.0,,,,,-22.545,-58.248999999999995,213.184,,,0.8862526,,,10.4,,23.6,EASTSILK
Senores Pharmaceuticals Limited,Healthcare,Drug Manufacturers - General,65216483328.0,67946901504.0,6802800128.0,1273699968.0,28.32,49.775,235.098,3420300032.0,1596099968.0,,,,,24.316,18.722999,35.46,50.003532,28.450024,6.023445,,,38.3,43.5,74.32,SENORES
Aurum PropTech Limited,Real Estate,Real Estate Services,16986323968.0,17858213888.0,4274899968.0,-9500000.0,5.6,2.1,82.144,2247600128.0,1409600000.0,,,,,1.833,10.419,44.065,39.528572,105.40953,2.69478,,,63.5,,35.78,AURUM
WeWork India Management Limited,Real Estate,Real Estate Services,93890142208.0,145889001472.0,25887019008.0,842310016.0,6.06,19.45298,22.183,55502979072.0,3184689920.0,,,,,22.694999,3.254,1854.959,111.56766,34.7556,30.478292,,,27.700000000000003,,63.59,WEWORK
SIS Limited,Industrials,Security & Protection Services,58098946048.0,66754920448.0,170366205952.0,1465200000.0,10.4,35.64113,180.168,17892999168.0,9751900160.0,,,,,3.141,0.86,70.299,39.89423,11.641046,2.3028507,,334.0,29.7,11.5,46.39,SIS
Laxmi India Finance Limited,Financial Services,Credit Services,6370474496.0,18376994816.0,1849133952.0,565550016.0,11.49,,89.055,13373120512.0,1352788992.0,,,,,42.254000000000005,30.585,287.301,10.582245,,1.365336,,,47.599999999999994,35.0,75.0,LAXMIINDIA
Siemens Energy India Limited,Utilities,Utilities - Renewable,1149557014528.0,1076421263360.0,94363000832.0,14880000000.0,41.66,56.32612,135.117,2156999936.0,32949999616.0,,,,,21.937999,15.769,4.483,77.4844,57.309116,23.890406,,13.0,39.300000000000004,67.80000000000001,74.52,ENRIN
Viceroy Hotels Limited,Consumer Cyclical,Lodging,9739790336.0,10778940416.0,1627288064.0,227878000.0,3.33,,39.583,2639585024.0,194232992.0,,,,,14.549999999999999,14.004,98.937,38.093094,,3.2046585,0.76,,77.0,,52.73,VHLTD
U. Y. Fincorp Limited,Financial Services,Credit Services,3667795200.0,3694088192.0,2131207936.0,619284992.0,3.26,,20.463,33517000.0,11258000.0,,,,,35.522997000000004,29.058,0.862,5.9141107,,0.9421884,,,225.0,232.29999999999998,95.69,UYFINCORP
Cheviot Company Limited,Consumer Cyclical,Textile Manufacturing,6848430592.0,6631151104.0,5982356992.0,682721984.0,116.92,,1208.261,85861000.0,303140000.0,,,,,11.2229995,11.411999999999999,1.216,10.026514,,0.97023743,,206.99999999999997,42.5,57.699999999999996,80.14,CHEVIOT
United Drilling Tools Limited,Energy,Oil & Gas Equipment & Services,4395423744.0,4371092480.0,1839388032.0,203182000.0,10.09,,141.895,32256000.0,16052000.0,,,,,17.764999,11.046,1.153,21.455896,,1.5257056,,104.0,8.9,47.599999999999994,78.95,UNIDT
Bharti Airtel Limited,Communication Services,Telecom Services,11811651846144.0,13268617789440.0,2200493096960.0,289146994688.0,47.92,82.20937,259.479,2014801952768.0,584093007872.0,0.57,0.358,20.151,8.163,32.573003,13.139999999999999,100.415,39.5096,23.030222,7.296544,,131.0,18.4,35.099999999999994,73.48,BHARTIARTL
Bandhan Bank Limited,Financial Services,Banks - Regional,277842362368.0,289937293312.0,99382173696.0,13532693504.0,8.38,20.42049,158.964,143028125696.0,131266928640.0,,,,,23.771,13.617,,20.578758,8.444949,1.0848367,,85.0,21.6,34.599999999999994,96.09,BANDHANBNK
Raymond Realty Limited,Real Estate,Real Estate - Development,38866034688.0,45456560128.0,31398100992.0,3015200000.0,45.05,,235.441,10137499648.0,3560000000.0,,,,,10.12,9.603,64.676,12.963374,,2.4804516,,34.0,40.699999999999996,-18.5,38.37,RAYMONDREL
Arman Financial Services Limited,Financial Services,Credit Services,20121901056.0,33936871424.0,3779303936.0,1163608960.0,110.22,,888.881,17757224960.0,3988753920.0,,,,,48.415002,30.789,190.256,17.402468,,2.1578817,,,265.7,,66.67,ARMANFIN
Alicon Castalloy Limited,Industrials,Metal Fabrication,11915274240.0,14680127488.0,19346266112.0,365696992.0,22.37,79.5,384.591,3543979008.0,197964992.0,,,,,4.9239997,1.8900000000000001,56.406,32.60393,9.174213,1.8964301,,86.0,38.3,23.400000000000002,54.12,ALICON
Sahyadri Industries Limited,Industrials,Building Products & Equipment,3975148800.0,3680348928.0,7227299840.0,447500000.0,40.89,,370.984,165900000.0,460700000.0,,,,,12.905,6.192,4.085,8.881145,,0.97888315,,102.0,20.5,146.1,65.23,SAHYADRI
Hindustan Media Ventures Limited,Communication Services,Publishing,5974025728.0,-3214273024.0,7722200064.0,1706400000.0,23.16,29.4,215.465,848800000.0,9757299712.0,,,,,12.42,11.6059996,5.347,3.501295,2.7581632,0.37634882,,,7.8,400.0,53.82,HMVL
GRP Limited,Consumer Cyclical,Auto Parts,10556264448.0,12848848896.0,5684118016.0,56708000.0,10.64,147.2,334.428,2075005952.0,139286000.0,,,,,7.593999999999999,0.9980001000000001,116.333,186.02443,13.446332,5.9184637,,17.0,26.700000000000003,139.9,57.59,GRPLTD
Seshaasai Technologies Limited,Technology,Software - Infrastructure,58282459136.0,54941687808.0,15067320320.0,2635069952.0,16.93,19.7,88.241,836360000.0,4157110016.0,,,,,20.329,17.488999999999997,5.865,21.275843,18.284264,4.082003,,65.0,21.099999999999998,49.2,68.38,STYL
Asian Hotels (West) Limited,Consumer Cyclical,Lodging,6182714880.0,13253450752.0,4438246912.0,711788032.0,61.07,,-11.531,8392481792.0,1039171008.0,,,,,29.423,16.038,,8.68921,,-46.01943,,,9.4,76.7,89.6,AHLWEST
Ashiana Housing Limited,Real Estate,Real Estate - Development,35017834496.0,27853453312.0,9579200512.0,1182800000.0,11.76,17.2,90.575,3066299904.0,8170999808.0,1.309,0.257,14.333999,1.7280001,3.9739999999999998,12.347999,35.119,29.6216,20.252907,3.8459842,,73.0,-63.3,3.8,26.17,ASHIANA
Harsha Engineers International Limited,Industrials,Tools & Accessories,38666432512.0,39491432448.0,17189300224.0,1546499968.0,17.0,23.95,153.957,3721600000.0,2896600064.0,,,,,11.733,8.997,26.551,24.982353,17.732777,2.7585626,,34.0,25.2,-1.4000000000000001,48.53,HARSHA
Vineet Laboratories Limited,Basic Materials,Chemicals,706406464.0,889061568.0,595049024.0,11108000.0,1.0,,15.249,453254016.0,170747008.0,1.469,0.423,3.687,3.5150003,10.496,1.867,99.394,36.78,,2.4119613,,,22.6,,37.98,VINEETLAB
Mahamaya Steel Industries Limited,Basic Materials,Steel,21274331136.0,16353311744.0,8559015936.0,109356000.0,6.13,,90.51,615987968.0,4484000.0,,,,,1.6320000000000001,1.2779999499999999,40.365,211.17455,,14.302287,,,12.2,75.8,45.23,MAHASTEEL
Bella Casa Fashion & Retail Limited,Consumer Cyclical,Textile Manufacturing,3514620416.0,3888885248.0,4464343040.0,179615008.0,13.43,,128.103,786212992.0,321188992.0,,,,,3.807,4.023000000000001,47.054,19.548027,,2.0493665,,83.0,33.4,-46.2,28.81,BELLACASA
Hindalco Industries Limited,Basic Materials,Aluminum,2189869318144.0,2940270280704.0,2955370037248.0,164000006144.0,73.73,111.14274,615.284,991649988608.0,228049993728.0,,,,,13.668999000000001,5.5489999999999995,72.598,13.379899,8.875974,1.6033247,,51.0,32.1,75.1,63.67,HINDALCO
Hindustan Zinc Limited,Basic Materials,Other Industrial Metals & Mining,2518290006016.0,2369969979392.0,448330006528.0,170669998080.0,40.4,44.32455,53.556,88330002432.0,136509997056.0,,,,,54.706999999999994,38.068000000000005,39.034,14.752475,13.446273,11.128538,,367.0,71.7,144.6,75.0,HINDZINC
GFL Limited,Financial Services,Asset Management,6004961792.0,5978629120.0,28100000.0,606200000.0,5.52,,233.795,0.0,5100000.0,,,,,-4.167,2157.2948,,9.907608,,0.23392288,,,28.599999999999998,,50.0,GFLLIMITED
Likhitha Infrastructure Limited,Energy,Oil & Gas Equipment & Services,8973331456.0,8014357504.0,4193872896.0,326735008.0,8.27,,104.187,3626000.0,766873984.0,,,,,11.0089995,7.7909999999999995,0.088,27.488512,,2.1819422,,,-30.5,-47.3,35.57,LIKHITHA
V-Mart Retail Limited,Consumer Cyclical,Department Stores,62852620288.0,71793827840.0,39929499648.0,1376099968.0,17.23,25.75714,119.698,9575900160.0,542200000.0,,,,,7.043000000000001,3.4459999999999997,100.682,45.841557,30.665283,6.59869,,12.0,23.0,40.400000000000006,56.04,VMART
AvenuesAI Limited,Technology,Software - Infrastructure,54617198592.0,44493463552.0,95160401920.0,2939399936.0,0.96,1.06,16.742,4295300096.0,11894899712.0,,,,,2.48,3.089,8.63,16.34375,14.8018875,0.93716395,,,109.4,14.299999999999999,47.13,CCAVENUE
Info Edge (India) Limited,Communication Services,Internet Content & Information,813558398976.0,798383931392.0,33746180096.0,15996260352.0,24.73,23.58832,585.316,2585299968.0,45885431808.0,,,,,34.807998,47.402,0.64,50.788517,53.246693,2.1458495,2.39,113.99999999999999,11.4,50.7,90.0,NAUKRI
Shaily Engineering Plastics Limited,Basic Materials,Specialty Chemicals,146347687936.0,147870089216.0,10246471680.0,1768020992.0,38.37,79.23791,155.951,1774129024.0,251728000.0,,,,,24.587999999999997,17.255000000000003,24.755,82.924164,40.155025,20.402561,,9.0,13.8,16.7,64.84,SHAILY
Compucom Software Limited,Consumer Defensive,Education & Training Services,1078476288.0,1125696512.0,334264000.0,29025000.0,0.36,,18.323,485752000.0,400127008.0,,,,,-6.101999999999999,8.683,34.173,37.86111,,0.74387383,,193.0,-8.1,,11.27,COMPUSOFT
Anant Raj Limited,Real Estate,Real Estate - Development,209988190208.0,208951230464.0,25505900544.0,5807784960.0,16.29,28.39,160.852,6809587200.0,9010909184.0,,,,,26.478,22.770001,11.703,35.81952,20.553013,3.6275582,,17.0,6.6000000000000005,13.4,60.0,ANANTRAJ
Cholamandalam Investment and Finance Company Limited,Financial Services,Credit Services,1530144620544.0,3544072585216.0,141829603328.0,57509998592.0,67.74,98.18349,357.477,2117722046464.0,100159102976.0,,,,,56.586000000000006,40.549,695.283,26.448185,18.247467,5.011791,,11.0,34.599999999999994,43.7,75.0,CHOLAFIN
Shiv Aum Steels Limited,Basic Materials,Steel,6392187904.0,7129601024.0,6026452992.0,94641000.0,5.31,,88.814,970963968.0,224266000.0,,,,,4.705,1.5700001000000001,80.361,88.512245,,5.2919583,,,25.2,149.10000000000002,54.7,SHIVAUM
UPL Limited,Basic Materials,Agricultural Inputs,490264821760.0,703452938240.0,528040001536.0,19499999232.0,24.35,47.10682,411.008,235759992832.0,66339999744.0,,,,,6.561,3.8249999999999997,57.128,23.819302,12.312443,1.4111648,,108.0,10.5,,32.41,UPL
Smartlink Holdings Limited,Technology,Communication Equipment,2328264704.0,1396437760.0,2975991040.0,165770000.0,16.63,,210.327,25059000.0,956886016.0,,,,,5.4029997000000005,5.57,1.194,14.035479,,1.1097482,,87.0,61.9,157.8,74.43,SMARTLINK
Kingfa Science & Technology (India) Limited,Basic Materials,Specialty Chemicals,77974642688.0,73916948480.0,22221914112.0,2256750080.0,170.42,,1032.595,154038000.0,4208699904.0,,,,,15.831000000000001,10.1560004,1.101,33.76364,,5.5723686,,32.0,49.1,80.10000000000001,85.33,KINGFA
Airo Lam Limited,Consumer Cyclical,"Furnishings, Fixtures & Appliances",1328277120.0,2055517440.0,2432207872.0,52472000.0,3.5,,52.377,822846016.0,18943000.0,1.331,0.556,7.005,4.188,3.3869999999999996,2.157,106.303,25.297144,,1.6904367,,,9.2,-93.30000000000001,21.99,AIROLAM
Kotak Mahindra Bank Limited,Financial Services,Banks - Regional,4076549439488.0,4462030094336.0,712962932736.0,202961731584.0,20.41,25.55,182.201,1115291254784.0,729322225664.0,,,,,34.761003,28.467,,20.078392,16.039139,2.2491643,0.94,16.0,21.0,22.5,95.67,KOTAKBANK
AVT Natural Products Limited,Basic Materials,Specialty Chemicals,13132972032.0,12797450240.0,8220240896.0,837910976.0,5.5,1.78,36.729,1136055040.0,1471576960.0,,,,,15.254000000000001,10.193000000000001,20.311,15.679999,48.449436,2.3480084,,100.0,82.19999999999999,155.0,65.25,AVTNPL
Future Market Networks Limited,Real Estate,Real Estate Services,616889728.0,1973562752.0,999089024.0,83172000.0,1.21,,18.504,1455634048.0,50329000.0,,,,,10.6070004,8.325000000000001,130.24,7.636363,,0.4993515,,,1.0,21.7,46.96,FMNL
Panama Petrochem Limited,Energy,Oil & Gas Refining & Marketing,27267489792.0,27561588736.0,41061900288.0,4787899904.0,79.14,,242.783,1108600064.0,814499968.0,,,,,22.365999,11.66,7.548,5.695603,,1.8565962,,62.0,150.29999999999998,625.3,72.37,PANAMAPET
JSW Steel Limited,Basic Materials,Steel,3113711828992.0,3629432438784.0,1896870051840.0,247830003712.0,101.4,72.85805,409.914,1005959970816.0,490080010240.0,,,,,15.299,13.065,95.374,12.579882,17.508018,3.1118722,,56.99999999999999,9.8,112.99999999999999,57.7,JSWSTEEL
PB Fintech Limited,Financial Services,Insurance Brokers,802205401088.0,779210391552.0,73343098880.0,7482399744.0,16.18,33.49439,158.215,3601499904.0,25516500992.0,,,,,5.251,10.2019995,4.922,107.29295,51.82958,10.972411,,,40.1,92.30000000000001,55.64,POLICYBZR
Rain Industries Limited,Basic Materials,Specialty Chemicals,66172649472.0,160712572928.0,184643141632.0,5371599872.0,15.96,-1.52,237.784,107946393600.0,16163819520.0,1.783,0.778,8.547,5.1149998000000005,13.453999999999999,2.9089997999999997,130.481,12.327068,-129.43422,0.8273896,,46.0,17.4,389.40000000000003,54.56,RAIN
Sutlej Textiles and Industries Limited,Consumer Cyclical,Textile Manufacturing,6355159552.0,15424959488.0,26684399616.0,-553600000.0,-3.38,6.9,49.77,9306699776.0,153100000.0,,,,,1.95,-2.0750001,114.141,,5.547826,0.769138,,,15.4,,29.53,SUTLEJTEX
Prajay Engineers Syndicate Limited,Real Estate,Real Estate - Development,1557470080.0,2693947136.0,285752992.0,-181558000.0,-2.6,,69.511,1638978944.0,426736992.0,,,,,-45.532000000000004,-63.537,34.493,,,0.32038096,,,-67.0,,0.0,PRAENG
The Tata Power Company Limited,Utilities,Utilities - Independent Power Producers,1197613252608.0,1908315127808.0,634447790080.0,38632599552.0,12.36,16.69961,123.543,799033196544.0,150506897408.0,,,,,14.453,6.0890004,168.051,30.323624,22.443638,3.0337615,,68.0,5.6000000000000005,10.9,47.7,TATAPOWER
GeeCee Ventures Limited,Real Estate,Real Estate - Development,7321196032.0,4057854208.0,1041168000.0,462947008.0,22.13,6.13,399.266,0.0,2534324992.0,,,,,29.476000000000003,44.464,,15.820154,57.11256,0.87685907,,55.00000000000001,384.0,152.8,100.0,GEECEE
Indo Amines Limited,Basic Materials,Chemicals,8904315904.0,11890153472.0,12467159040.0,812395008.0,11.03,,52.231,3108783104.0,237048992.0,,,,,12.4069996,6.516,78.948,11.121487,,2.3486052,,39.0,30.3,6.1,52.96,INDOAMIN
Thyrocare Technologies Limited,Healthcare,Diagnostics & Research,88462065664.0,87627104256.0,8760299520.0,1763000064.0,11.41,15.904,36.786,506900000.0,1898200064.0,,,,,26.989,20.125,8.65,48.711655,34.94718,15.109009,,292.0,24.3,31.8,74.65,THYROCARE
The New India Assurance Company Limited,Financial Services,Insurance - Diversified,305555701760.0,86581977088.0,517761695744.0,7692800000.0,4.66,19.34,233.868,0.0,219491500032.0,,,,,-1.652,1.48599995,,39.787556,9.586866,0.7927977,,76.0,1.5,,26.5,NIACL
TCPL Packaging Limited,Consumer Cyclical,Packaging & Containers,33527609344.0,39756701696.0,18785163264.0,1154864000.0,126.97,,789.874,6339108864.0,180516992.0,,,,,12.781,6.1479997,88.192,29.078524,,4.6742897,,65.0,16.1,79.3,58.33,TCPLPACK
Leela Palaces Hotels & Resorts Limited,Consumer Cyclical,Lodging,174476296192.0,189863460864.0,16044560384.0,4431640064.0,13.56,18.31952,192.916,18109509632.0,3349169920.0,,,,,31.457,27.621000000000002,28.065,38.52876,28.518759,2.7081735,,,28.1,386.7,75.0,THELEELA
Kajaria Ceramics Limited,Industrials,Building Products & Equipment,191070240768.0,188851863552.0,50557001728.0,5467400192.0,34.22,43.00942,192.497,2285900032.0,7551200256.0,,,,,16.424999,10.7980005,7.302,35.531853,28.270552,6.3164625,,99.0,20.4,55.400000000000006,64.12,KAJARIACER
Ganesha Ecosphere Limited,Consumer Cyclical,Textile Manufacturing,26742740992.0,30584791040.0,15682054144.0,564947008.0,21.15,66.76667,477.043,4956128768.0,1294029952.0,,,,,10.0159995,3.6029999999999998,38.851,47.290783,14.980529,2.0966663,,35.0,25.7,161.1,60.02,GANECOS
Tasty Bite Eatables Limited,Consumer Defensive,Packaged Foods,25472681984.0,25618751488.0,6048390144.0,359520000.0,139.71,,1332.845,419089984.0,273020000.0,,,,,7.968999999999999,5.9439998,12.254,71.05432,,7.447978,,10.0,29.099999999999998,8.0,49.47,TASTYBITE
Kolte-Patil Developers Limited,Real Estate,Real Estate - Development,38048194560.0,41523982336.0,15721400320.0,1245799936.0,5.85,30.4,136.095,11834200064.0,7603999744.0,,,,,20.11,7.9239994,98.241,73.34188,14.113486,3.1525772,,,1016.4999999999999,,60.15,KOLTEPATIL
Schneider Electric Infrastructure Limited,Industrials,Electrical Equipment & Parts,286590074880.0,287330238464.0,29203599360.0,1837600000.0,7.52,23.9,32.429,5482500096.0,3578500096.0,,,,,3.873,6.292000000000001,70.795,159.38829,50.150627,36.960743,,,4.8,-69.8,18.77,SCHNEIDER
Cineline India Limited,Communication Services,Entertainment,3499116544.0,4281597184.0,2506810112.0,123648000.0,3.61,,45.313,1207131008.0,99012000.0,,,,,4.507,4.932,77.936,25.432133,,2.0261292,,130.0,30.9,,39.34,CINELINE
Tainwala Chemicals and Plastics (India) Limited,Basic Materials,Specialty Chemicals,1957890048.0,1910495488.0,177754000.0,79982000.0,8.66,,183.878,0.0,9104000.0,,,,,-2.238,44.996,,24.144342,,1.1371126,,144.0,-5.7,-99.0,12.87,TAINWALCHM
Sigma Solve Limited,Technology,Information Technology Services,4686538752.0,4545287168.0,979912000.0,312744992.0,3.04,,7.469,20130000.0,103337000.0,,,,,32.773,31.916,2.611,15.0,,6.105235,,111.00000000000001,11.5,142.1,80.19,SIGMA
Apcotex Industries Limited,Basic Materials,Specialty Chemicals,29898989568.0,30320054272.0,15913681920.0,1611911936.0,31.08,28.0,119.778,963923968.0,542857984.0,,,,,19.784,10.128999499999999,15.522,18.555342,20.59643,4.8147407,,133.0,39.900000000000006,311.6,69.78,APCOTEXIND
Hikal Limited,Healthcare,Drug Manufacturers - Specialty & Generic,26166886400.0,,12036070400.0,740190016.0,-2.74,9.0,97.226,,,,,,,13.161000000000001,6.15,,,23.58,2.1827495,,27.0,37.3,68.30000000000001,84.21,HIKAL
Fedbank Financial Services Limited,Financial Services,Credit Services,57581527040.0,178133385216.0,13209600000.0,3829700096.0,10.15,16.1025,78.195,136748703744.0,16059700224.0,,,,,42.223,28.992,467.341,15.124138,9.533301,1.963169,,,32.4,50.7,75.0,FEDFINA
Aspinwall and Company Limited,Consumer Defensive,Farm Products,1961217536.0,2595017472.0,4403299840.0,157300000.0,20.11,,256.962,794600000.0,160800000.0,,,,,-0.36199999,3.5720002,39.552,12.473893,,0.9762144,,250.0,25.8,,33.33,ASPINWALL
Natural Capsules Limited,Healthcare,Drug Manufacturers - Specialty & Generic,1878484480.0,3111868672.0,1907134976.0,-154692992.0,-24.0,,213.395,1154780032.0,47752000.0,,,,,-6.5920000000000005,-8.111,49.198,,,0.84552115,,,7.8,,21.87,NATCAPSUQ
Himadri Speciality Chemical Limited,Basic Materials,Specialty Chemicals,340764164096.0,334383218688.0,49742888960.0,7991668224.0,15.94,20.6,93.286,7699798016.0,3485694976.0,,,,,20.380000000000003,16.066,16.169,42.368256,32.783978,7.239564,,12.0,28.000000000000004,24.7,70.23,HSCL
KDDL Limited,Consumer Cyclical,Luxury Goods,46202245120.0,52348993536.0,23222300672.0,970300032.0,78.8,128.9,878.354,5118300160.0,7350400000.0,,,,,9.533,4.178,26.688,47.671318,29.142748,4.2767496,,59.0,36.3,43.7,59.53,KDDL
Airan Limited,Technology,Information Technology Services,2056579072.0,1962667264.0,1130918016.0,156947008.0,1.24,,10.73,10253000.0,267880000.0,,,,,8.385000400000001,13.877999999999998,0.621,13.2661295,,1.533085,,,3.3000000000000003,108.0,69.43,AIRAN
Synergy Green Industries Limited,Industrials,Metal Fabrication,9179631616.0,11563918336.0,3580101120.0,-88304000.0,-5.69,,71.506,2503926016.0,119639000.0,,,,,-5.4180003999999995,-2.467,225.406,,,8.263643,,17.0,-10.100000000000001,,9.93,SGIL
Adani Power Limited,Utilities,Utilities - Independent Power Producers,3895508336640.0,4432499572736.0,590332624896.0,141956792320.0,7.39,7.869,33.673,546702884864.0,24361900032.0,,,,,35.876998,24.148001,82.332,27.334236,25.670353,5.9988713,,,34.0,44.4,75.0,ADANIPOWER
Signpost India Limited,Communication Services,Advertising Agencies,14145542144.0,15994756096.0,5905490944.0,735270976.0,13.76,,53.988,2029532032.0,240184000.0,,,,,18.921,12.451000500000001,69.752,19.233284,,4.902015,,18.0,10.6,22.0,60.22,SIGNPOST
Alphageo (India) Limited,Energy,Oil & Gas Equipment & Services,1902110720.0,505330784.0,1534610048.0,-4452000.0,-0.71,,398.172,0.0,1406429952.0,,,,,20.235,-0.29,,,,0.75055504,,161.0,101.1,1663.8000000000002,93.65,ALPHAGEO
Superhouse Limited,Consumer Cyclical,Footwear & Accessories,1872375808.0,3705770496.0,6774535168.0,72054000.0,7.47,,432.778,1814878976.0,174427008.0,,,,,3.383,1.064,37.099,22.734941,,0.39241827,,47.0,0.1,,21.24,SUPERHOUSE
Kalyani Commercials Limited,Consumer Cyclical,Auto & Truck Dealerships,144990000.0,,,,24.55,,,,,,,,,,,,5.9059067,,,,,,,,KALYANI
Shiva Mills Limited,Consumer Cyclical,Textile Manufacturing,532162560.0,480528832.0,1396738944.0,33627000.0,3.89,,107.033,0.0,39708000.0,,,,,7.583000500000001,2.408,,15.830335,,0.57533664,,,1.4000000000000001,,41.57,SHIVAMILLS
Cambridge Technology Enterprises Limited,Technology,Information Technology Services,769260800.0,1462107264.0,1791366016.0,69572000.0,3.54,,41.012,808656000.0,131907000.0,,,,,15.403,3.884,100.611,11.288136,,0.9743489,,,-3.8,1100.0,51.0,CTE
Dhunseri Investments Limited,Financial Services,Capital Markets,6109067776.0,13416446976.0,5008610816.0,958398976.0,157.18,,4497.933,9518196736.0,9726843904.0,,,,,46.918,19.601999,27.145,6.374539,,0.22275788,,31.0,38.7,151.4,75.0,DHUNINV
Elgi Equipments Limited,Industrials,Specialty Industrial Machinery,192943538176.0,189409542144.0,41462001664.0,4479000064.0,14.21,18.3,70.8,5330999808.0,8865000448.0,,,,,12.295,10.803001,23.885,43.07178,33.445354,8.6447735,,44.0,22.6,21.099999999999998,59.14,ELGIEQUIP
Galaxy Surfactants Limited,Basic Materials,Specialty Chemicals,75422892032.0,70309593088.0,57522601984.0,3538099968.0,99.52,107.71,774.178,2354700032.0,7468000256.0,,,,,11.966000000000001,6.151,8.579,21.375605,19.750256,2.7478178,,101.0,39.4,108.1,61.97,GALAXYSURF
Cera Sanitaryware Limited,Industrials,Building Products & Equipment,72792137728.0,64131231744.0,21307930624.0,2029619968.0,157.14,234.08571,1141.565,466985984.0,8458804224.0,,,,,8.1879996,9.524999600000001,3.172,35.92338,24.115099,4.9449663,,134.0,15.1,-2.7,48.53,CERA
Kirloskar Brothers Limited,Industrials,Specialty Industrial Machinery,143841329152.0,134407241728.0,46638899200.0,3735301120.0,47.08,,310.296,2500865024.0,8829616128.0,,,,,8.001000399999999,8.009,10.101,38.474934,,5.837652,,40.0,12.9,-0.1,39.4,KIRLOSBROS
Shoppers Stop Limited,Consumer Cyclical,Department Stores,43564298240.0,76921454592.0,51736498176.0,-346000000.0,-3.35,8.35,26.427,33166800896.0,127100000.0,,,,,3.819,-0.6689999999999999,1139.713,,47.341312,14.958186,,,11.200000000000001,,29.23,SHOPERSTOP
20 Microns Limited,Basic Materials,Other Industrial Metals & Mining,7102820352.0,7959386112.0,9516256256.0,677472000.0,19.21,,137.055,1560039936.0,735836032.0,,,,,11.048,7.119000000000001,32.043,10.478396,,1.4686805,,60.0,-1.0,5.4,38.25,20MICRONS
Universal Cables Limited,Industrials,Electrical Equipment & Parts,51245076480.0,61633970176.0,33675397120.0,1996530048.0,57.55,14.86,545.032,11773089792.0,58834000.0,,,,,8.387,5.929,62.258,25.66464,99.39435,2.7099328,,31.0,57.49999999999999,113.1,58.39,UNIVCABLES
Mukka Proteins Limited,Consumer Defensive,Packaged Foods,9416999936.0,16896490496.0,17683359744.0,694289984.0,2.32,,16.705,7792880128.0,604289984.0,,,,,8.8190004,3.926,147.376,13.530172,,1.8790781,,,186.7,1160.0,58.82,MUKKA
Westlife Foodworld Limited,Consumer Cyclical,Restaurants,86315483136.0,99458424832.0,26749673472.0,316912992.0,2.05,5.15605,39.101,18047832064.0,169275008.0,,,,,4.491000199999999,1.1849999,291.521,271.26828,107.853874,14.222141,,14.000000000000002,11.4,-50.0,22.69,WESTLIFE
Rana Sugars Limited,Consumer Defensive,Confectioners,2275875072.0,5298088448.0,16769901568.0,56932000.0,0.36,,37.274,3211638016.0,461862016.0,,,,,-4.418000200000001,0.33899999999999997,53.558,41.166664,,0.39759618,,,-12.5,,8.33,RANASUG
Pearl Global Industries Limited,Consumer Cyclical,Apparel Manufacturing,105443778560.0,107113431040.0,53249417216.0,3103383040.0,33.61,51.67857,158.173,9428482048.0,7469975040.0,,,,,9.04,5.8280002,65.567,33.960133,22.086525,7.2161493,,88.0,24.5,48.5,58.79,PGIL
Grindwell Norton Limited,Industrials,Building Products & Equipment,209880825856.0,195385704448.0,31730294784.0,4367190016.0,39.66,51.43333,228.933,607126976.0,11556020224.0,,,,,16.244,13.763,2.381,47.79627,36.855476,8.280151,,102.0,14.2,22.3,72.59,GRINDWELL
OCCL Limited,Basic Materials,Chemicals,7574487552.0,,,,14.98,16.2,,,,,,,,,,,10.12283,9.360494,,,176.0,,,,OCCLLTD
Nippon Life India Asset Management Limited,Financial Services,Asset Management,737732132864.0,697264963584.0,31175399424.0,16369600512.0,25.22,33.46367,73.014,753400000.0,39300001792.0,,,,,71.078,52.507996999999996,1.617,45.72165,34.458263,15.792861,,181.0,24.5,26.400000000000002,91.66,NAM-INDIA
Mahindra Lifespace Developers Limited,Real Estate,Real Estate - Development,77680631808.0,74200154112.0,21092626432.0,3324166912.0,15.67,17.62857,170.002,6622838784.0,5844769792.0,,,12.038,,9.295999,15.76,18.26,23.209955,20.631283,2.1393867,,102.0,2909.5,36.5,57.07,MAHLIFE
AU Small Finance Bank Limited,Financial Services,Banks - Regional,793331630080.0,831688146944.0,111671615488.0,28563490816.0,37.71,60.48893,267.236,138715447296.0,85234098176.0,,,,,35.311002,25.577998,,28.07213,17.500723,3.9612927,,10.0,29.799999999999997,35.099999999999994,100.0,AUBANK
Omax Autos Limited,Consumer Cyclical,Auto Parts,3905729536.0,2909633536.0,5068515840.0,405031008.0,18.93,,162.148,528128000.0,1376430976.0,,,,,14.074998999999998,7.991,15.23,9.622821,,1.1234182,,426.99999999999994,22.400000000000002,48.5,62.77,OMAXAUTO
Sangam (India) Limited,Consumer Cyclical,Textile Manufacturing,27936589824.0,39400964096.0,33051099136.0,1214899968.0,24.18,,214.198,12779499520.0,1800499968.0,,,,,9.2650004,3.6760002,118.739,23.430521,,2.6449826,,35.0,8.9,1842.8999999999999,51.22,SANGAMIND
Regaal Resources Limited,Consumer Defensive,Packaged Foods,8654573568.0,13678627840.0,10911110144.0,598209984.0,6.21,,48.247,6144640000.0,676060032.0,,,,,12.722,5.483,125.547,13.531401,,1.7416626,,31.0,-17.9,18.3,37.92,REGAAL
The Motor & General Finance Limited,Real Estate,Real Estate Services,1021874304.0,-602999872.0,115996000.0,1488196992.0,38.43,,57.403,0.0,1561760000.0,,,,,63.715999999999994,1282.973,,0.6814988,,0.45624796,,,80.5,883.3000000000001,100.0,MOTOGENFIN
Pennar Industries Limited,Industrials,Specialty Industrial Machinery,22576502784.0,31514742784.0,36448399360.0,1422800000.0,10.53,14.4,86.159,11618299904.0,2714599936.0,,,,,7.932,3.904,99.887,15.887939,11.618056,1.941759,,,2.9000000000000004,10.5,39.63,PENIND
Diamines and Chemicals Limited,Basic Materials,Chemicals,2531979776.0,2355493120.0,406001984.0,-100716000.0,-10.28,,156.475,81857000.0,327457984.0,,,,,-3.718,-24.806998999999998,5.197,,,1.6092027,,41.0,17.299999999999997,,28.2,DIAMINESQ
Exicom Tele-Systems Limited,Industrials,Electrical Equipment & Parts,23425206272.0,29910421504.0,12774777856.0,-2602466048.0,-18.46,,48.326,7129992192.0,642739008.0,,,,,-18.351,-20.372,109.474,,,3.4852872,,,61.199999999999996,,33.33,EXICOM
LIC Housing Finance Limited,Financial Services,Mortgage Finance,298134142976.0,2946839085056.0,88046600192.0,57386299392.0,104.31,108.99666,753.06,2662161973248.0,13484000256.0,,,,,82.443,65.17699999999999,642.522,5.19605,4.9726295,0.7197302,,178.0,14.499999999999998,9.9,62.2,LICHSGFIN
Blue Jet Healthcare Limited,Healthcare,Biotechnology,98016632832.0,92706365440.0,8856760320.0,2349100032.0,13.55,19.49459,78.397,421840000.0,3234210048.0,,,,,31.172,26.523000000000003,3.102,41.701107,28.984962,7.2075458,,22.0,-17.4,-14.299999999999999,43.64,BLUEJET
Affle 3i Limited,Communication Services,Advertising Agencies,225677312000.0,203292983296.0,28357330944.0,4777900032.0,33.77,49.53983,260.056,148090000.0,14286999552.0,,,,,17.857,16.849001,0.405,47.48297,32.367897,6.16598,,,20.4,20.3,86.18,AFFLE
The Western India Plywoods Limited,Basic Materials,Lumber & Wood Production,1431984000.0,1805179264.0,1163600000.0,-1900000.0,0.17,,59.013,92600000.0,29700000.0,,,,,-2.152,-0.16300001,20.837,992.4706,,2.859031,,59.0,-8.7,,10.87,WIPL
Jayant Agro-Organics Limited,Basic Materials,Specialty Chemicals,6821700096.0,8323342848.0,25301684224.0,543246976.0,18.11,19.32,203.199,1312269056.0,124803000.0,,,,,4.162,2.1470001,20.447,12.556046,11.769669,1.1190507,,143.0,18.5,24.3,50.56,JAYAGROGN
Country Condo's Limited,Real Estate,Real Estate - Development,499726592.0,501152992.0,180443008.0,6140000.0,0.08,,2.868,0.0,7929000.0,,,,,5.094,3.4029999999999996,,80.5,,2.2454672,,,15.8,,50.99,COUNCODOS
The Indian Hume Pipe Company Limited,Industrials,Engineering & Construction,19244648448.0,14750532608.0,13009434624.0,1427602944.0,27.11,23.3,281.76,4169755904.0,8113349120.0,,,,,8.295,10.974,28.091,13.474731,15.678112,1.2964934,,56.00000000000001,-1.5,7.5,36.3,INDIANHUME
Nuvoco Vistas Corporation Limited,Basic Materials,Building Materials,117361516544.0,162210562048.0,115942998016.0,3859500032.0,10.81,16.91231,286.392,49160998912.0,962600000.0,,,,,10.953,3.329,48.061,30.39778,19.429636,1.1473784,,,8.9,19.8,50.3,NUVOCO
Mahindra Logistics Limited,Industrials,Integrated Freight & Logistics,38445174784.0,24304373760.0,73773203456.0,384800000.0,4.25,16.82,79.474,2667200000.0,6070099968.0,,,,,2.527,0.522,46.725,91.117645,23.023188,4.872663,,63.0,20.1,28.9,50.08,MAHLOG
Balaji Amines Limited,Basic Materials,Specialty Chemicals,68226785280.0,68614328320.0,15225651200.0,2041367040.0,63.06,91.745,609.998,1332786944.0,2697871872.0,,,,,22.392,13.407,6.194,33.392006,22.951658,3.4519784,,48.0,27.200000000000003,97.2,72.39,BALAMINES
Onward Technologies Limited,Technology,Information Technology Services,6400910848.0,5458067968.0,5601312768.0,427624000.0,18.92,,111.413,398432992.0,1279592960.0,,,,,9.187999,7.634,15.717,15.42019,,2.6186352,,287.0,12.2,-11.200000000000001,34.69,ONWARDTEC
Nuvama Wealth Management Limited,Financial Services,Asset Management,307697975296.0,177509302272.0,38526898176.0,10828699648.0,58.2,83.94198,226.449,116407001088.0,242923896832.0,,,,,37.21,28.107,282.325,28.663229,19.873251,7.36678,,161.0,22.5,15.6,69.05,NUVAMA
BF Investment Limited,Financial Services,Asset Management,16771511296.0,10127014912.0,781820032.0,3895650048.0,103.42,,2266.839,1000000.0,6408189952.0,,,,,89.786005,498.28000000000003,0.001,4.30526,,0.19641888,,227.99999999999997,19.7,280.0,97.34,BFINVEST
Chaman Lal Setia Exports Ltd.,Consumer Defensive,Packaged Foods,14002735104.0,13523676160.0,14782314496.0,1251211008.0,25.2,,168.67,827334976.0,1290652032.0,,,,,12.2200005,8.464,9.87,11.174603,,1.6695323,,101.0,12.6,48.0,56.02,CLSEL
The Karnataka Bank Limited,Financial Services,Banks - Regional,119486439424.0,95447203840.0,34675298304.0,14373699584.0,37.94,41.15,349.839,53290000384.0,77356302336.0,,,,,43.62,41.452,,8.327623,7.678007,0.9031298,,154.0,26.1,43.3,100.0,KTKBANK
Tinna Rubber and Infrastructure Limited,Basic Materials,Specialty Chemicals,17385203712.0,18632122368.0,5717152768.0,616728000.0,34.23,,168.66,1291165952.0,37831000.0,,,,,18.945999999999998,10.786999999999999,42.978,28.191645,,5.72157,,31.0,19.900000000000002,67.10000000000001,66.4,TINNARUBR
Master Trust Limited,Financial Services,Capital Markets,10770051072.0,-5114987520.0,5348400128.0,1336300032.0,10.96,,67.963,2278700032.0,18244999168.0,,,,,34.191,24.985,27.836,7.988139,,1.288201,,,15.7,21.7,68.7,MASTERTR
