Open,High,Low,Close,Volume,Previous_Close,Daily_Return_Pct,SMA20,SMA50,SMA100,SMA200,EMA9,EMA20,EMA50,RSI14,ATR14,ATR_Percent,Average_Volume_20,Volume_Ratio,52W_High,52W_Low,Distance_From_52W_High_Pct,Distance_From_52W_Low_Pct,Distance_From_200DMA_Pct,Above_200DMA,Support,Resistance,Trend,Momentum,Breakout_Status,symbol,yahoo_symbol,company_name,fundamental_score,fundamental_status,sector_adjustment,sector_score,sector_index,technical_score,setup,market_adjustment,overall_score,risk_reward,setup_reasons,technical_rank,rank
22.229999542236328,23.950000762939453,22.06999969482422,23.479999542236328,234792571.0,22.299999237060547,5.291481370164042,22.53799991607666,22.918800048828125,22.875400047302247,21.86005003929138,22.628107024290582,22.610860024480466,22.76650184775195,60.94525675412156,0.4907142094203404,2.0899242716663307,59106615.9,3.97235685760179,25.780000686645508,17.200000762939453,-8.921648887312173,36.51161919032167,7.410548008962657,True,21.81999969482422,23.020000457763672,Uptrend,Strong Positive,Confirmed Breakout,YESBANK,YESBANK.NS,Yes Bank Limited,,Unavailable,0,60,,95.0,Strong Breakout Watch,-8,87.0,-0.2771079076843177,Price is in an uptrend | Strong positive momentum | Confirmed price breakout | Volume is more than 2x average | RSI supports positive momentum | Price is above 200 DMA,1,1
16.700000762939453,17.110000610351562,15.8100004196167,17.09000015258789,30391.0,16.299999237060547,4.846631610455265,15.636000061035157,15.550000038146973,15.839000053405762,15.167300014495849,15.954956793404552,15.699113910921286,15.677726540424764,59.90098783970908,0.8657144137791225,5.065619696018726,13206.3,2.301250160908052,21.299999237060547,10.65999984741211,-19.76525462567879,60.31895306956096,12.676614402395012,True,14.600000381469727,16.5,Strong Uptrend,Positive,Confirmed Breakout,ORTINGLOBE,ORTINGLOBE.NS,ORTIN GLOBAL LIMITED,,Unavailable,0,60,,94.0,Strong Breakout Watch,-8,86.0,-0.23694787422528318,Strong price trend | Positive momentum | Confirmed price breakout | Volume is more than 2x average | RSI supports positive momentum | Price is above 200 DMA,2,2
1745.0,1840.0,1726.800048828125,1807.5,9269434.0,1739.0,3.9390454284071286,1658.5049987792968,1482.93,1299.0995007324218,1243.6140002441407,1709.898100672839,1651.0619400660223,1509.3681288749394,66.01569914954028,63.142857142857146,3.493380754791543,4232476.7,2.1900732495467725,1840.0,930.5999755859375,-1.766304347826087,94.22953443147645,45.34252586776602,True,1546.300048828125,1758.9000244140625,Strong Uptrend,Strong Positive,Confirmed Breakout,PAYTM,PAYTM.NS,One 97 Communications Limited,,Unavailable,0,60,,94.0,Strong Breakout Watch,-8,86.0,-0.18606425984343966,Strong price trend | Strong positive momentum | Confirmed price breakout | Volume is more than 2x average | RSI supports positive momentum | Price is above 200 DMA | Price is near 52-week high,2,2
19.90999984741211,21.0,19.200000762939453,20.799999237060547,34488169.0,19.760000228881836,5.263152814434768,17.669999885559083,14.805399990081787,12.777900009155273,11.379349973201752,18.878793237318355,17.643199809841633,15.4413987265967,63.860104331017006,1.2942859104701452,6.222528643962842,12303356.25,2.803151294590856,21.0,6.610000133514404,-0.9523845854259673,214.6747173513536,82.78723552790207,True,13.399999618530273,20.280000686645508,Strong Uptrend,Strong Positive,Confirmed Breakout,SUBEXLTD,SUBEXLTD.NS,Subex Limited,,Unavailable,0,60,,94.0,Strong Breakout Watch,-8,86.0,-0.07027007800283061,Strong price trend | Strong positive momentum | Confirmed price breakout | Volume is more than 2x average | RSI supports positive momentum | Price is above 200 DMA | Price is near 52-week high,2,2
2195.0,2319.0,2164.60009765625,2277.89990234375,2231415.0,2211.800048828125,2.988509451866883,2047.4449951171875,2032.685986328125,1835.87,1548.8180004882813,2113.735354345975,2062.621187199891,1991.750121758362,69.97690213776362,89.02143205915179,3.9080484602311496,847596.05,2.6326396872661215,2319.0,1033.0,-1.7723198644351013,120.51305927819458,47.0734393340998,True,1876.4000244140625,2224.300048828125,Strong Uptrend,Strong Positive,Confirmed Breakout,WABAG,WABAG.NS,VA Tech Wabag Limited,,Unavailable,0,60,,94.0,Strong Breakout Watch,-8,86.0,-0.13349905308068774,Strong price trend | Strong positive momentum | Confirmed price breakout | Volume is more than 2x average | RSI supports positive momentum | Price is above 200 DMA | Price is near 52-week high,2,2
853.0,899.0,841.5,890.3499755859375,1308518.0,855.1500244140625,4.116231090093647,830.7425109863282,770.2320056152344,639.7655038452149,561.6462518310547,855.057715765249,834.8914343271267,769.5698681292912,67.71451325663335,36.178575788225444,4.063410656513625,779703.3,1.6782255506677988,926.0,399.79998779296875,-3.849894645147138,122.69885011777282,58.525045379232445,True,770.0999755859375,888.2999877929688,Strong Uptrend,Strong Positive,Confirmed Breakout,BLUESTONE,BLUESTONE.NS,BlueStone Jewellery and Lifestyle Limited,,Unavailable,0,60,,92.0,Strong Breakout Watch,-8,84.0,-0.017047715534043658,Strong price trend | Strong positive momentum | Confirmed price breakout | Strong volume confirmation | RSI supports positive momentum | Price is above 200 DMA,6,6
15.350000381469727,16.399999618530273,15.0,16.290000915527344,42406012.0,15.359999656677246,6.054695830971646,15.29700002670288,16.26859998703003,15.311099996566773,15.778249988555908,15.567109056706336,15.584754524294393,15.745845745252526,69.02356696938034,0.5614287512642997,3.4464623677777433,11742551.9,3.611311439040776,20.5,12.920000076293945,-20.536580899866618,26.08359767285753,3.2433947195830517,True,14.84000015258789,16.25,Uptrend,Positive,Confirmed Breakout,CCAVENUE,CCAVENUE.NS,AvenuesAI Limited,,Unavailable,0,60,,92.0,Strong Breakout Watch,-8,84.0,-0.02758682377949483,Price is in an uptrend | Positive momentum | Confirmed price breakout | Volume is more than 2x average | RSI supports positive momentum | Price is above 200 DMA,6,6
8.220000267028809,9.420000076293945,8.220000267028809,8.770000457763672,392962.0,8.569999694824219,2.3337312725955073,8.250000023841858,7.9480000019073485,7.636599993705749,7.6846999835968015,8.37998681814722,8.245270729996694,7.988393020115381,68.0555647537998,0.5107141562870571,5.823422230667568,130533.8,3.010423353951237,12.699999809265137,4.75,-30.94487724822153,84.63158858449835,14.122873716390663,True,7.75,8.850000381469727,Strong Uptrend,Strong Positive,Near Breakout,VAISHALI,VAISHALI.NS,Vaishali Pharma Limited,,Unavailable,0,60,,89.0,Momentum Watch,-5,84.0,0.07843126255203133,Strong price trend | Strong positive momentum | Price is close to resistance | Volume is more than 2x average | RSI supports positive momentum | Price is above 200 DMA,13,6
8660.0,8900.0,8461.0,8812.5,28678.0,8669.5,1.6494607532153038,8223.25,8049.23,7633.06,7415.25,8410.95802205382,8269.901666214662,8042.886923468023,63.43283582089552,314.4642857142857,3.56838905775076,13988.55,2.0501052646628852,9950.0,5841.5,-11.4321608040201,50.86022425746811,18.84292505310003,True,7888.0,8939.0,Strong Uptrend,Strong Positive,Near Breakout,WENDT,WENDT.NS,Wendt (India) Limited,,Unavailable,0,60,,89.0,Momentum Watch,-5,84.0,0.1368307193077339,Strong price trend | Strong positive momentum | Price is close to resistance | Volume is more than 2x average | RSI supports positive momentum | Price is above 200 DMA,13,6
431.0,511.79998779296875,428.20001220703125,478.5,10362562.0,435.79998779296875,9.798075585838784,411.1374984741211,395.68000061035156,371.2825,336.4334999084473,436.95887574026113,418.3872240839383,397.8318250913918,59.324570975355,26.189285278320312,5.47320486485273,2767523.6,3.7443445830055433,511.79998779296875,248.5500030517578,-6.50644560125295,92.5165938945322,42.22721581834534,True,334.45001220703125,464.79998779296875,Strong Uptrend,Positive,Confirmed Breakout,QUADFUTURE,QUADFUTURE.NS,Quadrant Future Tek Limited,,Unavailable,0,60,,91.0,Strong Breakout Watch,-8,83.0,-0.09510595881980327,Strong price trend | Positive momentum | Confirmed price breakout | Volume is more than 2x average | RSI supports positive momentum | Price is above 200 DMA,8,10
132.5,137.3300018310547,131.27000427246094,135.4600067138672,6244729.0,131.86000061035156,2.730172976529621,123.19600067138671,129.7838005065918,126.9423999786377,126.69904979705811,127.55688082515886,126.13194265359628,127.32396695880314,76.70086698413748,3.8842855181012834,2.8674777244814984,1529790.25,4.082081840958262,152.60000610351562,89.73999786376953,-11.231978180932433,50.94719181908523,6.914777128038496,True,117.37999725341797,133.9600067138672,Uptrend,Strong Positive,Confirmed Breakout,JAMNAAUTO,JAMNAAUTO.NS,Jamna Auto Industries Limited,,Unavailable,0,60,,90.0,Strong Breakout Watch,-8,82.0,-0.08296455835829694,Price is in an uptrend | Strong positive momentum | Confirmed price breakout | Volume is more than 2x average | RSI indicates overbought conditions | Price is above 200 DMA,9,11
125.5,137.1199951171875,125.37000274658203,136.10000610351562,41161986.0,126.7300033569336,7.393673556680591,122.87200012207032,128.27039947509766,120.33819953918457,116.14624961853028,126.6909811147472,124.75533038358193,124.0262232311066,65.96859797691175,5.664999825613839,4.162380287701916,21789036.55,1.889114551051593,,,,,17.179854322047667,True,112.38999938964844,130.6999969482422,Uptrend,Strong Positive,Confirmed Breakout,PWL,PWL.NS,Physicswallah Limited,,Unavailable,0,60,,90.0,Strong Breakout Watch,-8,82.0,-0.22775232501790704,Price is in an uptrend | Strong positive momentum | Confirmed price breakout | Strong volume confirmation | RSI supports positive momentum | Price is above 200 DMA,9,11
3164.5,3172.0,3143.10009765625,3155.10009765625,31176.0,3179.699951171875,-0.7736532972728694,3139.139990234375,3066.9139990234376,3068.7830053710936,3066.6345068359374,3160.4865575203885,3136.492261956289,3101.070097803015,61.22450828372259,57.614222935267854,1.8260664052486413,18084.9,1.723869084153078,3745.0,2667.0,-15.751666284212282,18.301465978862016,2.884777779129238,True,3066.699951171875,3214.0,Strong Uptrend,Positive,Near Breakout,JSWDULUX,JSWDULUX.NS,JSW Dulux Limited,,Unavailable,0,60,,87.0,Momentum Watch,-5,82.0,0.6662873839712555,Strong price trend | Positive momentum | Price is close to resistance | Strong volume confirmation | RSI supports positive momentum | Price is above 200 DMA | Price is near 200 DMA,24,11
946.2999877929688,948.5,915.0999755859375,943.75,86523.0,946.25,-0.26420079260237594,901.3025024414062,884.6720007324219,866.6709979248047,875.894997253418,909.87631741082,900.2063491408927,885.8171531801634,59.31329020254556,27.310721261160715,2.893851259460738,55328.15,1.5638151646133116,1189.9000244140625,700.0,-20.686613947694735,34.82142857142857,7.746933474829509,True,865.0,959.0,Strong Uptrend,Positive,Near Breakout,SHARDAMOTR,SHARDAMOTR.NS,Sharda Motor Industries Limited,,Unavailable,0,60,,87.0,Momentum Watch,-5,82.0,0.19365079365079366,Strong price trend | Positive momentum | Price is close to resistance | Strong volume confirmation | RSI supports positive momentum | Price is above 200 DMA,24,11
56.31999969482422,65.19999694824219,55.5099983215332,64.02999877929688,484603.0,56.040000915527344,14.2576690457471,55.87449989318848,50.81599990844727,48.51569995880127,46.49834999084473,58.62481538678511,56.252313352013786,52.383751916861804,72.890244632694,4.073571613856724,6.361973592874487,66101.35,7.33121184363103,68.06999969482422,33.77000045776367,-5.9350682145434615,89.60615312806866,37.70380839729589,True,50.79999923706055,62.88999938964844,Strong Uptrend,Strong Positive,Confirmed Breakout,AMDIND,AMDIND.NS,AMD Industries Limited,,Unavailable,0,60,,89.0,Strong Breakout Watch,-8,81.0,-0.08616775730105113,Strong price trend | Strong positive momentum | Confirmed price breakout | Volume is more than 2x average | RSI indicates overbought conditions | Price is above 200 DMA,13,17
367.0,393.3500061035156,362.25,392.3500061035156,996485.0,374.6499938964844,4.724412784034837,313.09849853515624,251.79140014648436,219.21690032958983,177.4087001800537,352.6155427663136,320.56537119518237,272.06472501764756,77.54081273175639,18.714283534458705,4.769793103946384,294394.65,3.384861103963676,393.3500061035156,104.0,-0.2542265118808301,277.2596212533804,121.15601191222079,True,261.0,376.54998779296875,Strong Uptrend,Strong Positive,Confirmed Breakout,BIRLACABLE,BIRLACABLE.NS,Birla Cable Limited,,Unavailable,0,60,,89.0,Strong Breakout Watch,-8,81.0,-0.1202894372010538,Strong price trend | Strong positive momentum | Confirmed price breakout | Volume is more than 2x average | RSI indicates overbought conditions | Price is above 200 DMA | Price is near 52-week high,13,17
373.0,384.0,366.1000061035156,380.20001220703125,1713956.0,373.5,1.7938453030873491,330.2124984741211,303.40399993896483,287.8768006896973,280.756900100708,346.5588638285342,331.4698775080063,310.2117420568693,74.17763789439763,16.932141985212052,4.453482756857975,774426.6,2.2131936067278684,559.7999877929688,175.0,-32.08288308365578,117.25714983258928,35.419650263503,True,308.3500061035156,378.6000061035156,Strong Uptrend,Strong Positive,Confirmed Breakout,ELLEN,ELLEN.NS,Ellenbarrie Industrial Gases Limited,,Unavailable,0,60,,89.0,Strong Breakout Watch,-8,81.0,-0.022268698226837542,Strong price trend | Strong positive momentum | Confirmed price breakout | Volume is more than 2x average | RSI indicates overbought conditions | Price is above 200 DMA,13,17
25.299999237060547,26.040000915527344,24.5,26.030000686645508,2686464.0,24.799999237060547,4.9596834170336335,22.276500034332276,21.248200035095216,20.665100040435792,16.846399993896483,23.461079819068456,22.452039803903897,21.50181985995511,74.62515201593814,1.2285714830671037,4.719828853855593,1018187.0,2.638478000603033,26.040000915527344,8.460000038146973,-0.03840333536959639,207.68322185902684,54.51372813227917,True,20.15999984741211,24.81999969482422,Strong Uptrend,Strong Positive,Confirmed Breakout,GAYAPROJ,GAYAPROJ.NS,Gayatri Projects Limited,,Unavailable,0,60,,89.0,Strong Breakout Watch,-8,81.0,-0.20613301853962102,Strong price trend | Strong positive momentum | Confirmed price breakout | Volume is more than 2x average | RSI indicates overbought conditions | Price is above 200 DMA | Price is near 52-week high,13,17
895.9500122070312,914.8499755859375,881.25,909.2999877929688,7851231.0,899.25,1.1175966408639049,855.3824981689453,858.7089978027344,809.0344989013672,700.7679992675781,877.7564241414095,863.3788491395584,844.0907868252835,66.10978754955465,26.02500261579241,2.862092044998227,1241126.85,6.325889251368625,914.8499755859375,510.54998779296875,-0.6066555108572996,78.10204867964772,29.75763572870651,True,816.0,905.8499755859375,Uptrend,Strong Positive,Confirmed Breakout,GRANULES,GRANULES.NS,Granules India Limited,,Unavailable,0,60,,89.0,Strong Breakout Watch,-8,81.0,-0.036977627635780344,Price is in an uptrend | Strong positive momentum | Confirmed price breakout | Volume is more than 2x average | RSI supports positive momentum | Price is above 200 DMA | Price is near 52-week high,13,17
720.9500122070312,738.0,707.25,728.9000244140625,1045480.0,718.9500122070312,1.3839643978149185,652.4875030517578,612.9759973144531,621.522998046875,590.0922482299804,685.8495874427737,659.2320491101968,631.3723168843941,78.05745149538865,25.160714285714285,3.451874529149606,435022.8,2.403276334022033,738.0,500.70001220703125,-1.2330590224847562,45.576194656187525,23.523063826112764,True,606.4000244140625,724.0,Strong Uptrend,Strong Positive,Confirmed Breakout,MAHSEAMLES,MAHSEAMLES.NS,Maharashtra Seamless Limited,,Unavailable,0,60,,89.0,Strong Breakout Watch,-8,81.0,-0.04000019929846939,Strong price trend | Strong positive momentum | Confirmed price breakout | Volume is more than 2x average | RSI indicates overbought conditions | Price is above 200 DMA | Price is near 52-week high,13,17
1586.0,1856.0,1551.0,1756.699951171875,1142834.0,1588.199951171875,10.60949535199709,1527.3999938964844,1415.3059985351563,1357.8590026855468,1270.6015002441407,1602.819060987977,1540.7922273791748,1452.4353819518371,76.27484069931405,89.13573346819196,5.07404428449665,107700.25,10.611247420502737,1856.0,890.0,-5.350218148067079,97.38201698560394,38.25734904565535,True,1337.0,1669.9000244140625,Strong Uptrend,Strong Positive,Confirmed Breakout,RACLGEAR,RACLGEAR.NS,RACL Geartech Limited,,Unavailable,0,60,,89.0,Strong Breakout Watch,-8,81.0,-0.2068142407819016,Strong price trend | Strong positive momentum | Confirmed price breakout | Volume is more than 2x average | RSI indicates overbought conditions | Price is above 200 DMA,13,17
11463.0,12300.0,11250.0,12097.0,62178.0,11543.0,4.799445551416448,11612.85,11015.02,10945.59,10198.3275,11679.916570096302,11524.555032286036,11178.284001399972,59.860078705728036,413.2142857142857,3.415840999539437,17162.85,3.6228248804831367,12875.0,6621.5,-6.042718446601942,82.6927433361021,18.617488995131808,True,10612.0,12213.0,Strong Uptrend,Positive,Near Breakout,DYNAMATECH,DYNAMATECH.NS,Dynamatic Technologies Limited,,Unavailable,0,60,,86.0,Momentum Watch,-5,81.0,0.07811447811447811,Strong price trend | Positive momentum | Price is close to resistance | Volume is more than 2x average | RSI supports positive momentum | Price is above 200 DMA,30,17
1406.4000244140625,1498.0,1340.0999755859375,1424.0,3358636.0,1418.4000244140625,0.3948093266743058,1292.3649963378907,1146.6610009765625,1110.626000366211,958.983501586914,1327.7811382778693,1276.5935539502034,1191.538737288556,62.804635457457586,66.24288504464286,4.6518879947080665,1225988.9,2.7395321442143565,1498.0,700.7999877929688,-4.939919893190922,103.19635057138157,48.49056293915197,True,1186.5,1429.0,Strong Uptrend,Strong Positive,Near Breakout,FINCABLES,FINCABLES.NS,Finolex Cables Limited,,Unavailable,0,60,,86.0,Momentum Watch,-5,81.0,0.021052631578947368,Strong price trend | Strong positive momentum | Price is close to resistance | Volume is more than 2x average | RSI supports positive momentum | Price is above 200 DMA,30,17
518.2999877929688,519.0,498.20001220703125,514.6500244140625,700202.0,515.9500122070312,-0.251960027563114,477.7250015258789,448.4090008544922,411.5989010620117,339.40845016479494,487.98361926718195,475.79718138599713,451.5887923519305,62.39882492748989,18.553573608398438,3.6050855393472454,440852.2,1.5882919490931426,519.0,212.5500030517578,-0.8381455849590559,142.1312712419678,51.631470626079434,True,441.20001220703125,518.0,Strong Uptrend,Strong Positive,Near Breakout,NRBBEARING,NRBBEARING.NS,NRB Bearing Limited,,Unavailable,0,60,,84.0,52W High Watch,-3,81.0,0.04560891802842767,Strong price trend | Strong positive momentum | Price is close to resistance | Strong volume confirmation | RSI supports positive momentum | Price is above 200 DMA | Price is near 52-week high,41,17
76.0,90.9000015258789,74.2699966430664,87.41000366210938,38898608.0,76.25,14.636070376536892,79.23200035095215,75.23359977722168,61.5614998626709,53.80369995117187,78.75529867101814,78.27157448393224,73.64033490302586,54.59267419650467,4.800000326974051,5.4913626883358235,4175245.2,9.31648469412048,90.9000015258789,36.2599983215332,-3.839381523856126,141.06455518008244,62.46095294828425,True,70.73999786376953,87.2699966430664,Strong Uptrend,Positive,Confirmed Breakout,FILATEX,FILATEX.NS,Filatex India Limited,,Unavailable,0,60,,88.0,Strong Breakout Watch,-8,80.0,-0.008398738472959138,Strong price trend | Positive momentum | Confirmed price breakout | Volume is more than 2x average | RSI supports positive momentum | Price is above 200 DMA,22,27
760.0,812.7999877929688,743.0499877929688,804.9000244140625,4284956.0,762.75,5.526060231276642,757.5349975585938,656.758994140625,636.3507482910156,517.2344982910156,761.7559380815349,740.304252556464,686.9536979892773,54.46686797716371,36.65714372907366,4.554248057795589,2119138.45,2.022027395142587,812.7999877929688,262.6000061035156,-0.9719443279468255,206.51180719956832,55.616074928009816,True,717.2000122070312,798.8499755859375,Strong Uptrend,Positive,Confirmed Breakout,TDPOWERSYS,TDPOWERSYS.NS,TD Power Systems Limited,,Unavailable,0,60,,88.0,Strong Breakout Watch,-8,80.0,-0.06898572389981884,Strong price trend | Positive momentum | Confirmed price breakout | Volume is more than 2x average | RSI supports positive momentum | Price is above 200 DMA | Price is near 52-week high,22,27
1086.0,1116.9000244140625,1067.0999755859375,1109.9000244140625,578949.0,1088.5,1.9660105111678927,1034.610009765625,1054.3239978027343,1065.4574993896485,961.5510009765625,1064.065011978245,1047.8129584297526,1048.9879360971954,72.11327799836707,34.992885044642854,3.1527961325270053,216925.0,2.6688901694133915,1224.9000244140625,708.0,-9.388521324833093,56.76554017147776,15.42809723944284,True,990.2999877929688,1098.9000244140625,Uptrend,Strong Positive,Confirmed Breakout,ABSLAMC,ABSLAMC.NS,Aditya Birla Sun Life AMC Limited,,Unavailable,0,60,,87.0,Strong Breakout Watch,-8,79.0,-0.09197321598528624,Price is in an uptrend | Strong positive momentum | Confirmed price breakout | Volume is more than 2x average | RSI indicates overbought conditions | Price is above 200 DMA,24,29
342.6499938964844,348.20001220703125,332.8999938964844,346.0,3747104.0,342.6499938964844,0.9776758100651373,326.9800033569336,327.92900146484374,315.885500793457,263.32985038757323,333.0836685431187,329.05303166043717,324.81495320763514,68.28193832599119,10.328574044363839,2.9851370070415717,1942597.95,1.928913803291103,,,,,31.394142931669723,True,314.3500061035156,344.8999938964844,Uptrend,Strong Positive,Confirmed Breakout,EMMVEE,EMMVEE.NS,Emmvee Photovoltaic Power Limited,,Unavailable,0,60,,87.0,Strong Breakout Watch,-8,79.0,-0.03475533382765713,Price is in an uptrend | Strong positive momentum | Confirmed price breakout | Strong volume confirmation | RSI supports positive momentum | Price is above 200 DMA,24,29
1690.0,1795.0,1676.199951171875,1787.199951171875,254979.0,1706.699951171875,4.716704886803691,1611.5049926757813,1546.6959912109376,1520.1829968261718,1471.4754986572266,1690.789820334797,1637.0176019231687,1569.7036490576616,78.00239595985363,67.10716901506696,3.7548775094283373,131176.35,1.943787885544917,1800.0,1165.0,-0.7111138237847222,53.40772113063304,21.456317336086002,True,1499.0,1747.4000244140625,Strong Uptrend,Strong Positive,Confirmed Breakout,VENKEYS,VENKEYS.NS,Venky's (India) Limited,,Unavailable,0,60,,87.0,Strong Breakout Watch,-8,79.0,-0.13809831193925795,Strong price trend | Strong positive momentum | Confirmed price breakout | Strong volume confirmation | RSI indicates overbought conditions | Price is above 200 DMA | Price is near 52-week high,24,29
525.75,556.8499755859375,521.0,551.0499877929688,1960216.0,530.6500244140625,3.844334766861013,528.7574951171875,541.1689990234376,505.76499938964844,490.6472512817383,533.5589370854132,532.6396392404608,527.5271716686888,61.40151644760266,19.17142813546317,3.47907241813894,598476.65,3.275342488299251,666.0,338.1499938964844,-17.259761592647337,62.96022408377095,12.310827453621283,True,489.5,555.0,Uptrend,Strong Positive,Near Breakout,FIVESTAR,FIVESTAR.NS,Five-Star Business Finance Limited,,Unavailable,0,60,,84.0,Momentum Watch,-5,79.0,0.06417567815476456,Price is in an uptrend | Strong positive momentum | Price is close to resistance | Volume is more than 2x average | RSI supports positive momentum | Price is above 200 DMA,41,29
367.8500061035156,404.3500061035156,363.0,404.3500061035156,870661.0,367.6000061035156,9.997279485803713,326.99000244140626,379.3400018310547,365.4210009765625,369.38224990844725,352.7876277506357,347.507902875248,360.7269500807121,88.81310610154597,15.350003923688616,3.7962170624424174,343863.05,2.5319992944865697,661.9500122070312,250.0,-38.915326135374215,61.74000244140625,9.4665502210069,True,303.5,396.6000061035156,Uptrend,Strong Positive,Confirmed Breakout,HLEGLAS,HLEGLAS.NS,HLE Glascoat Limited,,Unavailable,0,60,,86.0,Strong Breakout Watch,-8,78.0,-0.07684679753063332,Price is in an uptrend | Strong positive momentum | Confirmed price breakout | Volume is more than 2x average | RSI indicates overbought conditions | Price is above 200 DMA,30,34
260.0,276.9800109863281,251.5,263.0199890136719,5002402.0,254.25,3.4493565442170526,239.45449829101562,237.2223992919922,228.59829971313476,221.93624969482423,251.25268428556134,244.0315065552188,236.43365568586552,62.490648114102505,18.550000871930802,7.052696238599024,1716078.85,2.9150187358815125,332.20001220703125,162.19000244140625,-20.82481055125474,62.167818641406136,18.511504711528772,True,215.25999450683594,287.79998779296875,Strong Uptrend,Strong Positive,No Breakout,INDOCO,INDOCO.NS,Indoco Remedies Limited,,Unavailable,0,60,,83.0,Momentum Watch,-5,78.0,0.5188442552218068,Strong price trend | Strong positive momentum | Volume is more than 2x average | RSI supports positive momentum | Price is above 200 DMA,43,34
508.0,511.95001220703125,485.3999938964844,489.79998779296875,5273521.0,500.29998779296875,-2.0987408067547397,483.66499786376954,461.18699829101564,461.64699920654294,457.1234996032715,491.33993397146605,483.4656220825964,469.5201144718149,58.52196534892453,13.957144601004464,2.8495600140569914,2478915.85,2.127349744445742,531.0,392.45001220703125,-7.758947684939972,24.805700740960088,7.1482844828709355,True,458.70001220703125,514.4500122070312,Strong Uptrend,Positive,No Breakout,OIL,OIL.NS,Oil India Limited,,Unavailable,0,60,,83.0,Momentum Watch,-5,78.0,0.792605908835778,Strong price trend | Positive momentum | Volume is more than 2x average | RSI supports positive momentum | Price is above 200 DMA,43,34
232.02999877929688,239.8000030517578,222.83999633789062,239.07000732421875,2135648.0,231.5399932861328,3.252144016770564,212.5780014038086,203.0944009399414,196.8363003540039,193.24550025939942,220.75343532115906,214.3502841536207,205.9145931895171,76.43997435056383,9.304285321916852,3.8918664143840895,883570.75,2.4170650737363135,240.8000030517578,150.52000427246094,-0.7184367548231365,58.8293918006212,23.7131043172067,True,197.0,240.8000030517578,Strong Uptrend,Strong Positive,Near Breakout,KROSS,KROSS.NS,Kross Limited,,Unavailable,0,60,,81.0,52W High Watch,-3,78.0,0.04112183090928875,Strong price trend | Strong positive momentum | Price is close to resistance | Volume is more than 2x average | RSI indicates overbought conditions | Price is above 200 DMA | Price is near 52-week high,45,34
17.729999542236328,20.0,17.540000915527344,19.56999969482422,150749037.0,17.540000915527344,11.57353861652204,15.60450005531311,15.216200008392335,14.838100004196168,13.974454984664916,16.741060455006792,15.956355421172308,15.360971100760363,83.71334295705454,0.8635715757097516,4.41273167693582,12998039.95,11.597828409505697,20.0,10.199999809265137,-2.1500015258789062,91.86274569385652,40.04123750299858,True,14.100000381469727,18.0,Strong Uptrend,Strong Positive,Confirmed Breakout,AHCL,AHCL.NS,Anlon Healthcare Limited,,Unavailable,0,60,,85.0,Strong Breakout Watch,-8,77.0,-0.28702008992783806,Strong price trend | Strong positive momentum | Confirmed price breakout | Volume is more than 2x average | RSI indicates overbought conditions | Price is above 200 DMA | Price is near 52-week high,33,38
64.5,73.19000244140625,61.84000015258789,68.41999816894531,1282661.0,61.84000015258789,10.640358991140886,52.325,48.34000015258789,47.10939998626709,46.72754991531372,56.024558042295986,52.92333747559034,49.8083379582373,83.29365240353205,3.6307144165039062,5.30651054321692,108627.3,11.807906483913344,73.19000244140625,36.029998779296875,-6.517289402032281,89.89730915078462,46.423252006462384,True,47.369998931884766,61.84000015258789,Strong Uptrend,Strong Positive,Confirmed Breakout,DIGJAMLMTD,DIGJAMLMTD.NS,Digjam Limited,,Unavailable,0,60,,85.0,Strong Breakout Watch,-8,77.0,-0.31258899072892615,Strong price trend | Strong positive momentum | Confirmed price breakout | Volume is more than 2x average | RSI indicates overbought conditions | Price is above 200 DMA,33,38
853.8499755859375,1024.5,835.0499877929688,1002.7999877929688,16245056.0,853.8499755859375,17.444517944129156,695.7974975585937,644.2329968261719,587.8264984130859,496.88800003051756,805.9068546404013,729.2174817078741,657.9695633891705,82.65092360615722,53.167872837611604,5.301941911130964,3259520.55,4.983878994105437,1024.5,320.0,-2.118107584873719,213.37499618530273,101.81610095864247,True,611.0,869.0,Strong Uptrend,Strong Positive,Confirmed Breakout,RAYMOND,RAYMOND.NS,Raymond Limited,,Unavailable,0,60,,85.0,Strong Breakout Watch,-8,77.0,-0.34150074518039564,Strong price trend | Strong positive momentum | Confirmed price breakout | Volume is more than 2x average | RSI indicates overbought conditions | Price is above 200 DMA | Price is near 52-week high,33,38
468.1499938964844,468.1499938964844,443.0,468.1499938964844,2933978.0,445.8999938964844,4.989908119434805,363.0925018310547,313.6170001220703,239.02099990844727,186.3643997192383,413.6108795709933,375.6118771050868,318.9293348966037,85.28079628769122,21.364288330078125,4.563556255177933,1425162.5,2.058697166112636,468.1499938964844,104.55999755859375,0.0,347.73336345397354,151.201406814693,True,292.1499938964844,445.8999938964844,Strong Uptrend,Strong Positive,Confirmed Breakout,SETL,SETL.NS,Standard Engineering Technology Limited,,Unavailable,0,60,,85.0,Strong Breakout Watch,-8,77.0,-0.12642045454545456,Strong price trend | Strong positive momentum | Confirmed price breakout | Volume is more than 2x average | RSI indicates overbought conditions | Price is above 200 DMA | Price is near 52-week high,33,38
2970.0,3022.5,2752.0,3022.5,47215.0,2878.60009765625,4.998954264641098,2310.9550170898438,2251.3340161132815,1875.3390063476563,1570.6,2590.507522035552,2420.2661350925855,2227.123717319627,92.17156285485734,138.78571428571428,4.591752333687817,10351.1,4.561350967530021,3022.5,1050.0,0.0,187.85714285714286,92.44237870877373,True,2050.0,2878.60009765625,Strong Uptrend,Strong Positive,Confirmed Breakout,SPECTRUM,SPECTRUM.NS,Spectrum Electrical Industries Limited,,Unavailable,0,60,,85.0,Strong Breakout Watch,-8,77.0,-0.14796905125321336,Strong price trend | Strong positive momentum | Confirmed price breakout | Volume is more than 2x average | RSI indicates overbought conditions | Price is above 200 DMA | Price is near 52-week high,33,38
36.0,36.599998474121094,35.56999969482422,36.599998474121094,5579818.0,34.86000061035156,4.991387932600455,28.172000122070312,26.26219997406006,26.97650001525879,24.159450035095215,31.831096221532405,29.348149615333835,27.40213096404273,88.39971956238938,1.4307141985212053,3.9090553501875855,2650478.9,2.105211250691337,36.599998474121094,15.75,0.0,132.38094269283235,51.49350842404989,True,24.600000381469727,34.86000061035156,Strong Uptrend,Strong Positive,Confirmed Breakout,STLNETWORK,STLNETWORK.NS,STL Networks Limited,,Unavailable,0,60,,85.0,Strong Breakout Watch,-8,77.0,-0.14499984502789895,Strong price trend | Strong positive momentum | Confirmed price breakout | Volume is more than 2x average | RSI indicates overbought conditions | Price is above 200 DMA | Price is near 52-week high,33,38
364.0,396.29998779296875,358.6000061035156,396.29998779296875,133752.0,377.45001220703125,4.9940323158867095,317.1599975585938,294.57299865722655,290.33070098876954,270.87595039367676,345.61714014116836,324.14120708803006,304.09542214424573,82.9577237163173,17.524998256138392,4.422154629309158,58619.45,2.2817000159503373,397.0,195.0,-0.1763254929549748,103.2307629707532,46.30312776642125,True,284.45001220703125,377.45001220703125,Strong Uptrend,Strong Positive,Confirmed Breakout,VALIANTORG,VALIANTORG.NS,Valiant Organics Limited,,Unavailable,0,60,,85.0,Strong Breakout Watch,-8,77.0,-0.16852909879675862,Strong price trend | Strong positive momentum | Confirmed price breakout | Volume is more than 2x average | RSI indicates overbought conditions | Price is above 200 DMA | Price is near 52-week high,33,38
431.75,431.75,410.6000061035156,422.54998779296875,540725.0,432.20001220703125,-2.2327681956288314,389.3574981689453,386.9910003662109,353.46240005493166,256.07465000152587,401.94667306136887,393.28266823408165,379.84462523550025,62.14810949637147,15.985715593610491,3.7831537227360665,196857.8,2.7467796551622543,432.29998779296875,88.25,-2.255378273262718,378.81018446795326,65.01047166927727,True,357.29998779296875,432.20001220703125,Strong Uptrend,Strong Positive,No Breakout,BHAGYANGR,BHAGYANGR.NS,Bhagyanagar India Limited,,Unavailable,0,60,,80.0,52W High Watch,-3,77.0,0.1478930944683908,Strong price trend | Strong positive momentum | Volume is more than 2x average | RSI supports positive momentum | Price is above 200 DMA | Price is near 52-week high,54,38
219.5,230.5399932861328,215.0500030517578,230.3000030517578,20834.0,219.57000732421875,4.886822138551494,219.44200057983397,211.04779998779296,185.64600006103515,155.95580032348633,217.4802053124224,216.99050151834206,207.9613247400918,53.4435737409997,11.547855922154017,5.014266508523989,5688.65,3.662380353862516,233.0,103.5,-1.1587969734945012,122.51208024324427,47.67004662479074,True,203.61000061035156,233.0,Strong Uptrend,Positive,Near Breakout,SMARTLINK,SMARTLINK.NS,Smartlink Holdings Limited,,Unavailable,0,60,,80.0,52W High Watch,-3,77.0,0.10116136010738894,Strong price trend | Positive momentum | Price is close to resistance | Volume is more than 2x average | RSI supports positive momentum | Price is above 200 DMA | Price is near 52-week high,54,38
880.0,945.0,861.2999877929688,908.9000244140625,1336886.0,886.3499755859375,2.544147283720277,808.8749969482421,784.2150012207031,728.5800036621093,692.523752746582,856.5111347136668,828.9472494318026,787.4001818359652,72.45545037902228,40.84285627092634,4.4936577372474344,436135.0,3.065303174475793,967.4000244140625,467.0,-6.047136502341153,94.62527289380354,31.24459930931206,True,739.0999755859375,912.0,Strong Uptrend,Strong Positive,Near Breakout,63MOONS,63MOONS.NS,63 moons technologies limited,,Unavailable,0,60,,81.0,Momentum Watch,-5,76.0,0.018256623642525317,Strong price trend | Strong positive momentum | Price is close to resistance | Volume is more than 2x average | RSI indicates overbought conditions | Price is above 200 DMA,45,48
250.14999389648438,265.8999938964844,239.1999969482422,260.5,4219.0,250.14999389648438,4.137520030401687,252.81049728393555,248.8013995361328,244.3052998352051,233.83989990234375,255.9326014000989,253.58532870510518,249.1689163040023,64.09533253077299,10.293572562081474,3.9514673942731187,2410.8,1.7500414800066366,299.79998779296875,200.25,-13.108735621466378,30.087390761548065,11.40100560631015,True,232.22000122070312,269.05999755859375,Strong Uptrend,Strong Positive,No Breakout,ASPINWALL,ASPINWALL.NS,Aspinwall and Company Limited,,Unavailable,0,60,,81.0,Momentum Watch,-5,76.0,0.3026873383339862,Strong price trend | Strong positive momentum | Strong volume confirmation | RSI supports positive momentum | Price is above 200 DMA,45,48
12.010000228881836,12.010000228881836,12.0,12.010000228881836,964628.0,11.779999732971191,1.9524660536866856,11.42800006866455,11.577200031280517,11.61620002746582,10.4832000041008,11.506220995361488,11.520509814482049,11.564978444193676,60.49382231533075,0.2014286858694894,1.677174704668952,259047.4,3.7237509428776354,14.260000228881836,4.550000190734863,-15.778400868766523,163.95603792144283,14.564257327760465,True,10.890000343322754,12.180000305175781,Uptrend,Positive,Near Breakout,KESORAMIND,KESORAMIND.NS,Kesoram Industries Limited,,Unavailable,0,60,,81.0,Momentum Watch,-5,76.0,0.1517857979146887,Price is in an uptrend | Positive momentum | Price is close to resistance | Volume is more than 2x average | RSI supports positive momentum | Price is above 200 DMA,45,48
3575.0,4055.0,3562.300048828125,3828.300048828125,639315.0,3576.800048828125,7.031424641206874,3719.3950073242186,3819.61599609375,3600.1210009765623,3335.083504638672,3705.83998169677,3724.2993560036793,3723.301274948467,59.986069518343555,111.57142857142857,2.9143856842041815,35477.5,18.02029455288563,4574.7998046875,2463.0,-16.317648590753308,55.432401495254766,14.788731481639136,True,3550.800048828125,3850.0,Uptrend,Positive,Near Breakout,KIRLOSIND,KIRLOSIND.NS,Kirloskar Industries Limited,,Unavailable,0,60,,81.0,Momentum Watch,-5,76.0,0.078198022240991,Price is in an uptrend | Positive momentum | Price is close to resistance | Volume is more than 2x average | RSI supports positive momentum | Price is above 200 DMA,45,48
418.95001220703125,420.0,417.25,419.95001220703125,11258.0,418.1499938964844,0.43047192079894714,404.98999938964846,399.53199890136716,391.97800018310545,373.1535221862793,414.7698218481494,408.63863849638824,400.73822530332586,67.0238189524195,7.471433367047991,1.7791244552612724,37759.7,0.2981485552056823,508.0,282.29998779296875,-17.332674762395424,48.760194957929414,12.540814232859098,True,350.6000061035156,419.8999938964844,Strong Uptrend,Strong Positive,Breakout - Volume Confirmation Required,KRISHIVAL,KRISHIVAL.NS,Krishival Foods Limited,,Unavailable,0,60,,81.0,Momentum Watch,-5,76.0,-0.0007212445010057379,Strong price trend | Strong positive momentum | Breakout requires volume confirmation | RSI supports positive momentum | Price is above 200 DMA,45,48
243.2100067138672,258.54998779296875,235.10000610351562,255.3000030517578,170916.0,246.24000549316406,3.6793361584152695,240.31700134277344,232.53880126953126,214.9917007446289,224.60788375854492,246.64090301778015,242.13026050835356,232.67826535690023,59.464095501594215,10.129283360072545,3.967600171951037,127349.55,1.34210132662424,371.95001220703125,161.25,-31.361743601810886,58.32558328791182,13.664756009280222,True,224.0,257.25,Strong Uptrend,Positive,Near Breakout,TIL,TIL.NS,TIL Limited,,Unavailable,0,60,,81.0,Momentum Watch,-5,76.0,0.06230021591428169,Strong price trend | Positive momentum | Price is close to resistance | Volume is above average | RSI supports positive momentum | Price is above 200 DMA,45,48
710.0,733.0,690.5999755859375,723.1500244140625,479794.0,707.5499877929688,2.2047963946341564,595.6200012207031,469.0200006103516,354.35289978027345,290.71794982910154,649.9983834239763,597.4919973892636,495.28446973704695,73.13649339892817,34.960719517299104,4.834504367973476,362887.2,1.32215740869339,733.0,180.0,-1.3437893023107095,301.75001356336804,148.74625899060104,True,486.20001220703125,717.0,Strong Uptrend,Strong Positive,Breakout - Volume Confirmation Required,KABRAEXTRU,KABRAEXTRU.NS,Kabra Extrusion Technik Limited,,Unavailable,0,60,,79.0,52W High Watch,-3,76.0,-0.025954944491368145,Strong price trend | Strong positive momentum | Breakout requires volume confirmation | Volume is above average | RSI indicates overbought conditions | Price is above 200 DMA | Price is near 52-week high,59,48
213.6999969482422,215.0,206.25,209.27000427246094,2083473.0,207.8800048828125,0.6686546839519414,183.8380012512207,174.06200073242186,158.0265005493164,150.9760004043579,197.07817248114037,188.76403729456197,176.22488256757052,79.6982573755388,9.12571280343192,4.360736186324447,1590314.2,1.3101014881210267,215.0,102.19999694824219,-2.6651142918786337,104.765176635419,38.61143738870723,True,163.5,207.8800048828125,Strong Uptrend,Strong Positive,Breakout - Volume Confirmation Required,LOTUSDEV,LOTUSDEV.NS,Sri Lotus Developers and Realty Limited,,Unavailable,0,60,,79.0,52W High Watch,-3,76.0,-0.030369221321763725,Strong price trend | Strong positive momentum | Breakout requires volume confirmation | Volume is above average | RSI indicates overbought conditions | Price is above 200 DMA | Price is near 52-week high,59,48
9.569999694824219,9.569999694824219,9.050000190734863,9.109999656677246,1429459.0,9.680000305175781,-5.888436265789809,8.881500053405762,8.50980001449585,8.256099996566773,7.931100008487701,9.480772797985045,9.108638596709042,8.65953504496653,63.26530271788815,0.5364286558968681,5.8883499024469055,702231.0,2.035596548714027,10.989999771118164,6.019999980926514,-17.106461816146513,51.32889843091267,14.864264060822721,True,7.949999809265137,10.989999771118164,Strong Uptrend,Positive,No Breakout,IVC,IVC.NS,IL&FS Investment Managers Limited,,Unavailable,0,60,,80.0,Momentum Watch,-5,75.0,1.6206899670160184,Strong price trend | Positive momentum | Volume is more than 2x average | RSI supports positive momentum | Price is above 200 DMA,54,56
60.900001525878906,63.5,59.31999969482422,62.970001220703125,304379.0,60.5099983215332,4.0654486323039585,55.913500022888186,49.25520004272461,48.36590003967285,43.376800050735476,59.45215474217495,56.31670739769092,51.69952626896009,69.9669924523002,3.775000435965402,5.994918791146961,145051.45,2.0984209396045332,65.0,27.0,-3.1230750450721154,133.22222674334492,45.16977081539106,True,48.25,64.5,Strong Uptrend,Strong Positive,No Breakout,PLAZACABLE,PLAZACABLE.NS,Plaza Wires Limited,,Unavailable,0,60,,80.0,Momentum Watch,-5,75.0,0.10394012584353522,Strong price trend | Strong positive momentum | Volume is more than 2x average | RSI supports positive momentum | Price is above 200 DMA,54,56
8.550000190734863,8.850000381469727,8.359999656677246,8.779999732971191,739713.0,8.789999961853027,-0.11376824715852996,7.57449996471405,6.646799983978272,6.665399985313416,6.103799992799759,8.090663009110648,7.599057836255658,7.020125685235473,66.09195008557035,0.5371428898402623,6.11780075371928,472525.1,1.5654469995350513,9.010000228881836,3.819999933242798,-2.552724640043524,129.8429289635576,43.844813777128415,True,6.449999809265137,9.010000228881836,Strong Uptrend,Strong Positive,No Breakout,AKSHOPTFBR,AKSHOPTFBR.NS,Aksh Optifibre Limited,,Unavailable,0,60,,78.0,52W High Watch,-3,75.0,0.09871266242138327,Strong price trend | Strong positive momentum | Strong volume confirmation | RSI supports positive momentum | Price is above 200 DMA | Price is near 52-week high,67,56
356.79998779296875,369.04998779296875,341.0,369.04998779296875,1300799.0,351.5,4.992884151626953,347.4824966430664,310.6131997680664,250.74539962768554,193.21024971008302,345.67930161470576,341.6715734575612,311.8285269533527,56.199127042770456,16.846426827566965,4.564808937757653,1042369.1,1.2479255188972889,379.0,115.56999969482422,-2.6253330361560026,219.33026630396068,91.00952891823172,True,316.0,376.29998779296875,Strong Uptrend,Positive,Near Breakout,DIACABS,DIACABS.NS,Diamond Power Infrastructure Limited,,Unavailable,0,60,,78.0,52W High Watch,-3,75.0,0.1366635564233045,Strong price trend | Positive momentum | Price is close to resistance | Volume is above average | RSI supports positive momentum | Price is above 200 DMA | Price is near 52-week high,67,56
601.0,636.9000244140625,599.0,632.5,563681.0,611.4500122070312,3.442634291066371,609.4350067138672,621.4110021972656,602.0434991455078,560.059499206543,611.8750353813725,611.6650979244552,611.5877386743956,58.33020391561315,18.317875453404017,2.8961067910520186,304683.5,1.8500542366094652,711.7000122070312,382.1000061035156,-11.128285913811705,65.53258044927848,12.934429448315065,True,584.2999877929688,643.9000244140625,Uptrend,Positive,Near Breakout,ABDL,ABDL.NS,Allied Blenders and Distillers Limited,,Unavailable,0,60,,79.0,Momentum Watch,-5,74.0,0.23651496943810948,Price is in an uptrend | Positive momentum | Price is close to resistance | Strong volume confirmation | RSI supports positive momentum | Price is above 200 DMA,59,60
366.20001220703125,368.8999938964844,355.70001220703125,363.0,205568.0,366.20001220703125,-0.8738427363082946,342.70999908447266,349.0439990234375,342.72049926757813,330.7162495422363,346.4259088746724,344.2413648075726,345.54040726678113,56.80086870471345,13.589281354631696,3.7436036789619003,139551.45,1.47306244399467,458.79998779296875,259.6499938964844,-20.880555872246017,39.80358503097772,9.76176722566536,True,315.0,369.3999938964844,Uptrend,Positive,Near Breakout,EVEREADY,EVEREADY.NS,Eveready Industries India Limited,,Unavailable,0,60,,79.0,Momentum Watch,-5,74.0,0.1333332061767578,Price is in an uptrend | Positive momentum | Price is close to resistance | Volume is above average | RSI supports positive momentum | Price is above 200 DMA,59,60
434.70001220703125,457.0,408.95001220703125,413.3999938964844,164355.0,440.25,-6.09880888211598,373.7175003051758,378.6820007324219,386.46900054931643,377.70125061035156,402.6869610069948,386.59744270969,380.92431540882615,67.19692139104565,21.217860630580358,5.132525627441911,108644.45,1.5127786094917872,494.8999938964844,272.8500061035156,-16.467973531041693,51.51181405495222,9.451581965493874,True,347.0,484.0,Uptrend,Strong Positive,No Breakout,GOACARBON,GOACARBON.NS,Goa Carbon Limited,,Unavailable,0,60,,79.0,Momentum Watch,-5,74.0,1.0632532017032854,Price is in an uptrend | Strong positive momentum | Strong volume confirmation | RSI supports positive momentum | Price is above 200 DMA,59,60
336.6000061035156,340.95001220703125,336.6000061035156,339.04998779296875,422556.0,337.29998779296875,0.5188259897222824,336.43999633789065,336.97099853515624,337.85999908447263,328.0308988189697,338.11868287770733,337.25390681340525,336.5761006916337,56.64061149582589,4.171439034598214,1.2303315690267433,289661.1,1.4587944325282203,411.29998779296875,240.39999389648438,-17.566253864409944,41.03577221343974,3.3591619001965216,True,332.8999938964844,342.79998779296875,Uptrend,Positive,Near Breakout,IIFLCAPS,IIFLCAPS.NS,IIFL Capital Services Limited,,Unavailable,0,60,,79.0,Momentum Watch,-5,74.0,0.609756702708872,Price is in an uptrend | Positive momentum | Price is close to resistance | Volume is above average | RSI supports positive momentum | Price is above 200 DMA,59,60
435.0,455.8999938964844,433.8500061035156,452.3500061035156,7424.0,435.0,3.988507150233467,424.24749755859375,422.2899981689453,421.68519927978514,359.9029496765137,433.1029788715723,426.9237595500619,421.65581573157425,76.6004441779676,13.735715593610491,3.0365237997735792,4780.5,1.5529756301642088,489.8999938964844,215.0,-7.664827160806833,110.39535167605379,25.68666261560089,True,405.70001220703125,452.70001220703125,Strong Uptrend,Strong Positive,Near Breakout,SOFTTECH,SOFTTECH.NS,Softtech Engineers Limited,,Unavailable,0,60,,79.0,Momentum Watch,-5,74.0,0.0075028113463912385,Strong price trend | Strong positive momentum | Price is close to resistance | Strong volume confirmation | RSI indicates overbought conditions | Price is above 200 DMA,59,60
976.0,992.5,963.5999755859375,985.7999877929688,205299.0,976.2000122070312,0.9834025267253965,956.9750030517578,918.3650024414062,890.2550006103515,911.0635021972656,965.6747734611683,952.2859359019541,926.1481549399466,65.22397619027757,20.675005231584823,2.097281952485361,213120.7,0.9632992008753725,1074.0,775.0999755859375,-8.212291639388384,27.183591645419984,8.203213652556242,True,885.5999755859375,993.4000244140625,Strong Uptrend,Strong Positive,No Breakout,ASAHIINDIA,ASAHIINDIA.NS,Asahi India Glass Limited,,Unavailable,0,60,,78.0,Momentum Watch,-5,73.0,0.07584865963280231,Strong price trend | Strong positive momentum | RSI supports positive momentum | Price is above 200 DMA,67,67
257.0,257.0,239.08999633789062,244.1300048828125,47854.0,258.17999267578125,-5.441935158241529,230.51449966430664,224.26179931640624,219.28419982910157,204.16915000915526,241.96797214272243,234.2774110807317,226.19621622650718,65.80368161779502,12.925713675362724,5.2946026366432655,35484.35,1.3485945212466905,265.0,147.25999450683594,-7.875469855542453,65.78162025632818,19.57242554610495,True,210.41000366210938,265.0,Strong Uptrend,Strong Positive,No Breakout,JAYAGROGN,JAYAGROGN.NS,Jayant Agro Organics Limited,,Unavailable,0,60,,78.0,Momentum Watch,-5,73.0,0.6189203547351568,Strong price trend | Strong positive momentum | Volume is above average | RSI supports positive momentum | Price is above 200 DMA,67,67
339.25,344.1000061035156,335.75,343.1499938964844,2957954.0,342.45001220703125,0.20440404862065442,336.6675033569336,333.8060009765625,310.723000793457,287.6391508483887,338.28386966216607,336.7998475858827,329.67532987437335,53.26686831477383,8.300003051757812,2.4187682352871076,2188729.25,1.351448106247038,355.79998779296875,233.4199981689453,-3.5553665909187986,47.00968065646132,19.298778655258523,True,326.3999938964844,348.0,Strong Uptrend,Positive,Near Breakout,JSWINFRA,JSWINFRA.NS,JSW Infrastructure Limited,,Unavailable,0,60,,78.0,Momentum Watch,-5,73.0,0.2895526031949627,Strong price trend | Positive momentum | Price is close to resistance | Volume is above average | RSI supports positive momentum | Price is above 200 DMA,67,67
180.99000549316406,180.99000549316406,166.38999938964844,169.63999938964844,85705.0,175.13999938964844,-3.140344877907475,157.60899810791017,150.1867988586426,125.8707999420166,98.62484998703003,163.49573837246794,158.93903171567976,147.85907713914685,69.5167404332818,8.35214124407087,4.923450409173088,43710.9,1.9607237554019705,180.99000549316406,56.0,-6.271067881670578,202.92857033865795,72.00533071731665,True,145.64999389648438,175.13999938964844,Strong Uptrend,Strong Positive,No Breakout,KANORICHEM,KANORICHEM.NS,Kanoria Chemicals & Industries Limited,,Unavailable,0,60,,78.0,Momentum Watch,-5,73.0,0.22926214008442897,Strong price trend | Strong positive momentum | Strong volume confirmation | RSI supports positive momentum | Price is above 200 DMA,67,67
123.9000015258789,129.8000030517578,121.52999877929688,128.52999877929688,734495.0,124.37000274658203,3.3448548209742412,123.35499954223633,122.10419982910156,114.21869987487793,118.46815006256104,124.30259009459789,123.0693863936003,120.50717897578303,56.775291754005025,4.967143467494419,3.8645790980078245,565944.4,1.297821835501862,182.82000732421875,94.19999694824219,-29.695879209020198,36.44373985480824,8.493294367661134,True,115.11000061035156,133.27999877929688,Strong Uptrend,Positive,No Breakout,MANAKCOAT,MANAKCOAT.NS,Manaksia Coated Metals & Industries Limited,,Unavailable,0,60,,78.0,Momentum Watch,-5,73.0,0.35394937765280676,Strong price trend | Positive momentum | Volume is above average | RSI supports positive momentum | Price is above 200 DMA,67,67
2390.0,2411.0,2274.39990234375,2373.0,409164.0,2388.89990234375,-0.6655742389269026,2224.859997558594,2139.976005859375,1978.4110009765625,1617.869499206543,2258.5654479991163,2212.8104543484897,2125.23540049405,62.40235012327807,92.83572823660714,3.91216722446722,228050.0,1.7941854856391142,2483.89990234375,966.7000122070312,-4.464749253345815,145.47429089012894,46.674376466321796,True,2049.5,2483.89990234375,Strong Uptrend,Strong Positive,No Breakout,NEOGEN,NEOGEN.NS,Neogen Chemicals Limited,,Unavailable,0,60,,78.0,Momentum Watch,-5,73.0,0.3428126811244204,Strong price trend | Strong positive momentum | Strong volume confirmation | RSI supports positive momentum | Price is above 200 DMA,67,67
31.0,36.689998626708984,29.969999313354492,33.22999954223633,438095.0,30.579999923706055,8.665793411189494,31.264000129699706,32.84460010528564,31.813300094604493,31.164950075149537,31.262390493816774,31.549950540567785,32.04283766688402,69.43941547532123,1.9378570829119002,5.831649442091702,34324.7,12.763257945444535,40.79999923706055,25.299999237060547,-18.553921167596577,31.34387566921176,6.626192123225732,True,29.600000381469727,35.54999923706055,Uptrend,Positive,No Breakout,NIBL,NIBL.NS,NRB Industrial Bearings Limited,,Unavailable,0,60,,78.0,Momentum Watch,-5,73.0,0.639118520990035,Price is in an uptrend | Positive momentum | Volume is more than 2x average | RSI supports positive momentum | Price is above 200 DMA,67,67
65.66999816894531,65.66999816894531,65.66999816894531,65.66999816894531,29308.0,64.38999938964844,1.9878844407982044,57.518999862670896,57.229599609375,43.70739988327026,28.666699962615965,61.10166448170796,58.93844109639553,54.5889172213644,66.25659661297664,2.7692854745047435,4.216972059874841,585799.15,0.05003079980570132,68.0199966430664,9.260000228881836,-3.4548641430440883,609.1792283559705,129.0811228867818,True,45.970001220703125,65.62000274658203,Strong Uptrend,Strong Positive,Breakout - Volume Confirmation Required,SANGINITA,SANGINITA.NS,Sanginita Chemicals Limited,,Unavailable,0,60,,78.0,Momentum Watch,-5,73.0,-0.0025378390917843415,Strong price trend | Strong positive momentum | Breakout requires volume confirmation | RSI supports positive momentum | Price is above 200 DMA,67,67
5.659999847412109,5.829999923706055,5.380000114440918,5.829999923706055,760515.0,5.559999942779541,4.856114814841805,5.308499979972839,4.996800003051757,4.610199997425079,4.714374997615814,5.480481602365034,5.360390474818449,5.077129561586698,67.85714772282947,0.27357132094247,4.692475549271779,433256.55,1.7553456491309827,6.831500053405762,3.200500011444092,-14.660032523902583,82.1590346152041,23.664322983522563,True,4.880000114440918,5.96999979019165,Strong Uptrend,Strong Positive,No Breakout,SIKKO,SIKKO.NS,Sikko Industries Limited,,Unavailable,0,60,,78.0,Momentum Watch,-5,73.0,0.1473683100988107,Strong price trend | Strong positive momentum | Strong volume confirmation | RSI supports positive momentum | Price is above 200 DMA,67,67
84.5,87.58999633789062,84.29000091552734,86.0,3491875.0,85.63999938964844,0.420365031430725,80.98400001525879,79.0518002319336,72.73270000457764,73.68274999618531,83.08089119830481,81.47162521932084,78.6435732742877,67.40530196646446,3.1642853873116628,3.6794016131530967,2422969.75,1.4411550123562211,95.0,54.439998626708984,-9.473684210526317,57.97208333838433,16.716599210062572,True,77.66000366210938,95.0,Strong Uptrend,Strong Positive,No Breakout,SMCGLOBAL,SMCGLOBAL.NS,SMC Global Securities Limited,,Unavailable,0,60,,78.0,Momentum Watch,-5,73.0,1.0791371644986003,Strong price trend | Strong positive momentum | Volume is above average | RSI supports positive momentum | Price is above 200 DMA,67,67
125.30000305175781,126.5,124.0,125.5,31941.0,126.30999755859375,-0.6412774714986469,123.20000038146972,124.65519989013671,124.14919982910156,124.3540998840332,124.09419103712855,123.80864985043007,123.82010721870768,59.46453745929973,3.9021432059151784,3.1092774549124926,15466.5,2.065173116089613,159.99000549316406,93.0,-21.55760004310877,34.946236559139784,0.9214815732134356,True,119.48999786376953,129.49000549316406,Uptrend,Positive,No Breakout,VRAJ,VRAJ.NS,Vraj Iron and Steel Limited,,Unavailable,0,60,,78.0,Momentum Watch,-5,73.0,0.6638941888407768,Price is in an uptrend | Positive momentum | Volume is more than 2x average | RSI supports positive momentum | Price is above 200 DMA | Price is near 200 DMA,67,67
1194.5,1240.199951171875,1167.699951171875,1224.4000244140625,113105.0,1194.5,2.503141432738598,1108.1950073242188,990.9890014648438,960.7654998779296,953.6612490844726,1178.257492178097,1120.8076688776068,1033.789242859023,73.7586043348856,57.803558349609375,4.720970042227115,115434.8,0.9798171781819693,1240.199951171875,855.2999877929688,-1.2739822109235708,43.15445362901571,28.38940720192864,True,921.0,1222.0,Strong Uptrend,Strong Positive,Breakout - Volume Confirmation Required,HATSUN,HATSUN.NS,Hatsun Agro Product Limited,,Unavailable,0,60,,76.0,52W High Watch,-3,73.0,-0.007910429205460735,Strong price trend | Strong positive momentum | Breakout requires volume confirmation | RSI indicates overbought conditions | Price is above 200 DMA | Price is near 52-week high,86,67
788.0,832.4500122070312,776.5,832.4500122070312,366669.0,792.8499755859375,4.994644364065004,735.0150024414063,654.5690002441406,534.4489994812012,357.28360023498533,776.2103412453457,742.9510978583669,663.8059184870033,77.36057119285185,39.47858101981027,4.742456656964034,319067.35,1.1491899750946,832.4500122070312,140.10000610351562,0.0,494.18270945110396,132.99418491627634,True,622.0,801.0,Strong Uptrend,Strong Positive,Breakout - Volume Confirmation Required,SIGMAADV,SIGMAADV.NS,SIGMA ADVANCED SYSTEMS LIMITED,,Unavailable,0,60,,76.0,52W High Watch,-3,73.0,-0.14944172194246366,Strong price trend | Strong positive momentum | Breakout requires volume confirmation | RSI indicates overbought conditions | Price is above 200 DMA | Price is near 52-week high,86,67
707.2000122070312,759.5499877929688,697.4000244140625,749.1500244140625,1159874.0,707.25,5.924358347693537,635.3399978637696,575.095,561.7759991455079,535.4977503967285,685.294429763832,643.3756499259839,596.0650332218083,79.37362159475663,35.15000261579241,4.691984445076206,918755.35,1.2624405398020269,759.5499877929688,422.0,-1.3692269825618084,77.52370246778733,39.89788451194196,True,501.95001220703125,749.7999877929688,Strong Uptrend,Strong Positive,Near Breakout,SOLARA,SOLARA.NS,Solara Active Pharma Sciences Limited,,Unavailable,0,60,,76.0,52W High Watch,-3,73.0,0.0026293015647665197,Strong price trend | Strong positive momentum | Price is close to resistance | Volume is above average | RSI indicates overbought conditions | Price is above 200 DMA | Price is near 52-week high,86,67
2705.0,2742.0,2662.800048828125,2727.89990234375,20275.0,2662.800048828125,2.444789406710246,2446.129992675781,2412.7780029296873,2198.8350061035158,1941.6179998779296,2559.806784359547,2495.231789366066,2395.51885712167,79.83733118661621,123.74283272879464,4.536194037855919,24608.35,0.8239073322672995,2750.0,523.5,-0.8036399147727272,421.08880656041066,40.496220292315705,True,2280.0,2710.0,Strong Uptrend,Strong Positive,Breakout - Volume Confirmation Required,SWANDEF,SWANDEF.NS,Swan Defence and Heavy Industries Limited,,Unavailable,0,60,,76.0,52W High Watch,-3,73.0,-0.039964068422619015,Strong price trend | Strong positive momentum | Breakout requires volume confirmation | RSI indicates overbought conditions | Price is above 200 DMA | Price is near 52-week high,86,67
118.55999755859375,129.89999389648438,118.55999755859375,127.91000366210938,234978.0,124.80000305175781,2.491987607613888,101.75800018310547,79.15080017089844,76.50930015563965,69.44295000076293,113.08021263303431,101.97963922484485,87.09472845403407,74.82636036992722,6.819999694824219,5.331873582648094,258050.1,0.9105906178683907,129.89999389648438,49.5099983215332,-1.5319402062180214,158.35186426673326,84.19436913423766,True,78.48999786376953,125.81999969482422,Strong Uptrend,Strong Positive,Breakout - Volume Confirmation Required,VALIANTLAB,VALIANTLAB.NS,Valiant Laboratories Limited,,Unavailable,0,60,,76.0,52W High Watch,-3,73.0,-0.04229064593422944,Strong price trend | Strong positive momentum | Breakout requires volume confirmation | RSI indicates overbought conditions | Price is above 200 DMA | Price is near 52-week high,86,67
1085.699951171875,1124.8499755859375,1060.550048828125,1113.75,35432.0,1085.699951171875,2.583591239720384,969.1599914550782,839.0899963378906,773.2919989013672,775.4384997558594,1035.9960716248643,973.217043701645,876.4770778251901,75.3699587091405,51.38927786690848,4.614076576153399,29114.65,1.2169818287357053,1134.699951171875,584.0999755859375,-1.846298763848424,90.67797407160414,43.62841158269227,True,812.0,1134.699951171875,Strong Uptrend,Strong Positive,Near Breakout,YUKEN,YUKEN.NS,Yuken India Limited,,Unavailable,0,60,,76.0,52W High Watch,-3,73.0,0.0694281728976802,Strong price trend | Strong positive momentum | Price is close to resistance | Volume is above average | RSI indicates overbought conditions | Price is above 200 DMA | Price is near 52-week high,86,67
417.8500061035156,469.0,414.54998779296875,463.45001220703125,10401534.0,417.45001220703125,11.019283424331693,376.9125015258789,381.56099975585937,385.7770001220703,368.42050018310545,406.93287573127196,389.1526744553819,382.3194672036209,91.94474483361198,20.046432495117188,4.325478901090652,926456.55,11.227222690583815,469.0,242.25,-1.183366267157516,91.31063455398606,25.79376337003397,True,349.25,444.0,Uptrend,Strong Positive,Confirmed Breakout,SMSPHARMA,SMSPHARMA.NS,SMS Pharmaceuticals Limited,,Unavailable,0,60,,80.0,Strong Breakout Watch,-8,72.0,-0.17031532511371938,Price is in an uptrend | Strong positive momentum | Confirmed price breakout | Volume is more than 2x average | RSI indicates overbought conditions | Price is above 200 DMA | Price is near 52-week high,54,90
188.00999450683594,206.63999938964844,186.9600067138672,206.63999938964844,41410.0,196.8000030517578,4.9999980616376005,202.24700012207032,177.31780029296874,160.89910018920898,155.02650047302245,208.69020496104935,204.33434621463513,186.73502180337252,58.45140887772728,12.230712890625,5.918850622701702,18099.3,2.287933787494544,284.20001220703125,92.31666564941406,-27.29064373188086,123.83823975444892,33.29333937045668,True,157.10000610351562,246.5,Strong Uptrend,Positive,No Breakout,UEL,UEL.NS,Ujaas Energy Limited,,Unavailable,0,60,,77.0,Momentum Watch,-5,72.0,0.8046024629056446,Strong price trend | Positive momentum | Volume is more than 2x average | RSI supports positive momentum | Price is above 200 DMA,82,90
1629.9000244140625,1691.5,1600.0999755859375,1674.699951171875,352268.0,1640.300048828125,2.0971713296189964,1648.3400024414063,1554.6319995117187,1364.3239990234374,1176.8775033569336,1648.9963037631244,1634.2668874364902,1544.7189085896152,57.09648452653543,58.385716029575896,3.4863389103654274,232744.0,1.513542776612931,1717.0,726.4500122070312,-2.463602144911182,130.53202877428015,42.300277335147385,True,1572.199951171875,1717.0,Strong Uptrend,Positive,No Breakout,AETHER,AETHER.NS,Aether Industries Limited,,Unavailable,0,60,,75.0,52W High Watch,-3,72.0,0.4126834032012195,Strong price trend | Positive momentum | Strong volume confirmation | RSI supports positive momentum | Price is above 200 DMA | Price is near 52-week high,104,90
970.0,981.9000244140625,931.0,968.75,204430.0,968.2000122070312,0.056805183436736684,900.2725006103516,894.4460021972657,863.7015008544922,789.9702496337891,933.6553974845219,912.2938894255869,887.7362467497567,66.54121283173092,43.96429007393973,4.538249297955069,138541.4,1.475587802635169,992.5999755859375,574.0,-2.4027781757559206,68.77177700348433,22.631200409013992,True,816.0,992.5999755859375,Strong Uptrend,Strong Positive,No Breakout,KSL,KSL.NS,Kalyani Steels Limited,,Unavailable,0,60,,75.0,52W High Watch,-3,72.0,0.15613731971153846,Strong price trend | Strong positive momentum | Volume is above average | RSI supports positive momentum | Price is above 200 DMA | Price is near 52-week high,104,90
81.72000122070312,84.5999984741211,81.19999694824219,84.2300033569336,16781160.0,83.05000305175781,1.4208311400547347,71.80400009155274,71.35100006103515,62.732399787902835,49.338699865341184,77.5775697266003,73.89255627812966,69.74176446820893,80.66525731818581,2.9535718645368303,3.5065555583807297,12873213.45,1.3035719531241052,84.5999984741211,30.0,-0.4373464821050564,180.7666778564453,70.71792241550816,True,65.0,83.5,Strong Uptrend,Strong Positive,Breakout - Volume Confirmation Required,PAISALO,PAISALO.NS,Paisalo Digital Limited,,Unavailable,0,60,,75.0,52W High Watch,-3,72.0,-0.03796168640139019,Strong price trend | Strong positive momentum | Breakout requires volume confirmation | Volume is above average | RSI indicates overbought conditions | Price is above 200 DMA | Price is near 52-week high,104,90
870.0,897.4500122070312,830.0,897.4000244140625,2409510.0,854.75,4.989765944903479,711.977505493164,625.8870037841797,559.2561999511719,352.3013998413086,800.2501003209892,735.3393947675986,652.051658456534,85.69541211744804,45.092860630580354,5.024833898352381,1650444.1,1.4599161522647146,897.4500122070312,84.5999984741211,-0.0055699807553424375,960.7565491724857,154.72508051863812,True,601.0,897.2999877929688,Strong Uptrend,Strong Positive,Breakout - Volume Confirmation Required,STLTECH,STLTECH.NS,Sterlite Technologies Limited,,Unavailable,0,60,,75.0,52W High Watch,-3,72.0,-0.00033750544147729774,Strong price trend | Strong positive momentum | Breakout requires volume confirmation | Volume is above average | RSI indicates overbought conditions | Price is above 200 DMA | Price is near 52-week high,104,90
1560.9000244140625,1614.9000244140625,1531.0,1610.0,296742.0,1568.0999755859375,2.6720250664123757,1513.1600036621094,1370.6580053710939,1211.9100091552734,1052.1932537841797,1550.6560170177395,1503.8612848766438,1389.6325704029334,62.81873341658114,65.84286934988839,4.089619214278782,224684.6,1.3207046677876455,1652.800048828125,695.0,-2.5895478922856556,131.65467625899282,53.013716274048136,True,1421.199951171875,1652.800048828125,Strong Uptrend,Strong Positive,No Breakout,UNIMECH,UNIMECH.NS,Unimech Aerospace and Manufacturing Limited,,Unavailable,0,60,,75.0,52W High Watch,-3,72.0,0.22669511524908673,Strong price trend | Strong positive momentum | Volume is above average | RSI supports positive momentum | Price is above 200 DMA | Price is near 52-week high,104,90
877.4000244140625,889.8499755859375,866.0,872.0,482620.0,884.4000244140625,-1.402083228375961,837.6825103759766,750.6360070800781,663.510004272461,613.9637522888183,851.5186630220543,829.3507536840106,765.0175172642181,61.78474734533123,37.89644077845982,4.345922107621539,392861.65,1.2284731787895304,896.0,462.0,-2.6785714285714284,88.74458874458875,42.02792864387168,True,795.5999755859375,896.0,Strong Uptrend,Strong Positive,No Breakout,VARROC,VARROC.NS,Varroc Engineering Limited,,Unavailable,0,60,,75.0,52W High Watch,-3,72.0,0.31413602527046397,Strong price trend | Strong positive momentum | Volume is above average | RSI supports positive momentum | Price is above 200 DMA | Price is near 52-week high,104,90
1208.300048828125,1237.699951171875,1181.0,1226.699951171875,1813.0,1228.9000244140625,-0.17902784591744547,1213.5999938964844,1217.7279931640626,1217.7539978027344,1211.1357479858398,1221.6994954364018,1218.784042578242,1219.4761710839568,55.10850298131982,40.642857142857146,3.3131864971569245,929.9,1.949672007742768,1457.5999755859375,950.0,-15.841110612069235,29.12631064967105,1.2850915524472821,True,1140.4000244140625,1260.4000244140625,Uptrend,Positive,No Breakout,APOLSINHOT,APOLSINHOT.NS,Apollo Sindoori Hotels Limited,,Unavailable,0,60,,76.0,Momentum Watch,-5,71.0,0.3904994419840191,Price is in an uptrend | Positive momentum | Strong volume confirmation | RSI supports positive momentum | Price is above 200 DMA | Price is near 200 DMA,86,98
210.10000610351562,222.0,205.25,217.22999572753906,61940.0,213.61000061035156,1.6946749247900517,199.16799850463866,189.9373992919922,186.14379974365235,181.8809999847412,208.4986536643236,201.71983000414582,193.71052985445633,78.12225638896457,8.595714024135045,3.956964596600291,36300.65,1.7063055344739004,295.0,125.0,-26.36271331269862,73.78399658203125,19.435232787241898,True,184.00999450683594,228.1999969482422,Strong Uptrend,Strong Positive,No Breakout,CHEMCON,CHEMCON.NS,Chemcon Speciality Chemicals Limited,,Unavailable,0,60,,76.0,Momentum Watch,-5,71.0,0.33022278198672916,Strong price trend | Strong positive momentum | Strong volume confirmation | RSI indicates overbought conditions | Price is above 200 DMA,86,98
140.77999877929688,142.6199951171875,135.8000030517578,140.52999877929688,16480.0,140.77999877929688,-0.177582044443636,135.17250137329103,138.31260131835938,139.3071002960205,134.27525005340576,137.76395667911137,136.67411319470258,137.51461063901294,64.30375991433459,3.6678575788225447,2.6100175127610545,11493.0,1.4339162968763595,274.79998779296875,95.30000305175781,-48.86098798331439,47.4606445741397,4.658154591708745,True,131.0,144.72999572753906,Uptrend,Strong Positive,No Breakout,CYBERTECH,CYBERTECH.NS,Cybertech Systems And Software Limited,,Unavailable,0,60,,76.0,Momentum Watch,-5,71.0,0.44071327242625985,Price is in an uptrend | Strong positive momentum | Volume is above average | RSI supports positive momentum | Price is above 200 DMA,86,98
485.5,489.04998779296875,468.04998779296875,472.1000061035156,142861.0,483.1000061035156,-2.2769612628907754,457.8675018310547,463.5440008544922,446.2570007324219,435.59274978637694,466.8690465030613,463.1272954154979,458.7049882689788,60.381537278412544,19.396432059151785,4.108543064686765,102758.1,1.390265098323149,551.9500122070312,352.6000061035156,-14.466890902715415,33.89109413824497,8.381052332721916,True,425.04998779296875,492.70001220703125,Uptrend,Strong Positive,No Breakout,SANATHAN,SANATHAN.NS,Sanathan Textiles Limited,,Unavailable,0,60,,76.0,Momentum Watch,-5,71.0,0.43783205284954935,Price is in an uptrend | Strong positive momentum | Volume is above average | RSI supports positive momentum | Price is above 200 DMA,86,98
524.4000244140625,528.0999755859375,518.5,523.7999877929688,18998.0,517.0999755859375,1.2956899097586128,495.13000030517577,493.7290020751953,500.2685009765625,487.8840000915527,514.1307901842601,503.3530405521543,496.65917358423684,71.63605825900348,16.307146344866073,3.113239160920227,15424.8,1.231652922566257,636.5,382.3999938964844,-17.706207730876866,36.97698644178361,7.361583428576529,True,466.0,542.0,Strong Uptrend,Strong Positive,No Breakout,SRHHYPOLTD,SRHHYPOLTD.NS,Sree Rayalaseema Hi-Strength Hypo Limited,,Unavailable,0,60,,76.0,Momentum Watch,-5,71.0,0.31487917042856617,Strong price trend | Strong positive momentum | Volume is above average | RSI indicates overbought conditions | Price is above 200 DMA,86,98
170.0,170.8000030517578,166.0500030517578,168.44000244140625,26257.0,169.83999633789062,-0.824301652538395,151.59499893188476,148.39979949951172,143.5684992980957,146.05849941253663,159.1599912928575,154.4323998876332,149.45378141255964,75.2801746604838,7.321427481515067,4.3466085106843355,17153.45,1.5307124805797083,179.3699951171875,119.05000305175781,-6.093545728559771,41.486768688427325,15.323656698439656,True,142.2100067138672,172.5,Strong Uptrend,Strong Positive,No Breakout,STARPAPER,STARPAPER.NS,Star Paper Mills Limited,,Unavailable,0,60,,76.0,Momentum Watch,-5,71.0,0.1547845299239271,Strong price trend | Strong positive momentum | Strong volume confirmation | RSI indicates overbought conditions | Price is above 200 DMA,86,98
1948.0,2044.4000244140625,1909.4000244140625,2020.0999755859375,301736.0,1949.0999755859375,3.6427069359875164,1667.3850036621093,1684.4260083007812,1568.2460021972656,1348.079500427246,1822.3883959381365,1727.065981002558,1656.209943212551,85.54993629647717,90.99286760602679,4.504374471844344,170549.1,1.7692031209780643,2044.4000244140625,890.0,-1.1886151701201209,126.97752534673454,49.85021098130402,True,1527.0999755859375,1998.0,Uptrend,Strong Positive,Confirmed Breakout,VENUSPIPES,VENUSPIPES.NS,Venus Pipes & Tubes Limited,,Unavailable,0,60,,78.0,Strong Breakout Watch,-8,70.0,-0.044827536685471604,Price is in an uptrend | Strong positive momentum | Confirmed price breakout | Strong volume confirmation | RSI indicates overbought conditions | Price is above 200 DMA | Price is near 52-week high,67,107
588.0,595.0,576.0,590.5999755859375,71818.0,589.5,0.18659467106658667,576.675,575.4380004882812,564.7434991455078,546.8027487182617,584.8288991972651,580.2686627324518,573.3486965175767,57.55079221646319,17.825003487723215,3.0181178842818155,69331.1,1.0358699054248381,697.5499877929688,394.79998779296875,-15.332236266739606,49.59472995111776,8.009693983861482,True,545.5,612.9000244140625,Strong Uptrend,Positive,No Breakout,AJAXENGG,AJAXENGG.NS,Ajax Engineering Limited,,Unavailable,0,60,,75.0,Momentum Watch,-5,70.0,0.4944581130788531,Strong price trend | Positive momentum | RSI supports positive momentum | Price is above 200 DMA,104,107
105.5999984741211,114.94999694824219,104.12999725341797,107.41999816894531,316936.0,106.20999908447266,1.1392515722651542,89.95950012207031,87.81859985351562,85.54029983520508,78.92889995574951,98.73890138243799,93.22028718244012,88.9449857381352,76.18375184489443,6.645713261195591,6.186662981266779,113189.45,2.8000489444908516,124.5999984741211,60.0,-13.788122404145934,79.03333028157552,36.09716875462469,True,82.05000305175781,124.5999984741211,Strong Uptrend,Strong Positive,No Breakout,BALPHARMA,BALPHARMA.NS,Bal Pharma Limited,,Unavailable,0,60,,75.0,Momentum Watch,-5,70.0,0.6771779113799192,Strong price trend | Strong positive momentum | Volume is more than 2x average | RSI indicates overbought conditions | Price is above 200 DMA,104,107
741.0,808.4000244140625,740.0,800.7999877929688,1663788.0,744.8499755859375,7.511581397719458,753.6375030517578,790.1550024414063,851.8940026855469,685.6965014648438,759.6143603759622,758.9912781624885,786.5624070404458,58.58310926483272,30.042859758649552,3.7516059211550026,414230.9,4.016571433951451,1103.0,443.04998779296875,-27.398006546421687,80.7470962322138,16.78636044988286,True,709.1500244140625,841.0,Uptrend,Positive,No Breakout,BBOX,BBOX.NS,Black Box Limited,,Unavailable,0,60,,75.0,Momentum Watch,-5,70.0,0.43862551303848646,Price is in an uptrend | Positive momentum | Volume is more than 2x average | RSI supports positive momentum | Price is above 200 DMA,104,107
1660.0,1677.5,1563.0999755859375,1572.9000244140625,2916939.0,1626.4000244140625,-3.2894736348318854,1432.2400024414062,1313.7580029296876,1206.489501953125,1062.1260006713867,1506.9788757255792,1441.9673358872085,1339.695476265377,67.71705944538444,64.12144252232143,4.076638154176899,2165394.9,1.3470702272366117,1677.5,716.7999877929688,-6.235467993200447,119.43360089291166,48.089776864497004,True,1309.0999755859375,1663.300048828125,Strong Uptrend,Strong Positive,No Breakout,CHENNPETRO,CHENNPETRO.NS,Chennai Petroleum Corporation Limited,,Unavailable,0,60,,75.0,Momentum Watch,-5,70.0,0.34268388052104304,Strong price trend | Strong positive momentum | Volume is above average | RSI supports positive momentum | Price is above 200 DMA,104,107
430.0,461.0,426.6499938964844,445.70001220703125,1336559.0,435.45001220703125,2.3538867178000578,390.5975051879883,405.36000366210936,395.9155017089844,379.86625045776367,420.07644975623725,404.4457821441339,398.6708706094256,81.55258537087386,17.23571559361049,3.8671113128900614,616829.55,2.1668206395105423,486.0,312.70001220703125,-8.292178558224023,42.53277736105231,17.330774100076958,True,360.75,454.0,Uptrend,Strong Positive,Near Breakout,IONEXCHANG,IONEXCHANG.NS,ION Exchange (India) Limited,,Unavailable,0,60,,75.0,Momentum Watch,-5,70.0,0.09770437434124073,Price is in an uptrend | Strong positive momentum | Price is close to resistance | Volume is more than 2x average | RSI indicates overbought conditions | Price is above 200 DMA,104,107
670.0,693.75,670.0,671.2999877929688,9891.0,677.2999877929688,-0.8858703836023163,656.7999938964844,651.2909948730469,669.6724981689454,626.898998260498,671.1922330948865,661.7161929811587,657.9110188360256,62.20130458744709,24.457157679966517,3.643253109593261,24245.55,0.40795114979862285,1026.449951171875,365.0,-34.5998324588003,83.91780487478596,7.082638456222348,True,620.0999755859375,714.9500122070312,Strong Uptrend,Strong Positive,No Breakout,JINDALPOLY,JINDALPOLY.NS,Jindal Poly Films Limited,,Unavailable,0,60,,75.0,Momentum Watch,-5,70.0,0.8525393360759411,Strong price trend | Strong positive momentum | RSI supports positive momentum | Price is above 200 DMA,104,107
635.0,635.0,619.0999755859375,623.5,34328.0,634.4000244140625,-1.7181626725392807,619.3674987792969,606.3400012207031,629.0805004882812,583.1492491149902,625.7025846633269,619.164919991114,614.5918263934844,56.1323807479311,15.114292689732142,2.424104681592966,37818.95,0.9076931009454255,770.0,440.0,-19.025974025974026,41.70454545454545,6.919455173139237,True,591.9500122070312,648.4000244140625,Strong Uptrend,Positive,No Breakout,LINCOLN,LINCOLN.NS,Lincoln Pharmaceuticals Limited,,Unavailable,0,60,,75.0,Momentum Watch,-5,70.0,0.7892245340142964,Strong price trend | Positive momentum | RSI supports positive momentum | Price is above 200 DMA,104,107
83.80000305175781,84.9000015258789,83.05000305175781,84.19999694824219,21676225.0,84.3499984741211,-0.17783228048893207,83.03899917602538,81.50139953613281,82.34029991149902,73.64999988555908,84.25982613721595,83.35176609484846,82.35680170682627,61.36364086741297,2.497858319963728,2.9665776846751712,16537423.0,1.3107377733519907,94.5,53.52000045776367,-10.899474128844245,57.32435767576314,14.324503841243988,True,79.5999984741211,87.5,Strong Uptrend,Positive,No Breakout,MAHABANK,MAHABANK.NS,Bank of Maharashtra,,Unavailable,0,60,,75.0,Momentum Watch,-5,70.0,0.7173922057416189,Strong price trend | Positive momentum | Volume is above average | RSI supports positive momentum | Price is above 200 DMA,104,107
873.0,904.0,819.0999755859375,866.0999755859375,4525404.0,876.4500122070312,-1.1809043843847733,738.8975006103516,624.5159985351562,586.2009982299804,494.76799911499023,806.8468189527226,746.7059756160776,660.9385372981767,72.44561565291761,51.37500435965402,5.931763746430958,1542131.75,2.9345119183234507,944.0,302.04998779296875,-8.25212123030323,186.74060936548693,75.0517368009173,True,570.7999877929688,944.0,Strong Uptrend,Strong Positive,No Breakout,MANINDS,MANINDS.NS,Man Industries (India) Limited,,Unavailable,0,60,,75.0,Momentum Watch,-5,70.0,0.2637996194861927,Strong price trend | Strong positive momentum | Volume is more than 2x average | RSI indicates overbought conditions | Price is above 200 DMA,104,107
1773.5,1854.0999755859375,1725.9000244140625,1845.199951171875,171393.0,1743.5,5.833091549863778,1698.0899841308594,1453.8019946289062,1221.1599963378906,1005.8894989013672,1746.9479725119813,1673.3319576450247,1490.4340845054317,60.86542819160167,105.95000348772321,5.741925335540738,137824.4,1.2435606467359916,1943.699951171875,561.2999877929688,-5.067654600732661,228.73685930890542,83.4396276317829,True,1389.5999755859375,1943.699951171875,Strong Uptrend,Strong Positive,No Breakout,RPEL,RPEL.NS,Raghav Productivity Enhancers Limited,,Unavailable,0,60,,75.0,Momentum Watch,-5,70.0,0.21619843125171645,Strong price trend | Strong positive momentum | Volume is above average | RSI supports positive momentum | Price is above 200 DMA,104,107
1590.0,1616.0999755859375,1571.4000244140625,1585.0,1170229.0,1591.0999755859375,-0.38338103698927206,1516.7699951171876,1396.1299975585937,1275.407498779297,1102.0807482910157,1583.8910441726498,1529.5003087658067,1421.398002770271,67.72045990352183,57.207144601004465,3.609283571041291,847907.85,1.380137004274698,1697.0,783.8499755859375,-6.599882144961697,102.20706121923307,43.81886286080597,True,1409.0,1697.0,Strong Uptrend,Strong Positive,No Breakout,SAILIFE,SAILIFE.NS,Sai Life Sciences Limited,,Unavailable,0,60,,75.0,Momentum Watch,-5,70.0,0.6363636363636364,Strong price trend | Strong positive momentum | Volume is above average | RSI supports positive momentum | Price is above 200 DMA,104,107
197.0,204.8699951171875,192.3000030517578,198.92999267578125,15203480.0,196.32000732421875,1.329454591580248,175.68400115966796,175.12800048828126,157.14700004577637,152.28670001983642,182.82607106594298,177.68147094506162,170.9318720643619,77.15721553708491,7.637857709612165,3.8394701607718082,5373587.2,2.829298089737894,212.3300018310547,115.36000061035156,-6.310935355209701,72.4427805333513,30.62860555115399,True,165.99000549316406,212.3300018310547,Strong Uptrend,Strong Positive,No Breakout,SHAREINDIA,SHAREINDIA.NS,Share India Securities Limited,,Unavailable,0,60,,75.0,Momentum Watch,-5,70.0,0.40680067909512657,Strong price trend | Strong positive momentum | Volume is more than 2x average | RSI indicates overbought conditions | Price is above 200 DMA,104,107
2197.39990234375,2231.89990234375,2158.0,2192.60009765625,19444.0,2197.39990234375,-0.21843109587746934,2099.2050231933595,2024.5920092773438,1867.6640002441407,1776.507496948242,2139.8469104422284,2107.3519054137055,2023.2001857484765,72.40690118645085,60.914271763392854,2.7781751824469194,9248.0,2.1025086505190314,2286.60009765625,1443.5999755859375,-4.1109068479595265,51.884187776208826,23.421944541342434,True,1995.0,2246.39990234375,Strong Uptrend,Strong Positive,No Breakout,THEJO,THEJO.NS,Thejo Engineering Limited,,Unavailable,0,60,,75.0,Momentum Watch,-5,70.0,0.2722660834970409,Strong price trend | Strong positive momentum | Volume is more than 2x average | RSI indicates overbought conditions | Price is above 200 DMA,104,107
133.0,146.0,126.41000366210938,128.89999389648438,5650401.0,133.13999938964844,-3.184621836113455,123.11949882507324,107.96819946289062,99.09169975280761,96.85014995574952,130.9601309462203,124.11037897413453,112.32019662060699,60.51574054840183,8.821428571428571,6.8436221793096355,3337228.1,1.6931419821138387,146.99000549316406,78.66999816894531,-12.306967086630243,63.84898550482892,33.09219857210166,True,108.30000305175781,146.99000549316406,Strong Uptrend,Positive,No Breakout,TNPETRO,TNPETRO.NS,Tamilnadu PetroProducts Limited,,Unavailable,0,60,,75.0,Momentum Watch,-5,70.0,0.8781562930311005,Strong price trend | Positive momentum | Strong volume confirmation | RSI supports positive momentum | Price is above 200 DMA,104,107
95.70999908447266,100.30000305175781,94.91999816894531,98.88999938964844,369808.0,95.70999908447266,3.3225371806441473,88.0400001525879,83.6333999633789,84.46020004272461,77.17160009384155,94.74560625133056,90.27135373959797,85.86508488006056,73.30698796304598,4.388572147914341,4.437832111437677,234225.8,1.578852543144265,101.29000091552734,50.310001373291016,-2.3694357825906542,96.56131323850046,28.14299466305878,True,74.5999984741211,101.29000091552734,Strong Uptrend,Strong Positive,No Breakout,AAREYDRUGS,AAREYDRUGS.NS,Aarey Drugs & Pharmaceuticals Limited,,Unavailable,0,60,,73.0,52W High Watch,-3,70.0,0.09880615213747107,Strong price trend | Strong positive momentum | Strong volume confirmation | RSI indicates overbought conditions | Price is above 200 DMA | Price is near 52-week high,131,107
1943.0,1981.800048828125,1918.0999755859375,1969.0,2277375.0,1945.0,1.2339331619537264,1870.445001220703,1751.3620043945311,1544.5055041503906,1291.111001586914,1916.655556912799,1876.9173136859517,1757.4118539342755,70.89589078925341,53.50715855189732,2.7174788497662425,3578275.7,0.6364448105549831,1981.800048828125,823.0999755859375,-0.6458799330282541,139.21759912559034,52.5043158628412,True,1769.4000244140625,1955.0,Strong Uptrend,Strong Positive,Breakout - Volume Confirmation Required,LAURUSLABS,LAURUSLABS.NS,Laurus Labs Limited,,Unavailable,0,60,,73.0,52W High Watch,-3,70.0,-0.07014028914032767,Strong price trend | Strong positive momentum | Breakout requires volume confirmation | RSI indicates overbought conditions | Price is above 200 DMA | Price is near 52-week high,131,107
301.0,301.0,300.20001220703125,300.29998779296875,1868.0,315.95001220703125,-4.953322933821436,287.5334976196289,235.11619934082032,228.2759994506836,226.35644989013673,330.08418667096976,301.4103767719843,258.23248377197365,62.28862795815871,25.25071280343192,8.408496113839384,503.35,3.7111353928677855,429.6499938964844,155.0,-30.105901999542432,93.74192760836694,32.66685704724601,True,200.0,429.6499938964844,Strong Uptrend,Neutral,No Breakout,NIRAJISPAT,NIRAJISPAT.NS,Niraj Ispat Industries Limited,,Unavailable,0,60,,73.0,Neutral Watch,-3,70.0,1.289631324487393,Strong price trend | Volume is more than 2x average | RSI supports positive momentum | Price is above 200 DMA,131,107
289.6000061035156,298.3999938964844,281.29998779296875,295.1000061035156,1776446.0,291.8500061035156,1.1135857228138146,277.49999847412107,282.38919860839843,246.64409927368163,232.54409980773926,287.8395446396908,282.44834748828714,272.7519407253964,71.75441367402391,11.307146344866071,3.8316320267712,938501.85,1.892852954951554,311.489990234375,158.0,-5.26180122787478,86.77215576171875,26.900663722492112,True,258.29998779296875,300.70001220703125,Uptrend,Strong Positive,Near Breakout,AEGISVOPAK,AEGISVOPAK.NS,Aegis Vopak Terminals Limited,,Unavailable,0,60,,74.0,Momentum Watch,-5,69.0,0.1521740031827828,Price is in an uptrend | Strong positive momentum | Price is close to resistance | Strong volume confirmation | RSI indicates overbought conditions | Price is above 200 DMA,125,129
1432.0,1442.0,1401.0999755859375,1435.699951171875,107494.0,1432.0,0.25837647848288015,1399.4149963378907,1352.27599609375,1326.0739965820312,1236.42,1413.6383949649,1395.6170738189705,1362.6615250900502,62.8078822671039,33.82856968470982,2.356242309341698,172230.6,0.6241283488532235,1479.5999755859375,1007.0999755859375,-2.9670198120054456,42.55783794817145,16.117496576557716,True,1342.800048828125,1452.699951171875,Strong Uptrend,Strong Positive,No Breakout,KPIL,KPIL.NS,Kalpataru Projects International Limited,,Unavailable,0,60,,72.0,52W High Watch,-3,69.0,0.18299265737757478,Strong price trend | Strong positive momentum | RSI supports positive momentum | Price is above 200 DMA | Price is near 52-week high,143,129
22385.0,24050.0,22055.0,23630.0,65881.0,22385.0,5.561760107214653,21667.5,19458.84,18330.27,17928.25,22841.4052959534,21831.402022401282,20148.836131385222,68.59125263288317,1041.0714285714287,4.405719122181247,58518.3,1.1258187609687909,24125.0,13498.0,-2.051813471502591,75.06297229219143,31.803159817606293,True,18871.0,24125.0,Strong Uptrend,Strong Positive,No Breakout,PTCIL,PTCIL.NS,PTC Industries Limited,,Unavailable,0,60,,72.0,52W High Watch,-3,69.0,0.10401344820340408,Strong price trend | Strong positive momentum | RSI supports positive momentum | Price is above 200 DMA | Price is near 52-week high,143,129
408.0,416.5,406.0,412.54998779296875,3209425.0,410.79998779296875,0.425998065238975,393.4124984741211,381.5749987792969,364.72749969482425,336.37274993896483,405.83238997464895,396.9724348712864,383.5323839307324,65.29366249181774,8.960715157645089,2.1720313714181643,3376517.2,0.950513446222042,420.3999938964844,261.6000061035156,-1.8672707463094165,57.70259104264773,22.646673331245278,True,375.0,420.3999938964844,Strong Uptrend,Strong Positive,No Breakout,RBLBANK,RBLBANK.NS,RBL Bank Limited,,Unavailable,0,60,,72.0,52W High Watch,-3,69.0,0.20905482437961118,Strong price trend | Strong positive momentum | RSI supports positive momentum | Price is above 200 DMA | Price is near 52-week high,143,129
395.8500061035156,396.8500061035156,384.20001220703125,393.70001220703125,7473984.0,392.0,0.43367658342634563,360.94749908447267,325.4839990234375,282.14289947509764,267.92909912109377,377.4684592602789,363.4923475351618,332.4752372202093,64.60672738795091,13.939285278320312,3.5405854320853294,6749220.9,1.1073847056924748,403.25,191.30999755859375,-2.3682548773636083,105.79165607194689,46.94186391045708,True,322.70001220703125,403.25,Strong Uptrend,Strong Positive,No Breakout,REDINGTON,REDINGTON.NS,Redington Limited,,Unavailable,0,60,,72.0,52W High Watch,-3,69.0,0.13450687032350353,Strong price trend | Strong positive momentum | RSI supports positive momentum | Price is above 200 DMA | Price is near 52-week high,143,129
935.0,975.0,910.0,961.1500244140625,1471659.0,939.9000244140625,2.260878758168694,894.7700012207031,755.5639990234375,630.4514990234375,481.6102493286133,940.2757292035946,894.136226087591,783.9646046089808,66.624596028447,43.80000523158482,4.557041473133836,1276542.5,1.1528476333533744,980.0999755859375,259.5,-1.933471242109364,270.3853658628372,99.57009340103322,True,802.3499755859375,980.0999755859375,Strong Uptrend,Strong Positive,No Breakout,SHILPAMED,SHILPAMED.NS,Shilpa Medicare Limited,,Unavailable,0,60,,72.0,52W High Watch,-3,69.0,0.1193321495283998,Strong price trend | Strong positive momentum | RSI supports positive momentum | Price is above 200 DMA | Price is near 52-week high,143,129
888.0,905.0,859.9500122070312,897.4500122070312,168282.0,893.8499755859375,0.402756247628,852.4075012207031,772.2799987792969,685.4000009155274,579.626251525879,884.1960185966466,855.3830089081853,787.1814356845746,68.27585757403105,36.078578404017854,4.020121222717745,187045.45,0.899685076541557,915.9500122070312,399.79998779296875,-2.0197608770617563,124.47474727582136,54.83253386893264,True,794.0499877929688,915.9500122070312,Strong Uptrend,Strong Positive,No Breakout,UNIPARTS,UNIPARTS.NS,Uniparts India Limited,,Unavailable,0,60,,72.0,52W High Watch,-3,69.0,0.1789167856084566,Strong price trend | Strong positive momentum | RSI supports positive momentum | Price is above 200 DMA | Price is near 52-week high,143,129
5.179999828338623,5.179999828338623,5.179999828338623,5.179999828338623,85364.0,5.079999923706055,1.9685020892601601,4.302999973297119,3.2636000061035157,2.6566000068187714,2.188500003218651,4.787722044403476,4.340786985476073,3.5685186530550213,,0.09642853055681501,1.8615547056445068,32985.95,2.587889692429656,5.179999828338623,1.2999999523162842,0.0,298.46153987229934,136.6917898432872,True,3.5,5.079999923706055,Strong Uptrend,Insufficient Data,Confirmed Breakout,IMPEXFERRO,IMPEXFERRO.NS,Impex Ferro Tech Limited,,Unavailable,0,60,,76.0,Strong Breakout Watch,-8,68.0,-0.059523758839582594,Strong price trend | Confirmed price breakout | Volume is more than 2x average | Price is above 200 DMA | Price is near 52-week high,86,137
3.3299999237060547,3.3299999237060547,3.319999933242798,3.3299999237060547,2178546.0,3.2699999809265137,1.8348606461624728,2.7795000076293945,2.266599998474121,1.686199998855591,1.422499998807907,3.0852680056881874,2.832618148765642,2.36228866312997,,0.060714278902326314,1.8232516604611695,475284.4,4.583668220543321,3.3299999237060547,0.6800000071525574,0.0,389.70586598228846,134.09489817199884,True,2.319999933242798,3.2699999809265137,Strong Uptrend,Insufficient Data,Confirmed Breakout,SUPREMEENG,SUPREMEENG.NS,Supreme Engineering Limited,,Unavailable,0,60,,76.0,Strong Breakout Watch,-8,68.0,-0.05940588450106899,Strong price trend | Confirmed price breakout | Volume is more than 2x average | Price is above 200 DMA | Price is near 52-week high,86,137
9.149999618530273,9.399999618530273,9.039999961853027,9.100000381469727,134797.0,9.140000343322754,-0.4376363276862416,8.745000076293945,8.886199951171875,8.915799951553344,8.745949976444244,8.813599196908362,8.794479570632525,8.859432023206985,63.82977284333056,0.4249998501368931,4.670327827703366,162129.15,0.8314174224684457,13.399999618530273,7.210000038146973,-32.08954745874967,26.213596856075732,4.0481640757042765,True,8.0600004196167,9.979999542236328,Uptrend,Strong Positive,No Breakout,AAKASH,AAKASH.NS,Aakash Exploration Services Limited,,Unavailable,0,60,,73.0,Momentum Watch,-5,68.0,0.846153070235365,Price is in an uptrend | Strong positive momentum | RSI supports positive momentum | Price is above 200 DMA,131,137
1400.0,1416.199951171875,1389.4000244140625,1412.199951171875,902109.0,1400.199951171875,0.8570204555397032,1339.539990234375,1362.6459985351562,1435.5740002441407,1344.3875006103515,1376.4969655161112,1358.0336121126766,1369.716256485315,66.1237781778311,35.078578404017854,2.483966833089667,967003.5,0.9328911425863505,1798.0,971.0999755859375,-21.457177354178253,45.42271513494672,5.044114924509242,True,1261.0,1426.9000244140625,Uptrend,Strong Positive,No Breakout,GESHIP,GESHIP.NS,The Great Eastern Shipping Company Limited,,Unavailable,0,60,,73.0,Momentum Watch,-5,68.0,0.0972227380250761,Price is in an uptrend | Strong positive momentum | RSI supports positive momentum | Price is above 200 DMA,131,137
234.0,238.8000030517578,221.4199981689453,223.8699951171875,1450380.0,231.72999572753906,-3.39187880519064,205.44599990844728,205.61799957275392,181.83979934692383,167.80274971008302,216.83845245072993,210.08576767826858,199.9978678305402,69.32677105806617,12.446427481515068,5.559667553930053,861090.35,1.6843528672688064,248.8800048828125,103.52999877929688,-10.049023334518656,116.23683739669404,33.41259038005828,True,185.0,235.0,Uptrend,Strong Positive,No Breakout,IKIO,IKIO.NS,IKIO Technologies Limited,,Unavailable,0,60,,73.0,Momentum Watch,-5,68.0,0.2863392405699337,Price is in an uptrend | Strong positive momentum | Strong volume confirmation | RSI supports positive momentum | Price is above 200 DMA,131,137
595.2999877929688,634.0,561.6500244140625,627.9000244140625,40702.0,595.2999877929688,5.476236736028839,532.7074981689453,491.8089990234375,478.02099975585935,463.85624984741213,577.5019163867763,545.2775776248419,509.01116818513526,70.54828818986432,34.82143293108259,5.5456970181800695,26752.5,1.5214279039342118,650.0,357.29998779296875,-3.3999962439903846,75.73468957907947,35.36521812967129,True,487.0,650.0,Strong Uptrend,Strong Positive,No Breakout,NRAIL,NRAIL.NS,N R Agarwal Industries Limited,,Unavailable,0,60,,73.0,Momentum Watch,-5,68.0,0.1568486285069218,Strong price trend | Strong positive momentum | Strong volume confirmation | RSI indicates overbought conditions | Price is above 200 DMA,131,137
21.43000030517578,24.670000076293945,21.43000030517578,23.709999084472656,1605579.0,21.700000762939453,9.262664750528483,21.48400001525879,22.8553999710083,23.367299995422364,22.44955002784729,21.69875722670382,21.829991689106766,22.506764476944287,70.9774373550666,1.1157142094203405,4.705669559266267,233689.5,6.870565429768988,26.899999618530273,16.100000381469727,-11.858738212992986,47.267071569523985,5.614584947412555,True,19.260000228881836,26.600000381469727,Uptrend,Positive,No Breakout,PRIMO,PRIMO.NS,Primo Chemicals Limited,,Unavailable,0,60,,73.0,Momentum Watch,-5,68.0,0.6494386607237382,Price is in an uptrend | Positive momentum | Volume is more than 2x average | RSI indicates overbought conditions | Price is above 200 DMA,131,137
365.0,365.79998779296875,333.2699890136719,333.2699890136719,129115.0,370.29998779296875,-9.999999999999998,269.0599983215332,238.30279907226563,216.7695997619629,211.55229988098145,304.05042432998926,276.8116912365487,247.59683255273896,73.41541502104627,21.912858145577566,6.57510693069895,84677.65,1.524782513449535,400.0,165.25,-16.68250274658203,101.67624146061837,57.53550739045066,True,236.5,400.0,Strong Uptrend,Strong Positive,No Breakout,SREEL,SREEL.NS,Sreeleathers Limited,,Unavailable,0,60,,73.0,Momentum Watch,-5,68.0,0.6895734066571028,Strong price trend | Strong positive momentum | Strong volume confirmation | RSI indicates overbought conditions | Price is above 200 DMA,131,137
52.0,52.5,50.54999923706055,51.9900016784668,23362.0,52.06999969482422,-0.15363552300035055,49.70550003051758,48.82739997863769,47.11010002136231,46.99065004348755,50.740330331256224,49.82873292639961,48.751181968643735,64.3633558078613,2.090000425066267,4.020004534702492,102883.0,0.22707347180778165,64.75,33.5099983215332,-19.706561114336992,55.14772987934924,10.639034851300403,True,46.5,53.47999954223633,Strong Uptrend,Strong Positive,No Breakout,AARTECH,AARTECH.NS,Aartech Solonics Limited,,Unavailable,0,60,,72.0,Momentum Watch,-5,67.0,0.2714020780018497,Strong price trend | Strong positive momentum | RSI supports positive momentum | Price is above 200 DMA,143,150
437.0,444.0,426.1499938964844,428.5,173089.0,437.0,-1.94508009153318,420.1375,414.43500061035155,396.33050048828125,386.7092501831055,426.0162768521149,422.2377240625339,412.78100672045963,56.21500774216787,13.746429443359375,3.2080348759298425,155397.2,1.1138488981783454,534.5499877929688,318.95001220703125,-19.83911518375002,34.34707120244899,10.806762392445158,True,404.5,443.75,Strong Uptrend,Positive,No Breakout,AARTIDRUGS,AARTIDRUGS.NS,Aarti Drugs Limited,,Unavailable,0,60,,72.0,Momentum Watch,-5,67.0,0.6354166666666666,Strong price trend | Positive momentum | RSI supports positive momentum | Price is above 200 DMA,143,150
938.0999755859375,952.0,932.7000122070312,940.9000244140625,844305.0,942.2999877929688,-0.1485687569820704,913.8474975585938,845.0880029296875,809.0349987792969,735.6505020141601,935.4600662885298,913.4983282711727,864.4799228739048,63.95830125889696,32.67856706891741,3.473117889359999,839032.05,1.0062845632654913,977.5499877929688,579.1500244140625,-3.7491651410739104,62.462226495801254,27.900412198176095,True,865.6500244140625,977.5499877929688,Strong Uptrend,Strong Positive,No Breakout,ANTHEM,ANTHEM.NS,Anthem Biosciences Limited,,Unavailable,0,60,,72.0,Momentum Watch,-5,67.0,0.4870427027097176,Strong price trend | Strong positive momentum | RSI supports positive momentum | Price is above 200 DMA,143,150
17200.0,17558.0,16686.0,17500.0,169196.0,17342.0,0.911082920078421,17206.05,15662.2,14710.125,12012.6225,17413.491060721135,17098.784430489828,16101.469957374857,57.5374531835206,642.2142857142857,3.6697959183673468,138164.8,1.2245955554526191,18465.0,6801.0,-5.226103438938532,157.3151007204823,45.68009608226681,True,16199.0,18395.0,Strong Uptrend,Positive,No Breakout,APARINDS,APARINDS.NS,Apar Industries Limited,,Unavailable,0,60,,72.0,Momentum Watch,-5,67.0,0.6879323597232898,Strong price trend | Positive momentum | Volume is above average | RSI supports positive momentum | Price is above 200 DMA,143,150
1657.0,1673.5,1615.5,1656.0,4881695.0,1658.300048828125,-0.1386991955858896,1561.1700012207032,1411.0539990234374,1194.1199993896485,955.1129989624023,1616.8722162515392,1567.7472292761381,1424.2147098468365,68.09345442393249,67.63568987165179,4.084280789350954,5059419.65,0.9648725224838781,1744.0,529.2000122070312,-5.045871559633028,212.92516284979737,73.3826261184817,True,1421.699951171875,1744.0,Strong Uptrend,Strong Positive,No Breakout,ATHERENERG,ATHERENERG.NS,Ather Energy Limited,,Unavailable,0,60,,72.0,Momentum Watch,-5,67.0,0.37558677618780173,Strong price trend | Strong positive momentum | RSI supports positive momentum | Price is above 200 DMA,143,150
427.0,433.0,418.20001220703125,431.0,6548117.0,429.5,0.34924330616996624,425.6675003051758,415.0770007324219,405.1801007080078,338.84145072937014,428.5121427567398,425.198678435719,415.2899437265766,60.876806201875965,12.453576224190849,2.889460840879547,6820293.0,0.9600932100717667,446.5,219.4199981689453,-3.4714445688689812,96.42694540000218,27.198133248531075,True,408.1499938964844,442.6499938964844,Strong Uptrend,Strong Positive,No Breakout,BHEL,BHEL.NS,Bharat Heavy Electricals Limited,,Unavailable,0,60,,72.0,Momentum Watch,-5,67.0,0.5098464238349567,Strong price trend | Strong positive momentum | RSI supports positive momentum | Price is above 200 DMA,143,150
187.8000030517578,189.0,187.0500030517578,188.02999877929688,1118348.0,188.05999755859375,-0.015951706735251037,187.37500228881837,186.57140106201172,185.2993005371094,185.3836003112793,188.07898268664385,187.65376031967273,186.79538135263172,55.123673959049434,2.4149976457868303,1.2843682717997946,1840214.4,0.6077270126785227,210.75,170.10000610351562,-10.780546249443951,10.540853634578836,1.4275256622344012,True,184.10000610351562,191.8000030517578,Strong Uptrend,Positive,No Breakout,CASTROLIND,CASTROLIND.NS,Castrol India Limited,,Unavailable,0,60,,72.0,Momentum Watch,-5,67.0,0.959290406746494,Strong price trend | Positive momentum | RSI supports positive momentum | Price is above 200 DMA | Price is near 200 DMA,143,150
906.8499755859375,912.5,889.0,909.0,2163164.0,914.5499877929688,-0.606854504078258,891.4375,889.7849975585938,890.8979992675781,782.5704989624023,904.4619318803841,896.0429139378783,890.2042148294668,58.01118625461645,23.600001743861608,2.5962598178065575,2487467.65,0.8696249778363953,980.9000244140625,525.5,-7.330005364921033,72.97811607992388,16.15566919596746,True,860.2000122070312,931.0,Strong Uptrend,Positive,No Breakout,CGPOWER,CGPOWER.NS,CG Power and Industrial Solutions Limited,,Unavailable,0,60,,72.0,Momentum Watch,-5,67.0,0.45081978490104924,Strong price trend | Positive momentum | RSI supports positive momentum | Price is above 200 DMA,143,150
1190.0,1225.0,1180.0999755859375,1207.800048828125,1164.0,1195.9000244140625,0.9950684982963365,1161.9000061035156,1149.97,1147.1479919433593,1092.896496887207,1179.0546275165873,1166.4600044597892,1152.0673151607464,59.85784304650474,30.664306640625,2.5388562179954555,1183.5,0.9835234474017744,1370.5,898.0,-11.8715761526359,34.4988918516843,10.513671904721713,True,1101.0,1234.9000244140625,Strong Uptrend,Positive,No Breakout,CHEVIOT,CHEVIOT.NS,Cheviot Company Limited,,Unavailable,0,60,,72.0,Momentum Watch,-5,67.0,0.25374497374575095,Strong price trend | Positive momentum | RSI supports positive momentum | Price is above 200 DMA,143,150
94.0,97.18000030517578,91.1500015258789,96.30999755859375,19934.0,93.58000183105469,2.9172853965825807,90.63550033569337,86.16300003051758,83.76580001831054,84.77225025177002,93.64474082188686,91.42078824610084,87.816074864419,64.71843464426277,3.9978561401367188,4.151029219686643,51919.55,0.38394015356450506,104.4000015258789,73.3499984741211,-7.749045832417721,31.3019762264525,13.610287886138575,True,85.01000213623047,104.4000015258789,Strong Uptrend,Strong Positive,No Breakout,CINELINE,CINELINE.NS,Cineline India Limited,,Unavailable,0,60,,72.0,Momentum Watch,-5,67.0,0.7159298446506107,Strong price trend | Strong positive momentum | RSI supports positive momentum | Price is above 200 DMA,143,150
136.5,138.3699951171875,130.32000732421875,135.0800018310547,31656.0,134.49000549316406,0.43869158583729195,123.61100158691406,117.35640029907226,107.66380027770997,103.99805015563965,128.77107242851113,124.41786970198415,117.86900515591391,64.85320246084294,7.832142421177456,5.798150958698653,28646.85,1.1050429628388463,156.7899932861328,73.51000213623047,-13.846541478867614,83.75730908117951,29.88705233309561,True,111.0,142.0,Strong Uptrend,Strong Positive,No Breakout,CPCAP,CPCAP.NS,CP Capital Limited,,Unavailable,0,60,,72.0,Momentum Watch,-5,67.0,0.28737531738975874,Strong price trend | Strong positive momentum | RSI supports positive momentum | Price is above 200 DMA,143,150
4711.0,4721.7001953125,4656.2998046875,4697.89990234375,24019.0,4721.7001953125,-0.5040619265148982,4644.8400390625,4451.65201171875,4262.371008300781,4320.419008789063,4718.418807438958,4658.562371229739,4497.8225595410395,64.73111126098667,119.39285714285714,2.541409132265523,52808.9,0.4548286368396236,5115.0,3686.0,-8.154449612047898,27.45252041084509,8.737136208010721,True,4401.2001953125,4872.0,Strong Uptrend,Positive,No Breakout,CRISIL,CRISIL.NS,Crisil Limited,,Unavailable,0,60,,72.0,Momentum Watch,-5,67.0,0.5867889098991016,Strong price trend | Positive momentum | RSI supports positive momentum | Price is above 200 DMA,143,150
784.9000244140625,795.5,760.0,774.4000244140625,513815.0,782.7999877929688,-1.0730663655973194,708.1875030517579,603.906001586914,542.8594989013671,476.2494998168945,755.7888534477748,713.6460593761813,635.8838210175243,64.32245282655947,37.721426827566965,4.871051864455748,516881.4,0.9940674978824929,825.0,330.0,-6.13333037405303,134.66667406486744,62.60385044221549,True,626.0499877929688,825.0,Strong Uptrend,Strong Positive,No Breakout,DEEPINDS,DEEPINDS.NS,Deep Industries Limited,,Unavailable,0,60,,72.0,Momentum Watch,-5,67.0,0.3410850225482367,Strong price trend | Strong positive momentum | RSI supports positive momentum | Price is above 200 DMA,143,150
9370.0,9415.0,9310.5,9322.0,516756.0,9438.5,-1.2343062986703401,9035.075,8204.62,7443.36,6848.94,9310.498200580563,9046.271868568594,8377.99676400742,68.47048300536673,228.17857142857142,2.447742667116192,446820.9,1.15651707429084,9615.0,5636.5,-3.047321892875715,65.38632129867827,36.10865330985526,True,8457.5,9615.0,Strong Uptrend,Strong Positive,No Breakout,DIVISLAB,DIVISLAB.NS,Divi's Laboratories Limited,,Unavailable,0,60,,72.0,Momentum Watch,-5,67.0,0.33892423366107577,Strong price trend | Strong positive momentum | RSI supports positive momentum | Price is above 200 DMA,143,150
286.70001220703125,290.0,282.45001220703125,286.20001220703125,8642.0,285.1000061035156,0.38583166607026875,279.85949859619143,261.11480041503904,251.89710052490236,253.52335014343262,285.8332477405545,280.2285531652676,266.921115260681,60.57999309035177,12.72285897391183,4.44544319750356,23761.8,0.3636929862215825,380.6000061035156,186.99000549316406,-24.802940720607726,53.056315203698986,12.889014777183865,True,261.3699951171875,304.0,Strong Uptrend,Strong Positive,No Breakout,DVL,DVL.NS,Dhunseri Ventures Limited,,Unavailable,0,60,,72.0,Momentum Watch,-5,67.0,0.7168737632584836,Strong price trend | Strong positive momentum | RSI supports positive momentum | Price is above 200 DMA,143,150
134.0,134.97999572753906,130.3000030517578,132.42999267578125,9724312.0,136.74000549316406,-3.1519764840131415,129.01449966430664,122.98559997558594,119.91449996948242,115.18219989776611,133.0175512462694,129.67726683857043,124.79904696460756,57.74833172268349,6.559286390032087,4.953021787210026,9003038.55,1.0801144464720747,140.89999389648438,98.0,-6.011356698088872,35.13264558753188,14.974356101310798,True,120.05000305175781,140.89999389648438,Strong Uptrend,Positive,No Breakout,EDELWEISS,EDELWEISS.NS,Edelweiss Financial Services Limited,,Unavailable,0,60,,72.0,Momentum Watch,-5,67.0,0.6841686849451829,Strong price trend | Positive momentum | RSI supports positive momentum | Price is above 200 DMA,143,150
175.64999389648438,183.5,172.1699981689453,182.27999877929688,1693706.0,176.72999572753906,3.140385438765092,165.8590003967285,163.25979858398438,152.80109924316406,127.62089946746826,175.7044705916599,169.39144943469336,162.466408186461,69.71670680725269,8.939285278320312,4.904150394001223,1862339.6,0.9094506716175718,189.1699981689453,75.5999984741211,-3.6422262813023165,141.11111436291074,42.829269766870524,True,146.0,189.1699981689453,Strong Uptrend,Strong Positive,No Breakout,EXICOM,EXICOM.NS,Exicom Tele-Systems Limited,,Unavailable,0,60,,72.0,Momentum Watch,-5,67.0,0.18991178669995448,Strong price trend | Strong positive momentum | RSI supports positive momentum | Price is above 200 DMA,143,150
58.36000061035156,59.13999938964844,56.529998779296875,57.720001220703125,23377217.0,58.709999084472656,-1.6862508588104563,50.468499946594235,43.87699996948242,39.5360000038147,31.404949979782103,55.14300539227289,51.33667582308519,45.83230172376677,68.88993864277498,3.0950001307896207,5.362092975284796,22851536.15,1.0230041799618799,62.400001525878906,19.100000381469727,-7.500000305664837,202.1989532351079,83.79268636906647,True,41.65999984741211,62.400001525878906,Strong Uptrend,Strong Positive,No Breakout,FCL,FCL.NS,Fineotex Chemical Limited,,Unavailable,0,60,,72.0,Momentum Watch,-5,67.0,0.29140721699806155,Strong price trend | Strong positive momentum | RSI supports positive momentum | Price is above 200 DMA,143,150
15.079999923706055,15.199999809265137,14.84000015258789,14.970000267028809,547907103.0,14.899999618530273,0.469803022085169,14.633500003814698,13.890400009155274,13.633500022888184,12.044850044250488,14.985441261211687,14.63529155392626,14.10185573978041,59.259262166358816,0.5878572463989258,3.926902043506787,446336858.9,1.2275640966563248,15.789999961853027,7.300000190734863,-5.193158307822998,105.06849145057127,24.285484767613337,True,13.489999771118164,15.789999961853027,Strong Uptrend,Positive,No Breakout,IDEA,IDEA.NS,Vodafone Idea Limited,,Unavailable,0,60,,72.0,Momentum Watch,-5,67.0,0.5540536622048041,Strong price trend | Positive momentum | Volume is above average | RSI supports positive momentum | Price is above 200 DMA,143,150
37.650001525878906,39.900001525878906,37.5,38.540000915527344,62188.0,39.09000015258789,-1.4070075080931832,36.31599998474121,33.49159984588623,30.987899951934814,28.282850036621095,37.04036142220403,36.15896369759462,34.14600513379071,60.131957597539035,1.5000010899135046,3.8920629327467675,62633.9,0.9928808520625412,39.900001525878906,21.0,-3.4085227026106106,83.52381388346353,36.266326998959165,True,33.25,39.4900016784668,Strong Uptrend,Strong Positive,No Breakout,IL&FSENGG,IL&FSENGG.NS,IL&FS Engineering and Construction Company Limited,,Unavailable,0,60,,72.0,Momentum Watch,-5,67.0,0.1795842341257422,Strong price trend | Strong positive momentum | RSI supports positive momentum | Price is above 200 DMA,143,150
204.0,205.10000610351562,199.35000610351562,202.8699951171875,14391.0,205.55999755859375,-1.3086215573822835,194.020499420166,182.9329992675781,174.49530014038086,177.3045004272461,200.08662238827534,194.67213632168412,185.44268335768433,67.5085958412946,7.408570425851004,3.6518808124244573,80534.55,0.1786934924203339,243.8000030517578,131.14999389648438,-16.788354151858247,54.68547812309556,14.418976748101084,True,177.8699951171875,209.89999389648438,Strong Uptrend,Strong Positive,No Breakout,INDIQUBE,INDIQUBE.NS,Indiqube Spaces Limited,,Unavailable,0,60,,72.0,Momentum Watch,-5,67.0,0.281199951171875,Strong price trend | Strong positive momentum | RSI supports positive momentum | Price is above 200 DMA,143,150
411.8500061035156,418.8500061035156,406.79998779296875,414.25,395550.0,415.1499938964844,-0.21678764536096073,398.4674957275391,387.61499755859376,376.14449981689455,361.4315000915527,409.22573899858565,401.78775568056267,389.47216404881505,62.088883911213294,14.121427263532366,3.408914245873836,572328.05,0.6911246093914145,444.79998779296875,304.8500061035156,-6.868252839788336,35.88649883750904,14.613695788847414,True,375.0,429.70001220703125,Strong Uptrend,Strong Positive,No Breakout,JKPAPER,JKPAPER.NS,JK Paper Limited,,Unavailable,0,60,,72.0,Momentum Watch,-5,67.0,0.39363088425557324,Strong price trend | Strong positive momentum | RSI supports positive momentum | Price is above 200 DMA,143,150
1050.0,1058.0,1026.550048828125,1045.8499755859375,91972.0,1055.5999755859375,-0.9236453415592427,1015.9024963378906,998.8049963378907,1004.6469976806641,993.928249206543,1048.6525620721245,1027.0972925089254,1009.5455099202827,59.4397866945177,43.92500523158482,4.19993366706117,144272.6,0.6374876449166369,1210.0999755859375,831.2000122070312,-13.573258682239803,25.82410493582167,5.223890801055693,True,960.0,1195.0,Strong Uptrend,Positive,No Breakout,MAITHANALL,MAITHANALL.NS,Maithan Alloys Limited,,Unavailable,0,60,,72.0,Momentum Watch,-5,67.0,1.7373333352292035,Strong price trend | Positive momentum | RSI supports positive momentum | Price is above 200 DMA,143,150
82.0,82.0,79.0999984741211,80.1500015258789,9000.0,81.6500015258789,-1.837109579874996,78.916499710083,76.88859954833984,79.2891999053955,71.08179996490479,79.84881263147345,78.93270595458334,78.04774190667155,51.99517696159651,4.1435699462890625,5.1697690173482815,6540.9,1.3759574370499474,91.69999694824219,49.560001373291016,-12.595415274530916,61.72316243936491,12.75741689919411,True,73.69999694824219,88.8499984741211,Strong Uptrend,Positive,No Breakout,MITCON,MITCON.NS,MITCON Consultancy & Engineering Services Limited,,Unavailable,0,60,,72.0,Momentum Watch,-5,67.0,1.3488357788778291,Strong price trend | Positive momentum | Volume is above average | RSI supports positive momentum | Price is above 200 DMA,143,150
183.99000549316406,186.8300018310547,173.50999450683594,175.86000061035156,15708657.0,181.32000732421875,-3.011254408403008,174.80650024414064,169.68640045166015,162.7681007385254,166.99525047302245,176.55637677813013,174.62746417780096,170.55262137670346,52.560856194102236,7.15142822265625,4.066546228725135,13444354.25,1.1684203426877122,212.30999755859375,126.01000213623047,-17.168290409019786,39.56035047140769,5.308384587118053,True,167.11000061035156,191.89999389648438,Strong Uptrend,Positive,No Breakout,MRPL,MRPL.NS,Mangalore Refinery and Petrochemicals Limited,,Unavailable,0,60,,72.0,Momentum Watch,-5,67.0,1.83314208984375,Strong price trend | Positive momentum | RSI supports positive momentum | Price is above 200 DMA,143,150
258.6000061035156,259.0,252.0,258.8999938964844,1192.0,256.8999938964844,0.7785130585896027,257.5319969177246,254.77219848632814,254.61469940185546,248.04044944763183,258.3104603485323,257.8832714234509,255.88315471822165,56.13921641713981,7.125001089913504,2.7520282958223183,2389.25,0.49890132886889194,307.0,191.0,-15.667754431112582,35.54973502433737,4.378134482918398,True,251.6999969482422,265.0,Strong Uptrend,Positive,No Breakout,NAHARCAP,NAHARCAP.NS,Nahar Capital and Financial Services Limited,,Unavailable,0,60,,72.0,Momentum Watch,-5,67.0,0.8472234290328254,Strong price trend | Positive momentum | RSI supports positive momentum | Price is above 200 DMA,143,150
343.54998779296875,346.95001220703125,330.0,332.75,5811.0,343.54998779296875,-3.143643771420268,325.1824981689453,307.08399993896484,281.39830017089844,279.42415000915526,330.7495849836712,326.3695385069554,309.89727474865026,61.88954390492443,16.885718209402903,5.074596005831075,8606.05,0.6752226631265215,358.0,204.0,-7.0530726256983245,63.11274509803921,19.084195116670315,True,290.20001220703125,358.0,Strong Uptrend,Strong Positive,No Breakout,NURECA,NURECA.NS,Nureca Limited,,Unavailable,0,60,,72.0,Momentum Watch,-5,67.0,0.5934196767072277,Strong price trend | Strong positive momentum | RSI supports positive momentum | Price is above 200 DMA,143,150
331.29998779296875,332.0,324.45001220703125,331.04998779296875,1147765.0,334.79998779296875,-1.1200717254263748,321.9824981689453,321.8019970703125,309.0232977294922,298.2226496124268,326.5795889505292,323.7687397198127,319.3184419697991,64.93360412013644,9.614286150251116,2.9041795815632763,1701232.1,0.6746669075900931,425.95001220703125,226.5,-22.279615376072986,46.15893500793322,11.007660961769576,True,308.1499938964844,346.0,Strong Uptrend,Strong Positive,No Breakout,PCBL,PCBL.NS,PCBL Chemical Limited,,Unavailable,0,60,,72.0,Momentum Watch,-5,67.0,0.6528391350063367,Strong price trend | Strong positive momentum | RSI supports positive momentum | Price is above 200 DMA,143,150
97.73999786376953,99.79000091552734,96.1500015258789,97.69999694824219,231141.0,98.7699966430664,-1.0833246240667282,92.00649948120117,90.92879959106445,87.12139991760255,86.61814998626708,95.72764743508937,93.77089123574729,91.09420136688743,59.798700977381,5.136429922921317,5.2573491129609815,246577.9,0.9373954437928136,132.9600067138672,65.0,-26.519259916634407,50.30768761268028,12.793908625076938,True,86.0,104.72000122070312,Strong Uptrend,Positive,No Breakout,PDMJEPAPER,PDMJEPAPER.NS,Pudumjee Paper Products Limited,,Unavailable,0,60,,72.0,Momentum Watch,-5,67.0,0.6000005216681382,Strong price trend | Positive momentum | RSI supports positive momentum | Price is above 200 DMA,143,150
295.1000061035156,298.95001220703125,275.04998779296875,279.8500061035156,12804.0,299.3999938964844,-6.529722174853491,261.56250228881834,255.29960052490233,254.5229998779297,249.84135025024415,277.7434241806587,267.70027287896505,259.34623954420744,62.698413608950084,16.81428418840681,6.008320107803486,23767.75,0.5387131722607315,333.3999938964844,201.10000610351562,-16.06178427513565,39.15962089004795,12.011084563549804,True,242.35000610351562,333.3999938964844,Strong Uptrend,Strong Positive,No Breakout,PODDARMENT,PODDARMENT.NS,Poddar Pigments Limited,,Unavailable,0,60,,72.0,Momentum Watch,-5,67.0,1.4279996744791668,Strong price trend | Strong positive momentum | RSI supports positive momentum | Price is above 200 DMA,143,150
285.20001220703125,287.20001220703125,279.1000061035156,285.54998779296875,32412.0,290.8999938964844,-1.8391221092357246,269.5349975585938,267.8840002441406,247.3217007446289,231.70979995727538,275.7267830832981,270.7643044643813,264.52720661657094,61.168934678617,9.507138933454241,3.3294131815362458,29800.7,1.087625458462385,334.3999938964844,163.2100067138672,-14.608255680362678,74.95862756355545,23.236042603990374,True,254.0,295.79998779296875,Strong Uptrend,Strong Positive,No Breakout,PPL,PPL.NS,Prakash Pipes Limited,,Unavailable,0,60,,72.0,Momentum Watch,-5,67.0,0.3248812667459834,Strong price trend | Strong positive momentum | RSI supports positive momentum | Price is above 200 DMA,143,150
150.39999389648438,157.97999572753906,150.39999389648438,157.97999572753906,30304.0,150.4600067138672,4.997998589733399,149.57600173950195,126.68760086059571,109.22360054016113,97.89505020141601,154.3077045046114,147.75500592233522,131.34490665546974,62.342345385362236,7.344285147530692,4.648870329251715,36149.05,0.8383069541246588,164.6999969482422,68.94999694824219,-4.080146536259451,129.1225565189334,61.37689842591648,True,126.0,164.6999969482422,Strong Uptrend,Strong Positive,No Breakout,QMSMEDI,QMSMEDI.NS,QMS Medical Allied Services Limited,,Unavailable,0,60,,72.0,Momentum Watch,-5,67.0,0.2101313983264952,Strong price trend | Strong positive momentum | RSI supports positive momentum | Price is above 200 DMA,143,150
1096.0,1096.0,1065.300048828125,1074.800048828125,224493.0,1086.0999755859375,-1.0404131306343434,1046.1800109863282,1025.4319995117187,981.2664978027344,902.4342498779297,1073.0247753395984,1055.6575421233192,1024.5484085004928,69.40062382871665,33.157156808035715,3.084960485830606,473204.7,0.47440991182040243,1111.0,746.0,-3.258321437612511,44.07507356945376,19.100094990134835,True,970.0,1111.0,Strong Uptrend,Strong Positive,No Breakout,SHYAMMETL,SHYAMMETL.NS,Shyam Metalics and Energy Limited,,Unavailable,0,60,,72.0,Momentum Watch,-5,67.0,0.34541922047425694,Strong price trend | Strong positive momentum | RSI supports positive momentum | Price is above 200 DMA,143,150
4929.0,4988.0,4894.0,4965.5,263114.0,4930.0,0.7200811359026282,4952.425,4947.8980078125,4692.148002929687,4372.554501953125,4944.3538897525905,4944.702585540989,4880.881836825162,55.38147138964578,101.35714285714286,2.041227325690119,282880.05,0.9301256840134184,5250.0,3480.60009765625,-5.419047619047619,42.66218067808608,13.560619948408181,True,4814.0,5066.0,Strong Uptrend,Positive,No Breakout,TORNTPHARM,TORNTPHARM.NS,Torrent Pharmaceuticals Limited,,Unavailable,0,60,,72.0,Momentum Watch,-5,67.0,0.6633663366336634,Strong price trend | Positive momentum | RSI supports positive momentum | Price is above 200 DMA,143,150
15.619999885559082,15.619999885559082,15.619999885559082,15.619999885559082,428405.0,15.930000305175781,-1.946016407268858,14.72950005531311,11.479200010299683,7.876800019741058,5.268250007629394,15.756094027015893,14.685689962683176,11.947520224656651,75.32133795836734,0.3250000136239188,2.0806659155253007,143020.05,2.99541917374522,17.239999771118164,2.009999990463257,-9.396751201082012,677.1144258542532,196.49314028260716,True,12.149999618530273,17.239999771118164,Strong Uptrend,Positive,No Breakout,VIJIFIN,VIJIFIN.NS,Viji Finance Limited,,Unavailable,0,60,,72.0,Momentum Watch,-5,67.0,0.466858720718834,Strong price trend | Positive momentum | Volume is more than 2x average | RSI indicates overbought conditions | Price is above 200 DMA,143,150
2200.0,2237.0,2167.300048828125,2179.39990234375,1109909.0,2220.60009765625,-1.8553631226074896,1984.104998779297,1935.9259936523438,1856.7839916992189,1605.2674926757813,2125.186243973836,2039.1593062594497,1953.2976143040885,69.66100327279361,87.91428048270089,4.033875581445926,1065531.45,1.0416482779555687,2422.300048828125,1086.699951171875,-10.027665507495106,100.55213032756004,35.76552894066031,True,1814.4000244140625,2272.89990234375,Strong Uptrend,Strong Positive,No Breakout,WOCKPHARMA,WOCKPHARMA.NS,Wockhardt Limited,,Unavailable,0,60,,72.0,Momentum Watch,-5,67.0,0.25616446923308717,Strong price trend | Strong positive momentum | RSI supports positive momentum | Price is above 200 DMA,143,150
137.17999267578125,141.5,132.0,139.22000122070312,119406.0,136.42999267578125,2.045011137361996,124.66750068664551,119.40220016479492,112.5713005065918,91.85340030670166,131.16447615280728,126.18870264798765,119.89611636692453,64.00237118037143,7.89642824445452,5.6719064611531245,130098.55,0.9178119202712097,144.49000549316406,59.310001373291016,-3.6473140508741038,134.7327566972505,51.56760746563847,True,106.0,144.49000549316406,Strong Uptrend,Strong Positive,No Breakout,ZIMLAB,ZIMLAB.NS,Zim Laboratories Limited,,Unavailable,0,60,,72.0,Momentum Watch,-5,67.0,0.1586394966528961,Strong price trend | Strong positive momentum | RSI supports positive momentum | Price is above 200 DMA,143,150
411.0,423.5,409.54998779296875,422.25,7751875.0,413.20001220703125,2.190219633496593,393.4825012207031,394.96800048828123,384.9586996459961,311.6111999511719,406.8619066485016,398.9172082929368,392.6286273240543,73.75160256347637,11.525002615792411,2.7294263151669416,5853739.3,1.3242603749025859,466.5,179.5,-9.485530546623794,135.23676880222843,35.50539905695453,True,374.3500061035156,427.95001220703125,Uptrend,Strong Positive,Near Breakout,APOLLO,APOLLO.NS,Apollo Micro Systems Limited,,Unavailable,0,60,,71.0,Momentum Watch,-5,66.0,0.1189981823243949,Price is in an uptrend | Strong positive momentum | Price is close to resistance | Volume is above average | RSI indicates overbought conditions | Price is above 200 DMA,188,189
287.95001220703125,318.25,287.95001220703125,317.04998779296875,395692.0,303.1000061035156,4.602435304699037,251.06949844360352,226.87220001220703,205.6804000854492,185.0292504119873,294.723596676264,266.1339202484001,235.71704699822655,80.01841660236775,17.49356951032366,5.517606113817871,153598.65,2.576142433543524,342.0,127.51000213623047,-7.295325206734284,148.64715118915578,71.35127937178756,True,194.0,342.0,Strong Uptrend,Strong Positive,No Breakout,BHAGERIA,BHAGERIA.NS,Bhageria Industries Limited,,Unavailable,0,60,,71.0,Momentum Watch,-5,66.0,0.20276322374781194,Strong price trend | Strong positive momentum | Volume is more than 2x average | RSI indicates overbought conditions | Price is above 200 DMA,188,189
2180.10009765625,2219.0,2180.10009765625,2211.0,175283.0,2202.5,0.38592508513053403,2192.30498046875,2127.069997558594,1969.4324987792968,1757.6512445068358,2202.1444893592475,2183.7974342745815,2109.6531823282576,55.72709720405216,39.507132393973215,1.7868445225677618,194610.2,0.9006876309669277,2242.0,1353.8499755859375,-1.3826940231935771,63.31203899036845,25.792873125997495,True,2145.10009765625,2242.0,Strong Uptrend,Positive,No Breakout,ANANDRATHI,ANANDRATHI.NS,Anand Rathi Wealth Limited,,Unavailable,0,60,,69.0,52W High Watch,-3,66.0,0.4704104087787023,Strong price trend | Positive momentum | RSI supports positive momentum | Price is above 200 DMA | Price is near 52-week high,207,189
15.979999542236328,17.299999237060547,15.600000381469727,16.1299991607666,420547.0,15.979999542236328,0.9386709813965499,16.238500022888182,16.046800079345704,16.20920000076294,15.83925003528595,16.363599029624908,16.27156977850234,16.14717708920056,51.96373273158718,0.9028568267822266,5.597376774688667,220225.45,1.9096203458773724,22.469999313354492,12.0,-28.215399850145378,34.41665967305501,1.8356243182785428,True,14.600000381469727,17.5,Uptrend,Neutral,No Breakout,BLBLIMITED,BLBLIMITED.NS,BLB Limited,,Unavailable,0,60,,69.0,200 DMA Recovery Watch,-3,66.0,0.8954260995312656,Price is in an uptrend | Strong volume confirmation | RSI supports positive momentum | Price is above 200 DMA | Price is near 200 DMA,207,189
2279.0,2335.0,2255.39990234375,2325.5,27993.0,2291.39990234375,1.4881774945251003,2209.6599975585937,1977.6100048828125,1796.3430029296876,1698.9985046386719,2253.1561024121597,2178.5060462387924,2016.6489617789875,68.57740623035997,80.37144252232143,3.4560929917145313,56191.3,0.4981732047487778,2380.0,1405.5,-2.2899159663865545,65.45713269299182,36.87475260577507,True,1818.0,2344.5,Strong Uptrend,Strong Positive,No Breakout,EIMCOELECO,EIMCOELECO.NS,Eimco Elecon (India) Limited,,Unavailable,0,60,,69.0,52W High Watch,-3,66.0,0.0374384236453202,Strong price trend | Strong positive momentum | RSI supports positive momentum | Price is above 200 DMA | Price is near 52-week high,207,189
86.19999694824219,86.7300033569336,85.41000366210938,86.20999908447266,13937814.0,86.83999633789062,-0.7254690004438458,85.61300010681153,83.9102001953125,78.3999998474121,77.38435012817382,86.16643358375839,85.65758726751285,83.49935007652597,51.29240775537093,1.6614281790597099,1.9271873294323592,14634731.8,0.952379188800713,88.76000213623047,58.08000183105469,-2.872919096874312,48.4331893363977,11.404953251763013,True,82.5,88.0999984741211,Strong Uptrend,Positive,No Breakout,IDFCFIRSTB,IDFCFIRSTB.NS,IDFC First Bank Limited,,Unavailable,0,60,,69.0,52W High Watch,-3,66.0,0.5094339234633758,Strong price trend | Positive momentum | RSI supports positive momentum | Price is above 200 DMA | Price is near 52-week high,207,189
1975.800048828125,1995.0,1958.4000244140625,1968.5,176417.0,1970.9000244140625,-0.12177301660828421,1943.1399963378906,1845.7159985351564,1717.985,1597.2080004882812,1961.028600910279,1928.4600880175183,1845.2743475371979,65.56632284214227,42.06428745814732,2.136870076614037,619625.75,0.2847154108750322,2001.5,1251.5999755859375,-1.6487634274294278,57.2786863533171,23.24631478168225,True,1720.0,2001.5,Strong Uptrend,Strong Positive,No Breakout,IPCALAB,IPCALAB.NS,IPCA Laboratories Limited,,Unavailable,0,60,,69.0,52W High Watch,-3,66.0,0.13279678068410464,Strong price trend | Strong positive momentum | RSI supports positive momentum | Price is above 200 DMA | Price is near 52-week high,207,189
316.0,316.0,305.04998779296875,311.95001220703125,1875374.0,317.5,-1.748027651328743,298.12250061035155,277.56199951171874,259.7563000488281,220.99155014038087,309.27242537682383,299.7761931627278,281.6153025033535,68.62746361595163,11.792857578822545,3.780367724748157,3369076.85,0.5566432834561195,320.0,153.0,-2.5156211853027344,103.88889686734069,41.15924885312161,True,263.1499938964844,320.0,Strong Uptrend,Strong Positive,No Breakout,JINDALSAW,JINDALSAW.NS,Jindal Saw Limited,,Unavailable,0,60,,69.0,52W High Watch,-3,66.0,0.16495870435419388,Strong price trend | Strong positive momentum | RSI supports positive momentum | Price is above 200 DMA | Price is near 52-week high,207,189
584.9500122070312,597.8499755859375,578.5499877929688,588.2000122070312,63762.0,584.9500122070312,0.55560303140052,550.720004272461,497.5030041503906,420.57850189208983,372.45366683959963,572.570748231619,554.4239504608257,504.1749238247204,66.40240349672332,24.039291381835938,4.086924665580375,82541.05,0.7724883557938746,600.0,238.00999450683594,-1.9666646321614583,147.13248425798247,57.925687025211815,True,495.75,593.9000244140625,Strong Uptrend,Strong Positive,No Breakout,KAPSTON,KAPSTON.NS,Kapston Services Limited,,Unavailable,0,60,,69.0,52W High Watch,-3,66.0,0.06165507251926288,Strong price trend | Strong positive momentum | RSI supports positive momentum | Price is above 200 DMA | Price is near 52-week high,207,189
6215.0,6240.0,6087.0,6197.0,15424.0,6227.5,-0.48976314733039095,5972.825,5519.1,5328.4530029296875,4775.736507568359,6072.504065380805,5938.014715267447,5642.775806910105,66.88683399383532,174.85714285714286,2.821641808248231,22151.15,0.6963069637468031,6347.0,3649.89990234375,-2.3633212541358124,69.78547811737667,29.760090201360363,True,5670.0,6347.0,Strong Uptrend,Strong Positive,No Breakout,KINGFA,KINGFA.NS,Kingfa Science & Technology (India) Limited,,Unavailable,0,60,,69.0,52W High Watch,-3,66.0,0.2846299810246679,Strong price trend | Strong positive momentum | RSI supports positive momentum | Price is above 200 DMA | Price is near 52-week high,207,189
116.5,120.76000213623047,112.0999984741211,117.91000366210938,149999.0,115.01000213623047,2.5215211477379373,96.93500061035157,84.90380020141602,76.75970027923584,68.72465007781983,108.0962339910228,99.69069897568475,88.31588855019906,83.18674567278875,5.394999912806919,4.575523488462594,189290.4,0.7924279308406554,120.76000213623047,45.11000061035156,-2.360051692369121,161.3832898841773,71.56872174481047,True,83.75,115.01000213623047,Strong Uptrend,Strong Positive,Breakout - Volume Confirmation Required,MANAKSTEEL,MANAKSTEEL.NS,Manaksia Steels Limited,,Unavailable,0,60,,69.0,52W High Watch,-3,66.0,-0.08489464915062693,Strong price trend | Strong positive momentum | Breakout requires volume confirmation | RSI indicates overbought conditions | Price is above 200 DMA | Price is near 52-week high,207,189
372.3999938964844,374.6000061035156,362.0,370.29998779296875,1148490.0,374.6499938964844,-1.1610853261397658,362.53499908447264,336.84199768066406,309.95889862060545,283.33329917907713,369.01348561544404,361.8765675717682,341.45851732941867,62.74978179084219,11.489283970424108,3.102696286570676,1816004.45,0.6324268643724965,380.0,215.6999969482422,-2.5526347913240133,71.67361753918952,30.69412909314463,True,343.1000061035156,380.0,Strong Uptrend,Strong Positive,No Breakout,NAZARA,NAZARA.NS,Nazara Technologies Limited,,Unavailable,0,60,,69.0,52W High Watch,-3,66.0,0.35661833591573555,Strong price trend | Strong positive momentum | RSI supports positive momentum | Price is above 200 DMA | Price is near 52-week high,207,189
341.1499938964844,344.5,339.04998779296875,344.5,3977712.0,341.95001220703125,0.7457194624765462,335.54499969482424,330.4620001220703,303.4620993041992,279.3871496582031,340.00978805080615,336.7459536133277,326.39196277129605,58.35987423645296,7.396427699497768,2.147003686356391,4167855.05,0.9543786797479917,349.54998779296875,227.89999389648438,-1.444711191338892,51.16279474604861,23.305599567286723,True,320.29998779296875,349.54998779296875,Strong Uptrend,Positive,No Breakout,NYKAA,NYKAA.NS,FSN E-Commerce Ventures Limited,,Unavailable,0,60,,69.0,52W High Watch,-3,66.0,0.20867707626616358,Strong price trend | Positive momentum | RSI supports positive momentum | Price is above 200 DMA | Price is near 52-week high,207,189
1172.0,1189.5999755859375,1162.0,1178.9000244140625,1152599.0,1179.0,-0.00847969346373656,1163.3500061035156,1124.1320068359375,1080.0555059814453,977.3585034179688,1164.3720071089188,1156.3955515819716,1123.4110981039264,52.618749010316506,29.350010463169642,2.4896097934816144,799291.4,1.4420260245512462,1211.5,729.5999755859375,-2.6908770603332646,61.581697349605136,20.62104338288078,True,1125.4000244140625,1211.5,Strong Uptrend,Positive,No Breakout,PNBHOUSING,PNBHOUSING.NS,PNB Housing Finance Limited,,Unavailable,0,60,,69.0,52W High Watch,-3,66.0,0.6093453380549065,Strong price trend | Positive momentum | Volume is above average | RSI supports positive momentum | Price is above 200 DMA | Price is near 52-week high,207,189
4086.699951171875,4149.0,4050.0,4129.89990234375,127741.0,4107.89990234375,0.5355534585311572,3924.275012207031,3598.172001953125,3191.765007324219,2584.922000732422,3998.4976011654585,3897.5681038584576,3631.165897794755,63.27945117288014,146.92853655133928,3.5576779104974485,193920.0,0.6587304042904291,4170.0,1364.199951171875,-0.9616330373201439,202.73420687312614,59.76884026572438,True,3600.0,4170.0,Strong Uptrend,Strong Positive,No Breakout,SANSERA,SANSERA.NS,Sansera Engineering Limited,,Unavailable,0,60,,69.0,52W High Watch,-3,66.0,0.0756748538335015,Strong price trend | Strong positive momentum | RSI supports positive momentum | Price is above 200 DMA | Price is near 52-week high,207,189
559.0,571.0,550.5999755859375,565.2000122070312,101279.0,559.7000122070312,0.9826692656861313,546.1925003051758,524.1499987792969,510.63649780273437,456.9889991760254,558.9882554510356,548.0054502915526,528.9340008186515,67.0063956668539,18.446428571428573,3.2636992521280583,193967.8,0.5221433660638519,576.7999877929688,332.0,-2.011091510303757,70.24096753223833,23.679128649949092,True,506.20001220703125,576.7999877929688,Strong Uptrend,Strong Positive,No Breakout,SOMANYCERA,SOMANYCERA.NS,Somany Ceramics Limited,,Unavailable,0,60,,69.0,52W High Watch,-3,66.0,0.19660975569385594,Strong price trend | Strong positive momentum | RSI supports positive momentum | Price is above 200 DMA | Price is near 52-week high,207,189
77.61000061035156,78.77999877929688,75.19999694824219,77.25,19801.0,79.19000244140625,-2.4498072756616973,69.99449996948242,73.65019958496094,75.92679969787598,72.99599985122681,75.27301758273856,72.40935090728563,73.03807505710517,60.4594072519056,5.311428342546735,6.875635394882505,34769.8,0.5694884641269147,107.37999725341797,46.79999923706055,-28.05922706657446,65.06410525499825,5.827716802897785,True,63.0099983215332,93.94999694824219,Uptrend,Strong Positive,No Breakout,ALKALI,ALKALI.NS,Alkali Metals Limited,,Unavailable,0,60,,70.0,Momentum Watch,-5,65.0,1.1727524564477618,Price is in an uptrend | Strong positive momentum | RSI supports positive momentum | Price is above 200 DMA,196,210
31.799999237060547,31.81999969482422,31.100000381469727,31.670000076293945,619170.0,31.989999771118164,-1.000311650871366,30.507500076293944,31.061800003051758,30.78559997558594,30.682099990844726,31.754312133357217,31.1699193574616,31.039501135946566,59.51859712698623,1.8928571428571428,5.976814456258905,673370.1,0.919509197096812,46.91999816894531,21.0,-32.502128490586344,50.80952417282831,3.219792927289853,True,28.059999465942383,35.34000015258789,Uptrend,Positive,No Breakout,COFFEEDAY,COFFEEDAY.NS,Coffee Day Enterprises Limited,,Unavailable,0,60,,70.0,Momentum Watch,-5,65.0,1.0166203478665172,Price is in an uptrend | Positive momentum | RSI supports positive momentum | Price is above 200 DMA,196,210
126.0999984741211,128.0,124.6500015258789,126.91999816894531,30597.0,127.87000274658203,-0.742945614476509,123.67599906921387,126.25859909057617,127.23879966735839,120.15109935760498,125.5591363086027,125.09678855911007,125.92286294232211,66.7399237507776,4.035713195800781,3.1797299511687487,47949.3,0.6381115052774493,149.0,81.9000015258789,-14.818793175204489,54.96946984651876,5.633655328607609,True,118.26000213623047,135.0,Uptrend,Strong Positive,No Breakout,INDOAMIN,INDOAMIN.NS,Indo Amines Limited,,Unavailable,0,60,,70.0,Momentum Watch,-5,65.0,0.9330260430294525,Price is in an uptrend | Strong positive momentum | RSI supports positive momentum | Price is above 200 DMA,196,210
520.4000244140625,520.4000244140625,509.54998779296875,514.0499877929688,90550.0,521.4500122070312,-1.419124410936723,485.1124984741211,498.6509997558594,471.86499908447263,437.65499954223634,499.64117760754465,492.6375271660724,489.1163972374132,64.99458370759862,17.328576224190847,3.370990494249336,107044.8,0.8459075078845493,572.8499755859375,327.1000061035156,-10.26446544452156,57.15376893948759,17.455527374447332,True,454.1000061035156,528.0,Uptrend,Strong Positive,No Breakout,JASH,JASH.NS,Jash Engineering Limited,,Unavailable,0,60,,70.0,Momentum Watch,-5,65.0,0.23269418628505514,Price is in an uptrend | Strong positive momentum | RSI supports positive momentum | Price is above 200 DMA,196,210
30.56999969482422,33.0,28.559999465942383,32.16999816894531,1909923.0,30.56999969482422,5.233884494908869,27.76900005340576,25.15800006866455,24.34989999771118,23.755350008010865,29.924732545248723,28.18581149963707,26.103876899584897,74.63263256588982,2.0142854963030135,6.261378958508816,1544957.3,1.2362302828693064,33.220001220703125,18.270000457763672,-3.160755608592324,76.08099268150244,35.422118209568914,True,24.299999237060547,33.220001220703125,Strong Uptrend,Strong Positive,No Breakout,MUKKA,MUKKA.NS,Mukka Proteins Limited,,Unavailable,0,60,,70.0,Momentum Watch,-5,65.0,0.13341844908057057,Strong price trend | Strong positive momentum | Volume is above average | RSI indicates overbought conditions | Price is above 200 DMA,196,210
193.5,194.3000030517578,188.02999877929688,189.64999389648438,1202651.0,195.30999755859375,-2.8979590050997484,171.37950057983397,169.14520080566408,170.65760040283203,161.01425018310547,181.7554768065653,175.19244765163273,170.96739944753006,77.55712265437226,6.828572954450335,3.600618599638626,1291507.5,0.9311993929574548,204.5,125.30999755859375,-7.261616676535758,51.34466330813379,17.78460209628298,True,160.5,200.49000549316406,Strong Uptrend,Strong Positive,No Breakout,NOCIL,NOCIL.NS,NOCIL Limited,,Unavailable,0,60,,70.0,Momentum Watch,-5,65.0,0.37187011548524007,Strong price trend | Strong positive momentum | RSI indicates overbought conditions | Price is above 200 DMA,196,210
13.829999923706055,13.920000076293945,13.220000267028809,13.699999809265137,420161544.0,13.829999923706055,-0.9399863713526413,11.346999979019165,10.352000007629394,9.67189998626709,9.694499974250794,12.792246354265714,11.7645136903548,10.674563983369667,70.87379120205895,0.838571412222726,6.120959298522112,315891012.9,1.3300838796987504,15.380000114440918,7.46999979019165,-10.92327888605384,83.40027033539782,41.31724014289755,True,9.449999809265137,14.4399995803833,Strong Uptrend,Strong Positive,No Breakout,PCJEWELLER,PCJEWELLER.NS,PC Jeweller Limited,,Unavailable,0,60,,70.0,Momentum Watch,-5,65.0,0.1741175932042739,Strong price trend | Strong positive momentum | Volume is above average | RSI indicates overbought conditions | Price is above 200 DMA,196,210
352.0,359.0,333.04998779296875,350.3500061035156,2806.0,342.6000061035156,2.2621132113051834,323.25500640869143,331.0550030517578,359.7175015258789,328.2415502929687,337.96357064682485,331.3090374892629,335.10480717238613,67.6854276985402,23.532141549246653,6.716752144794816,6740.65,0.4162803290483856,468.8999938964844,193.5,-25.282573968030412,81.05943467881944,6.735422676018382,True,270.0,367.0,Uptrend,Strong Positive,No Breakout,S&SPOWER,S&SPOWER.NS,S&S Power Switchgears Limited,,Unavailable,0,60,,70.0,Momentum Watch,-5,65.0,0.2072183277128074,Price is in an uptrend | Strong positive momentum | RSI supports positive momentum | Price is above 200 DMA,196,210
793.0,810.0,775.0,785.0499877929688,4356.0,793.0999755859375,-1.0150029051534726,785.6374969482422,752.8969946289062,695.79099609375,658.4039968872071,793.2863432396606,784.9063244732292,754.9520011880963,52.14592387104549,22.171430315290177,2.8242061855986127,2455.55,1.773940665024129,897.4500122070312,445.1499938964844,-12.524377166996253,76.35628407433497,19.2353010468522,True,743.5,838.0,Uptrend,Positive,No Breakout,SVLL,SVLL.NS,Shree Vasu Logistics Limited,,Unavailable,0,60,,70.0,Momentum Watch,-5,65.0,1.2743688992368767,Price is in an uptrend | Positive momentum | Strong volume confirmation | RSI supports positive momentum | Price is above 200 DMA,196,210
152.52000427246094,155.25999450683594,151.10000610351562,153.27000427246094,185071.0,154.02999877929688,-0.49340681221773375,145.73800201416014,147.58180114746094,147.9633009338379,143.2007006072998,152.2161408174164,149.3911248118417,147.79275174086496,64.92391577925463,5.558570861816406,3.626652774103923,313991.7,0.5894136692148232,175.75,121.51000213623047,-12.79089372832948,26.137767737525724,7.03160223550459,True,136.00999450683594,164.8000030517578,Uptrend,Strong Positive,No Breakout,TNPL,TNPL.NS,Tamil Nadu Newsprint & Papers Limited,,Unavailable,0,60,,70.0,Momentum Watch,-5,65.0,0.6680180912910024,Price is in an uptrend | Strong positive momentum | RSI supports positive momentum | Price is above 200 DMA,196,210
503.0,511.8500061035156,493.25,508.3999938964844,183331.0,508.3500061035156,0.009833341667864204,507.0325012207031,500.62300048828126,480.78550109863284,473.2070008850098,511.35687649304407,509.27636378549283,499.8399996716762,59.56679356618873,13.625006539481026,2.679977714998797,463760.5,0.39531396054644585,568.0,401.0,-10.492958821041483,26.78304087194124,7.43712433367539,True,489.5,528.7999877929688,Strong Uptrend,Neutral,No Breakout,AGARWALEYE,AGARWALEYE.NS,Dr. Agarwal's Health Care Limited,,Unavailable,0,60,,68.0,Neutral Watch,-3,65.0,1.0793651049950348,Strong price trend | RSI supports positive momentum | Price is above 200 DMA,291,210
43.36000061035156,43.83000183105469,42.459999084472656,43.65999984741211,3568740.0,43.86000061035156,-0.4559980851715939,43.40800037384033,43.353600311279294,44.257900161743166,42.34000011444092,44.53692680048745,44.12486400386921,43.79645011516082,61.907691816521705,1.9614290509905135,4.49250814898199,13228506.0,0.2697764963027571,53.75,33.0099983215332,-18.77209330714026,32.26295688398039,3.1176186334514857,True,39.29999923706055,49.400001525878906,Strong Uptrend,Neutral,No Breakout,NSLNISP,NSLNISP.NS,NMDC Steel Limited,,Unavailable,0,60,,68.0,200 DMA Recovery Watch,-3,65.0,1.31651396214001,Strong price trend | RSI supports positive momentum | Price is above 200 DMA,291,210
560.0,569.5,545.25,563.9500122070312,1042637.0,564.2000122070312,-0.04431052722279061,520.7575012207031,464.74800048828126,436.4142004394531,323.9101503753662,550.282305787873,524.3704160300975,481.7602642498371,65.46563149979943,27.62858145577567,4.8991188682930575,1515721.4,0.6878816911867841,584.1500244140625,158.0,-3.4580178657517084,256.93038747280457,74.1069279716899,True,443.1000061035156,584.1500244140625,Strong Uptrend,Strong Positive,No Breakout,AEROFLEX,AEROFLEX.NS,Aeroflex Industries Limited,,Unavailable,0,60,,69.0,Momentum Watch,-5,64.0,0.16714945127705388,Strong price trend | Strong positive momentum | RSI supports positive momentum | Price is above 200 DMA,207,231
105.31999969482422,105.9000015258789,103.13999938964844,104.33000183105469,698680.0,106.5,-2.037556966145837,99.74150047302246,93.02740036010742,91.45250015258789,92.1348498916626,105.15548875119407,100.98724192100563,95.51783756526194,66.57956757864534,5.556429181780134,5.325821033510437,2886194.9,0.24207651395960822,117.72000122070312,70.45999908447266,-11.374447205912508,48.069831374786375,13.236198847376258,True,83.12000274658203,117.72000122070312,Strong Uptrend,Positive,No Breakout,ALEMBICLTD,ALEMBICLTD.NS,Alembic Limited,,Unavailable,0,60,,69.0,Momentum Watch,-5,64.0,0.6313059862152913,Strong price trend | Positive momentum | RSI supports positive momentum | Price is above 200 DMA,207,231
564.0,579.7000122070312,552.2999877929688,575.0999755859375,470791.0,569.7999877929688,0.9301488077417153,551.842495727539,542.8419958496094,511.9844961547852,427.1012481689453,566.7257372510954,558.0247859202078,541.2879096217179,69.5887997493502,21.082148960658483,3.665823309969549,779550.9,0.6039259270946901,607.1500244140625,277.8999938964844,-5.278769256256769,106.94493998447436,34.651907024736545,True,511.79998779296875,607.1500244140625,Strong Uptrend,Strong Positive,No Breakout,ARVIND,ARVIND.NS,Arvind Limited,,Unavailable,0,60,,69.0,Momentum Watch,-5,64.0,0.5063199843410564,Strong price trend | Strong positive momentum | RSI supports positive momentum | Price is above 200 DMA,207,231
530.0,553.5499877929688,523.5,535.0999755859375,492430.0,533.9500122070312,0.21536910808428456,486.4774963378906,416.8879962158203,379.9135980224609,329.81569900512693,519.7002209653336,489.84179130364674,438.2482259298356,66.58986484754956,28.417859758649552,5.310757065075893,872179.5,0.5645970812200929,565.7000122070312,230.0,-5.409233862610374,132.65216329823372,62.24211800712963,True,366.3999938964844,565.7000122070312,Strong Uptrend,Strong Positive,No Breakout,ASIANENE,ASIANENE.NS,Asian Energy Services Limited,,Unavailable,0,60,,69.0,Momentum Watch,-5,64.0,0.1813873144184628,Strong price trend | Strong positive momentum | RSI supports positive momentum | Price is above 200 DMA,207,231
152.0,155.0,146.0,152.58999633789062,7199.0,153.0,-0.2679762497446947,150.34299926757814,139.11339950561523,134.1352995300293,122.66399974822998,153.6187379676269,150.30118877678694,141.91207765100503,60.53401333777591,6.878571646554129,4.507878505562338,7927.6,0.9080932438569049,178.0,93.0,-14.275282956241222,64.07526487945229,24.39672328562926,True,139.25,166.58999633789062,Strong Uptrend,Positive,No Breakout,AUSOMENT,AUSOMENT.NS,Ausom Enterprise Limited,,Unavailable,0,60,,69.0,Momentum Watch,-5,64.0,1.049475550471833,Strong price trend | Positive momentum | RSI supports positive momentum | Price is above 200 DMA,207,231
2744.0,2864.0,2677.800048828125,2849.10009765625,454037.0,2773.5,2.725801249549309,2821.225,2571.536015625,2339.0230114746096,1977.1880072021484,2812.5515276391993,2767.637039548779,2591.0270975886933,55.534638650387926,97.9857177734375,3.4391812998793307,514115.8,0.8831415023619192,2986.60009765625,1360.0,-4.603897257885441,109.49265423943015,44.09859291468771,True,2652.10009765625,2986.60009765625,Strong Uptrend,Positive,No Breakout,AZAD,AZAD.NS,Azad Engineering Limited,,Unavailable,0,60,,69.0,Momentum Watch,-5,64.0,0.6979695431472082,Strong price trend | Positive momentum | RSI supports positive momentum | Price is above 200 DMA,207,231
2019.0,2044.0,1982.199951171875,2023.4000244140625,230934.0,2029.0,-0.27599682532959413,1992.4600036621093,1877.3419970703126,1839.8869982910155,1770.6295007324218,2040.0680679060222,1992.511696047597,1909.3493609037628,62.103622392136906,70.71428571428571,3.4948247929750416,472856.8,0.488380414535648,2275.75,1355.0,-11.08865101992475,49.328415085908674,14.275743376978756,True,1869.0999755859375,2205.0,Strong Uptrend,Positive,No Breakout,BEML,BEML.NS,BEML Limited,,Unavailable,0,60,,69.0,Momentum Watch,-5,64.0,1.1769275315539396,Strong price trend | Positive momentum | RSI supports positive momentum | Price is above 200 DMA,207,231
159.0,174.0,157.80999755859375,172.39999389648438,7456837.0,166.11000061035156,3.7866433465902016,114.05600090026856,85.37420066833496,77.2234001159668,64.7287001800537,153.37410608030063,126.65953739781307,97.94040192465572,86.12636085367092,13.839286259242467,8.027428508815442,4531235.65,1.6456519978165336,189.67999267578125,42.810001373291016,-9.110079843177484,302.70962010303515,166.34243143601674,True,67.0,189.67999267578125,Strong Uptrend,Strong Positive,No Breakout,BODALCHEM,BODALCHEM.NS,Bodal Chemicals Limited,,Unavailable,0,60,,69.0,Momentum Watch,-5,64.0,0.16394686698243965,Strong price trend | Strong positive momentum | Strong volume confirmation | RSI indicates overbought conditions | Price is above 200 DMA,207,231
2790.10009765625,2790.10009765625,2716.0,2754.89990234375,103090.0,2795.39990234375,-1.4488088078576378,2619.209997558594,2593.7540087890625,2351.7289990234376,2062.9174993896486,2726.6157153739623,2661.3889720169486,2558.5790639913625,63.04610449643635,104.8499755859375,3.8059450180652905,245583.6,0.41977558762067174,2877.300048828125,1500.300048828125,-4.253993132701836,83.62326285969164,33.54387187848457,True,2382.5,2877.300048828125,Strong Uptrend,Strong Positive,No Breakout,CAPLIPOINT,CAPLIPOINT.NS,Caplin Point Laboratories Limited,,Unavailable,0,60,,69.0,Momentum Watch,-5,64.0,0.32867931950044255,Strong price trend | Strong positive momentum | RSI supports positive momentum | Price is above 200 DMA,207,231
302.3999938964844,311.3999938964844,301.3999938964844,301.5,2225.0,303.5,-0.658978583196046,279.15250091552736,278.19719970703125,252.96170028686524,224.23885032653808,292.57108457244794,285.00294360314666,274.1108132318806,66.62843803917589,11.903570992606026,3.9481164154580513,8406.95,0.26466197610310516,320.0,152.0,-5.78125,98.35526315789474,34.45484560813335,True,260.04998779296875,317.79998779296875,Strong Uptrend,Strong Positive,No Breakout,CONSOFINVT,CONSOFINVT.NS,Consolidated Finvest & Holdings Limited,,Unavailable,0,60,,69.0,Momentum Watch,-5,64.0,0.39324446303067073,Strong price trend | Strong positive momentum | RSI supports positive momentum | Price is above 200 DMA,207,231
225.89999389648438,231.85000610351562,223.69000244140625,227.32000732421875,1628700.0,226.4499969482422,0.38419535778373426,226.45900039672853,221.94180053710937,209.03182556152345,206.338500289917,229.96119719909942,226.93420049016257,220.24359596746223,62.2093110651606,8.869288853236608,3.9016754211989113,2667986.95,0.6104602573112285,248.85000610351562,150.05250549316406,-8.651797569312059,51.49364322648699,10.168488675075945,True,204.80999755859375,248.85000610351562,Strong Uptrend,Positive,No Breakout,CUB,CUB.NS,City Union Bank Limited,,Unavailable,0,60,,69.0,Momentum Watch,-5,64.0,0.9564633246927907,Strong price trend | Positive momentum | RSI supports positive momentum | Price is above 200 DMA,207,231
21.260000228881836,23.200000762939453,21.260000228881836,22.690000534057617,31616.0,22.3700008392334,1.4304858418377364,19.499000072479248,17.359600067138672,17.175399990081786,16.32944999694824,22.033570373101657,20.272254937120515,18.325780618388823,68.45124736235178,2.2071428298950195,9.727381128008814,160392.55,0.19711638726362293,28.450000762939453,11.300000190734863,-20.246045955770697,100.79646151388285,38.95140704860285,True,16.049999237060547,28.450000762939453,Strong Uptrend,Strong Positive,No Breakout,CYBERMEDIA,CYBERMEDIA.NS,Cyber Media (India) Limited,,Unavailable,0,60,,69.0,Momentum Watch,-5,64.0,0.8674697445445961,Strong price trend | Strong positive momentum | RSI supports positive momentum | Price is above 200 DMA,207,231
448.54998779296875,459.95001220703125,442.0,449.5,124277.0,449.54998779296875,-0.011119518257396432,432.0599960327148,410.9519976806641,376.6030990600586,329.5627991485596,448.9889148909117,437.0682111466709,413.00835696414515,64.48682718371539,26.950007847377233,5.995552357592265,714067.55,0.17404095732959718,519.9000244140625,216.8000030517578,-13.541069649574396,107.3339454209733,36.3928213867899,True,387.04998779296875,519.9000244140625,Strong Uptrend,Strong Positive,No Breakout,DIFFNKG,DIFFNKG.NS,Diffusion Engineers Limited,,Unavailable,0,60,,69.0,Momentum Watch,-5,64.0,1.1273020120584725,Strong price trend | Strong positive momentum | RSI supports positive momentum | Price is above 200 DMA,207,231
671.0,686.75,666.0999755859375,679.6500244140625,518414.0,677.9500122070312,0.2507577515187265,620.4725006103515,589.94,527.0579998779297,429.8987499237061,650.845031031389,625.4499470518883,586.7164225926718,64.02204843670378,36.521432059151785,5.373564444529744,832702.85,0.6225678223630434,704.9000244140625,239.0,-3.582068254429226,184.37239515232739,58.095371185582565,True,560.8499755859375,704.9000244140625,Strong Uptrend,Strong Positive,No Breakout,EBGNG,EBGNG.NS,GNG Electronics Limited,,Unavailable,0,60,,69.0,Momentum Watch,-5,64.0,0.21254200018495495,Strong price trend | Strong positive momentum | RSI supports positive momentum | Price is above 200 DMA,207,231
58.0,59.900001525878906,56.41999816894531,58.27000045776367,128897.0,58.439998626708984,-0.29089351974697086,55.986999702453616,50.55039985656738,48.7596000289917,49.67425010681152,58.03378658502646,56.003123147842494,52.33828890617901,57.35887308041874,3.047143118722098,5.229351458355976,174857.9,0.737152853831597,81.0,37.25,-28.06172782992139,56.42953143023804,17.30423777403631,True,48.119998931884766,63.88999938964844,Strong Uptrend,Positive,No Breakout,GFLLIMITED,GFLLIMITED.NS,GFL Limited,,Unavailable,0,60,,69.0,Momentum Watch,-5,64.0,0.5536943928092779,Strong price trend | Positive momentum | RSI supports positive momentum | Price is above 200 DMA,207,231
375.0,391.3999938964844,372.29998779296875,385.3500061035156,565658.0,377.5,2.079471815500833,352.8770004272461,282.8110015869141,219.44850036621094,169.37940013885498,372.9113203924702,348.5876232678397,294.81611581475346,69.46113001566567,21.160714285714285,5.491297249397197,1385875.8,0.40815923043031704,404.0,87.1500015258789,-4.616335122892172,342.1686739604786,127.507008401028,True,284.8399963378906,404.0,Strong Uptrend,Strong Positive,No Breakout,INDSWFTLAB,INDSWFTLAB.NS,Ind-Swift Laboratories Limited,,Unavailable,0,60,,69.0,Momentum Watch,-5,64.0,0.18555359749713984,Strong price trend | Strong positive momentum | RSI supports positive momentum | Price is above 200 DMA,207,231
1150.0999755859375,1168.0999755859375,1133.0999755859375,1147.199951171875,44230.0,1167.4000244140625,-1.7303471663302594,1095.017495727539,1025.0599975585938,953.7229986572265,826.2339987182618,1142.9766504476772,1102.7618727143433,1036.481214476944,64.4018304486747,45.18572562081473,3.938783781733699,89889.65,0.49204774965749676,1200.0,622.0,-4.400004069010417,84.43729118518891,38.84685851121211,True,1001.0,1200.0,Strong Uptrend,Strong Positive,No Breakout,INNOVACAP,INNOVACAP.NS,Innova Captab Limited,,Unavailable,0,60,,69.0,Momentum Watch,-5,64.0,0.3611495654061636,Strong price trend | Strong positive momentum | RSI supports positive momentum | Price is above 200 DMA,207,231
2272.0,2313.39990234375,2236.89990234375,2246.60009765625,245450.0,2295.800048828125,-2.143041646723054,2088.1999755859374,2001.9179907226562,1817.8129956054688,1500.1864965820312,2201.199546312938,2124.0042307853237,2002.2020271948736,68.00000576143069,111.42143903459821,4.959558185314683,490129.45,0.5007860678439134,2339.5,1068.199951171875,-3.9709297860119683,110.31643890187452,49.754720681383255,True,1879.800048828125,2339.5,Strong Uptrend,Strong Positive,No Breakout,INOXINDIA,INOXINDIA.NS,INOX India Limited,,Unavailable,0,60,,69.0,Momentum Watch,-5,64.0,0.2532712376690031,Strong price trend | Strong positive momentum | RSI supports positive momentum | Price is above 200 DMA,207,231
210.50999450683594,210.9499969482422,192.0,194.30999755859375,5129124.0,211.42999267578125,-8.097240557275276,186.70599822998048,169.54839935302735,145.3188996887207,111.85729984283448,200.5996438738394,190.19291782258904,171.09594532034671,65.74710095280327,11.46142578125,5.898526028128755,5057837.45,1.014094274619284,219.0399932861328,67.19000244140625,-11.290173705965271,189.19480651610905,73.71239769922012,True,155.05999755859375,219.0399932861328,Strong Uptrend,Positive,No Breakout,IOLCP,IOLCP.NS,IOL Chemicals and Pharmaceuticals Limited,,Unavailable,0,60,,69.0,Momentum Watch,-5,64.0,0.630063585415008,Strong price trend | Positive momentum | RSI supports positive momentum | Price is above 200 DMA,207,231
62.599998474121094,62.84000015258789,60.900001525878906,61.470001220703125,437736.0,62.290000915527344,-1.3164226726152028,59.20249977111816,53.060800018310545,45.16150005340576,39.19699995994568,60.75918246346347,58.903132149729636,53.695063361210856,66.20739104744496,2.3342857360839844,3.7974388965813066,1184082.4,0.36968373147003963,64.12999725341797,26.350000381469727,-4.147818722342254,133.28273370322626,56.82322954184659,True,54.22999954223633,64.12999725341797,Strong Uptrend,Strong Positive,No Breakout,IRISDOREME,IRISDOREME.NS,Iris Clothings Limited,,Unavailable,0,60,,69.0,Momentum Watch,-5,64.0,0.3674026817737074,Strong price trend | Strong positive momentum | RSI supports positive momentum | Price is above 200 DMA,207,231
95.98999786376953,95.98999786376953,91.3499984741211,93.22000122070312,14169.0,95.51000213623047,-2.397655600783055,91.32249908447265,89.7041993713379,89.67029960632324,85.53779972076416,92.89270447538179,91.69050023566957,90.35990463886264,54.27394112348804,5.31785637991769,5.704630240593318,32379.15,0.43759641621228473,103.69999694824219,70.25,-10.106071394360546,32.69751063445285,8.981060449318674,True,86.0,103.69999694824219,Strong Uptrend,Positive,No Breakout,JMA,JMA.NS,Jullundur Motor Agency (Delhi) Limited,,Unavailable,0,60,,69.0,Momentum Watch,-5,64.0,1.4515227085402709,Strong price trend | Positive momentum | RSI supports positive momentum | Price is above 200 DMA,207,231
88.80000305175781,89.38999938964844,86.4000015258789,88.68000030517578,2156849.0,89.5999984741211,-1.0267836881839187,84.25050048828125,79.51820007324218,77.08860000610352,69.52929992675782,88.46090584268067,85.52113761930246,80.92429262063673,65.47298394475905,4.217857360839844,4.756266741457904,4272637.65,0.5048050353626407,94.0,40.25,-5.65957414343002,120.32298212466033,27.543352800317734,True,71.20999908447266,94.0,Strong Uptrend,Strong Positive,No Breakout,JTLIND,JTLIND.NS,JTL INDUSTRIES LIMITED,,Unavailable,0,60,,69.0,Momentum Watch,-5,64.0,0.3045219990322417,Strong price trend | Strong positive momentum | RSI supports positive momentum | Price is above 200 DMA,207,231
248.0500030517578,277.45001220703125,247.5,264.6000061035156,72663.0,251.6999969482422,5.125152686404721,259.9424987792969,228.82199981689453,214.07429946899413,199.82315032958985,256.1322813481829,252.50307113586422,235.55794224300053,51.88131037311291,14.957146780831474,5.6527386378744096,55409.35,1.311385172358095,283.1400146484375,151.25,-6.548000136237256,74.94215279571281,32.41709264771491,True,233.5500030517578,283.1400146484375,Strong Uptrend,Positive,No Breakout,KANPRPLA,KANPRPLA.NS,Kanpur Plastipack Limited,,Unavailable,0,60,,69.0,Momentum Watch,-5,64.0,0.5971016657878325,Strong price trend | Positive momentum | Volume is above average | RSI supports positive momentum | Price is above 200 DMA,207,231
158.39999389648438,165.0,154.39999389648438,162.50999450683594,2808.0,159.1199951171875,2.130467253440904,151.50649948120116,142.02100021362304,137.49290016174317,118.56170001983642,158.15671922745503,153.10783229836625,144.995617225112,64.40442728225133,9.600714547293526,5.90776867381512,5565.15,0.5045686100105119,178.0,85.0,-8.702250277058463,91.18822883157169,37.06786802116247,True,136.41000366210938,178.0,Strong Uptrend,Strong Positive,No Breakout,KHAITANLTD,KHAITANLTD.NS,Khaitan (India) Limited,,Unavailable,0,60,,69.0,Momentum Watch,-5,64.0,0.5934870086858203,Strong price trend | Strong positive momentum | RSI supports positive momentum | Price is above 200 DMA,207,231
423.25,425.8999938964844,416.04998779296875,421.04998779296875,377861.0,423.25,-0.5197902438349056,419.31499938964845,385.1679974365234,374.2434985351563,364.23924896240237,424.8757837841232,416.03063914244495,395.33061251069967,55.226085772289494,17.142854963030135,4.0714536183431305,1198990.35,0.3151493254303506,478.0,274.6499938964844,-11.914228495194822,53.304204314551185,15.597094215519459,True,365.70001220703125,452.79998779296875,Strong Uptrend,Positive,No Breakout,KRBL,KRBL.NS,KRBL Limited,,Unavailable,0,60,,69.0,Momentum Watch,-5,64.0,0.573622655907125,Strong price trend | Positive momentum | RSI supports positive momentum | Price is above 200 DMA,207,231
1560.0,1610.699951171875,1531.5,1593.5999755859375,188504.0,1584.5999755859375,0.5679666880388679,1548.8699951171875,1367.2119995117187,1283.0119982910155,1055.3927487182618,1581.8674272923372,1528.026199856803,1409.5802908771936,61.72863564533165,79.31427873883929,4.977050699920906,280931.95,0.6709952356789607,1687.0,589.7999877929688,-5.536456693186871,170.19328731239682,50.99591858304028,True,1461.0999755859375,1687.0,Strong Uptrend,Strong Positive,No Breakout,KRN,KRN.NS,KRN Heat Exchanger and Refrigeration Limited,,Unavailable,0,60,,69.0,Momentum Watch,-5,64.0,0.704905844634434,Strong price trend | Strong positive momentum | RSI supports positive momentum | Price is above 200 DMA,207,231
136.49000549316406,138.5,136.16000366210938,137.3699951171875,4215.0,137.22000122070312,0.10930906219941416,130.43349990844726,120.14639999389648,113.98250007629395,112.42284980773925,136.14203443234504,131.64429899012856,123.16545962350179,66.9180712320965,8.785714285714286,6.395657420107917,89670.45,0.04700545162871381,162.0,81.80000305175781,-15.203706717785495,67.93397309565935,22.190458035988044,True,105.5,147.19000244140625,Strong Uptrend,Strong Positive,No Breakout,LAMBODHARA,LAMBODHARA.NS,Lambodhara Textiles Limited,,Unavailable,0,60,,69.0,Momentum Watch,-5,64.0,0.3081270420064425,Strong price trend | Strong positive momentum | RSI supports positive momentum | Price is above 200 DMA,207,231
38.79999923706055,39.790000915527344,36.29999923706055,36.95000076293945,150737.0,37.93000030517578,-2.5837056007157466,33.459500026702884,28.992600021362303,26.760300006866455,25.71634997367859,36.462866814141876,34.04330235878323,30.390820800945864,60.83042507846945,2.8000007356916154,7.5778096830244,523733.8,0.28781224354815366,41.75,18.1200008392334,-11.497004160624066,103.91831706174852,43.68291301354517,True,26.93000030517578,41.75,Strong Uptrend,Strong Positive,No Breakout,LANCORHOL,LANCORHOL.NS,Lancor Holdings Limited,,Unavailable,0,60,,69.0,Momentum Watch,-5,64.0,0.47904181814097857,Strong price trend | Strong positive momentum | RSI supports positive momentum | Price is above 200 DMA,207,231
126.5,131.11000061035156,125.5,129.07000732421875,162049.0,127.87999725341797,0.9305677950888214,129.04850082397462,125.46539993286133,119.2986996459961,112.8953500366211,129.3171386890551,128.84892060292674,125.16993814422192,55.317254874332114,6.832140241350446,5.293360078758174,281918.9,0.5748071519859079,180.89999389648438,71.05999755859375,-28.651182045878937,81.63525437471601,14.327124440777148,True,121.66000366210938,138.89999389648438,Strong Uptrend,Positive,No Breakout,LAXMIINDIA,LAXMIINDIA.NS,Laxmi India Finance Limited,,Unavailable,0,60,,69.0,Momentum Watch,-5,64.0,1.326583227283772,Strong price trend | Positive momentum | RSI supports positive momentum | Price is above 200 DMA,207,231
691.5999755859375,696.0499877929688,680.0,681.75,4110589.0,693.2999877929688,-1.6659437467663407,661.8250061035156,600.2940075683593,553.5145050048828,513.3022528076172,680.5265572681437,659.1185528398813,613.5770328616906,61.31687811298291,20.046430315290177,2.9404371566248884,13448312.5,0.30565834932821495,,,,,32.81648312880406,True,597.75,703.5,Strong Uptrend,Strong Positive,No Breakout,LENSKART,LENSKART.NS,Lenskart Solutions Limited,,Unavailable,0,60,,69.0,Momentum Watch,-5,64.0,0.25892857142857145,Strong price trend | Strong positive momentum | RSI supports positive momentum | Price is above 200 DMA,207,231
85.48999786376953,87.6500015258789,82.22000122070312,84.93000030517578,2153198.0,86.2699966430664,-1.5532588269763448,79.55400123596192,70.7262003326416,65.58220012664795,60.693899974823,84.90591742791639,80.48680593613496,73.34995253535297,63.10146077774739,5.264286041259766,6.198382223411992,11198162.75,0.19228136329774276,93.0,39.130001068115234,-8.677419026692707,117.04573980801729,39.93169056594878,True,66.80999755859375,93.0,Strong Uptrend,Strong Positive,No Breakout,MANALIPETC,MANALIPETC.NS,Manali Petrochemicals Limited,,Unavailable,0,60,,69.0,Momentum Watch,-5,64.0,0.4453641540615362,Strong price trend | Strong positive momentum | RSI supports positive momentum | Price is above 200 DMA,207,231
2078.89990234375,2080.0,2040.0999755859375,2055.699951171875,120283.0,2085.0,-1.4052781212529952,1938.225,1737.6920043945313,1615.017998046875,1472.2874981689454,2010.7384218869634,1926.1740666917733,1782.970674587238,62.140685560477664,70.82857840401786,3.445472592614561,1082919.55,0.11107288625456987,2149.5,1060.5999755859375,-4.363807807775064,93.8242502821279,39.626258711597295,True,1605.0,2149.5,Strong Uptrend,Strong Positive,No Breakout,MANORAMA,MANORAMA.NS,Manorama Industries Limited,,Unavailable,0,60,,69.0,Momentum Watch,-5,64.0,0.20812083201747283,Strong price trend | Strong positive momentum | RSI supports positive momentum | Price is above 200 DMA,207,231
575.7999877929688,584.5,562.0,582.3499755859375,230359.0,576.5999755859375,0.9972251549537292,553.4724914550782,481.0049981689453,451.33299896240237,465.955500793457,570.5386988155682,549.7046848958105,503.6080607902224,67.03834054031098,20.5,3.5202199466693047,552285.0,0.4171016775758893,779.0,329.20001220703125,-25.243905573050384,76.89852794407014,24.97974046755044,True,516.4000244140625,604.0,Strong Uptrend,Strong Positive,No Breakout,MANYAVAR,MANYAVAR.NS,Vedant Fashions Limited,,Unavailable,0,60,,69.0,Momentum Watch,-5,64.0,0.32827961248431314,Strong price trend | Strong positive momentum | RSI supports positive momentum | Price is above 200 DMA,207,231
63.349998474121094,63.349998474121094,59.0,62.40999984741211,12281.0,62.650001525878906,-0.3830832763310643,56.865000343322755,55.895200119018554,55.008500022888185,49.03869995117188,60.61100189248137,58.2809309508101,56.33417292959638,64.71158084863403,3.7635716029575894,6.030398353083235,39950.35,0.30740656840303027,68.88999938964844,34.11000061035156,-9.406299317241723,82.96686816379646,27.266831929790374,True,51.099998474121094,68.88999938964844,Strong Uptrend,Strong Positive,No Breakout,MARALOVER,MARALOVER.NS,Maral Overseas Limited,,Unavailable,0,60,,69.0,Momentum Watch,-5,64.0,0.5729441870395423,Strong price trend | Strong positive momentum | RSI supports positive momentum | Price is above 200 DMA,207,231
413.0,425.6499938964844,390.0,419.1499938964844,774758.0,408.8500061035156,2.519258319482809,397.0399993896484,327.04600036621093,286.4095004272461,240.59045013427735,414.3093914789004,394.07046230553385,345.99816961392867,65.84123909045526,21.935712541852677,5.233380141064738,1033353.2,0.7497513918764659,450.0,150.86000061035156,-6.855556911892362,177.84037664104554,74.21722003618602,True,347.0,450.0,Strong Uptrend,Strong Positive,No Breakout,MARINE,MARINE.NS,Marine Electricals (India) Limited,,Unavailable,0,60,,69.0,Momentum Watch,-5,64.0,0.42758154834741907,Strong price trend | Strong positive momentum | RSI supports positive momentum | Price is above 200 DMA,207,231
265.79998779296875,265.79998779296875,252.64999389648438,255.25,5715.0,261.0,-2.2030651340996132,249.18000106811525,237.9916000366211,228.91990020751953,217.2320499420166,260.2767489725125,252.30597651168924,240.89338401904743,66.18513892411138,11.90428706577846,4.663775539971972,16307.05,0.35046191677832594,308.0,159.1999969482422,-17.126623376623375,60.33291764633941,17.501077795901256,True,227.3000030517578,278.0,Strong Uptrend,Positive,No Breakout,MAZDA,MAZDA.NS,Mazda Limited,,Unavailable,0,60,,69.0,Momentum Watch,-5,64.0,0.8139535772446936,Strong price trend | Positive momentum | RSI supports positive momentum | Price is above 200 DMA,207,231
598.0999755859375,598.0999755859375,583.0,585.5,121416.0,595.6500244140625,-1.7040248464770924,572.9750030517578,571.192001953125,548.8720010375977,509.8645014953613,586.9642993029098,579.6014622103751,567.6609199434756,65.24292523076382,14.539284842354911,2.483225421409891,290697.05,0.41767193715932105,609.0499877929688,412.25,-3.8666756859001823,42.025469981807156,14.834431164125045,True,536.5999755859375,607.5,Strong Uptrend,Positive,No Breakout,METROPOLIS,METROPOLIS.NS,Metropolis Healthcare Limited,,Unavailable,0,60,,69.0,Momentum Watch,-5,64.0,0.4498975258931224,Strong price trend | Positive momentum | RSI supports positive momentum | Price is above 200 DMA,207,231
461.0,461.0,442.5,447.3999938964844,1941042.0,463.3500061035156,-3.4423248077972146,429.0824996948242,419.1200012207031,417.3499996948242,376.60899963378904,443.069171119083,432.927986736409,423.0175667421428,59.12805089410848,17.085717337472097,3.818890829360459,3115763.95,0.6229746640466778,482.3999938964844,266.6499938964844,-7.255389809874348,67.78548814449573,18.796947054247724,True,398.79998779296875,482.3999938964844,Strong Uptrend,Positive,No Breakout,MIDHANI,MIDHANI.NS,Mishra Dhatu Nigam Limited,,Unavailable,0,60,,69.0,Momentum Watch,-5,64.0,0.7201645186103829,Strong price trend | Positive momentum | RSI supports positive momentum | Price is above 200 DMA,207,231
445.0,475.0,439.70001220703125,469.95001220703125,94390.0,447.79998779296875,4.946410231771403,403.70250244140624,338.7070007324219,305.675099029541,274.866499710083,434.4196566076419,404.92951387043325,357.1056066312944,67.34642376447368,28.425000871930802,6.048515827978846,134029.95,0.7042455809317245,485.0,185.1999969482422,-3.1030902665914946,153.75271055666815,70.97391377367327,True,331.0,485.0,Strong Uptrend,Strong Positive,No Breakout,MMP,MMP.NS,MMP Industries Limited,,Unavailable,0,60,,69.0,Momentum Watch,-5,64.0,0.10831224520185526,Strong price trend | Strong positive momentum | RSI supports positive momentum | Price is above 200 DMA,207,231
498.8999938964844,517.0,495.0,503.04998779296875,92092.0,514.7999877929688,-2.282439836561412,443.91500091552734,351.46800048828123,301.24889984130857,221.51560012817382,485.5547292739776,445.44631939249405,377.40953759746816,69.74539689971861,32.31429399762835,6.423674541649599,289141.9,0.31850105432661263,546.0,114.0,-7.866302602020375,341.27191911663925,127.0946098161452,True,339.1499938964844,546.0,Strong Uptrend,Strong Positive,No Breakout,MODISONLTD,MODISONLTD.NS,MODISON LIMITED,,Unavailable,0,60,,69.0,Momentum Watch,-5,64.0,0.26205011474349127,Strong price trend | Strong positive momentum | RSI supports positive momentum | Price is above 200 DMA,207,231
213.8000030517578,217.0,201.35000610351562,207.38999938964844,46074.0,211.69000244140625,-2.03127356141819,196.1875,166.2467999267578,146.72720024108887,142.74634971618653,206.41737859864787,196.71664437829878,175.03363551229185,64.32690255220709,11.037142072405134,5.321925890779493,60516.75,0.7613429339810879,227.0,101.0999984741211,-8.638766788701128,105.13353364959224,45.28567616754387,True,171.0,227.0,Strong Uptrend,Strong Positive,No Breakout,MOLDTECH,MOLDTECH.NS,Mold-Tek Technologies Limited,,Unavailable,0,60,,69.0,Momentum Watch,-5,64.0,0.5388843346870145,Strong price trend | Strong positive momentum | RSI supports positive momentum | Price is above 200 DMA,207,231
192.60000610351562,192.60000610351562,185.0,189.38999938964844,8916.0,190.74000549316406,-0.7077729184421178,186.45599899291992,163.53039916992188,160.1636996459961,163.48044975280763,196.9991196275825,189.01615700728487,173.09757267841135,58.805503690612554,15.667857578822545,8.27280090253747,43874.1,0.2032178437848298,296.0,136.36000061035156,-36.016892098091745,38.88970265615501,15.848714434060843,True,146.0,234.0,Strong Uptrend,Positive,No Breakout,NATCAPSUQ,NATCAPSUQ.NS,Natural Capsules Limited,,Unavailable,0,60,,69.0,Momentum Watch,-5,64.0,1.0281171061964611,Strong price trend | Positive momentum | RSI supports positive momentum | Price is above 200 DMA,207,231
121.0,126.19999694824219,117.51000213623047,123.9800033569336,1063265.0,122.41999816894531,1.2743058416284203,115.34400062561035,99.31920013427734,89.19830047607422,81.891300239563,123.62578650749151,116.24971555924998,103.09891890983461,63.308900517606496,10.942858559744698,8.826309294605062,8274348.0,0.12850136349111738,138.88999938964844,62.5,-10.735111309839992,98.36800537109374,51.39581737528314,True,86.51000213623047,138.88999938964844,Strong Uptrend,Strong Positive,No Breakout,OMAXE,OMAXE.NS,Omaxe Limited,,Unavailable,0,60,,69.0,Momentum Watch,-5,64.0,0.3979182158253225,Strong price trend | Strong positive momentum | RSI supports positive momentum | Price is above 200 DMA,207,231
141.99000549316406,147.9600067138672,134.02999877929688,140.9199981689453,76296.0,141.0800018310547,-0.11341342503027319,120.80350036621094,106.39600006103515,98.34459983825684,95.92749973297119,138.22909157822258,126.64741444698089,111.8692641874178,67.75495308425565,12.20214353288923,8.658915477887245,174099.65,0.43823178277497976,180.0,78.05000305175781,-21.711112128363716,80.55091948618644,46.90260724111189,True,97.51000213623047,180.0,Strong Uptrend,Strong Positive,No Breakout,PAR,PAR.NS,Par Drugs And Chemicals Limited,,Unavailable,0,60,,69.0,Momentum Watch,-5,64.0,0.9002535222901894,Strong price trend | Strong positive momentum | RSI supports positive momentum | Price is above 200 DMA,207,231
156.25,156.3800048828125,153.02999877929688,155.9600067138672,1894916.0,157.11000061035156,-0.7319673426368745,155.2345001220703,148.35259979248048,138.6246999359131,136.20895008087157,157.07190530667094,155.15872478438143,148.87003479851842,58.05688683772821,5.9464296613420755,3.8127913601925667,6303543.2,0.30061124987610144,201.99000549316406,99.69999694824219,-22.78825562032804,56.42929938586816,14.500557137595427,True,145.07000732421875,168.0,Strong Uptrend,Positive,No Breakout,PARADEEP,PARADEEP.NS,Paradeep Phosphates Limited,,Unavailable,0,60,,69.0,Momentum Watch,-5,64.0,1.1056009146866903,Strong price trend | Positive momentum | RSI supports positive momentum | Price is above 200 DMA,207,231
310.0,315.6000061035156,307.0,310.8500061035156,313377.0,313.54998779296875,-0.861100875320675,294.53999786376954,284.11559814453125,268.9070991516113,262.3489493560791,304.96073859942703,297.5959129903996,285.25539150312494,58.72020560520783,12.275000435965401,3.948849990331904,1077328.0,0.2908835563542394,367.0,161.00999450683594,-15.299725857352692,93.06255307667747,18.487231173015807,True,263.29998779296875,324.8999938964844,Strong Uptrend,Positive,No Breakout,PFOCUS,PFOCUS.NS,Prime Focus Limited,,Unavailable,0,60,,69.0,Momentum Watch,-5,64.0,0.2954780732408757,Strong price trend | Positive momentum | RSI supports positive momentum | Price is above 200 DMA,207,231
2267.89990234375,2287.39990234375,2249.300048828125,2255.60009765625,290691.0,2295.60009765625,-1.742463769749747,2208.9400024414062,2149.5180029296876,2072.664002685547,1898.1925036621094,2260.696449836681,2220.575085233858,2154.2345588307976,58.30044678841774,66.64997209821429,2.954866519445046,424626.35,0.6845806907649514,,,,,18.828838134415133,True,2035.0,2326.39990234375,Strong Uptrend,Positive,No Breakout,PIRAMALFIN,PIRAMALFIN.NS,Piramal Finance Limited,,Unavailable,0,60,,69.0,Momentum Watch,-5,64.0,0.32094185560073396,Strong price trend | Positive momentum | RSI supports positive momentum | Price is above 200 DMA,207,231
3288.0,3449.89990234375,3249.10009765625,3385.0,39123.0,3318.800048828125,1.994695377784228,3359.8250244140627,3198.02,3012.9839990234377,2741.56,3345.7862265877775,3335.4756299136106,3217.9905912616177,51.329001662488125,187.335693359375,5.534289316377401,29874.05,1.309598129480268,4105.5,2121.0,-17.549628547071002,59.594530881659594,23.469849282890035,True,3200.0,4105.5,Strong Uptrend,Positive,No Breakout,PRUDENT,PRUDENT.NS,Prudent Corporate Advisory Services Limited,,Unavailable,0,60,,69.0,Momentum Watch,-5,64.0,3.8945945945945946,Strong price trend | Positive momentum | Volume is above average | RSI supports positive momentum | Price is above 200 DMA,207,231
1228.0,1256.0,1212.0999755859375,1237.0999755859375,879763.0,1221.300048828125,1.2936973819802189,1216.9300048828125,1134.7139990234375,1065.142003173828,1038.1282528686525,1214.5704945711766,1203.8432052488201,1149.4344633790276,50.59589869296744,51.40000697544643,4.154878990366274,753838.55,1.167044322686867,1284.5,907.4000244140625,-3.6901537107094198,36.334575964418,19.166391259217527,True,1125.699951171875,1284.5,Strong Uptrend,Positive,No Breakout,PVRINOX,PVRINOX.NS,PVR INOX Limited,,Unavailable,0,60,,69.0,Momentum Watch,-5,64.0,0.42549384224442766,Strong price trend | Positive momentum | RSI supports positive momentum | Price is above 200 DMA,207,231
1455.0,1473.5,1401.800048828125,1426.5,364591.0,1458.199951171875,-2.173909767751636,1398.8599853515625,1254.917998046875,1225.7244970703125,1019.6335000610352,1454.552979903353,1400.3036922216484,1302.3191271756766,61.72635333524024,70.40713936941964,4.9356564577230735,321788.1,1.1330157951770126,1570.0,581.0,-9.140127388535031,145.5249569707401,39.90321031180417,True,1235.5,1570.0,Strong Uptrend,Positive,No Breakout,QPOWER,QPOWER.NS,Quality Power Electrical Equipments Limited,,Unavailable,0,60,,69.0,Momentum Watch,-5,64.0,0.7513089005235603,Strong price trend | Positive momentum | RSI supports positive momentum | Price is above 200 DMA,207,231
84.16000366210938,84.98999786376953,81.45999908447266,83.20999908447266,1473665.0,84.1500015258789,-1.1170557627585675,73.88049964904785,69.36040023803712,64.0240001296997,66.44010005950928,81.74055855955604,76.78103654117075,70.7319106948722,67.5087883845496,6.0799985613141745,7.306812436257709,3842959.65,0.38347136952114497,99.6500015258789,50.0099983215332,-16.49774429470211,66.3867264091554,25.240628791863447,True,64.48999786376953,97.5,Strong Uptrend,Strong Positive,No Breakout,RADHIKAJWE,RADHIKAJWE.NS,Radhika Jeweltech Limited,,Unavailable,0,60,,69.0,Momentum Watch,-5,64.0,0.7633546999838609,Strong price trend | Strong positive momentum | RSI supports positive momentum | Price is above 200 DMA,207,231
156.0,161.1999969482422,154.25,155.49000549316406,1372451.0,156.47999572753906,-0.632662488116853,139.41399993896485,127.01599975585937,116.82549964904786,115.65854976654053,148.2656387233438,140.7018382436583,129.8308321199909,63.760542639522605,9.866426740373884,6.3453768035320115,3537105.65,0.38801526892474925,161.1999969482422,85.0,-3.542178389067513,82.92941822725184,34.438833797435855,True,115.0,159.0,Strong Uptrend,Strong Positive,No Breakout,RGL,RGL.NS,Renaissance Global Limited,,Unavailable,0,60,,69.0,Momentum Watch,-5,64.0,0.0866879237007891,Strong price trend | Strong positive momentum | RSI supports positive momentum | Price is above 200 DMA,207,231
445.8999938964844,463.79998779296875,426.95001220703125,455.1000061035156,11703.0,445.8999938964844,2.063245645427614,407.19249725341797,390.3010003662109,334.9896002197266,272.86189994812014,433.4236094221332,413.7426335463983,385.1437674944258,65.8398041038378,26.54642595563616,5.833097253265691,14664.05,0.7980742018746527,488.29998779296875,169.02000427246094,-6.79909533471653,169.25807277219835,66.78767031602611,True,353.1000061035156,488.29998779296875,Strong Uptrend,Strong Positive,No Breakout,RUBYMILLS,RUBYMILLS.NS,The Ruby Mills Limited,,Unavailable,0,60,,69.0,Momentum Watch,-5,64.0,0.3254900165632659,Strong price trend | Strong positive momentum | RSI supports positive momentum | Price is above 200 DMA,207,231
762.5,762.5,740.4000244140625,740.9500122070312,97.0,762.5,-2.826227907274592,738.8500061035156,725.5030029296875,712.6475024414062,681.5825003051758,746.596357601686,738.8542767854216,727.3163593051403,52.06718346253229,28.350001743861608,3.8261692795465185,1580.0,0.06139240506329114,1300.0,491.1000061035156,-43.00384521484375,50.87558603101533,8.710245916712045,True,704.1500244140625,799.0,Strong Uptrend,Positive,No Breakout,RVTH,RVTH.NS,Revathi Equipment India Limited,,Unavailable,0,60,,69.0,Momentum Watch,-5,64.0,1.577445843720094,Strong price trend | Positive momentum | RSI supports positive momentum | Price is above 200 DMA,207,231
148.0,148.0,138.0,141.30999755859375,2320.0,149.16000366210938,-5.262809004281177,137.56600036621094,130.73899993896484,128.72239990234374,120.69670001983643,142.9565372533266,139.11903329145693,133.09308998829,58.11684366648907,12.357143947056361,8.7447060792231,12134.35,0.19119277093540238,179.5,95.05000305175781,-21.275767376827996,48.66911417314302,17.078592484607732,True,123.30000305175781,179.5,Strong Uptrend,Positive,No Breakout,SECMARK,SECMARK.NS,SecMark Consultancy Limited,,Unavailable,0,60,,69.0,Momentum Watch,-5,64.0,2.1204893997558254,Strong price trend | Positive momentum | RSI supports positive momentum | Price is above 200 DMA,207,231
706.6500244140625,711.2999877929688,686.4500122070312,691.75,919480.0,713.0999755859375,-2.9939666690346978,655.4549926757812,629.8319952392578,542.3154977416992,451.0432485961914,686.3290198584981,666.6337994089345,623.1308985184266,69.31235934034406,22.689283098493302,3.279983100613416,1204714.75,0.763234616327226,721.5,222.0,-4.123354123354123,211.5990990990991,53.36666764284234,True,588.0999755859375,721.5,Strong Uptrend,Strong Positive,No Breakout,SHREEJISPG,SHREEJISPG.NS,Shreeji Shipping Global Limited,,Unavailable,0,60,,69.0,Momentum Watch,-5,64.0,0.2870235696342367,Strong price trend | Strong positive momentum | RSI supports positive momentum | Price is above 200 DMA,207,231
604.0,620.5999755859375,589.0,611.0999755859375,4670.0,590.2000122070312,3.5411662058005833,606.9300018310547,575.727001953125,541.7734991455078,512.0449990844727,605.0726054090759,600.5796419027192,580.2076030589967,50.015263453923936,30.48213849748884,4.9880771911767505,5775.45,0.8085950012553135,689.9500122070312,380.0,-11.428369479821598,60.81578304893092,19.34497489060011,True,535.5499877929688,689.9500122070312,Strong Uptrend,Positive,No Breakout,STEL,STEL.NS,Stel Holdings Limited,,Unavailable,0,60,,69.0,Momentum Watch,-5,64.0,1.0436803356893742,Strong price trend | Positive momentum | RSI supports positive momentum | Price is above 200 DMA,207,231
39.650001525878906,40.900001525878906,38.900001525878906,39.27000045776367,20479.0,39.63999938964844,-0.9333979252819757,38.971499824523924,38.51079978942871,37.8403999710083,34.47199998855591,39.57912224307613,39.20055405410352,38.49498542378134,57.1069310949918,1.8342862810407365,4.670960681585881,29675.3,0.6901025431924867,42.0,24.0,-6.499998910086495,63.62500190734863,13.918543951034506,True,36.310001373291016,42.0,Strong Uptrend,Positive,No Breakout,SUTLEJTEX,SUTLEJTEX.NS,Sutlej Textiles and Industries Limited,,Unavailable,0,60,,69.0,Momentum Watch,-5,64.0,0.9222974279137981,Strong price trend | Positive momentum | RSI supports positive momentum | Price is above 200 DMA,207,231
1598.9000244140625,1608.199951171875,1556.0999755859375,1589.300048828125,638884.0,1598.800048828125,-0.5941956285880345,1492.4800109863281,1434.826005859375,1297.6610070800782,1042.0625036621093,1545.169660215327,1502.8414491889446,1428.4962538367663,69.02587754692523,51.5,3.240420211273112,986557.5,0.647589218063823,1660.0,634.5,-4.259033203125,150.48070115494482,52.51484850888162,True,1392.5999755859375,1660.0,Strong Uptrend,Strong Positive,No Breakout,SYRMA,SYRMA.NS,Syrma SGS Technology Limited,,Unavailable,0,60,,69.0,Momentum Watch,-5,64.0,0.35943022291011295,Strong price trend | Strong positive momentum | RSI supports positive momentum | Price is above 200 DMA,207,231
60.5,61.9900016784668,58.58000183105469,59.599998474121094,30543.0,60.65999984741211,-1.747447042461936,57.94999961853027,53.603599853515625,52.77029998779297,53.18214994430542,60.280875897332386,58.514697516207086,55.46690503206643,62.89790902492942,4.937143870762417,8.28379865295831,116513.0,0.26214242187567055,73.9000015258789,46.2599983215332,-19.350477343021595,28.837009590591272,12.067674090905898,True,49.060001373291016,69.6500015258789,Strong Uptrend,Positive,No Breakout,TARMAT,TARMAT.NS,Tarmat Limited,,Unavailable,0,60,,69.0,Momentum Watch,-5,64.0,0.9535109882493539,Strong price trend | Positive momentum | RSI supports positive momentum | Price is above 200 DMA,207,231
546.0,560.4000244140625,539.4000244140625,552.6500244140625,2465801.0,549.7999877929688,0.5183769887908696,542.2725006103516,535.2009985351563,530.2944995117188,471.57199935913087,563.2876655573423,551.9016080875745,540.8249445143405,59.958656503208935,29.307146344866073,5.30302090838383,5506835.55,0.44777095259363614,644.75,294.0,-14.284602650009692,87.97619878029337,17.19313809240522,True,499.70001220703125,622.7999877929688,Strong Uptrend,Positive,No Breakout,TEJASNET,TEJASNET.NS,Tejas Networks Limited,,Unavailable,0,60,,69.0,Momentum Watch,-5,64.0,1.3248337527217984,Strong price trend | Positive momentum | RSI supports positive momentum | Price is above 200 DMA,207,231
142.0,144.2100067138672,140.0500030517578,141.49000549316406,6496168.0,143.1699981689453,-1.1734250871462626,136.54350051879882,110.7513998413086,93.08410011291504,80.22954986572266,141.38294937957366,134.9232341159049,117.03221609704305,66.30434164510534,5.221430097307477,3.690317262415928,13114617.15,0.4953379824740061,147.64999389648438,51.0,-4.172020763941925,177.43138331992952,76.35647430400749,True,114.76000213623047,147.64999389648438,Strong Uptrend,Strong Positive,No Breakout,TFCILTD,TFCILTD.NS,Tourism Finance Corporation of India Limited,,Unavailable,0,60,,69.0,Momentum Watch,-5,64.0,0.23045221211027087,Strong price trend | Strong positive momentum | RSI supports positive momentum | Price is above 200 DMA,207,231
76.94999694824219,77.0,74.0,76.77999877929688,13215.0,76.9800033569336,-0.25981367746810147,70.91499900817871,61.61379943847656,57.55449970245361,61.517799873352054,73.40224351119058,70.34031742104267,64.32361142763104,60.39398334349136,3.966430119105748,5.165967937180098,18489.0,0.7147493104007788,87.88999938964844,45.0,-12.640801783484918,70.62221950954861,24.809403030286227,True,62.29999923706055,79.0,Strong Uptrend,Strong Positive,No Breakout,TOTAL,TOTAL.NS,Total Transport Systems Limited,,Unavailable,0,60,,69.0,Momentum Watch,-5,64.0,0.1533150062765998,Strong price trend | Strong positive momentum | RSI supports positive momentum | Price is above 200 DMA,207,231
94.0,97.44999694824219,93.44000244140625,96.2300033569336,7897.0,94.83999633789062,1.4656337755336146,93.51199989318847,91.28459991455078,89.09880004882812,86.94275024414063,96.77963230089725,94.70800331384075,91.93972577569114,58.713460885518465,5.152142660958426,5.353987822122633,29260.95,0.26988187328162616,110.9000015258789,70.0,-13.22813162046893,37.47143336704799,10.682032816668194,True,86.25,105.9000015258789,Strong Uptrend,Positive,No Breakout,UMIYA-MRO,UMIYA-MRO.NS,UMIYA BUILDCON LIMITED,,Unavailable,0,60,,69.0,Momentum Watch,-5,64.0,0.9689373663614146,Strong price trend | Positive momentum | RSI supports positive momentum | Price is above 200 DMA,207,231
178.0,180.61000061035156,173.0500030517578,174.35000610351562,1851750.0,176.92999267578125,-1.4581962804878223,168.5259994506836,160.57579956054687,152.7118999481201,150.12574974060058,175.25605368043406,170.16680200154715,162.2453517861939,63.57054998174496,8.80500248500279,5.0501876551556055,3695965.95,0.5010192261105652,189.39999389648438,120.23999786376953,-7.946139534299165,45.00167099225341,16.135976942510975,True,143.85000610351562,189.39999389648438,Strong Uptrend,Positive,No Breakout,VINCOFE,VINCOFE.NS,Vintage Coffee And Beverages Limited,,Unavailable,0,60,,69.0,Momentum Watch,-5,64.0,0.49344222272028687,Strong price trend | Positive momentum | RSI supports positive momentum | Price is above 200 DMA,207,231
2745.0,2761.800048828125,2658.5,2676.60009765625,1221515.0,2776.89990234375,-3.6119344670236475,2394.540002441406,1969.786005859375,1664.6175061035156,1248.4582528686524,2597.326817950933,2413.233143242415,2068.275901662636,64.86878119465464,120.49998256138393,4.501979308261219,3200537.95,0.381659276997481,2784.800048828125,710.0,-3.885375943504696,276.98592924735914,114.39243895469282,True,1846.0,2784.800048828125,Strong Uptrend,Strong Positive,No Breakout,WELCORP,WELCORP.NS,Welspun Corp Limited,,Unavailable,0,60,,69.0,Momentum Watch,-5,64.0,0.13026720256497532,Strong price trend | Strong positive momentum | RSI supports positive momentum | Price is above 200 DMA,207,231
87.79000091552734,90.5,86.94999694824219,89.22000122070312,4722048.0,87.83999633789062,1.571043875621414,79.69350090026856,77.83780044555664,71.84640018463135,54.50895017623901,85.11162219821541,81.93516495589016,77.70077499450285,78.14763795763754,4.422857557024274,4.95724893130574,4255090.6,1.109740883073089,91.30000305175781,28.059999465942383,-2.2782056533728023,217.96152144975358,63.67954424408453,True,69.0,91.30000305175781,Strong Uptrend,Strong Positive,No Breakout,CONFIPET,CONFIPET.NS,Confidence Petroleum India Limited,,Unavailable,0,60,,67.0,52W High Watch,-3,64.0,0.10286853142842481,Strong price trend | Strong positive momentum | RSI indicates overbought conditions | Price is above 200 DMA | Price is near 52-week high,304,231
11711.0,11831.0,11542.0,11669.0,53409.0,11851.0,-1.5357353809805074,11003.225,10194.85,9476.63,8426.9725,11439.716721453253,11070.668355211523,10387.408612711284,71.03264216793266,407.7142857142857,3.4939950785353133,52998.7,1.0077416993247004,11999.0,6324.0,-2.7502291857654804,84.51929158760278,38.472031325603595,True,10205.0,11999.0,Strong Uptrend,Strong Positive,No Breakout,CRAFTSMAN,CRAFTSMAN.NS,Craftsman Automation Limited,,Unavailable,0,60,,67.0,52W High Watch,-3,64.0,0.22540983606557377,Strong price trend | Strong positive momentum | RSI indicates overbought conditions | Price is above 200 DMA | Price is near 52-week high,304,231
123.0,128.0,122.0,126.91000366210938,180836.0,123.55999755859375,2.711238402159255,113.166499710083,106.54900009155273,105.74299995422363,99.13540012359618,120.60870611033609,115.01342738377961,109.2810672218644,76.36939901433675,6.344998495919364,4.999604690590475,182134.0,0.9928733789407799,129.39999389648438,55.29999923706055,-1.9242583862615232,129.49368067451573,28.016837077255396,True,101.0,129.39999389648438,Strong Uptrend,Strong Positive,No Breakout,GLOBAL,GLOBAL.NS,Global Education Limited,,Unavailable,0,60,,67.0,52W High Watch,-3,64.0,0.09610150067312981,Strong price trend | Strong positive momentum | RSI indicates overbought conditions | Price is above 200 DMA | Price is near 52-week high,304,231
6219.0,6591.5,6064.5,6583.0,109374.0,6278.0,4.858235106721875,5615.55,4998.48201171875,4420.171010742188,4232.6740051269535,6146.506126021662,5760.977853442661,5183.917508607765,77.47011952191235,294.42857142857144,4.472559189253706,129632.6,0.8437229524054906,6654.0,2719.0,-1.0670273519687408,142.11107024641413,55.52816002428119,True,5075.0,6654.0,Strong Uptrend,Strong Positive,No Breakout,SMLMAH,SMLMAH.NS,SML Mahindra Limited,,Unavailable,0,60,,67.0,52W High Watch,-3,64.0,0.047082228116710874,Strong price trend | Strong positive momentum | RSI indicates overbought conditions | Price is above 200 DMA | Price is near 52-week high,304,231
22300.0,22500.0,22130.0,22290.0,148838.0,22370.0,-0.35762181493070866,20779.8,19450.86,18426.65,15869.02,21758.364513392782,20961.533252748282,19758.184713108814,78.66666666666667,509.92857142857144,2.28770108312504,147366.7,1.0099839380267048,22625.0,11646.0,-1.4806629834254144,91.3961875321999,40.462359994505015,True,19190.0,22625.0,Strong Uptrend,Strong Positive,No Breakout,SOLARINDS,SOLARINDS.NS,Solar Industries India Limited,,Unavailable,0,60,,67.0,52W High Watch,-3,64.0,0.10806451612903226,Strong price trend | Strong positive momentum | RSI indicates overbought conditions | Price is above 200 DMA | Price is near 52-week high,304,231
703.0,722.4000244140625,691.0499877929688,713.7999877929688,271781.0,710.0999755859375,0.5210551097369454,641.0899963378906,593.0419982910156,547.6805001831054,484.52925048828126,675.394377106879,647.6347866580073,603.2930513687243,72.73962485443124,29.242867606026785,4.096787350255379,295267.5,0.9204568738516768,722.4000244140625,375.0,-1.190481219608101,90.34666341145832,47.31824488896003,True,599.5999755859375,714.7999877929688,Strong Uptrend,Strong Positive,No Breakout,WSTCSTPAPR,WSTCSTPAPR.NS,West Coast Paper Mills Limited,,Unavailable,0,60,,67.0,52W High Watch,-3,64.0,0.008756566489564967,Strong price trend | Strong positive momentum | RSI indicates overbought conditions | Price is above 200 DMA | Price is near 52-week high,304,231
753.0,784.4000244140625,740.5,776.3499755859375,398725.0,749.6500244140625,3.561655479534487,759.5149963378906,714.9909948730469,639.3469970703125,550.7802490234375,758.9324898356308,751.7645244230526,713.1602779154684,51.74520168952794,26.492863246372767,3.4124897378115726,364129.85,1.0950077286989792,796.5499877929688,409.29998779296875,-2.53593779632088,89.6774978597432,40.954577975961755,True,715.0999755859375,796.5499877929688,Strong Uptrend,Positive,No Breakout,AKUMS,AKUMS.NS,Akums Drugs and Pharmaceuticals Limited,,Unavailable,0,60,,66.0,52W High Watch,-3,63.0,0.32979611766581635,Strong price trend | Positive momentum | RSI supports positive momentum | Price is above 200 DMA | Price is near 52-week high,355,309
1666.699951171875,1681.4000244140625,1655.5,1679.800048828125,494251.0,1668.4000244140625,0.6832908323689324,1647.860009765625,1608.2080029296876,1539.3969995117188,1384.8549975585938,1669.5954158497755,1652.16260126288,1607.4002204119488,59.57446808510638,40.257167271205354,2.396545189964119,821577.65,0.6015876892464151,1717.0,1036.0,-2.1665667543316833,62.14286185599662,21.297901353535167,True,1598.800048828125,1717.0,Strong Uptrend,Positive,No Breakout,AUROPHARMA,AUROPHARMA.NS,Aurobindo Pharma Limited,,Unavailable,0,60,,66.0,52W High Watch,-3,63.0,0.45925865644290126,Strong price trend | Positive momentum | RSI supports positive momentum | Price is above 200 DMA | Price is near 52-week high,355,309
609.9000244140625,613.4500122070312,598.0999755859375,600.7000122070312,862249.0,614.7999877929688,-2.2934248317984074,552.1549987792969,527.4289996337891,465.6485000610352,403.3,589.9137485634337,564.9029032553643,525.1246265211697,85.72007514298588,16.724993024553573,2.7842504885432406,646015.35,1.3347190589201945,616.9000244140625,213.14999389648438,-2.626035267613772,181.82032812947645,48.946196927109156,True,470.0,616.9000244140625,Strong Uptrend,Strong Positive,No Breakout,GCSL,GCSL.NS,Gretex Corporate Services Limited,,Unavailable,0,60,,66.0,52W High Watch,-3,63.0,0.12394805427692027,Strong price trend | Strong positive momentum | Volume is above average | RSI indicates overbought conditions | Price is above 200 DMA | Price is near 52-week high,355,309
23780.0,23895.0,23225.0,23535.0,43901.0,23800.0,-1.1134453781512565,23283.95,21160.34,19016.59,16573.635,23349.325032408364,22943.751637752106,21425.70064757356,52.360774818401936,685.1428571428571,2.9111657409936567,47164.55,0.930805021992153,24225.0,11500.0,-2.848297213622291,104.65217391304348,42.00264456167885,True,22527.0,24225.0,Strong Uptrend,Positive,No Breakout,NEULANDLAB,NEULANDLAB.NS,Neuland Laboratories Limited,,Unavailable,0,60,,66.0,52W High Watch,-3,63.0,0.6845238095238095,Strong price trend | Positive momentum | RSI supports positive momentum | Price is above 200 DMA | Price is near 52-week high,355,309
389.8999938964844,396.45001220703125,374.45001220703125,390.8999938964844,17080.0,383.3500061035156,1.9694763721824549,366.65249786376955,327.44899658203127,305.8153991699219,276.02674949645996,375.5365641224397,363.30253213059495,337.23616937952403,56.36569902774943,19.767857142857142,5.057011371581638,26930.5,0.6342251350699022,402.70001220703125,200.10000610351562,-2.9302254663157035,95.35231482914809,41.61670729723884,True,332.29998779296875,402.70001220703125,Strong Uptrend,Positive,No Breakout,SAHYADRI,SAHYADRI.NS,Sahyadri Industries Limited,,Unavailable,0,60,,66.0,52W High Watch,-3,63.0,0.2013654792066472,Strong price trend | Positive momentum | RSI supports positive momentum | Price is above 200 DMA | Price is near 52-week high,355,309
3488.0,3488.0,3350.0,3383.699951171875,325242.0,3451.39990234375,-1.9615215010553189,3244.3449951171874,3330.047998046875,3163.8270043945313,2573.176999511719,3280.526677935653,3260.2118995676815,3247.432818321661,61.39234061869196,119.31431361607143,3.5261493435536257,307632.7,1.0572413140735688,3740.0,1302.0,-9.526739273479278,159.8847888764881,31.49891949966751,True,3081.199951171875,3464.0,Uptrend,Strong Positive,No Breakout,ACUTAAS,ACUTAAS.NS,Acutaas Chemicals Limited,,Unavailable,0,60,,67.0,Momentum Watch,-5,62.0,0.2654547068698347,Price is in an uptrend | Strong positive momentum | RSI supports positive momentum | Price is above 200 DMA,304,318
1755.0,1771.9000244140625,1750.800048828125,1764.5999755859375,1674823.0,1768.0,-0.19230907319357504,1699.1899963378905,1739.03599609375,1757.5709985351561,1613.3700006103516,1727.905596229544,1712.708404727859,1723.0790392525043,57.96743607493683,41.985726492745535,2.379333960877118,2502756.45,0.6691913629869978,1891.0999755859375,1292.0,-6.6892285777120435,36.57894547878773,9.373545740801822,True,1593.0999755859375,1785.9000244140625,Uptrend,Positive,No Breakout,ADANIPORTS,ADANIPORTS.NS,Adani Ports and Special Economic Zone Limited,,Unavailable,0,60,,67.0,Momentum Watch,-5,62.0,0.1241985354409621,Price is in an uptrend | Positive momentum | RSI supports positive momentum | Price is above 200 DMA,304,318
11.229999542236328,11.300000190734863,10.65999984741211,11.020000457763672,20102.0,10.869999885559082,1.3799500808078902,10.344000005722046,9.781800003051758,9.553899984359742,9.657099990844726,10.651844627185493,10.393278131604562,9.980143073035993,70.94020577381183,0.6685714040483747,6.066890891799929,28498.25,0.7053766459343995,12.199999809265137,7.550000190734863,-9.672125983193288,45.96026727637822,14.112937302202774,True,9.5,11.399999618530273,Strong Uptrend,Strong Positive,No Breakout,ADROITINFO,ADROITINFO.NS,Adroit Infotech Limited,,Unavailable,0,60,,67.0,Momentum Watch,-5,62.0,0.24999937258287552,Strong price trend | Strong positive momentum | RSI indicates overbought conditions | Price is above 200 DMA,304,318
390.0,428.8500061035156,388.04998779296875,423.3999938964844,18217.0,408.45001220703125,3.66017413212254,363.4840026855469,294.69420043945314,253.53739974975585,235.4292498779297,409.5467425857163,373.08105205009826,315.8510440395935,74.85523208183803,23.343571254185267,5.513361263744481,20180.25,0.90271428748405,472.0,141.3000030517578,-10.296611462609242,199.6461321670277,79.84171215599494,True,291.0,472.0,Strong Uptrend,Strong Positive,No Breakout,AKSHARCHEM,AKSHARCHEM.NS,AksharChem India Limited,,Unavailable,0,60,,67.0,Momentum Watch,-5,62.0,0.36706954942545583,Strong price trend | Strong positive momentum | RSI indicates overbought conditions | Price is above 200 DMA,304,318
1118.0,1200.0,1114.1500244140625,1139.3499755859375,4164751.0,1124.0999755859375,1.3566408977147226,900.7100006103516,859.4140002441407,814.8024969482422,661.3349980163574,1039.415617872462,950.5331705330999,874.6652699108122,78.61101252953091,74.33214896065849,6.524083956067268,3519526.35,1.1833271258219162,1218.300048828125,357.0,-6.4803472115206,219.14565142463235,72.28030861868237,True,773.7000122070312,1218.300048828125,Strong Uptrend,Strong Positive,No Breakout,ANTELOPUS,ANTELOPUS.NS,Antelopus Selan Energy Limited,,Unavailable,0,60,,67.0,Momentum Watch,-5,62.0,0.215917082317263,Strong price trend | Strong positive momentum | RSI indicates overbought conditions | Price is above 200 DMA,304,318
91.19999694824219,95.87999725341797,90.79000091552734,94.86000061035156,222204.0,91.20999908447266,4.001755906716453,82.67050018310547,80.57299987792969,79.81149993896484,78.57964988708495,89.41770251838254,85.13898255089076,81.73745159635493,70.29627316976666,4.884285518101284,5.1489410570046825,263268.1,0.8440217405754818,99.5,67.0,-4.663315969495917,41.58209046321129,20.718278519515753,True,75.4000015258789,99.5,Strong Uptrend,Strong Positive,No Breakout,ANUHPHR,ANUHPHR.NS,Anuh Pharma Limited,,Unavailable,0,60,,67.0,Momentum Watch,-5,62.0,0.2384378010249108,Strong price trend | Strong positive momentum | RSI indicates overbought conditions | Price is above 200 DMA,304,318
2176.199951171875,2176.199951171875,2109.800048828125,2153.5,591497.0,2194.800048828125,-1.8817226129631437,2174.3550048828124,1997.3500048828125,1926.3399963378906,1958.0189971923828,2184.23104388293,2152.1193732877346,2050.8465537791512,50.84982903829894,62.6785888671875,2.9105451064400976,651193.0,0.9083282529142666,2301.39990234375,1653.300048828125,-6.426519015366623,30.254638383784087,9.983611144116516,True,2037.0,2281.0,Uptrend,Positive,No Breakout,APLAPOLLO,APLAPOLLO.NS,APL Apollo Tubes Limited,,Unavailable,0,60,,67.0,Momentum Watch,-5,62.0,1.094420600858369,Price is in an uptrend | Positive momentum | RSI supports positive momentum | Price is above 200 DMA,304,318
1864.199951171875,1866.699951171875,1815.0,1831.800048828125,131542.0,1869.699951171875,-2.0270579950539824,1664.219989013672,1609.342001953125,1764.7520031738281,1585.6725042724609,1775.7211232303466,1702.5904419888864,1668.383088754641,72.04969200971416,73.45001220703125,4.009717777550019,196915.15,0.6680136089071866,2211.0,1063.300048828125,-17.150608375028266,72.27498962752541,15.521965846824878,True,1416.0999755859375,1939.0,Strong Uptrend,Strong Positive,No Breakout,AXISCADES,AXISCADES.NS,AXISCADES Technologies Limited,,Unavailable,0,60,,67.0,Momentum Watch,-5,62.0,0.2578781147084863,Strong price trend | Strong positive momentum | RSI indicates overbought conditions | Price is above 200 DMA,304,318
301.45001220703125,301.45001220703125,301.45001220703125,301.45001220703125,11743.0,307.6000061035156,-1.9993477810318128,279.6200035095215,256.8960012817383,205.38690032958985,167.17340003967286,299.22057944061453,286.76113880361976,257.24468924711687,73.92539083475226,10.939284188406807,3.6288882884150873,11151.1,1.0530799652052263,318.5,94.7699966430664,-5.353214377698195,218.08591630786563,80.32175701127838,True,232.9499969482422,318.5,Strong Uptrend,Strong Positive,No Breakout,BAFNAPH,BAFNAPH.NS,Bafna Pharmaceuticals Limited,,Unavailable,0,60,,67.0,Momentum Watch,-5,62.0,0.2489048758391497,Strong price trend | Strong positive momentum | RSI indicates overbought conditions | Price is above 200 DMA,304,318
669.7999877929688,680.0,659.25,675.8499755859375,217886.0,673.0499877929688,0.416014834522227,623.4649963378906,587.1509973144531,581.2555004882812,581.2322515869141,657.685627297293,631.4770865151268,601.6450532346901,76.40769806262814,27.414289202008927,4.0562684312064565,1098931.9,0.19827070267047486,752.0999755859375,506.1000061035156,-10.138279813211803,33.54079577855249,16.278815179421404,True,548.7000122070312,695.5999755859375,Strong Uptrend,Strong Positive,No Breakout,GODREJAGRO,GODREJAGRO.NS,Godrej Agrovet Limited,,Unavailable,0,60,,67.0,Momentum Watch,-5,62.0,0.15532839707664797,Strong price trend | Strong positive momentum | RSI indicates overbought conditions | Price is above 200 DMA,304,318
519.7999877929688,522.0,508.54998779296875,516.8499755859375,636725.0,517.9000244140625,-0.2027512605957127,472.1749984741211,488.7886657714844,471.39149963378907,419.27816680908205,496.31257883481527,483.51655326251927,478.1790938656702,61.88161892899773,24.24285670689174,4.690501664319193,758974.15,0.8389284404482024,557.3666381835938,305.0,-7.269301716675454,69.45900838883196,23.27137840718634,True,422.5666809082031,539.0,Uptrend,Strong Positive,No Breakout,GOODLUCK,GOODLUCK.NS,Goodluck India Limited,,Unavailable,0,60,,67.0,Momentum Watch,-5,62.0,0.2349305302680876,Price is in an uptrend | Strong positive momentum | RSI supports positive momentum | Price is above 200 DMA,304,318
812.0,834.4000244140625,785.0999755859375,825.7999877929688,3972340.0,824.7999877929688,0.12124151488845936,733.5724945068359,688.507998046875,692.4954974365235,659.5602496337891,774.5683834566286,743.2167807997839,709.2782118475396,73.0607187537237,36.97143118722098,4.477044288415497,3535832.05,1.1234526820921826,874.3499755859375,516.2000122070312,-5.55269504759046,59.97674704853879,25.204632670249875,True,678.5,874.3499755859375,Strong Uptrend,Strong Positive,No Breakout,GRAPHITE,GRAPHITE.NS,Graphite India Limited,,Unavailable,0,60,,67.0,Momentum Watch,-5,62.0,0.32959940133332616,Strong price trend | Strong positive momentum | RSI indicates overbought conditions | Price is above 200 DMA,304,318
4500.0,4548.10009765625,4428.7001953125,4548.10009765625,588462.0,4545.0,0.06820896933443787,4338.6500244140625,4373.816005859375,4585.962001953125,3991.0819982910157,4491.523475222221,4414.446451627995,4422.784891098028,62.861316879967376,163.550048828125,3.5960081202347864,1009440.55,0.5829585506546175,5650.0,2523.199951171875,-19.502653138827434,80.25127558931389,13.956568659921043,True,4025.0,4825.0,Uptrend,Strong Positive,No Breakout,GVT&D,GVT&D.NS,GE Vernova T&D India Limited,,Unavailable,0,60,,67.0,Momentum Watch,-5,62.0,0.52934400812464,Price is in an uptrend | Strong positive momentum | RSI supports positive momentum | Price is above 200 DMA,304,318
231.02000427246094,232.38999938964844,221.97999572753906,224.9499969482422,902881.0,234.77999877929688,-4.186899174616365,218.0729995727539,222.32439910888672,212.01159942626953,207.10374992370606,228.63286457846078,223.12303267639894,218.79015479493793,55.48687162798221,13.926428658621651,6.190899687731903,3422524.85,0.26380553526148975,282.70001220703125,146.25,-20.428020079637164,53.8119637252938,8.617056442054004,True,195.0,257.0,Uptrend,Positive,No Breakout,HIKAL,HIKAL.NS,Hikal Limited,,Unavailable,0,60,,67.0,Momentum Watch,-5,62.0,1.0701170723704825,Price is in an uptrend | Positive momentum | RSI supports positive momentum | Price is above 200 DMA,304,318
189.44000244140625,192.39999389648438,184.5,185.22000122070312,1154009.0,187.66000366210938,-1.3002250846161023,169.88400115966797,163.25460021972657,163.8206004333496,155.13995056152345,183.34561252523554,174.88851165382528,167.01653756097593,73.7620275083135,8.133573259626116,4.391303966105891,2834566.8,0.4071200579926358,201.44000244140625,117.5,-8.05202592539737,57.63404359208777,19.388977855353197,True,149.9199981689453,201.44000244140625,Strong Uptrend,Strong Positive,No Breakout,HINDOILEXP,HINDOILEXP.NS,Hindustan Oil Exploration Company Limited,,Unavailable,0,60,,67.0,Momentum Watch,-5,62.0,0.4594900798427956,Strong price trend | Strong positive momentum | RSI indicates overbought conditions | Price is above 200 DMA,304,318
216.0,216.0,208.05999755859375,214.47000122070312,15176.0,219.00999450683594,-2.072961691248798,195.49949798583984,175.86139923095703,168.09459976196288,154.6230001449585,209.7043814210279,198.30075392514445,182.1790388069003,73.29370346800937,8.551428658621651,3.987237660255195,18388.65,0.8252916880793315,222.0,110.0,-3.391891342025619,94.97272838245738,38.705109213789854,True,174.0,222.0,Strong Uptrend,Strong Positive,No Breakout,IVP,IVP.NS,IVP Limited,,Unavailable,0,60,,67.0,Momentum Watch,-5,62.0,0.18606371515118153,Strong price trend | Strong positive momentum | RSI indicates overbought conditions | Price is above 200 DMA,304,318
40.0,40.0,37.650001525878906,39.09000015258789,860023.0,39.220001220703125,-0.33146625208826386,36.42100009918213,34.868799934387205,30.535500011444093,26.588400030136107,38.44371096612486,37.08517626141046,34.64556594659548,72.11426996971349,2.0528575352260043,5.251618130500566,783553.0,1.0975939087719657,40.95000076293945,16.149999618530273,-4.5421259479802,142.04335031523217,47.019001174505,True,31.770000457763672,40.95000076293945,Strong Uptrend,Strong Positive,No Breakout,KAMDHENU,KAMDHENU.NS,Kamdhenu Limited,,Unavailable,0,60,,67.0,Momentum Watch,-5,62.0,0.2540984546306362,Strong price trend | Strong positive momentum | RSI indicates overbought conditions | Price is above 200 DMA,304,318
143.0,143.05999755859375,136.3300018310547,138.57000732421875,35052.0,143.2100067138672,-3.239996628810393,135.2034996032715,136.2667999267578,131.9209999847412,126.30425010681152,138.2993824900833,137.02300971995103,135.1274529180769,58.032205700458086,6.227858407156808,4.494376905519818,100614.05,0.3483807678947423,169.0,94.75,-18.005912825906066,46.24802883822559,9.711278287970883,True,128.0,151.88999938964844,Uptrend,Positive,No Breakout,KOTHARIPET,KOTHARIPET.NS,Kothari Petrochemicals Limited,,Unavailable,0,60,,67.0,Momentum Watch,-5,62.0,1.2601686694114183,Price is in an uptrend | Positive momentum | RSI supports positive momentum | Price is above 200 DMA,304,318
170.0,176.38999938964844,169.0,175.55999755859375,1243946.0,170.6300048828125,2.88928824632404,173.22700042724608,173.81419982910157,163.9081996154785,154.57389961242677,174.27559433807406,173.94032725202618,171.38056208511045,51.80796241160578,7.165002005440848,4.081226990818056,916468.9,1.357324836663852,241.0,107.5999984741211,-27.153527983986,63.15985134592519,13.576740962598985,True,162.0,186.0,Uptrend,Positive,No Breakout,LXCHEM,LXCHEM.NS,Laxmi Organic Industries Limited,,Unavailable,0,60,,67.0,Momentum Watch,-5,62.0,0.7699118230880374,Price is in an uptrend | Positive momentum | Volume is above average | RSI supports positive momentum | Price is above 200 DMA,304,318
15.720000267028809,16.600000381469727,15.600000381469727,15.859999656677246,337674.0,16.030000686645508,-1.0605179206878534,14.78799991607666,15.501800003051757,15.134600019454956,13.907099990844726,15.251082761326163,15.03035398143836,15.130354306326954,67.17324426194202,0.8742858341761998,5.5125211418785565,1139431.65,0.2963530107312712,18.399999618530273,9.529999732971191,-13.804347904958888,66.42182687378245,14.042465122981401,True,13.899999618530273,17.0,Uptrend,Strong Positive,No Breakout,MGEL,MGEL.NS,Mangalam Global Enterprise Limited,,Unavailable,0,60,,67.0,Momentum Watch,-5,62.0,0.5816328169057259,Price is in an uptrend | Strong positive momentum | RSI supports positive momentum | Price is above 200 DMA,304,318
140.88999938964844,140.88999938964844,137.80999755859375,139.47999572753906,78890.0,142.57000732421875,-2.1673644090181465,136.47950134277343,138.0780014038086,137.8492004394531,133.789100151062,138.09663702126207,137.5375874835113,137.51435744055317,54.932605475117136,3.6678564889090404,2.6296648990969644,84209.35,0.9368318363697142,154.25,114.30999755859375,-9.575367437575972,22.019069815869354,4.253631700976716,True,132.19000244140625,146.5,Uptrend,Positive,No Breakout,MUKANDLTD,MUKANDLTD.NS,Mukand Limited,,Unavailable,0,60,,67.0,Momentum Watch,-5,62.0,0.9629644358952354,Price is in an uptrend | Positive momentum | RSI supports positive momentum | Price is above 200 DMA,304,318
19.399999618530273,19.399999618530273,18.360000610351562,19.100000381469727,28292.0,19.260000228881836,-0.8307364772103032,16.94200005531311,16.02199998855591,16.02850001335144,15.995850019454956,18.41603982017884,17.41143099380206,16.491005972186954,72.47957362686763,1.020714555467878,5.344055157496992,152574.35,0.1854309063089569,24.010000228881836,10.550000190734863,-20.44981174763101,81.04265437116841,19.405973163285147,True,14.100000381469727,19.950000762939453,Strong Uptrend,Strong Positive,No Breakout,NECCLTD,NECCLTD.NS,North Eastern Carrying Corporation Limited,,Unavailable,0,60,,67.0,Momentum Watch,-5,62.0,0.1700000762939453,Strong price trend | Strong positive momentum | RSI indicates overbought conditions | Price is above 200 DMA,304,318
306.1499938964844,307.6499938964844,302.3999938964844,305.1000061035156,699849.0,309.1499938964844,-1.3100397454074875,296.5900024414062,296.7560003662109,291.515400390625,270.30690048217775,304.48472911205596,299.4812685173933,294.8314537819999,63.208149729246294,12.232142857142858,4.009224061763107,2747948.4,0.2546805464032731,334.0,206.0,-8.652692783378555,48.106799079376515,12.871704554812835,True,275.8500061035156,319.6000061035156,Uptrend,Strong Positive,No Breakout,NORTHARC,NORTHARC.NS,Northern Arc Capital Limited,,Unavailable,0,60,,67.0,Momentum Watch,-5,62.0,0.49572649572649574,Price is in an uptrend | Strong positive momentum | RSI supports positive momentum | Price is above 200 DMA,304,318
2780.0,2890.0,2741.5,2811.39990234375,71947.0,2823.0,-0.41091383833687933,2596.2350219726563,2512.4720068359375,2574.4900024414064,2430.6059997558596,2743.3873208141868,2639.369579763583,2556.2924442351195,76.2946062591061,154.39285714285714,5.49167185408757,159686.3,0.4505521137379976,3345.0,1936.5,-15.95217033352018,45.17944241382649,15.666623987027886,True,2227.60009765625,2889.0,Strong Uptrend,Strong Positive,No Breakout,RATNAMANI,RATNAMANI.NS,Ratnamani Metals & Tubes Limited,,Unavailable,0,60,,67.0,Momentum Watch,-5,62.0,0.13292244538825815,Strong price trend | Strong positive momentum | RSI indicates overbought conditions | Price is above 200 DMA,304,318
1118.0,1195.0,1096.050048828125,1158.550048828125,181225.0,1117.300048828125,3.6919357555980525,960.9550018310547,907.9630017089844,826.0625,645.1672496032714,1066.4794689677617,997.0699227213789,918.9884221312359,76.81239072824592,66.3107169015067,5.723595365481196,194444.2,0.9320154573908607,1211.0,328.0,-4.331127264399257,253.21647830125764,79.5735988676649,True,831.5499877929688,1211.0,Strong Uptrend,Strong Positive,No Breakout,SAKAR,SAKAR.NS,Sakar Healthcare Limited,,Unavailable,0,60,,67.0,Momentum Watch,-5,62.0,0.16039737425686912,Strong price trend | Strong positive momentum | RSI indicates overbought conditions | Price is above 200 DMA,304,318
1774.5,1849.0,1774.5,1788.4000244140625,150565.0,1772.9000244140625,0.8742737766684217,1686.8199951171875,1543.0219970703124,1539.2250012207032,1382.909748840332,1752.106835948151,1691.2992550078004,1598.3123072330125,70.63291608666687,56.278573172433035,3.1468671664143884,129924.75,1.1588631111470293,1849.0,771.75,-3.2774459484011627,131.73307734552154,29.321528459377983,True,1476.5,1812.199951171875,Strong Uptrend,Strong Positive,No Breakout,SEAMECLTD,SEAMECLTD.NS,Seamec Limited,,Unavailable,0,60,,67.0,Momentum Watch,-5,62.0,0.07630626769755214,Strong price trend | Strong positive momentum | RSI indicates overbought conditions | Price is above 200 DMA,304,318
590.7999877929688,602.4500122070312,590.0,592.2000122070312,8771.0,602.0,-1.6279049489981268,583.7850006103515,589.6470007324219,574.1770025634765,544.8510026550293,595.9819605458831,591.8152199766456,585.4622560332347,61.92293175743099,22.153573172433035,3.74089373788939,12562.35,0.6981973914116387,633.25,420.0,-6.482429971254441,41.00000290643601,8.690267489877556,True,526.0,628.5,Uptrend,Positive,No Breakout,SGIL,SGIL.NS,Synergy Green Industries Limited,,Unavailable,0,60,,67.0,Momentum Watch,-5,62.0,0.5483380830723359,Price is in an uptrend | Positive momentum | RSI supports positive momentum | Price is above 200 DMA,304,318
148.0,148.50999450683594,146.0,148.2899932861328,75913.0,148.41000366210938,-0.08086407453354871,145.5819984436035,141.08379943847658,130.1013996887207,120.45004974365234,147.58858464109343,145.8584837070576,140.4525003464367,78.21655656055606,2.4214281354631697,1.6329005631491973,78375.15,0.9685850680987533,1048.5999755859375,98.25,-85.85828755114446,50.93129087647106,23.11326861361269,True,140.50999450683594,152.0,Strong Uptrend,Strong Positive,No Breakout,SHANKARA,SHANKARA.NS,Shankara Building Products Limited,,Unavailable,0,60,,67.0,Momentum Watch,-5,62.0,0.4768646909996666,Strong price trend | Strong positive momentum | RSI indicates overbought conditions | Price is above 200 DMA,304,318
62.70000076293945,62.70000076293945,59.59000015258789,61.470001220703125,162.0,60.380001068115234,1.8052337418117181,61.17050018310547,61.22540000915527,62.4934001159668,59.49725004196167,61.233995500249286,61.29115784364586,61.38565324002825,55.38674524381264,2.781428745814732,4.524855523962387,1367.95,0.11842538104462882,77.01000213623047,43.0099983215332,-20.17919813589555,42.920259520047026,3.315701443932502,True,59.0,63.4900016784668,Uptrend,Positive,No Breakout,SHIVAMILLS,SHIVAMILLS.NS,Shiva Mills Limited,,Unavailable,0,60,,67.0,Momentum Watch,-5,62.0,0.8178135463385102,Price is in an uptrend | Positive momentum | RSI supports positive momentum | Price is above 200 DMA,304,318
495.54998779296875,506.45001220703125,478.79998779296875,486.8999938964844,157309.0,491.6000061035156,-0.9560643101459987,452.2,423.80500061035156,401.2309997558594,372.9725003051758,484.92158521699287,462.4906681307456,431.2690189726161,71.72337348716009,28.33929443359375,5.820352185015374,134196.3,1.1722305309460843,545.2000122070312,272.45001220703125,-10.693326670067709,78.71167997103827,30.545815977877762,True,371.0,545.2000122070312,Strong Uptrend,Strong Positive,No Breakout,SHREEPUSHK,SHREEPUSHK.NS,Shree Pushkar Chemicals & Fertilisers Limited,,Unavailable,0,60,,67.0,Momentum Watch,-5,62.0,0.5030200291694347,Strong price trend | Strong positive momentum | RSI indicates overbought conditions | Price is above 200 DMA,304,318
38.0,38.5,36.70000076293945,37.93000030517578,4502407.0,37.560001373291016,0.985087642057092,32.28999996185303,27.879400024414064,24.739699993133545,25.165599985122682,34.99016672584323,32.675641901618306,29.09083172925354,78.92802887292306,2.109999792916434,5.562878396888681,5211596.1,0.8639209396906258,46.72999954223633,16.649999618530273,-18.8315842569328,127.8078148600218,50.72162129096511,True,25.799999237060547,38.77000045776367,Strong Uptrend,Strong Positive,No Breakout,SIGACHI,SIGACHI.NS,Sigachi Industries Limited,,Unavailable,0,60,,67.0,Momentum Watch,-5,62.0,0.06924980038096652,Strong price trend | Strong positive momentum | RSI indicates overbought conditions | Price is above 200 DMA,304,318
836.0,836.0499877929688,804.5999755859375,818.3499755859375,176561.0,828.1500244140625,-1.1833663634869485,735.279995727539,726.102001953125,720.9620013427734,684.9960006713867,782.4765630456038,752.152744619571,731.5683090823173,75.50242629880132,28.064278738839285,3.429373688041635,279079.45,0.6326549661754027,979.0,462.29998779296875,-16.409604128096273,77.01708786382625,19.46784722594676,True,688.0499877929688,843.7999877929688,Strong Uptrend,Strong Positive,No Breakout,SPLPETRO,SPLPETRO.NS,Supreme Petrochem Limited,,Unavailable,0,60,,67.0,Momentum Watch,-5,62.0,0.19531860776125556,Strong price trend | Strong positive momentum | RSI indicates overbought conditions | Price is above 200 DMA,304,318
114.25,117.0,112.0999984741211,115.5199966430664,140099.0,114.20999908447266,1.14700776560277,111.7819995880127,112.87219985961914,106.90170021057129,102.3173002243042,114.74073796277024,113.3621840599274,111.35758303993107,64.90250434219766,4.057857513427734,3.512688392785969,205908.5,0.680394447048082,121.30000305175781,82.5,-4.765050505584176,40.02423835523201,12.903679426469136,True,103.5,121.30000305175781,Uptrend,Strong Positive,No Breakout,TEXINFRA,TEXINFRA.NS,Texmaco Infrastructure & Holdings Limited,,Unavailable,0,60,,67.0,Momentum Watch,-5,62.0,0.48086589209037217,Price is in an uptrend | Strong positive momentum | RSI supports positive momentum | Price is above 200 DMA,304,318
232.0,233.0,225.85000610351562,230.9499969482422,15876.0,230.47000122070312,0.20826820193375895,223.71850128173827,225.7167999267578,224.47300048828126,206.50000022888185,227.2619213349562,225.60948305857178,224.65212252501453,54.98736461514255,11.254284449986049,4.873039445204334,11394.45,1.3933099008727932,254.97000122070312,146.0,-9.42071779325487,58.184929416604234,11.840192102789487,True,204.1999969482422,239.97000122070312,Uptrend,Positive,No Breakout,UNIDT,UNIDT.NS,United Drilling Tools Limited,,Unavailable,0,60,,67.0,Momentum Watch,-5,62.0,0.3371964214004089,Price is in an uptrend | Positive momentum | Volume is above average | RSI supports positive momentum | Price is above 200 DMA,304,318
44.0,44.0,41.0,43.279998779296875,144169.0,43.06999969482422,0.48757623858979304,38.303999710083005,33.51159984588623,33.174999980926515,30.793199939727785,41.21532369220853,38.621175097118716,35.31092682684181,74.44112687650727,2.336428778512137,5.398403060098456,136687.95,1.054730866912555,51.15999984741211,20.600000381469727,-15.402660460550877,110.09707756233071,40.55050746271833,True,31.25,44.0,Strong Uptrend,Strong Positive,No Breakout,UNITEDPOLY,UNITEDPOLY.NS,United Polyfab Gujarat Limited,,Unavailable,0,60,,67.0,Momentum Watch,-5,62.0,0.059850481609542386,Strong price trend | Strong positive momentum | RSI indicates overbought conditions | Price is above 200 DMA,304,318
389.1000061035156,405.0,381.25,397.45001220703125,621233.0,392.0,1.3903092364875747,360.89000091552737,325.83300048828124,301.1963003540039,280.876050491333,371.9107675446544,359.0204832747237,333.7123938210938,70.543611449195,19.132147652762278,4.813724258434886,604412.9,1.027828823640263,423.8500061035156,206.39999389648438,-6.228617085365048,92.56299610472084,41.50370297210348,True,326.1000061035156,423.8500061035156,Strong Uptrend,Strong Positive,No Breakout,VSSL,VSSL.NS,Vardhman Special Steels Limited,,Unavailable,0,60,,67.0,Momentum Watch,-5,62.0,0.3700068905135464,Strong price trend | Strong positive momentum | RSI indicates overbought conditions | Price is above 200 DMA,304,318
164.11000061035156,169.8800048828125,164.11000061035156,169.5800018310547,145.0,164.5500030517578,3.0568208362261373,166.14750061035156,167.91620056152342,162.12860031127929,156.86975036621095,166.96859891740198,166.70264694734456,166.00899489241664,55.899024687247824,5.104997907366071,3.010377315865324,2159.65,0.0671405088787535,193.1999969482422,133.10000610351562,-12.225670543625961,27.407959470090137,8.102423466074098,True,160.0,172.97000122070312,Uptrend,Positive,No Breakout,WIPL,WIPL.NS,The Western India Plywoods Limited,,Unavailable,0,60,,67.0,Momentum Watch,-5,62.0,0.353862081597872,Price is in an uptrend | Positive momentum | RSI supports positive momentum | Price is above 200 DMA,304,318
1269.800048828125,1309.199951171875,1239.199951171875,1294.699951171875,50993.0,1265.5,2.30738452563215,1208.1149963378907,1271.20599609375,1230.6520001220704,1100.105999145508,1281.8474147018683,1246.491847490193,1240.2031463210772,62.10380918710484,65.27143205915179,5.0414331135235235,167762.7,0.3039591041393587,1574.800048828125,788.0499877929688,-17.786391222471977,64.29160221140819,17.68865474577134,True,1080.0999755859375,1408.699951171875,Uptrend,Strong Positive,No Breakout,XPROINDIA,XPROINDIA.NS,Xpro India Limited,,Unavailable,0,60,,67.0,Momentum Watch,-5,62.0,0.5312209364830436,Price is in an uptrend | Strong positive momentum | RSI supports positive momentum | Price is above 200 DMA,304,318
567.8499755859375,570.0,545.2999877929688,552.0,210690.0,566.2999877929688,-2.5251612398403678,528.4400009155273,546.9560009765624,529.7704992675781,481.05224975585935,547.8810228588503,539.1646404614254,535.9478332876794,68.44001403421873,16.88213893345424,3.058358502437362,610705.3,0.3449945497443693,611.8499755859375,367.54998779296875,-9.781805667087301,50.18365347108299,14.748449940759578,True,490.0,581.0,Uptrend,Strong Positive,No Breakout,ZYDUSWELL,ZYDUSWELL.NS,Zydus Wellness Limited,,Unavailable,0,60,,67.0,Momentum Watch,-5,62.0,0.46774193548387094,Price is in an uptrend | Strong positive momentum | RSI supports positive momentum | Price is above 200 DMA,304,318
1439.5999755859375,1529.0,1426.9000244140625,1505.699951171875,372504.0,1452.800048828125,3.6412376490777776,1499.679998779297,1403.3299975585937,1303.8479974365234,1264.1914953613282,1472.1903496372138,1468.2671151530783,1413.477870124283,41.3135430210733,52.50715855189732,3.487225891920325,179579.7,2.0743101809391593,1704.0,987.0,-11.637326809162266,52.553186542236574,19.103787416440372,True,1411.5999755859375,1615.0,Strong Uptrend,Negative,No Breakout,CONCORDBIO,CONCORDBIO.NS,Concord Biotech Limited,,Unavailable,0,60,,65.0,Neutral Watch,-3,62.0,1.1615311071819134,Strong price trend | Negative momentum | Volume is more than 2x average | Price is above 200 DMA,419,318
554.7999877929688,572.0,548.9500122070312,569.5999755859375,7221944.0,561.9500122070312,1.3613245329173296,566.4375,534.9559997558594,502.2410006713867,502.7607502746582,557.4972589347569,557.6650884004791,539.1271795495948,42.72262135429487,21.189283098493302,3.7200287933117027,464400.1,15.551124988991175,767.2000122070312,398.3999938964844,-25.756000192524866,42.971883612512244,13.294439805566565,True,523.0,602.3499755859375,Strong Uptrend,Negative,No Breakout,WESTLIFE,WESTLIFE.NS,WESTLIFE FOODWORLD LIMITED,,Unavailable,0,60,,65.0,Neutral Watch,-3,62.0,0.7027900677673957,Strong price trend | Negative momentum | Volume is more than 2x average | Price is above 200 DMA,419,318
778.0,778.0,756.0,762.6500244140625,80322.0,778.0499877929688,-1.979302566739971,746.9425018310546,719.2940026855468,676.0300006103515,651.3987504577636,765.4287868761241,750.7797277715904,721.3265825048762,51.974699512091696,31.646436418805802,4.149535882217992,212168.75,0.37857601555365716,939.0,465.0,-18.780615078374602,64.01075793850806,17.078828271948357,True,699.5,806.7999877929688,Strong Uptrend,Positive,No Breakout,AGI,AGI.NS,AGI Greenpac Limited,,Unavailable,0,60,,66.0,Momentum Watch,-5,61.0,0.699128207606437,Strong price trend | Positive momentum | RSI supports positive momentum | Price is above 200 DMA,355,380
1385.0,1398.0999755859375,1376.0999755859375,1386.800048828125,74367.0,1390.199951171875,-0.24456211071537393,1382.7449951171875,1272.0079956054688,1170.368500366211,1050.6585006713867,1388.6394126845607,1369.198013052404,1290.997332803709,56.51070849972084,53.90004185267857,3.886648395940369,182226.95,0.4081009971357145,1493.800048828125,819.0,-7.162939918494493,69.32845529036935,31.993416313858287,True,1331.0999755859375,1493.800048828125,Strong Uptrend,Positive,No Breakout,ALIVUS,ALIVUS.NS,Alivus Life Sciences Limited,,Unavailable,0,60,,66.0,Momentum Watch,-5,61.0,1.9210028599918911,Strong price trend | Positive momentum | RSI supports positive momentum | Price is above 200 DMA,355,380
462.0,485.0,445.20001220703125,475.6000061035156,24528.0,468.6000061035156,1.4938113335093872,467.0175018310547,394.37300048828126,371.5169985961914,353.4359989929199,478.25526294753627,458.87302013372414,415.1676556990977,55.55286031280372,32.81428963797433,6.899556185210018,147551.3,0.16623370990292868,517.9000244140625,285.3500061035156,-8.167603073277304,66.67250602089825,34.56467577119753,True,381.0,517.9000244140625,Strong Uptrend,Positive,No Breakout,ARIES,ARIES.NS,Aries Agro Limited,,Unavailable,0,60,,66.0,Momentum Watch,-5,61.0,0.4471460420865118,Strong price trend | Positive momentum | RSI supports positive momentum | Price is above 200 DMA,355,380
347.5,347.5,326.45001220703125,330.54998779296875,380378.0,344.8999938964844,-4.16062811175999,328.41999969482424,305.79400024414065,284.9585000610352,265.8704493713379,337.4410174873858,329.30711955050316,310.45956531080463,53.78242766945431,12.93571036202567,3.9133900589122423,431195.8,0.882146811263004,362.0,203.35000610351562,-8.687848675975482,62.552238933645164,24.32746421220125,True,309.04998779296875,362.0,Strong Uptrend,Positive,No Breakout,ARTEMISMED,ARTEMISMED.NS,Artemis Medicare Services Limited,,Unavailable,0,60,,66.0,Momentum Watch,-5,61.0,1.462791265443314,Strong price trend | Positive momentum | RSI supports positive momentum | Price is above 200 DMA,355,380
90.4800033569336,90.9800033569336,87.70999908447266,90.12999725341797,180833.0,90.5999984741211,-0.5187651530009441,88.2639991760254,77.63099960327149,73.52269989013672,69.07754995346069,89.85172419388373,86.7570385231923,80.360401162331,55.354203162682545,4.415001460484096,4.898481743065478,648172.6,0.2789889606564671,97.0,53.5,-7.082477058331992,68.46728458582798,30.47654022781765,True,69.81999969482422,97.0,Strong Uptrend,Positive,No Breakout,AVTNPL,AVTNPL.NS,AVT Natural Products Limited,,Unavailable,0,60,,66.0,Momentum Watch,-5,61.0,0.3382571921420608,Strong price trend | Positive momentum | RSI supports positive momentum | Price is above 200 DMA,355,380
270.8999938964844,271.95001220703125,265.20001220703125,266.0,1958467.0,272.25,-2.2956841138659367,251.64650115966796,244.79960144042968,223.02760025024415,199.62370040893555,266.5522529082085,257.0313771207199,243.00624212616282,65.8336615203085,12.882143293108259,4.842911012446714,7740493.9,0.25301576686211197,287.45001220703125,151.10000610351562,-7.462171263218533,76.0423489445584,33.25071094017918,True,217.0,287.45001220703125,Strong Uptrend,Positive,No Breakout,CGCL,CGCL.NS,Capri Global Capital Limited,,Unavailable,0,60,,66.0,Momentum Watch,-5,61.0,0.4377553511639031,Strong price trend | Positive momentum | RSI supports positive momentum | Price is above 200 DMA,355,380
299.3500061035156,304.8999938964844,297.1000061035156,299.1499938964844,71613.0,299.0,0.05016518277070059,292.6375,242.7767999267578,200.86269973754884,177.94464973449706,298.0014327862484,287.16761518587714,252.56953151282136,59.504732253612985,14.28072030203683,4.773765867760113,377298.4,0.1898046744963668,314.8500061035156,136.44000244140625,-4.986505289083412,119.25387609469844,68.11407049486016,True,266.0400085449219,314.8500061035156,Strong Uptrend,Positive,No Breakout,COMSYN,COMSYN.NS,Commercial Syn Bags Limited,,Unavailable,0,60,,66.0,Momentum Watch,-5,61.0,0.47417756427036134,Strong price trend | Positive momentum | RSI supports positive momentum | Price is above 200 DMA,355,380
357.6000061035156,382.79998779296875,353.1499938964844,373.3999938964844,522110.0,363.1000061035156,2.8366806994853944,285.92749938964846,240.74320037841798,225.48689956665038,198.11949996948243,337.0679624529947,300.4844624313764,258.5288295878895,80.93838525268501,30.837139674595424,8.258473534722187,396848.15,1.315641763732551,394.8999938964844,127.01000213623047,-5.444416392074147,193.99258925763726,88.47210595322595,True,210.00999450683594,394.8999938964844,Strong Uptrend,Strong Positive,No Breakout,CORDSCABLE,CORDSCABLE.NS,Cords Cable Industries Limited,,Unavailable,0,60,,66.0,Momentum Watch,-5,61.0,0.13158700091997266,Strong price trend | Strong positive momentum | Volume is above average | RSI indicates overbought conditions | Price is above 200 DMA,355,380
602.0,619.75,600.0,602.0999755859375,2447.0,601.25,0.14136808082121366,592.739990234375,546.7199963378906,531.9839978027344,522.487247467041,600.4831022215519,586.5567316245093,559.3229333521234,52.5560941158922,28.617867606026785,4.753009261987948,11162.7,0.2192121977657735,638.9500122070312,450.5,-5.767280055885448,33.651492915857375,15.237257656497832,True,547.2999877929688,638.9500122070312,Strong Uptrend,Positive,No Breakout,DICIND,DICIND.NS,DIC India Limited,,Unavailable,0,60,,66.0,Momentum Watch,-5,61.0,0.6724460735340143,Strong price trend | Positive momentum | RSI supports positive momentum | Price is above 200 DMA,355,380
191.85000610351562,192.97000122070312,185.5,188.3800048828125,2336802.0,191.82000732421875,-1.7933491346353025,183.92200164794923,158.30360107421876,137.487900390625,118.9467002105713,183.64834865444996,179.10576344793367,162.50103095993805,51.448896048311276,8.830713544573102,4.687712769763711,2160056.8,1.0818243298046608,196.74000549316406,84.9000015258789,-4.249263178272118,121.88457184584524,58.37346017108794,True,167.5399932861328,196.74000549316406,Strong Uptrend,Positive,No Breakout,EMIL,EMIL.NS,Electronics Mart India Limited,,Unavailable,0,60,,66.0,Momentum Watch,-5,61.0,0.4011514375396754,Strong price trend | Positive momentum | RSI supports positive momentum | Price is above 200 DMA,355,380
270.6000061035156,272.25,267.1000061035156,268.95001220703125,1652427.0,272.04998779296875,-1.1394874931207832,258.8565017700195,243.30120086669922,243.15700057983398,221.03790008544922,270.5034580556336,261.82873552111175,249.66395085577193,66.53826435172996,10.505708966936384,3.906193898533584,6079598.4,0.2717987095989761,289.6499938964844,163.5500030517578,-7.146550017484524,64.4451282106782,21.675971452434208,True,235.33999633789062,289.6499938964844,Strong Uptrend,Positive,No Breakout,ENGINERSIN,ENGINERSIN.NS,Engineers India Limited,,Unavailable,0,60,,66.0,Momentum Watch,-5,61.0,0.6158872929440959,Strong price trend | Positive momentum | RSI supports positive momentum | Price is above 200 DMA,355,380
4750.0,4820.0,4730.0,4773.2001953125,130082.0,4786.2998046875,-0.2736896957890256,4695.9400390625,4471.200029296875,4091.4390112304686,3726.6740063476564,4720.705248361859,4671.600605455885,4469.0678748416585,58.81806213961579,148.33572823660714,3.1076787515067896,171557.55,0.7582411849551361,4958.89990234375,2916.60009765625,-3.744776274743554,63.6563133611699,28.08204278620271,True,4461.10009765625,4958.89990234375,Strong Uptrend,Positive,No Breakout,FLUOROCHEM,FLUOROCHEM.NS,Gujarat Fluorochemicals Limited,,Unavailable,0,60,,66.0,Momentum Watch,-5,61.0,0.5950004771731325,Strong price trend | Positive momentum | RSI supports positive momentum | Price is above 200 DMA,355,380
133.35000610351562,134.5,130.0,131.6300048828125,118200.0,133.35000610351562,-1.289839626529854,121.80450096130372,114.6140007019043,107.90750053405762,94.21140018463134,126.70686539084272,122.86036466378239,116.37790105518555,58.86705716223618,6.7471433367047995,5.125839919790053,180053.2,0.6564726425300966,135.85000610351562,68.4000015258789,-3.1063680758965506,92.44152331343258,39.717703616388064,True,108.0,135.85000610351562,Strong Uptrend,Positive,No Breakout,GANESHBE,GANESHBE.NS,Ganesh Benzoplast Limited,,Unavailable,0,60,,66.0,Momentum Watch,-5,61.0,0.17858655728728104,Strong price trend | Positive momentum | RSI supports positive momentum | Price is above 200 DMA,355,380
131.99000549316406,134.39999389648438,129.22000122070312,130.75999450683594,509572.0,132.5399932861328,-1.3429899422539915,129.48649978637695,120.30539978027343,106.70739959716796,91.30094966888427,132.7902970750541,129.61946370644824,120.60655722125914,62.25185518743797,5.679286956787109,4.343290911112882,816161.75,0.6243517292987573,144.58999633789062,65.26000213623047,-9.564978339674013,100.36774475408998,43.21865761643821,True,114.30999755859375,144.58999633789062,Strong Uptrend,Positive,No Breakout,GHCLTEXTIL,GHCLTEXTIL.NS,GHCL Textiles Limited,,Unavailable,0,60,,66.0,Momentum Watch,-5,61.0,0.8407297505628128,Strong price trend | Positive momentum | RSI supports positive momentum | Price is above 200 DMA,355,380
2940.0,2950.10009765625,2882.0,2922.300048828125,389004.0,2946.89990234375,-0.8347705836923791,2891.9400024414062,2691.68400390625,2420.9060046386717,2077.6540020751954,2935.2623121257857,2881.16159371588,2709.7558968370618,63.20279915247765,87.72138323102679,3.001792484183958,582400.45,0.6679321762199876,3042.0,1573.5999755859375,-3.934909637471236,85.70793684335133,40.65383581237699,True,2776.10009765625,3042.0,Strong Uptrend,Positive,No Breakout,GLAND,GLAND.NS,Gland Pharma Limited,,Unavailable,0,60,,66.0,Momentum Watch,-5,61.0,0.81874138953134,Strong price trend | Positive momentum | RSI supports positive momentum | Price is above 200 DMA,355,380
2411.199951171875,2431.89990234375,2384.10009765625,2419.199951171875,346692.0,2415.0,0.1739110216097295,2411.8749755859376,2316.743984375,2291.7159912109373,2176.7964947509768,2435.5436274766826,2408.2549395232254,2341.288917901834,54.70141715894831,58.28566196986607,2.4092949382556057,507758.5,0.6827891605950467,2537.60009765625,1792.5999755859375,-4.665831570298662,34.954813350431074,11.135788623576818,True,2222.5,2537.60009765625,Strong Uptrend,Positive,No Breakout,GLENMARK,GLENMARK.NS,Glenmark Pharmaceuticals Limited,,Unavailable,0,60,,66.0,Momentum Watch,-5,61.0,0.6019327700845122,Strong price trend | Positive momentum | RSI supports positive momentum | Price is above 200 DMA,355,380
430.0,430.0,413.6000061035156,422.6499938964844,390855.0,430.1000061035156,-1.7321581263214814,408.1700012207031,381.0739996337891,383.24,361.44525009155274,424.6994532782024,410.7189726606727,391.71916694344327,53.61743535912026,23.37500217982701,5.530581454486434,741816.6,0.5268889911603488,479.0,225.0500030517578,-11.76409313225796,87.80270525003361,16.93333742508131,True,345.0,470.04998779296875,Strong Uptrend,Positive,No Breakout,GUJTHEM,GUJTHEM.NS,Gujarat Themis Biosyn Limited,,Unavailable,0,60,,66.0,Momentum Watch,-5,61.0,0.6104313924309326,Strong price trend | Positive momentum | RSI supports positive momentum | Price is above 200 DMA,355,380
444.0,446.54998779296875,436.0,445.0,107635.0,447.20001220703125,-0.4919526267840868,442.0974975585938,426.3109985351563,416.6120010375977,394.0605006408691,449.27442113544316,442.3004030507675,429.6216807844614,54.08839579659841,15.1107177734375,3.395666915379213,174326.15,0.6174346189599208,470.95001220703125,313.29998779296875,-5.510141529760388,42.036392383794066,12.926821966750504,True,401.5,470.95001220703125,Strong Uptrend,Positive,No Breakout,HARSHA,HARSHA.NS,Harsha Engineers International Limited,,Unavailable,0,60,,66.0,Momentum Watch,-5,61.0,0.5965520047593391,Strong price trend | Positive momentum | RSI supports positive momentum | Price is above 200 DMA,355,380
331.75,337.75,331.3999938964844,334.5,3865.0,332.25,0.6772009029345272,334.12499847412107,326.2750006103516,277.3893006896973,215.98210025787353,334.8347813730468,332.97560113860794,319.1320277423621,56.60792596197539,7.739283970424107,2.3136872856275357,12469.85,0.30994759359575297,345.0,112.0,-3.0434782608695654,198.66071428571428,54.87394538742845,True,324.6499938964844,345.0,Strong Uptrend,Positive,No Breakout,HITECHCORP,HITECHCORP.NS,Hitech Corporation Limited,,Unavailable,0,60,,66.0,Momentum Watch,-5,61.0,1.0659891871795268,Strong price trend | Positive momentum | RSI supports positive momentum | Price is above 200 DMA,355,380
555.9000244140625,555.9000244140625,535.7000122070312,547.0499877929688,58951.0,553.5,-1.1653138585422274,519.454997253418,481.48999755859376,461.4749981689453,418.1027487182617,548.7521520141147,528.1728513283227,494.52663517258884,69.89755007220784,23.357149396623885,4.269655409527841,125629.75,0.4692439489850135,590.0,315.0,-7.2796630859375,73.66666279141864,30.841040741781413,True,455.04998779296875,590.0,Strong Uptrend,Positive,No Breakout,IGPL,IGPL.NS,IG Petrochemicals Limited,,Unavailable,0,60,,66.0,Momentum Watch,-5,61.0,0.4668479587720788,Strong price trend | Positive momentum | RSI supports positive momentum | Price is above 200 DMA,355,380
83.0199966430664,87.63999938964844,80.0,86.5,1794174.0,82.93000030517578,4.304835019518749,67.51749992370605,58.82620002746582,50.35120002746582,45.4884001159668,77.1287996497188,70.22819925391306,61.189436612656955,81.96413919428127,5.975714002336774,6.908339887094536,1385508.75,1.2949568164040826,90.0,29.0,-3.888888888888889,198.27586206896552,90.15836956120555,True,54.099998474121094,90.0,Strong Uptrend,Strong Positive,No Breakout,INDORAMA,INDORAMA.NS,Indo Rama Synthetics (India) Limited,,Unavailable,0,60,,66.0,Momentum Watch,-5,61.0,0.10802468627059907,Strong price trend | Strong positive momentum | Volume is above average | RSI indicates overbought conditions | Price is above 200 DMA,355,380
1942.0,2011.9000244140625,1893.699951171875,1993.699951171875,164997.0,1942.5999755859375,2.630493988888505,1985.2099975585938,1751.8420043945312,1692.3970043945312,1633.4385034179688,1973.4647138926653,1945.9371207489555,1829.713307885747,53.03467261259754,76.00713239397321,3.812365664617539,148226.55,1.1131406620473863,2148.699951171875,1061.0999755859375,-7.213664239879787,87.88992527032691,22.055403187818786,True,1900.0,2148.699951171875,Strong Uptrend,Positive,No Breakout,LUMAXTECH,LUMAXTECH.NS,Lumax Auto Technologies Limited,,Unavailable,0,60,,66.0,Momentum Watch,-5,61.0,1.6542164436743574,Strong price trend | Positive momentum | RSI supports positive momentum | Price is above 200 DMA,355,380
1339.0,1345.0,1265.0999755859375,1276.0999755859375,4655.0,1331.5999755859375,-4.16791837019812,1239.9599853515624,1033.8969921875,942.4809967041016,891.7807485961914,1293.7109093441754,1233.8323545995631,1097.6041286134953,62.06895884372362,82.79999651227679,6.488519559312595,20798.55,0.223813679318991,1421.0,381.25,-10.197046053065623,234.71474769467213,43.09570795228842,True,953.0,1421.0,Strong Uptrend,Positive,No Breakout,MAHASTEEL,MAHASTEEL.NS,Mahamaya Steel Industries Limited,,Unavailable,0,60,,66.0,Momentum Watch,-5,61.0,0.4484680760228726,Strong price trend | Positive momentum | RSI supports positive momentum | Price is above 200 DMA,355,380
325.0,333.75,324.20001220703125,329.3999938964844,1631814.0,330.3999938964844,-0.30266344384779487,327.53499908447264,291.5200015258789,260.58700103759764,218.73490013122557,328.97845629954594,321.0093286164851,296.952100459031,55.79399628811914,12.871431623186384,3.9075385129579865,3835338.75,0.42546802417387514,349.95001220703125,155.0,-5.872272494275393,112.51612509450607,50.59324949921915,True,300.75,349.95001220703125,Strong Uptrend,Positive,No Breakout,MARKSANS,MARKSANS.NS,Marksans Pharma Limited,,Unavailable,0,60,,66.0,Momentum Watch,-5,61.0,0.7172782788295308,Strong price trend | Positive momentum | RSI supports positive momentum | Price is above 200 DMA,355,380
1450.0999755859375,1459.699951171875,1432.300048828125,1447.199951171875,74678.0,1459.5999755859375,-0.8495495081852544,1442.5499877929688,1405.0919970703126,1315.744501953125,1219.4892483520507,1452.7500085542313,1443.2218989759872,1400.2097223786282,54.74563284373397,51.835719517299104,3.581793896228711,297423.65,0.2510829249792341,1544.0,956.0,-6.2694332142568,51.38074803053085,18.672628981972554,True,1390.0,1544.0,Strong Uptrend,Positive,No Breakout,MEDANTA,MEDANTA.NS,Global Health Limited,,Unavailable,0,60,,66.0,Momentum Watch,-5,61.0,1.692309990567286,Strong price trend | Positive momentum | RSI supports positive momentum | Price is above 200 DMA,355,380
297.5,305.04998779296875,286.6000061035156,297.5,49421.0,301.6499938964844,-1.3757646214004216,281.096997833252,236.44299926757813,192.69499893188475,154.22739959716796,297.1182078132264,281.70196873592306,245.1588432824391,58.05382549077119,19.38357216971261,6.515486443600878,96245.8,0.5134873417853039,323.95001220703125,101.5,-8.164843713642917,193.10344827586206,92.89698249276772,True,226.0,323.95001220703125,Strong Uptrend,Positive,No Breakout,MENONBE,MENONBE.NS,Menon Bearings Limited,,Unavailable,0,60,,66.0,Momentum Watch,-5,61.0,0.36993024065777974,Strong price trend | Positive momentum | RSI supports positive momentum | Price is above 200 DMA,355,380
1003.2999877929688,1030.699951171875,988.0,1026.5,625141.0,1015.0,1.133004926108372,1010.7850006103515,951.5660009765625,915.0725018310546,851.6065011596679,1026.1569805439715,1004.980724352173,962.3355618118923,59.934672141333046,29.321424211774552,2.856446586631715,1278406.75,0.4890000776356977,1097.0999755859375,614.9000244140625,-6.435145124147102,66.93770682122685,20.53689099392411,True,890.0,1060.199951171875,Strong Uptrend,Positive,No Breakout,MOTILALOFS,MOTILALOFS.NS,Motilal Oswal Financial Services Limited,,Unavailable,0,60,,66.0,Momentum Watch,-5,61.0,0.2468860891712454,Strong price trend | Positive momentum | RSI supports positive momentum | Price is above 200 DMA,355,380
7102.0,7399.0,7005.0,7312.5,53464.0,7305.0,0.10266940451746365,7098.425,6676.1,6938.825004882812,5069.246999511719,7250.402916721677,7090.1302148530285,6884.495034942316,56.08864027538726,310.9642857142857,4.2525030525030525,93338.75,0.5727953288425225,8714.0,1456.0,-16.08331420702318,402.2321428571429,44.25219368289523,True,6611.5,7945.0,Strong Uptrend,Positive,No Breakout,MTARTECH,MTARTECH.NS,Mtar Technologies Limited,,Unavailable,0,60,,66.0,Momentum Watch,-5,61.0,0.9022824536376605,Strong price trend | Positive momentum | RSI supports positive momentum | Price is above 200 DMA,355,380
8671.0,8699.5,8486.5,8543.5,86538.0,8700.5,-1.804493994598011,8482.125,8064.06,7614.33,6858.6775,8619.138765429081,8485.043316545747,8127.60187825348,62.16308427157966,216.10714285714286,2.5294919278649597,128467.75,0.6736165302186735,8949.5,4498.5,-4.5365662886194755,89.9188618428365,24.564830464765258,True,8090.0,8949.5,Strong Uptrend,Positive,No Breakout,NAVINFLUOR,NAVINFLUOR.NS,Navin Fluorine International Limited,,Unavailable,0,60,,66.0,Momentum Watch,-5,61.0,0.8952590959206174,Strong price trend | Positive momentum | RSI supports positive momentum | Price is above 200 DMA,355,380
197.0,203.77000427246094,194.1300048828125,198.38999938964844,7024229.0,197.35000610351562,0.5269791000600765,194.48149948120118,183.90260009765626,175.29279998779296,162.36779987335206,202.385435540397,196.3770447315275,186.4600236366751,56.798102544921036,13.875002179827009,6.993801211005486,11596493.25,0.6057200955987276,242.60000610351562,116.97000122070312,-18.22341533454171,69.60758939834427,22.18555621520642,True,176.60000610351562,242.60000610351562,Strong Uptrend,Positive,No Breakout,NIACL,NIACL.NS,The New India Assurance Company Limited,,Unavailable,0,60,,66.0,Momentum Watch,-5,61.0,2.028913278371798,Strong price trend | Positive momentum | RSI supports positive momentum | Price is above 200 DMA,355,380
233.0,237.10000610351562,226.0,233.25,5204.0,231.16000366210938,0.904134065054607,209.29300079345703,207.64940002441406,201.45470031738282,198.53850028991698,221.43464282082877,214.34578427653523,208.30200838359474,81.18417807289083,13.929285321916852,5.971826504573141,4657.95,1.117229682585687,241.0,168.0,-3.2157676348547715,38.839285714285715,17.48351058328503,True,182.02999877929688,241.0,Strong Uptrend,Strong Positive,No Breakout,NITIRAJ,NITIRAJ.NS,Nitiraj Engineers Limited,,Unavailable,0,60,,66.0,Momentum Watch,-5,61.0,0.15130807917410688,Strong price trend | Strong positive momentum | RSI indicates overbought conditions | Price is above 200 DMA,355,380
1720.0,1723.0999755859375,1663.4000244140625,1686.0999755859375,20477.0,1718.5,-1.8853665646821338,1650.725,1601.2559936523437,1467.2034979248047,1373.6162506103515,1688.987312714526,1657.2030710337099,1594.015175367173,61.45002519025877,84.04286411830357,4.984453195849065,51654.25,0.39642430196934425,2208.60009765625,846.5999755859375,-23.657525082281115,99.16135414709602,22.748982828117917,True,1530.0999755859375,1775.0,Strong Uptrend,Positive,No Breakout,NPST,NPST.NS,Network People Services Technologies Limited,,Unavailable,0,60,,66.0,Momentum Watch,-5,61.0,0.5698719513721955,Strong price trend | Positive momentum | RSI supports positive momentum | Price is above 200 DMA,355,380
408.79998779296875,412.0,400.20001220703125,401.95001220703125,22419.0,412.0,-2.4393174254778494,382.04750366210936,346.02300231933594,336.12200225830077,308.49550125122073,403.3804609551601,385.8593758094926,358.49933485417597,69.80427803349707,19.67142813546317,4.893998641137263,48851.75,0.4589190765939808,424.95001220703125,246.5500030517578,-5.4124013035195855,63.029814330462855,30.29363818168182,True,335.8999938964844,424.95001220703125,Strong Uptrend,Positive,No Breakout,ORIENTBELL,ORIENTBELL.NS,Orient Bell Limited,,Unavailable,0,60,,66.0,Momentum Watch,-5,61.0,0.3482209481284482,Strong price trend | Positive momentum | RSI supports positive momentum | Price is above 200 DMA,355,380
45.810001373291016,46.70000076293945,45.150001525878906,46.0099983215332,58539.0,46.68000030517578,-1.4353084388653903,44.82499980926514,42.7192000579834,41.48040004730225,41.63814998626709,45.446065472630906,44.6296948685549,43.14834996298651,51.35907499839007,2.4071426391601562,5.231781627850193,134888.65,0.4339801755003108,56.63999938964844,34.0,-18.767657455268232,35.323524475097656,10.499621949361389,True,40.060001373291016,48.88999938964844,Strong Uptrend,Positive,No Breakout,ORIENTCER,ORIENTCER.NS,ORIENT CERATECH LIMITED,,Unavailable,0,60,,66.0,Momentum Watch,-5,61.0,0.48403404122183213,Strong price trend | Positive momentum | RSI supports positive momentum | Price is above 200 DMA,355,380
84.0,84.0,78.11000061035156,82.75,845.0,81.7300033569336,1.2480075873872787,81.13400077819824,77.99099990844726,71.35419982910156,69.67654987335204,82.0848212330311,81.21761290583241,77.8762683162353,54.52990724736471,3.5542847769601003,4.2952081896798795,2861.0,0.2953512757777001,102.30000305175781,53.720001220703125,-19.11046184609267,54.03946038651433,18.76305607899786,True,71.25,86.5,Strong Uptrend,Positive,No Breakout,ORIENTLTD,ORIENTLTD.NS,Orient Press Limited,,Unavailable,0,60,,66.0,Momentum Watch,-5,61.0,0.32608695652173914,Strong price trend | Positive momentum | RSI supports positive momentum | Price is above 200 DMA,355,380
463.0,469.5,447.5,462.54998779296875,535295.0,464.6499938964844,-0.45195440247514096,460.49000091552733,416.32200012207034,414.395,344.96729949951174,470.31267616642634,458.54829642211035,432.5260554563041,55.71665714942304,26.757145472935267,5.784703530229345,1106133.9,0.4839332742627272,524.9000244140625,178.8000030517578,-11.878459462960418,158.69685676631275,34.085169366502065,True,405.45001220703125,524.9000244140625,Strong Uptrend,Positive,No Breakout,PRECWIRE,PRECWIRE.NS,Precision Wires India Limited,,Unavailable,0,60,,66.0,Momentum Watch,-5,61.0,1.0919450661980532,Strong price trend | Positive momentum | RSI supports positive momentum | Price is above 200 DMA,355,380
531.0,538.7999877929688,524.0999755859375,532.4000244140625,107590.0,536.75,-0.8104286140544925,524.7325012207032,470.25500061035154,444.3600003051758,379.6182495117188,536.2938016783095,522.6054151584157,484.0181224125142,59.06171036455576,30.064298357282365,5.646937824687346,510256.6,0.21085469546106803,602.4500122070312,268.0,-11.627518694264074,98.65672552763526,40.2461617951345,True,451.79998779296875,602.4500122070312,Strong Uptrend,Positive,No Breakout,RAMRAT,RAMRAT.NS,Ram Ratna Wires Limited,,Unavailable,0,60,,66.0,Momentum Watch,-5,61.0,0.8691061534162634,Strong price trend | Positive momentum | RSI supports positive momentum | Price is above 200 DMA,355,380
310.0,310.3999938964844,283.1499938964844,288.29998779296875,4371239.0,310.6000061035156,-7.17965804003069,279.12407302856445,224.84902923583985,199.24791427612305,174.53210693359375,293.76906215185124,276.43169919533267,239.83797147386625,58.316291070187454,18.942151750837052,6.570292248655803,7646351.05,0.5716764730544251,314.8999938964844,130.5,-8.447128173733699,120.91953087583813,65.1844997795515,True,208.92999267578125,314.8999938964844,Strong Uptrend,Positive,No Breakout,RATNAVEER,RATNAVEER.NS,Ratnaveer Precision Engineering Limited,,Unavailable,0,60,,66.0,Momentum Watch,-5,61.0,0.3351393188854489,Strong price trend | Positive momentum | RSI supports positive momentum | Price is above 200 DMA,355,380
182.99000549316406,182.99000549316406,170.05999755859375,174.19000244140625,110293.0,178.6699981689453,-2.5074135408581055,159.11700057983398,152.04840057373048,142.35330024719238,138.61120010375976,174.9675536381656,165.5986730761894,154.05228799002126,62.38471142254775,14.527857099260602,8.340235889340123,1930118.8,0.05714311471397512,204.6999969482422,100.0,-14.904736180602047,74.19000244140625,25.66805735107508,True,133.5,204.6999969482422,Strong Uptrend,Positive,No Breakout,RBZJEWEL,RBZJEWEL.NS,RBZ Jewellers Limited,,Unavailable,0,60,,66.0,Momentum Watch,-5,61.0,0.7498154995387488,Strong price trend | Positive momentum | RSI supports positive momentum | Price is above 200 DMA,355,380
1792.0,1848.5999755859375,1758.0999755859375,1835.4000244140625,318589.0,1790.0,2.5363142130761185,1794.775,1621.5139965820313,1381.8249975585939,1056.8329989624024,1804.6756075194926,1767.0095991080393,1629.444052426627,55.20998630221022,79.04285539899554,4.306573735838833,465912.7,0.6837954835744979,,,,,73.66982543278422,True,1591.5,1899.0,Strong Uptrend,Positive,No Breakout,RUBICON,RUBICON.NS,Rubicon Research Limited,,Unavailable,0,60,,66.0,Momentum Watch,-5,61.0,0.2607624814254448,Strong price trend | Positive momentum | RSI supports positive momentum | Price is above 200 DMA,355,380
1107.800048828125,1108.0,1072.5999755859375,1087.0,165852.0,1112.0,-2.248201438848918,1059.427490234375,897.8799987792969,792.1774981689454,619.7169987487792,1094.0321502638362,1049.3274644711107,936.8945038792756,63.16158380467113,61.19642857142857,5.629846234722039,340296.25,0.4873753383999971,1215.699951171875,368.6000061035156,-10.586489787041167,194.8996153013445,75.4026438188196,True,986.5,1215.699951171875,Strong Uptrend,Positive,No Breakout,SBCL,SBCL.NS,Shivalik Bimetal Controls Limited,,Unavailable,0,60,,66.0,Momentum Watch,-5,61.0,1.2805965290733832,Strong price trend | Positive momentum | RSI supports positive momentum | Price is above 200 DMA,355,380
96.76000213623047,97.87999725341797,91.93000030517578,92.62000274658203,54813.0,96.76000213623047,-4.2786268067870115,90.63600006103516,78.17699996948242,73.91299980163575,70.02244985580444,97.851640635856,92.15867331495969,82.36612978373441,62.433004279374316,7.850000108991351,8.475491120929641,246921.85,0.22198521516018124,116.8499984741211,53.099998474121094,-20.735982921647455,74.4256222374874,32.27186843264152,True,70.55000305175781,116.8499984741211,Strong Uptrend,Positive,No Breakout,SHAHALLOYS,SHAHALLOYS.NS,Shah Alloys Limited,,Unavailable,0,60,,66.0,Momentum Watch,-5,61.0,1.097870233918553,Strong price trend | Positive momentum | RSI supports positive momentum | Price is above 200 DMA,355,380
85.5,86.44999694824219,84.80000305175781,85.7300033569336,139971.0,85.44000244140625,0.339420537500823,83.36100006103516,73.17620025634766,62.38520004272461,60.10049997329712,83.61093288610854,82.04982621783932,75.02587390686482,59.08408913673596,3.4907139369419644,4.071752945591884,179743.5,0.7787263517178646,95.94999694824219,35.209999084472656,-10.651374587142001,143.48198121578446,42.644409605616865,True,76.5999984741211,95.94999694824219,Strong Uptrend,Positive,No Breakout,SHALPAINTS,SHALPAINTS.NS,Shalimar Paints Limited,,Unavailable,0,60,,66.0,Momentum Watch,-5,61.0,1.1193853368630755,Strong price trend | Positive momentum | RSI supports positive momentum | Price is above 200 DMA,355,380
826.0499877929688,834.4500122070312,814.0,827.4000244140625,436603.0,830.2999877929688,-0.34926694225477783,801.7024993896484,721.6439990234375,608.8389993286132,476.4569990539551,810.0280068036084,791.8491152305069,724.7060950025382,55.85191682500498,36.585719517299104,4.421769209302104,867477.75,0.5033016696970037,868.7999877929688,259.0,-4.7651892219837,219.4594688857384,73.65680975553595,True,733.0,868.7999877929688,Strong Uptrend,Positive,No Breakout,SKYGOLD,SKYGOLD.NS,SKY GOLD AND DIAMONDS LIMITED,,Unavailable,0,60,,66.0,Momentum Watch,-5,61.0,0.43855882067694696,Strong price trend | Positive momentum | RSI supports positive momentum | Price is above 200 DMA,355,380
75.0999984741211,75.0999984741211,72.5,72.9000015258789,26317.0,73.54000091552734,-0.8702738396530352,67.48800106048584,59.80660049438477,56.787800254821775,51.567950077056885,71.2016242109595,67.69308966776975,62.12824471778982,59.33879652244099,5.329286302839007,7.3104062980672975,287796.5,0.09144308565253573,80.31999969482422,37.400001525878906,-9.238045564165326,94.91978222363386,41.36687887912161,True,53.2599983215332,80.31999969482422,Strong Uptrend,Positive,No Breakout,SONAMLTD,SONAMLTD.NS,SONAM LIMITED,,Unavailable,0,60,,66.0,Momentum Watch,-5,61.0,0.3778002524614408,Strong price trend | Positive momentum | RSI supports positive momentum | Price is above 200 DMA,355,380
697.0999755859375,732.7999877929688,681.2999877929688,716.25,461088.0,697.0999755859375,2.7470987067480745,704.0,659.9480017089844,568.2375003051758,462.88750030517576,707.6131431037411,700.936062007091,657.6562049752537,56.19492871698028,43.41070556640625,6.060831492691972,1199056.4,0.3845423784902862,850.0999755859375,285.79998779296875,-15.745204026582925,150.61232700921101,54.73522173914517,True,666.9500122070312,850.0999755859375,Strong Uptrend,Positive,No Breakout,SOTL,SOTL.NS,Savita Oil Technologies Limited,,Unavailable,0,60,,66.0,Momentum Watch,-5,61.0,2.7150103190294788,Strong price trend | Positive momentum | RSI supports positive momentum | Price is above 200 DMA,355,380
141.75999450683594,147.0,137.49000549316406,141.6999969482422,41348.0,141.75999450683594,-0.042323335862470834,140.42549819946288,137.34339920043945,123.94739944458007,115.28344974517822,139.4452489819223,139.98979916983362,135.8903526504153,50.93901603831086,7.355712890625,5.191046611886501,35780.4,1.155604744496987,167.4600067138672,82.69999694824219,-15.382783191714658,71.34220335815147,22.914431569713546,True,131.1999969482422,160.97999572753906,Strong Uptrend,Positive,No Breakout,SPECIALITY,SPECIALITY.NS,Speciality Restaurants Limited,,Unavailable,0,60,,66.0,Momentum Watch,-5,61.0,1.8361903599330358,Strong price trend | Positive momentum | RSI supports positive momentum | Price is above 200 DMA,355,380
1257.300048828125,1284.5999755859375,1227.0999755859375,1270.0,158860.0,1256.0999755859375,1.1066017581585097,1223.0424926757812,1088.537998046875,973.6629998779297,932.0760012817383,1233.7917561209383,1204.1087058713883,1113.3845289924207,58.666948793906045,41.760707310267854,3.288244670099831,244458.6,0.6498441862957572,1347.199951171875,730.0999755859375,-5.730400383753122,73.94877995726118,36.25498331182948,True,1187.0999755859375,1347.199951171875,Strong Uptrend,Positive,No Breakout,SUNDRMFAST,SUNDRMFAST.NS,Sundram Fasteners Limited,,Unavailable,0,60,,66.0,Momentum Watch,-5,61.0,0.9312415975450474,Strong price trend | Positive momentum | RSI supports positive momentum | Price is above 200 DMA,355,380
18.979999542236328,20.100000381469727,18.510000228881836,19.459999084472656,9148018.0,19.260000228881836,1.0384156449328996,18.463999843597414,15.619799900054932,14.963199958801269,14.153249969482422,19.75221269228149,18.622853092865117,16.631904316620723,62.66667062265237,1.4864285332815987,7.6383792559766155,13550002.15,0.6751303725807896,22.59000015258789,10.210000038146973,-13.855692992355575,90.59744379789913,37.49491548890025,True,14.800000190734863,22.59000015258789,Strong Uptrend,Positive,No Breakout,SYNCOMF,SYNCOMF.NS,Syncom Formulations (India) Limited,,Unavailable,0,60,,66.0,Momentum Watch,-5,61.0,0.671674208404083,Strong price trend | Positive momentum | RSI supports positive momentum | Price is above 200 DMA,355,380
7.409999847412109,7.409999847412109,7.409999847412109,7.409999847412109,55909.0,7.789999961853027,-4.878050273449885,6.774499988555908,5.5119999980926515,5.005399994850158,4.991849988698959,7.706752710164581,6.999498669829992,5.975627000209569,61.339420398238154,0.7485714639936175,10.102179209289064,228682.0,0.24448360605557062,9.539999961853027,3.549999952316284,-22.32704531402526,108.73239287164705,48.441957674761774,True,5.199999809265137,9.539999961853027,Strong Uptrend,Positive,No Breakout,TIJARIA,TIJARIA.NS,Tijaria Polypipes Limited,,Unavailable,0,60,,66.0,Momentum Watch,-5,61.0,0.9638009401243574,Strong price trend | Positive momentum | RSI supports positive momentum | Price is above 200 DMA,355,380
918.0,920.0,904.0,910.9000244140625,89596.0,923.6500244140625,-1.380392969522004,892.8574951171875,852.8489990234375,789.6169989013672,691.1677505493165,915.7728669881808,898.8583717268548,856.0392275119859,58.62437715986526,24.657139369419642,2.706898529866697,162691.35,0.5507115160086876,949.9500122070312,420.0,-4.1107413328248095,116.8809581938244,31.79145347712048,True,823.5999755859375,949.9500122070312,Strong Uptrend,Positive,No Breakout,TMB,TMB.NS,Tamilnad Mercantile Bank Limited,,Unavailable,0,60,,66.0,Momentum Watch,-5,61.0,0.44730774286105807,Strong price trend | Positive momentum | RSI supports positive momentum | Price is above 200 DMA,355,380
5220.0,5250.5,4940.5,5146.0,9142.0,5222.5,-1.4648157012924878,5106.049975585937,4467.681987304688,4194.088986816406,4111.387996826172,5215.927527237502,5032.280557722628,4632.9677544892975,58.01838646788823,250.55709402901786,4.868968014555342,89643.3,0.1019819663042302,5760.0,2871.5,-10.659722222222221,79.20947240118406,25.1645430684846,True,3850.0,5760.0,Strong Uptrend,Positive,No Breakout,TVSSRICHAK,TVSSRICHAK.NS,TVS Srichakra Limited,,Unavailable,0,60,,66.0,Momentum Watch,-5,61.0,0.4737654320987654,Strong price trend | Positive momentum | RSI supports positive momentum | Price is above 200 DMA,355,380
666.5,674.9500122070312,650.0,653.4500122070312,184116.0,672.5999755859375,-2.8471549322052425,636.3449935913086,533.0649987792968,477.8854983520508,466.04549942016604,663.6752531656342,630.5344287993219,560.0448374094866,58.425508156151444,31.774998256138392,4.862651719726525,897838.95,0.20506573032947614,723.5,330.0,-9.682099211191257,98.01515521425189,40.211634490629336,True,482.20001220703125,723.5,Strong Uptrend,Positive,No Breakout,UFLEX,UFLEX.NS,UFLEX Limited,,Unavailable,0,60,,66.0,Momentum Watch,-5,61.0,0.40905102360857665,Strong price trend | Positive momentum | RSI supports positive momentum | Price is above 200 DMA,355,380
1495.0,1517.4000244140625,1466.0999755859375,1502.0,98574.0,1498.800048828125,0.21350087187259614,1492.8800109863282,1421.836005859375,1349.0450024414063,1167.4642510986328,1496.6859300003227,1481.7788993823842,1427.791870056757,55.18517537746506,44.81431361607143,2.9836427174481646,134297.65,0.7339964623357148,1578.0,848.0,-4.816223067173637,77.12264150943396,28.65490301622128,True,1440.0,1578.0,Strong Uptrend,Positive,No Breakout,VIJAYA,VIJAYA.NS,Vijaya Diagnostic Centre Limited,,Unavailable,0,60,,66.0,Momentum Watch,-5,61.0,1.2258064516129032,Strong price trend | Positive momentum | RSI supports positive momentum | Price is above 200 DMA,355,380
10800.0,11255.0,10672.0,11217.0,22505.0,10924.0,2.6821677041376724,10823.875,10109.7,10036.415,9136.8075,11069.37411278141,10826.974010708675,10372.965879125513,55.66976668298254,461.35714285714283,4.113017231498108,39972.35,0.563014183554382,12863.0,6666.0,-12.796392754411878,68.27182718271827,22.767170042709107,True,9950.0,11699.0,Strong Uptrend,Positive,No Breakout,VOLTAMP,VOLTAMP.NS,Voltamp Transformers Limited,,Unavailable,0,60,,66.0,Momentum Watch,-5,61.0,0.3804262036306235,Strong price trend | Positive momentum | RSI supports positive momentum | Price is above 200 DMA,355,380
971.0999755859375,975.9000244140625,960.9000244140625,966.2999877929688,128509.0,977.2000122070312,-1.1154343305260994,931.6474975585937,879.8739990234375,852.7469989013672,763.5114990234375,968.6724046640205,941.8207759816055,895.7137854465137,69.10778683751339,39.17143031529018,4.0537546114181175,430500.0,0.2985110336817654,1024.8499755859375,538.25,-5.713030120286041,79.52624018448095,26.559978340719955,True,824.0,1024.8499755859375,Strong Uptrend,Positive,No Breakout,YATHARTH,YATHARTH.NS,Yatharth Hospital & Trauma Care Services Limited,,Unavailable,0,60,,66.0,Momentum Watch,-5,61.0,0.41145462273793526,Strong price trend | Positive momentum | RSI supports positive momentum | Price is above 200 DMA,355,380
782.0,818.9500122070312,780.0,813.0,19342.0,791.7000122070312,2.6904114518819577,745.5225006103516,725.102998046875,636.6919985961914,553.8087498474121,781.4769935030246,758.4245105681861,716.4169616886501,71.0787388385667,31.907161167689733,3.9246200698265357,26902.7,0.7189612938478294,824.0,341.95001220703125,-1.3349514563106795,137.75404912334812,46.8015809111,True,677.0,824.0,Strong Uptrend,Strong Positive,No Breakout,ARROWGREEN,ARROWGREEN.NS,Arrow Greentech Limited,,Unavailable,0,60,,64.0,52W High Watch,-3,61.0,0.08088235294117647,Strong price trend | Strong positive momentum | RSI indicates overbought conditions | Price is above 200 DMA | Price is near 52-week high,445,380
698.0,724.0,676.0,720.9500122070312,190726.0,700.4500122070312,2.926689934005,610.3549987792969,536.7549987792969,457.3804989624023,326.4377494812012,672.3509787110653,622.3243687003935,550.13378960328,75.75811782626747,35.517857142857146,4.92653534107406,420650.65,0.45340712061184263,725.9000244140625,118.0,-0.68191376781215,510.97458661612814,120.8537503253891,True,496.1000061035156,725.9000244140625,Strong Uptrend,Strong Positive,No Breakout,BLISSGVS,BLISSGVS.NS,Bliss GVS Pharma Limited,,Unavailable,0,60,,64.0,52W High Watch,-3,61.0,0.022014730143046477,Strong price trend | Strong positive momentum | RSI indicates overbought conditions | Price is above 200 DMA | Price is near 52-week high,445,380
649.0,652.9500122070312,636.5499877929688,651.0499877929688,63163.0,649.5,0.23864323217379635,619.6000030517578,577.8530017089844,547.704001159668,447.73375076293945,640.5030051959169,621.3068807666529,586.6171475028315,76.33729880718366,23.407152448381698,3.59529266373707,347811.9,0.18160103205209482,665.5,302.20001220703125,-2.1713016088702104,115.43678408157949,45.410076118581166,True,534.0,665.5,Strong Uptrend,Strong Positive,No Breakout,NITINSPIN,NITINSPIN.NS,Nitin Spinners Limited,,Unavailable,0,60,,64.0,52W High Watch,-3,61.0,0.12345163360964716,Strong price trend | Strong positive momentum | RSI indicates overbought conditions | Price is above 200 DMA | Price is near 52-week high,445,380
1170.0,1172.0,1123.800048828125,1167.9000244140625,128175.0,1171.4000244140625,-0.2987877690843188,1102.8725036621095,1010.8130029296875,983.5500024414063,903.0387521362304,1138.4060963559568,1100.7799799167003,1038.9033842395825,71.1594848043906,49.47857666015625,4.236542137669681,164418.0,0.7795679305185563,1199.9000244140625,675.0,-2.6668888531464363,73.02222583912037,29.330000695017315,True,1028.1500244140625,1199.9000244140625,Strong Uptrend,Strong Positive,No Breakout,PITTIENG,PITTIENG.NS,Pitti Engineering Limited,,Unavailable,0,60,,64.0,52W High Watch,-3,61.0,0.22898032200357782,Strong price trend | Strong positive momentum | RSI indicates overbought conditions | Price is above 200 DMA | Price is near 52-week high,445,380
2322.0,2322.0,2321.0,2322.0,236.0,2345.0,-0.9808102345415737,2146.0550170898437,1962.8040063476562,1848.0580053710937,1572.0335009765624,2268.2570183864455,2169.871310067073,2009.7481422766975,70.3527815468114,79.99286760602679,3.4449986049107144,7968.8,0.02961550045176187,2367.10009765625,980.3499755859375,-1.9052889947875553,136.8541906284215,47.70677587707585,True,1790.0,2367.10009765625,Strong Uptrend,Strong Positive,No Breakout,WELINV,WELINV.NS,Welspun Investments and Commercials Limited,,Unavailable,0,60,,64.0,52W High Watch,-3,61.0,0.08477461965460527,Strong price trend | Strong positive momentum | RSI indicates overbought conditions | Price is above 200 DMA | Price is near 52-week high,445,380
1965.0,1999.0,1948.199951171875,1978.9000244140625,122389.0,1962.800048828125,0.8202555117904131,1887.250018310547,1892.4140014648438,1813.02599609375,1652.6659985351562,1924.879918296481,1908.5428778757152,1879.7663593943748,76.37895764802632,47.635716029575896,2.4071815373129057,130991.45,0.9343281565323539,2048.0,1260.0,-3.3740222454071045,57.05555749317956,19.73986432637112,True,1830.0999755859375,2012.0,Uptrend,Strong Positive,No Breakout,EMCURE,EMCURE.NS,Emcure Pharmaceuticals Limited,,Unavailable,0,60,,65.0,Momentum Watch,-5,60.0,0.22244599949137386,Price is in an uptrend | Strong positive momentum | RSI indicates overbought conditions | Price is above 200 DMA,419,444
161.0,161.1999969482422,157.1199951171875,159.3800048828125,97541.0,161.2899932861328,-1.184195227742335,154.51650009155273,157.0272003173828,150.84699951171876,141.3784496307373,158.46694463269293,156.83219821556256,155.11620529458474,70.33826078901049,4.299281529017857,2.6975037001529736,101612.95,0.9599268597162075,175.0,115.0,-8.925711495535714,38.59130859375,12.732884890938474,True,148.61000061035156,165.39999389648438,Uptrend,Strong Positive,No Breakout,GPTHEALTH,GPTHEALTH.NS,GPT Healthcare Limited,,Unavailable,0,60,,65.0,Momentum Watch,-5,60.0,0.5589588324551623,Price is in an uptrend | Strong positive momentum | RSI indicates overbought conditions | Price is above 200 DMA,419,444
255.25,258.75,253.14999389648438,256.80999755859375,416095.0,258.7799987792969,-0.7612648697719715,240.91549911499024,249.6922006225586,243.7459001159668,237.6381000518799,252.01276096032325,246.9066174521544,246.04870028772763,75.04471832608543,8.024285452706474,3.1246001047430614,1396921.9,0.297865614391184,280.0,196.50999450683594,-8.282143729073661,30.685463710427296,8.067686748264842,True,223.25,261.5899963378906,Uptrend,Strong Positive,No Breakout,RELIGARE,RELIGARE.NS,Religare Enterprises Limited,,Unavailable,0,60,,65.0,Momentum Watch,-5,60.0,0.14243144001876887,Price is in an uptrend | Strong positive momentum | RSI indicates overbought conditions | Price is above 200 DMA,419,444
508.0,558.0,503.0,544.3499755859375,5994616.0,512.2999877929688,6.256097707720576,539.0550048828125,543.3320025634765,521.1125021362304,519.2210508728027,527.9932262639707,536.0624455909361,537.2998030870765,46.99514500321951,21.582142421177455,3.9647549167144662,697146.6,8.59878826060401,683.0,400.0,-20.300149987417644,36.087493896484375,4.839735344106992,True,504.8500061035156,583.0,Uptrend,Negative,No Breakout,AIIL,AIIL.NS,Authum Investment & Infrastructure Limited,,Unavailable,0,60,,63.0,Neutral Watch,-3,60.0,0.9784823867082324,Price is in an uptrend | Negative momentum | Volume is more than 2x average | Price is above 200 DMA,493,444
10990.0,11146.0,10922.0,11134.0,49910.0,10992.0,1.2918486171761279,11248.85,11057.86,10740.145,10681.365,11126.476408476636,11187.221426495122,11067.57002171489,50.33460803059274,255.64285714285714,2.2960558392568453,46840.35,1.065534309628344,13880.0,8588.0,-19.78386167146974,29.646017699115045,4.237613825573793,True,10811.0,11644.0,Uptrend,Neutral,No Breakout,BAJAJHLDNG,BAJAJHLDNG.NS,Bajaj Holdings & Investment Limited,,Unavailable,0,60,,63.0,200 DMA Recovery Watch,-3,60.0,1.5789473684210527,Price is in an uptrend | RSI supports positive momentum | Price is above 200 DMA,493,444
865.0,884.4500122070312,856.0499877929688,877.25,133609.0,875.5499877929688,0.19416506547118573,879.0925018310547,852.5450048828125,817.8595043945312,823.5525021362305,886.6272576945192,878.606058727683,854.7422825029016,56.98629190172621,27.410718645368302,3.124618825348339,229162.4,0.5830319459038655,1070.0999755859375,691.3499755859375,-18.021678346487366,26.889423733111045,6.520227638733708,True,814.3499755859375,939.9500122070312,Uptrend,Neutral,No Breakout,CHALET,CHALET.NS,Chalet Hotels Limited,,Unavailable,0,60,,63.0,Neutral Watch,-3,60.0,0.9968201569253042,Price is in an uptrend | RSI supports positive momentum | Price is above 200 DMA,493,444
1875.0,1917.0,1864.199951171875,1899.5999755859375,107578.0,1899.800048828125,-0.010531278926484422,1902.3450012207031,1831.6280029296875,1649.3740026855469,1803.0855004882812,1922.5864071457243,1904.7527235486812,1819.8899652956252,60.89893726842242,77.27142333984375,4.067773443511924,226907.85,0.4741043555787074,2497.5,1320.0,-23.93994091747998,43.90908905954072,5.352739793621536,True,1770.199951171875,2062.0,Uptrend,Neutral,No Breakout,ECLERX,ECLERX.NS,eClerx Services Limited,,Unavailable,0,60,,63.0,Neutral Watch,-3,60.0,1.2550231358102721,Price is in an uptrend | RSI supports positive momentum | Price is above 200 DMA,493,444
330.3999938964844,330.3999938964844,330.3999938964844,330.3999938964844,1091.0,314.6700134277344,4.998881303433289,148.94600296020508,98.81840209960937,82.10920181274415,73.75460166931153,254.04672797523443,185.04248116134008,123.51695005177984,,18.928570883614675,5.7289864507518935,1358.8,0.8029143361789814,330.3999938964844,65.4000015258789,0.0,405.19875563878156,347.9720402774003,True,65.4000015258789,314.6700134277344,Strong Uptrend,Insufficient Data,Breakout - Volume Confirmation Required,MBECL,MBECL.NS,Mcnally Bharat Engineering Company Limited,,Unavailable,0,60,,63.0,52W High Watch,-3,60.0,-0.059358418572146396,Strong price trend | Breakout requires volume confirmation | Price is above 200 DMA | Price is near 52-week high,493,444
47.79999923706055,48.38999938964844,47.70000076293945,48.33000183105469,8267285.0,48.04999923706055,0.5827317345266092,42.29650020599365,41.986800003051755,39.58620021820068,34.80030003547668,45.81718441127285,43.73194764726214,41.86425819311608,90.06815936290496,1.3321432386125838,2.75634841328851,8459552.2,0.9772721775982423,49.380001068115234,20.559999465942383,-2.1263653591504954,135.06810839714896,38.878118239743166,True,35.36000061035156,49.380001068115234,Strong Uptrend,Strong Positive,No Breakout,SBC,SBC.NS,SBC Exports Limited,,Unavailable,0,60,,63.0,52W High Watch,-3,60.0,0.08095598598591533,Strong price trend | Strong positive momentum | RSI indicates overbought conditions | Price is above 200 DMA | Price is near 52-week high,493,444
3351.800048828125,3366.10009765625,3222.10009765625,3279.5,192834.0,3383.199951171875,-3.065144025435307,3311.650012207031,3128.5379931640623,2964.551003417969,2556.9000048828125,3332.364802290213,3298.647768811152,3164.5785002126618,50.78572102143912,108.34280831473214,3.3036380031935395,124359.65,1.5506154930477853,3615.199951171875,1770.9000244140625,-9.285792091888503,85.18831976893149,28.260784298848858,True,3147.0,3487.699951171875,Uptrend,Neutral,No Breakout,SHAILY,SHAILY.NS,Shaily Engineering Plastics Limited,,Unavailable,0,60,,63.0,Neutral Watch,-3,60.0,1.5713203862028302,Price is in an uptrend | Strong volume confirmation | RSI supports positive momentum | Price is above 200 DMA,493,444
45.599998474121094,46.470001220703125,45.18000030517578,46.18000030517578,5755589.0,46.08000183105469,0.21701056889651404,45.885000228881836,46.16300025939941,44.52350025177002,42.12060012817383,46.3325007131965,46.193832911863744,45.80218635014661,57.22380567720393,1.1107147761753626,2.405185727231092,8084771.9,0.7119049332733802,49.900001525878906,28.5,-7.454912037976342,62.03508879009046,9.63756490802391,True,44.2599983215332,48.439998626708984,Uptrend,Neutral,No Breakout,SOUTHBANK,SOUTHBANK.NS,The South Indian Bank Limited,,Unavailable,0,60,,63.0,Neutral Watch,-3,60.0,1.1770812430337143,Price is in an uptrend | RSI supports positive momentum | Price is above 200 DMA,493,444
10074.0,10339.0,10074.0,10273.0,2921.0,10201.0,0.7058131555729874,10053.25,9455.91,8635.61,8049.9825,10049.55514306596,9928.399959746037,9475.883983641223,54.250386398763524,320.92857142857144,3.1240005006188207,17500.6,0.16690856313497823,10544.0,6430.0,-2.570182094081942,59.76671850699844,27.615184256611734,True,9009.0,10544.0,Strong Uptrend,Positive,No Breakout,TASTYBITE,TASTYBITE.NS,Tasty Bite Eatables Limited,,Unavailable,0,60,,63.0,52W High Watch,-3,60.0,0.2143987341772152,Strong price trend | Positive momentum | RSI supports positive momentum | Price is above 200 DMA | Price is near 52-week high,493,444
26.700000762939453,27.389999389648438,26.0,26.969999313354492,157483.0,26.940000534057617,0.11135404121076498,26.813999938964844,25.794799880981444,25.92579996109009,25.788299989700317,26.94624482302628,26.714111159497953,26.217570447740147,48.918919615540254,1.2300002234322684,4.56062385890837,119637.9,1.3163303601952225,34.04999923706055,21.469999313354492,-20.7929517836819,25.61714101489962,4.582307961851455,True,24.760000228881836,27.989999771118164,Strong Uptrend,Negative,No Breakout,TREL,TREL.NS,Transindia Real Estate Limited,,Unavailable,0,60,,63.0,Neutral Watch,-3,60.0,0.4615388598710943,Strong price trend | Negative momentum | Volume is above average | Price is above 200 DMA,493,444
1311.0999755859375,1364.5999755859375,1287.699951171875,1353.5999755859375,1216825.0,1307.5999755859375,3.5178954465326706,1308.2349853515625,1313.19599609375,1080.7344995117187,885.9019998168945,1304.0136813137274,1301.3060501817574,1254.98601765593,51.45677555019095,56.16428920200893,4.149253118721202,904017.2,1.34601974387213,1497.800048828125,576.0999755859375,-9.627458174741633,134.95921419007584,52.793421379081494,True,1180.0,1449.0,Uptrend,Positive,No Breakout,AEGISLOG,AEGISLOG.NS,Aegis Logistics Limited,,Unavailable,0,60,,64.0,Momentum Watch,-5,59.0,0.5495393884248357,Price is in an uptrend | Positive momentum | Volume is above average | RSI supports positive momentum | Price is above 200 DMA,445,464
384.6000061035156,404.0,370.1000061035156,378.79998779296875,26340.0,382.1499938964844,-0.8766207397671866,339.59000091552736,322.1170001220703,310.54000091552734,308.4645004272461,375.7476627326538,352.94611579150353,329.06876210926094,79.20288970504981,24.810716901506698,6.549819878839826,92985.35,0.2832704291590019,423.79998779296875,247.5,-10.618216445533033,53.05050011837121,22.801809371354828,True,291.8999938964844,423.79998779296875,Strong Uptrend,Strong Positive,No Breakout,ASIANHOTNR,ASIANHOTNR.NS,Asian Hotels (North) Limited,,Unavailable,0,60,,64.0,Momentum Watch,-5,59.0,0.5178366301567775,Strong price trend | Strong positive momentum | RSI indicates overbought conditions | Price is above 200 DMA,445,464
36.79999923706055,38.7400016784668,35.209999084472656,38.7400016784668,338230.0,36.900001525878906,4.986450071817616,33.58300046920776,26.55260013580322,23.799600162506103,18.95305009841919,37.280352970617905,34.09752594782034,28.77694166682515,70.312502882665,2.165714536394392,5.590383176462742,447746.75,0.7554047014299936,43.130001068115234,10.899999618530273,-10.178528358288954,255.41287187393863,104.39982734862274,True,23.43000030517578,43.130001068115234,Strong Uptrend,Strong Positive,No Breakout,CALSOFT,CALSOFT.NS,California Software Company Limited,,Unavailable,0,60,,64.0,Momentum Watch,-5,59.0,0.2867406267713985,Strong price trend | Strong positive momentum | RSI indicates overbought conditions | Price is above 200 DMA,445,464
547.0,549.75,533.0,538.4500122070312,90810.0,551.9500122070312,-2.445873666352283,536.4300018310547,538.1160046386718,546.7600045776367,533.2492529296875,540.9751289925978,538.2562352936815,537.9562395903937,52.214838226507226,17.699999128069198,3.2872130609709482,139203.2,0.6523556929725753,667.5499877929688,416.0,-19.339372024073207,29.435099088228668,0.9752961206735191,True,499.04998779296875,572.5999755859375,Uptrend,Positive,No Breakout,CARRARO,CARRARO.NS,Carraro India Limited,,Unavailable,0,60,,64.0,Momentum Watch,-5,59.0,0.8667498024878781,Price is in an uptrend | Positive momentum | RSI supports positive momentum | Price is above 200 DMA | Price is near 200 DMA,445,464
4214.0,4258.0,4082.5,4192.0,27427.0,4210.39990234375,-0.4370108011238494,3657.084997558594,3656.9820068359377,3472.838000488281,2985.6465026855467,4022.4474996550066,3823.26029529322,3661.0723944697334,78.9042506011547,179.0428466796875,4.271060273847508,107344.25,0.25550506897202224,4450.0,2044.199951171875,-5.797752808988764,105.06800215883281,40.40510141536701,True,3255.10009765625,4450.0,Strong Uptrend,Strong Positive,No Breakout,CENTUM,CENTUM.NS,Centum Electronics Limited,,Unavailable,0,60,,64.0,Momentum Watch,-5,59.0,0.2753762694975065,Strong price trend | Strong positive momentum | RSI indicates overbought conditions | Price is above 200 DMA,445,464
222.60000610351562,225.82000732421875,211.10000610351562,217.1199951171875,15946.0,225.82000732421875,-3.852631265988893,180.5115005493164,179.45300079345702,175.1115003967285,162.39389991760254,198.29372946714176,187.02730634045142,179.7846405174034,75.99017190957471,14.051429748535156,6.471734554411303,30037.4,0.5308715135131535,236.8000030517578,105.1500015258789,-8.31081405445287,106.48596478027743,33.6996003097115,True,163.0,236.8000030517578,Strong Uptrend,Strong Positive,No Breakout,CHEMBOND,CHEMBOND.NS,Chembond Material Technologies Limited,,Unavailable,0,60,,64.0,Momentum Watch,-5,59.0,0.36363654305505116,Strong price trend | Strong positive momentum | RSI indicates overbought conditions | Price is above 200 DMA,445,464
3810.0,3900.0,3775.0,3825.5,161471.0,3829.10009765625,-0.09401941877814624,3596.74501953125,3592.4060009765626,3284.8620092773435,2451.1370050048827,3750.8714716795616,3673.9963713641746,3542.6870800726438,73.53896370446071,153.27141462053572,4.006572072161436,264247.4,0.6110599385273043,4094.0,1227.0,-6.55837811431363,211.7766911165444,56.07042740527592,True,3251.0,3887.199951171875,Strong Uptrend,Strong Positive,No Breakout,CPPLUS,CPPLUS.NS,Aditya Infotech Limited,,Unavailable,0,60,,64.0,Momentum Watch,-5,59.0,0.10739765217036554,Strong price trend | Strong positive momentum | RSI indicates overbought conditions | Price is above 200 DMA,445,464
907.0499877929688,921.2999877929688,893.2999877929688,904.4000244140625,506275.0,923.2999877929688,-2.0470013677877597,813.3925018310547,699.656001586914,567.4485006713867,464.92350051879885,886.9144332214778,828.3373496555798,718.5187903280257,74.88119484046165,47.714285714285715,5.2757943859188385,820827.5,0.6167861091398619,1009.0,265.20001220703125,-10.366697283046333,241.0256345342974,94.52663145761842,True,685.0499877929688,1009.0,Strong Uptrend,Strong Positive,No Breakout,CYIENTDLM,CYIENTDLM.NS,Cyient DLM Limited,,Unavailable,0,60,,64.0,Momentum Watch,-5,59.0,0.47686326930787787,Strong price trend | Strong positive momentum | RSI indicates overbought conditions | Price is above 200 DMA,445,464
225.0,226.99000549316406,223.41000366210938,226.3699951171875,1245963.0,227.1300048828125,-0.33461442754652015,211.64649963378906,197.83059967041015,190.02719970703126,185.53239974975585,223.2255547607883,214.69921322035242,202.28689529103275,76.9698202231425,7.6207155500139505,3.366486599104642,3478726.4,0.35816642550561034,234.8000030517578,122.4000015258789,-3.590292940802073,84.94280416273224,22.011031724115554,True,180.0,234.8000030517578,Strong Uptrend,Strong Positive,No Breakout,DCBBANK,DCBBANK.NS,DCB Bank Limited,,Unavailable,0,60,,64.0,Momentum Watch,-5,59.0,0.18179876692386465,Strong price trend | Strong positive momentum | RSI indicates overbought conditions | Price is above 200 DMA,445,464
1792.9000244140625,1840.4000244140625,1792.9000244140625,1815.4000244140625,98792.0,1792.9000244140625,1.254950063785798,1683.810009765625,1426.2060009765626,1306.341005859375,1207.951003112793,1802.282467254565,1699.2488410801968,1505.3112137792211,75.3911773815702,79.70002092633929,4.390218125730345,411827.6,0.23988678757810308,1920.0,944.0,-5.447915395100911,92.30932462013374,50.28755468855294,True,1380.5999755859375,1920.0,Strong Uptrend,Strong Positive,No Breakout,ENTERO,ENTERO.NS,Entero Healthcare Solutions Limited,,Unavailable,0,60,,64.0,Momentum Watch,-5,59.0,0.24057029401872382,Strong price trend | Strong positive momentum | RSI indicates overbought conditions | Price is above 200 DMA,445,464
6231.5,6351.5,6100.0,6194.5,9080.0,6194.0,0.008072328059416378,5938.65,5496.04,5249.59599609375,5051.241491699218,6150.68897161739,5972.831901504187,5632.201189492778,71.96479420139788,282.17857142857144,4.5553082803869795,19357.25,0.4690748944194036,6580.0,4300.0,-5.858662613981763,44.05813953488372,22.633218193577076,True,5257.0,6580.0,Strong Uptrend,Strong Positive,No Breakout,FOSECOIND,FOSECOIND.NS,Foseco India Limited,,Unavailable,0,60,,64.0,Momentum Watch,-5,59.0,0.4112,Strong price trend | Strong positive momentum | RSI indicates overbought conditions | Price is above 200 DMA,445,464
431.0,446.3500061035156,426.54998779296875,441.54998779296875,203952.0,432.20001220703125,2.1633445908971094,409.2050033569336,407.2960009765625,387.76400177001955,331.6877508544922,426.0445790643157,416.6459751902658,405.8690671879767,74.61496118014855,14.478572300502233,3.2790335637583254,380646.05,0.5358048507268104,459.8999938964844,223.35000610351562,-3.98999920570686,97.69419105738658,33.122186953075605,True,382.54998779296875,448.0,Strong Uptrend,Strong Positive,No Breakout,GOCLCORP,GOCLCORP.NS,GOCL Corporation Limited,,Unavailable,0,60,,64.0,Momentum Watch,-5,59.0,0.10932224079713983,Strong price trend | Strong positive momentum | RSI indicates overbought conditions | Price is above 200 DMA,445,464
194.6999969482422,200.91000366210938,192.60000610351562,200.24000549316406,31136422.0,195.83999633789062,2.2467367430307306,195.2330009460449,197.2383999633789,197.6027001953125,181.79850006103516,195.46445618268638,195.1780842577978,195.82064086272675,55.44956585837759,5.315714154924665,2.65467139887096,48962683.05,0.635921482656576,,,,,10.143926064262105,True,185.35000610351562,205.2100067138672,Uptrend,Positive,No Breakout,GROWW,GROWW.NS,Billionbrains Garage Ventures Limited,,Unavailable,0,60,,64.0,Momentum Watch,-5,59.0,0.3337811567781716,Price is in an uptrend | Positive momentum | RSI supports positive momentum | Price is above 200 DMA,445,464
64.9800033569336,64.9800033569336,61.5099983215332,62.52000045776367,6188.0,64.66000366210938,-3.30962431664652,49.39950008392334,44.05000015258789,44.18200012207031,43.81915000915527,59.51602533407716,52.96424308039216,47.04689385474295,71.90827169077772,5.02071407863072,8.030572683732686,18243.85,0.33918279310562194,71.44999694824219,36.400001525878906,-12.498246146808563,71.75823581577193,42.67734642205787,True,38.810001373291016,71.44999694824219,Strong Uptrend,Strong Positive,No Breakout,ICDSLTD,ICDSLTD.NS,ICDS Limited,,Unavailable,0,60,,64.0,Momentum Watch,-5,59.0,0.3766341980302582,Strong price trend | Strong positive momentum | RSI indicates overbought conditions | Price is above 200 DMA,445,464
1108.0,1134.800048828125,1105.0,1113.199951171875,1166.0,1127.699951171875,-1.2858030174544233,1102.7899963378907,1108.207998046875,1084.3709967041016,1056.4399990844727,1116.209942426592,1108.0439737985066,1100.1482728798526,53.53259596347012,41.050013950892854,3.6875687883096973,2778.6,0.4196357878068092,1238.9000244140625,928.0,-10.146103056349306,19.956891290072736,5.372756818805742,True,1046.0,1170.0,Uptrend,Positive,No Breakout,IMPAL,IMPAL.NS,India Motor Parts and Accessories Limited,,Unavailable,0,60,,64.0,Momentum Watch,-5,59.0,0.8452394360056821,Price is in an uptrend | Positive momentum | RSI supports positive momentum | Price is above 200 DMA,445,464
54.70000076293945,55.5,52.0099983215332,52.880001068115234,14626067.0,55.63999938964844,-4.960457138406593,43.11350021362305,38.243800201416015,33.474600086212156,29.83435004234314,51.362178631712595,46.09759164812468,39.93687774845829,74.99999444892848,4.351428713117327,8.228874102162385,35376069.5,0.41344522460303285,61.9900016784668,17.850000381469727,-14.695919283248001,196.24649825223827,77.24535977175297,True,34.56999969482422,61.9900016784668,Strong Uptrend,Strong Positive,No Breakout,JINDWORLD,JINDWORLD.NS,Jindal Worldwide Limited,,Unavailable,0,60,,64.0,Momentum Watch,-5,59.0,0.4975423226150279,Strong price trend | Strong positive momentum | RSI indicates overbought conditions | Price is above 200 DMA,445,464
990.0,1021.8499755859375,930.0499877929688,1021.6500244140625,8554.0,973.2000122070312,4.978422893476542,834.260009765625,705.5570068359375,658.7995043945313,635.5510018920899,968.1356773418743,875.5042380252397,755.8638917215037,71.72468480764749,90.16429356166294,8.825360094654139,22309.0,0.3834326953247568,1192.25,523.5999755859375,-14.309077423857202,95.12033461628398,60.750281467973885,True,629.6500244140625,1192.25,Strong Uptrend,Strong Positive,No Breakout,KALYANIFRG,KALYANIFRG.NS,Kalyani Forge Limited,,Unavailable,0,60,,64.0,Momentum Watch,-5,59.0,0.43520401935188135,Strong price trend | Strong positive momentum | RSI indicates overbought conditions | Price is above 200 DMA,445,464
1900.0,1924.5999755859375,1893.9000244140625,1909.0,224876.0,1916.699951171875,-0.4017296065128573,1909.1899963378905,1840.7999975585938,1715.7499975585938,1564.4507495117186,1912.616797456878,1905.368396945536,1841.4826576145279,53.28598314430118,49.2071533203125,2.5776402996496857,187158.95,1.2015241590102956,1988.9000244140625,1272.5999755859375,-4.017297170962696,50.007860806460236,22.023655944159238,True,1855.699951171875,1977.0,Uptrend,Positive,No Breakout,LALPATHLAB,LALPATHLAB.NS,Dr. Lal Path Labs Ltd.,,Unavailable,0,60,,64.0,Momentum Watch,-5,59.0,1.2757962046015656,Price is in an uptrend | Positive momentum | Volume is above average | RSI supports positive momentum | Price is above 200 DMA,445,464
82.9000015258789,84.0,82.80000305175781,82.9000015258789,8273.0,84.19999694824219,-1.5439376122096449,75.17599983215332,70.22999992370606,67.07720005035401,67.67520002365113,79.84617608011162,76.17217558626693,71.73243339563466,73.01588322781097,2.102856227329799,2.536617839112283,19002.9,0.4353546037710033,101.9000015258789,44.099998474121094,-18.645730829723973,87.98186937472698,22.496869602021142,True,66.63999938964844,84.80000305175781,Strong Uptrend,Strong Positive,No Breakout,LYKALABS,LYKALABS.NS,Lyka Labs Limited,,Unavailable,0,60,,64.0,Momentum Watch,-5,59.0,0.11685124700231932,Strong price trend | Strong positive momentum | RSI indicates overbought conditions | Price is above 200 DMA,445,464
61.9900016784668,63.25,60.61000061035156,62.52000045776367,903722.0,62.54999923706055,-0.04795967971666926,63.24299964904785,56.57019989013672,53.58889995574951,54.50690010070801,63.78788487728195,62.42730283701425,58.40549047621224,55.50146756317653,3.265000479561942,5.2223295835828765,2490990.35,0.3627962669546271,87.75,36.5,-28.75213623046875,71.28767248702376,14.70107517075912,True,57.0099983215332,68.80000305175781,Uptrend,Positive,No Breakout,MOL,MOL.NS,Meghmani Organics Limited,,Unavailable,0,60,,64.0,Momentum Watch,-5,59.0,1.1397459454145418,Price is in an uptrend | Positive momentum | RSI supports positive momentum | Price is above 200 DMA,445,464
114.5,117.69999694824219,111.01000213623047,115.77999877929688,15303804.0,115.27999877929688,0.4337265833574966,104.28800048828126,80.21000022888184,63.59710010528565,51.64795009613037,113.13324766024311,104.20236193107061,86.15946668352501,72.6431645512186,6.979286193847656,6.028058617578473,24308318.05,0.6295706666549888,122.55000305175781,33.04999923706055,-5.52427915452739,250.317704847228,124.17152774466354,True,78.5,122.55000305175781,Strong Uptrend,Strong Positive,No Breakout,MOREPENLAB,MOREPENLAB.NS,Morepen Laboratories Limited,,Unavailable,0,60,,64.0,Momentum Watch,-5,59.0,0.18159883299729615,Strong price trend | Strong positive momentum | RSI indicates overbought conditions | Price is above 200 DMA,445,464
134.83999633789062,138.0,132.0,133.05999755859375,39928.0,134.83999633789062,-1.3200821919606365,122.69300079345703,113.21820007324219,89.77960025787354,71.98575006484985,128.45204019611663,123.57551914021815,111.88671111607736,75.01623539186535,3.608570098876953,2.7119871975707035,74137.6,0.5385661256906077,138.0,45.099998474121094,-3.5797119140625,195.0332639921155,84.84213533751318,True,113.0,137.7899932861328,Strong Uptrend,Strong Positive,No Breakout,NRL,NRL.NS,Nupur Recyclers Limited,,Unavailable,0,60,,64.0,Momentum Watch,-5,59.0,0.2357924378466697,Strong price trend | Strong positive momentum | RSI indicates overbought conditions | Price is above 200 DMA,445,464
67.25,67.87000274658203,66.05999755859375,67.08000183105469,32213.0,67.76000213623047,-1.003542331372198,63.47700080871582,61.4594002532959,60.976399955749514,55.32934989929199,66.12047569192958,64.34561666929238,62.46825357004024,77.76630694630072,2.29714230128697,3.4244815721270716,66219.4,0.48645865109016395,78.94999694824219,40.40999984741211,-15.034826568732102,65.99852037700651,21.237646842319148,True,58.11000061035156,69.81999969482422,Strong Uptrend,Strong Positive,No Breakout,PASUPTAC,PASUPTAC.NS,Pasupati Acrylon Limited,,Unavailable,0,60,,64.0,Momentum Watch,-5,59.0,0.3054623735664055,Strong price trend | Strong positive momentum | RSI indicates overbought conditions | Price is above 200 DMA,445,464
194.39999389648438,195.0399932861328,186.72999572753906,192.77999877929688,28068.0,194.14999389648438,-0.7056374763101725,189.53649978637696,190.8722003173828,181.73019989013673,166.61070007324219,190.79981902393345,190.47218494016352,188.1381449901161,50.44699710511521,6.807856968470982,3.5314124969286467,27997.55,1.0025162916040868,216.2899932861328,121.01000213623047,-10.8696635242548,59.30914418319676,15.706853578161937,True,181.8000030517578,202.8000030517578,Uptrend,Positive,No Breakout,PLASTIBLEN,PLASTIBLEN.NS,Plastiblends India Limited,,Unavailable,0,60,,64.0,Momentum Watch,-5,59.0,0.9125690502164442,Price is in an uptrend | Positive momentum | RSI supports positive momentum | Price is above 200 DMA,445,464
1783.0,1813.300048828125,1757.300048828125,1797.300048828125,564406.0,1800.0,-0.14999728732638662,1806.554998779297,1683.043994140625,1670.4559997558595,1651.9390032958984,1815.3081144798637,1791.7012818594071,1724.4218694063209,50.331768982030006,48.32142857142857,2.6885565714492183,1060281.0,0.532317376242713,1964.199951171875,1364.0,-8.497093294609579,31.76686574986254,8.799419666356124,True,1715.5,1875.0,Uptrend,Positive,No Breakout,POLICYBZR,POLICYBZR.NS,PB Fintech Limited,,Unavailable,0,60,,64.0,Momentum Watch,-5,59.0,0.9498765866892701,Price is in an uptrend | Positive momentum | RSI supports positive momentum | Price is above 200 DMA,445,464
1740.0999755859375,1741.199951171875,1709.699951171875,1738.5,69913.0,1747.699951171875,-0.5264033546322544,1740.7849853515625,1719.3359985351562,1625.6110009765625,1582.2420013427734,1736.263952511836,1737.6654004897214,1706.039477832062,50.25421374195945,60.464303152901785,3.4779581911361395,166718.0,0.4193488405571084,2107.800048828125,1182.0,-17.520639542324947,47.08121827411168,9.875733201660548,True,1681.699951171875,1858.0,Uptrend,Positive,No Breakout,POLYMED,POLYMED.NS,Poly Medicure Limited,,Unavailable,0,60,,64.0,Momentum Watch,-5,59.0,2.103871430843359,Price is in an uptrend | Positive momentum | RSI supports positive momentum | Price is above 200 DMA,445,464
239.0,247.0,230.39999389648438,244.63999938964844,816981.0,247.5800018310547,-1.1874959284524422,217.57400131225586,176.90440063476564,168.46210037231447,168.66053756713868,236.03404387953356,217.7533783079937,190.9732040336676,70.33448013896958,14.936427525111608,6.10547235218135,1530139.65,0.5339257759904464,262.79998779296875,137.91000366210938,-6.910193777340116,77.39104698237567,45.048748757998375,True,154.00999450683594,262.79998779296875,Strong Uptrend,Strong Positive,No Breakout,PRABHA,PRABHA.NS,Prabha Energy Limited,,Unavailable,0,60,,64.0,Momentum Watch,-5,59.0,0.2003750129639931,Strong price trend | Strong positive momentum | RSI indicates overbought conditions | Price is above 200 DMA,445,464
66.0,66.0,63.20000076293945,64.81999969482422,1157979.0,66.0999984741211,-1.9364581071783404,57.07400035858154,40.537800064086916,35.12470006942749,33.0132999420166,63.78065614993807,57.46086540694073,46.05684032456521,70.35364543681625,4.935000010899135,7.61339098138439,3698686.3,0.313078457072718,71.9000015258789,23.0,-9.847012073437005,181.8260856296705,96.34510881575542,True,35.0,71.9000015258789,Strong Uptrend,Strong Positive,No Breakout,PVP,PVP.NS,PVP Ventures Limited,,Unavailable,0,60,,64.0,Momentum Watch,-5,59.0,0.2374246111170667,Strong price trend | Strong positive momentum | RSI indicates overbought conditions | Price is above 200 DMA,445,464
214.4600067138672,217.39999389648438,208.63999938964844,215.97000122070312,4334459.0,217.27999877929688,-0.6029075690139329,207.4805015563965,212.28480163574218,191.37290092468263,161.30465038299562,213.48421115871068,211.1719752851256,206.6648425067352,55.353508357375446,9.402854919433594,4.353778240629202,4305893.75,1.0066339885883158,252.0,99.9000015258789,-14.297618563213046,116.18618410606982,33.88950703399572,True,193.10000610351562,230.0,Uptrend,Positive,No Breakout,RAIN,RAIN.NS,Rain Industries Limited,,Unavailable,0,60,,64.0,Momentum Watch,-5,59.0,0.6134675021750617,Price is in an uptrend | Positive momentum | RSI supports positive momentum | Price is above 200 DMA,445,464
1415.800048828125,1415.9000244140625,1340.0999755859375,1360.0,72216.0,1408.9000244140625,-3.470794489793494,1177.1399963378906,1173.4519995117187,1055.2525012207032,912.7745007324219,1287.6131469470922,1217.0692652339749,1151.1967371066642,73.23287095234133,60.82145472935268,4.472165788922991,155125.55,0.4655325960165814,1440.0,608.5,-5.555555555555555,123.50041084634347,48.99627442579944,True,1072.0,1440.0,Strong Uptrend,Strong Positive,No Breakout,RML,RML.NS,Rane (Madras) Limited,,Unavailable,0,60,,64.0,Momentum Watch,-5,59.0,0.2777777777777778,Strong price trend | Strong positive momentum | RSI indicates overbought conditions | Price is above 200 DMA,445,464
4.420000076293945,4.840000152587891,4.420000076293945,4.75,415991.0,4.610000133514404,3.0368733716037433,3.968000030517578,3.0926000022888185,2.735499997138977,2.012649998664856,4.433542033663346,4.031055079626525,3.3889051567523394,78.46153507571256,0.3028571435383388,6.375939863965027,679219.85,0.6124541265983319,4.949999809265137,1.0299999713897705,-4.04040034286038,361.1650613534352,136.00725427426713,True,2.9700000286102295,4.949999809265137,Strong Uptrend,Strong Positive,No Breakout,ROLLT,ROLLT.NS,Rollatainers Limited,,Unavailable,0,60,,64.0,Momentum Watch,-5,59.0,0.11235944521335181,Strong price trend | Strong positive momentum | RSI indicates overbought conditions | Price is above 200 DMA,445,464
217.6999969482422,219.0,208.0,218.22999572753906,30165.0,214.4600067138672,1.7578983939424253,204.9760009765625,207.484599609375,193.75150009155274,169.99670001983642,213.79202531516984,209.59269665809336,204.54445633787685,60.55450379594945,8.235000610351562,3.7735420297734827,46781.05,0.6448123759513734,238.0,120.0,-8.306724484227285,81.85832977294922,28.37307765508062,True,191.0,228.57000732421875,Uptrend,Strong Positive,No Breakout,RSWM,RSWM.NS,RSWM Limited,,Unavailable,0,60,,64.0,Momentum Watch,-5,59.0,0.3797287263700271,Price is in an uptrend | Strong positive momentum | RSI supports positive momentum | Price is above 200 DMA,445,464
476.0,476.0,462.04998779296875,465.3999938964844,13315.0,461.45001220703125,0.8559934088117283,449.1100021362305,432.04900024414064,391.1995007324219,347.8987498474121,456.52995140761135,448.8350556732785,428.9854308451736,76.86469502521652,18.364288330078125,3.945915034576206,67902.75,0.1960892600078789,483.8999938964844,275.0,-3.823103995317989,69.2363614169034,33.77455196392864,True,400.0,483.8999938964844,Strong Uptrend,Strong Positive,No Breakout,SHIVAUM,SHIVAUM.NS,Shiv Aum Steels Limited,,Unavailable,0,60,,64.0,Momentum Watch,-5,59.0,0.28287464413654145,Strong price trend | Strong positive momentum | RSI indicates overbought conditions | Price is above 200 DMA,445,464
12.489999771118164,12.529999732971191,12.010000228881836,12.140000343322754,11073848.0,12.170000076293945,-0.24650561037898866,11.020500040054321,11.401199970245361,11.398900012969971,9.87630001783371,11.559197083024463,11.274991771819321,11.272726435551471,82.35296474728213,0.5971427645002093,4.918803522346273,7114971.15,1.5564150249576205,13.949999809265137,7.0,-12.974906743297874,73.42857633318219,22.920530172245304,True,10.25,12.899999618530273,Uptrend,Strong Positive,No Breakout,STEELXIND,STEELXIND.NS,STEEL EXCHANGE INDIA LIMITED,,Unavailable,0,60,,64.0,Momentum Watch,-5,59.0,0.40211594558305064,Price is in an uptrend | Strong positive momentum | Strong volume confirmation | RSI indicates overbought conditions | Price is above 200 DMA,445,464
132.02000427246094,132.02000427246094,126.16000366210938,128.25,110605.0,132.07000732421875,-2.892410927820277,119.4895004272461,114.81040008544922,109.461499710083,99.62449977874756,127.10328963821586,122.15394460190664,115.77283616683812,72.81732515626472,7.516427721296038,5.860762355786385,271399.35,0.40753597972876504,148.0,64.94999694824219,-13.344594594594595,97.4595935735005,28.733394179971565,True,101.25,136.1999969482422,Strong Uptrend,Strong Positive,No Breakout,THEMISMED,THEMISMED.NS,Themis Medicare Limited,,Unavailable,0,60,,64.0,Momentum Watch,-5,59.0,0.2944443314163773,Strong price trend | Strong positive momentum | RSI indicates overbought conditions | Price is above 200 DMA,445,464
514.25,540.4000244140625,514.1500244140625,540.1500244140625,889.0,540.5,-0.06475033967391353,476.70500030517576,451.88300170898435,431.9520022583008,370.25015174865723,511.55926786019575,487.75079987212536,459.14660786029697,73.73552987089998,24.078567504882812,4.457755515424159,1410.75,0.6301612617402091,580.0,180.60000610351562,-6.870685445851294,199.0863821479947,45.88786037304344,True,438.0,580.0,Strong Uptrend,Strong Positive,No Breakout,UNIVPHOTO,UNIVPHOTO.NS,Universus Photo Imagings Limited,,Unavailable,0,60,,64.0,Momentum Watch,-5,59.0,0.3901122473001734,Strong price trend | Strong positive momentum | RSI indicates overbought conditions | Price is above 200 DMA,445,464
2795.0,2865.5,2760.60009765625,2813.5,64033.0,2818.300048828125,-0.17031716797226704,2600.439990234375,2281.33798828125,2085.60048828125,1663.927244873047,2755.8880036523324,2624.304930213574,2380.060205188475,78.21586405644956,141.03567940848214,5.012819598666505,91980.8,0.6961561543278597,2952.60009765625,963.9000244140625,-4.711105231171215,191.8871178274195,69.08792188294642,True,2325.60009765625,2952.60009765625,Strong Uptrend,Strong Positive,No Breakout,VINDHYATEL,VINDHYATEL.NS,Vindhya Telelinks Limited,,Unavailable,0,60,,64.0,Momentum Watch,-5,59.0,0.2850996628366754,Strong price trend | Strong positive momentum | RSI indicates overbought conditions | Price is above 200 DMA,445,464
724.4500122070312,724.4500122070312,708.2000122070312,713.9500122070312,101468.0,723.7999877929688,-1.360869819295285,660.1549987792969,629.9909985351562,614.154501953125,566.5470011901856,696.5249735659941,669.3886910511164,638.7325516538634,76.45221512581207,25.325007847377233,3.547168207069585,174227.4,0.5823883040210668,742.0,443.70001220703125,-3.780321804982311,60.90826967881643,26.01779035228951,True,586.5999755859375,742.0,Strong Uptrend,Strong Positive,No Breakout,VISHNU,VISHNU.NS,Vishnu Chemicals Limited,,Unavailable,0,60,,64.0,Momentum Watch,-5,59.0,0.2202589691939096,Strong price trend | Strong positive momentum | RSI indicates overbought conditions | Price is above 200 DMA,445,464
797.9500122070312,797.9500122070312,777.0,786.2000122070312,250248.0,797.9500122070312,-1.472523318534824,697.0599975585938,638.677998046875,587.6969989013672,535.6024995422363,766.0085791526237,717.144534081071,653.3442130854453,74.57356179658547,32.996429443359375,4.196951021500413,880038.9,0.28436015726123015,825.0,412.0,-4.703028823390151,90.82524568131826,46.787965492874534,True,557.0999755859375,825.0,Strong Uptrend,Strong Positive,No Breakout,WELENT,WELENT.NS,Welspun Enterprises Limited,,Unavailable,0,60,,64.0,Momentum Watch,-5,59.0,0.16935827844121937,Strong price trend | Strong positive momentum | RSI indicates overbought conditions | Price is above 200 DMA,445,464
208.0,208.89999389648438,203.52000427246094,207.67999267578125,2653493.0,210.5,-1.3396709378711402,195.5614990234375,176.33599884033202,160.42679916381837,144.20924999237062,205.26147727039887,196.02519462606296,180.11175625125645,74.6640183751405,6.762855529785156,3.2563827851934493,8140212.05,0.32597344930344907,216.0,107.0999984741211,-3.8518552426938655,93.91222748333055,44.01294832805007,True,162.83999633789062,216.0,Strong Uptrend,Strong Positive,No Breakout,WELSPUNLIV,WELSPUNLIV.NS,Welspun Living Limited,,Unavailable,0,60,,64.0,Momentum Watch,-5,59.0,0.18554879580104225,Strong price trend | Strong positive momentum | RSI indicates overbought conditions | Price is above 200 DMA,445,464
2288.10009765625,2319.89990234375,2215.199951171875,2230.10009765625,386291.0,2313.0,-3.584085704442286,1687.59501953125,1538.8100048828126,1517.3140002441405,1205.2647485351563,2001.633330223416,1785.7390655758854,1611.4749679954168,78.57448453955101,134.67857142857142,6.039126744584848,800225.15,0.48272789226881957,2498.0,705.8499755859375,-10.724575754353483,215.9453389234742,85.02989491451142,True,1355.0,2498.0,Strong Uptrend,Strong Positive,No Breakout,WHEELS,WHEELS.NS,Wheels India Limited,,Unavailable,0,60,,64.0,Momentum Watch,-5,59.0,0.30613629579205504,Strong price trend | Strong positive momentum | RSI indicates overbought conditions | Price is above 200 DMA,445,464
294.8999938964844,294.8999938964844,280.5,281.6499938964844,93298.0,293.1000061035156,-3.906520630704935,278.97250213623045,257.9208013916016,241.60910034179688,208.78940017700197,294.5360370276414,282.6842283811715,262.63861048987536,58.248323143274185,20.46071297781808,7.264588468387492,200623.1,0.4650411642527705,330.0,141.52999877929688,-14.651517001065342,99.00374219298331,34.896691909510054,True,241.5500030517578,330.0,Strong Uptrend,Neutral,No Breakout,AYMSYNTEX,AYMSYNTEX.NS,AYM Syntex Limited,,Unavailable,0,60,,62.0,Neutral Watch,-3,59.0,1.205736088338135,Strong price trend | RSI supports positive momentum | Price is above 200 DMA,525,464
22.649999618530273,22.889999389648438,21.940000534057617,22.729999542236328,23241864.0,22.809999465942383,-0.35072304068004545,22.697500038146973,22.24860008239746,22.917100067138673,20.595214443206785,23.135498963882043,22.820821655422854,22.55348100081965,51.54184318740579,1.059286117553711,4.660299775129214,42721519.25,0.5440317762107676,30.0,13.649999618530273,-24.23333485921224,66.52014782022184,10.36544244254611,True,19.6299991607666,26.030000686645508,Strong Uptrend,Neutral,No Breakout,HCC,HCC.NS,Hindustan Construction Company Limited,,Unavailable,0,60,,62.0,Neutral Watch,-3,59.0,1.0645163672027136,Strong price trend | RSI supports positive momentum | Price is above 200 DMA,525,464
1015.0,1038.199951171875,1014.7000122070312,1028.0,75011.0,1026.699951171875,0.12662402746208556,1020.5549835205078,979.2579943847657,927.4329949951172,863.3452474975586,1049.8452416520627,1029.0915380856434,983.3544184959478,50.01518010266192,42.542855398995535,4.138410058268048,290658.9,0.2580722627106894,1120.0,679.3499755859375,-8.214285714285714,51.32112121051492,19.071715861030093,True,861.2999877929688,1120.0,Strong Uptrend,Neutral,No Breakout,MANGLMCEM,MANGLMCEM.NS,Mangalam Cement Limited,,Unavailable,0,60,,62.0,Neutral Watch,-3,59.0,0.5518895816620674,Strong price trend | RSI supports positive momentum | Price is above 200 DMA,525,464
830.0,832.9500122070312,809.0999755859375,814.9000244140625,106138.0,840.0499877929688,-2.993865096645232,808.3950012207031,792.5750012207031,707.5020007324218,621.9450007629395,829.0475548779152,816.4855038739046,782.0068681257524,59.24971242630343,32.092860630580354,3.9382574142952174,164171.15,0.6465082324147696,877.0,447.04998779296875,-7.080955026902794,82.28387130421913,31.0244512640869,True,738.0,877.0,Strong Uptrend,Neutral,No Breakout,STOVEKRAFT,STOVEKRAFT.NS,Stove Kraft Limited,,Unavailable,0,60,,62.0,Neutral Watch,-3,59.0,0.8075416888239823,Strong price trend | RSI supports positive momentum | Price is above 200 DMA,525,464
49.9900016784668,58.9900016784668,48.4900016784668,54.29999923706055,11275075.0,49.91999816894531,8.774040923022275,53.8625,46.675600128173826,44.03920009613037,41.678249988555905,53.06332123320219,52.25857264810608,48.5002817056736,44.661871820902654,4.559286117553711,8.396475472585148,1667079.0,6.763371741831071,62.099998474121094,33.75,-12.560385553489246,60.88888662832754,30.283779314079517,True,48.0,62.099998474121094,Strong Uptrend,Negative,No Breakout,UGARSUGAR,UGARSUGAR.NS,The Ugar Sugar Works Limited,,Unavailable,0,60,,62.0,Neutral Watch,-3,59.0,1.2380952669289322,Strong price trend | Negative momentum | Volume is more than 2x average | Price is above 200 DMA,525,464
2000.5999755859375,2024.0,1960.5,2011.300048828125,13661.0,2036.5,-1.237414739596121,1982.2800048828126,1948.766005859375,1807.23400390625,1670.6405023193358,2013.111055202438,1993.5966301526555,1930.7933509423724,54.70663708948129,67.57856968470982,3.3599447145682797,32197.35,0.42428957662664785,2158.60009765625,1301.0,-6.8238692747239025,54.59646801138547,20.390954609076843,True,1872.0,2158.60009765625,Strong Uptrend,Positive,No Breakout,ARMANFIN,ARMANFIN.NS,Arman Financial Services Limited,,Unavailable,0,60,,63.0,Momentum Watch,-5,58.0,1.0574299870481079,Strong price trend | Positive momentum | RSI supports positive momentum | Price is above 200 DMA,493,530
2225.0,2299.800048828125,2188.39990234375,2264.5,334741.0,2227.0,1.6838796587337335,2211.005029296875,1946.5720141601562,1712.4555078125,1328.5672555541992,2247.561695569169,2181.4188241731918,1993.0862031841375,54.5867858848657,123.47855050223214,5.45279534123348,497687.1,0.6725932820038937,2400.0,777.2999877929688,-5.645833333333333,191.32896379295224,70.44677192916254,True,1912.0,2400.0,Strong Uptrend,Positive,No Breakout,AVALON,AVALON.NS,Avalon Technologies Limited,,Unavailable,0,60,,63.0,Momentum Watch,-5,58.0,0.3843971631205674,Strong price trend | Positive momentum | RSI supports positive momentum | Price is above 200 DMA,493,530
129.0,129.75999450683594,126.26000213623047,128.0800018310547,1126927.0,130.2899932861328,-1.6962096622606393,126.33649978637695,119.5281997680664,108.54799995422363,97.80254997253418,129.0133538839458,126.62313449842034,119.93885569234766,53.407443066699685,5.308571406773159,4.144730895441029,1887306.15,0.5971087414726011,138.5,74.19999694824219,-7.523464381909973,72.61456482322528,30.957732561189154,True,118.44999694824219,136.0,Strong Uptrend,Positive,No Breakout,BEPL,BEPL.NS,Bhansali Engineering Polymers Limited,,Unavailable,0,60,,63.0,Momentum Watch,-5,58.0,0.8224292993953529,Strong price trend | Positive momentum | RSI supports positive momentum | Price is above 200 DMA,493,530
48480.0,48960.0,48080.0,48385.0,19898.0,48775.0,-0.7995899538698059,48344.75,44724.1,41303.0,38349.8,48353.26898073702,47672.45825900133,45213.14741585168,51.65987186953989,1116.0714285714287,2.306647573775816,38205.8,0.5208109763439058,50000.0,28610.0,-3.2300000000000004,69.11918909472212,26.167541942852363,True,46410.0,50000.0,Strong Uptrend,Positive,No Breakout,BOSCHLTD,BOSCHLTD.NS,Bosch Limited,,Unavailable,0,60,,63.0,Momentum Watch,-5,58.0,0.8177215189873418,Strong price trend | Positive momentum | RSI supports positive momentum | Price is above 200 DMA,493,530
3005.89990234375,3105.199951171875,2982.10009765625,3087.89990234375,273739.0,3034.699951171875,1.7530547344995817,2994.1,2869.385986328125,2468.3329919433595,2377.6059924316405,3041.0167946612237,2990.306021436397,2832.168688535719,51.014610791733304,125.3214111328125,4.058467408146623,386142.8,0.7089061352432313,3290.5,1600.0,-6.157121946702629,92.99374389648438,29.87433208753285,True,2690.89990234375,3254.0,Strong Uptrend,Positive,No Breakout,CARTRADE,CARTRADE.NS,Cartrade Tech Limited,,Unavailable,0,60,,63.0,Momentum Watch,-5,58.0,0.4183881553054156,Strong price trend | Positive momentum | RSI supports positive momentum | Price is above 200 DMA,493,530
650.0499877929688,668.7000122070312,627.2000122070312,649.0,66808.0,654.0,-0.7645259938837912,620.5199966430664,485.492998046875,443.2699978637695,427.7892489624023,644.5947261210292,604.7818723613617,524.9227493424122,50.809133695863586,41.29286411830357,6.3625368441145715,104735.25,0.6378750229745954,731.0,322.0,-11.21751025991792,101.5527950310559,51.71021749007056,True,475.0,731.0,Strong Uptrend,Positive,No Breakout,DOLPHIN,DOLPHIN.NS,Dolphin Offshore Enterprises (India) Limited,,Unavailable,0,60,,63.0,Momentum Watch,-5,58.0,0.47126436781609193,Strong price trend | Positive momentum | RSI supports positive momentum | Price is above 200 DMA,493,530
1327.0,1330.0,1295.5999755859375,1307.9000244140625,261557.0,1319.199951171875,-0.8565742249895147,1094.7625,942.195,885.4084991455078,933.7545007324219,1208.4139671071625,1115.9614900647439,997.8639237554346,85.52943463686472,55.471426827566965,4.241258948857203,315333.3,0.8294620327126885,1352.0,735.0,-3.2618325137527737,77.94558155293367,40.06893925417943,True,981.0,1352.0,Strong Uptrend,Strong Positive,No Breakout,GMMPFAUDLR,GMMPFAUDLR.NS,GMM Pfaudler Limited,,Unavailable,0,60,,63.0,Momentum Watch,-5,58.0,0.13490355549829816,Strong price trend | Strong positive momentum | RSI indicates overbought conditions | Price is above 200 DMA,493,530
235.75,237.60000610351562,226.1999969482422,235.25999450683594,399882.0,235.82000732421875,-0.23747468407668837,211.7029998779297,200.68800018310546,189.12230041503906,162.50050029754638,227.7369822497181,215.96332017147108,202.55596439826368,81.6346197688877,12.023574829101562,5.110760481953592,400266.2,0.9990401387876368,249.99000549316406,107.0,-5.892239954661274,119.86915374470648,44.77493550854511,True,172.5,249.99000549316406,Strong Uptrend,Strong Positive,No Breakout,KOPRAN,KOPRAN.NS,Kopran Limited,,Unavailable,0,60,,63.0,Momentum Watch,-5,58.0,0.2347038284830268,Strong price trend | Strong positive momentum | RSI indicates overbought conditions | Price is above 200 DMA,493,530
557.8499755859375,568.0,537.9500122070312,560.4500122070312,105077.0,559.75,0.1250580092954534,527.720002746582,459.9950018310547,443.5910000610352,425.64475006103515,543.2135847363851,520.5616363515945,480.27291270297314,54.27059290838775,26.824996948242188,4.786331762685908,359180.55,0.29254646444524907,579.0,305.45001220703125,-3.203797546281304,83.48338183308479,31.6708386810047,True,435.0,579.0,Strong Uptrend,Positive,No Breakout,MAXESTATES,MAXESTATES.NS,Max Estates Limited,,Unavailable,0,60,,63.0,Momentum Watch,-5,58.0,0.14786756467074347,Strong price trend | Positive momentum | RSI supports positive momentum | Price is above 200 DMA,493,530
3326.0,3389.0,3247.199951171875,3276.0,1686562.0,3300.0,-0.727272727272732,3239.6449951171876,2955.036005859375,2975.205,2677.852498168945,3291.9409484651615,3212.6752030183075,3054.9276505379426,50.51975045379823,101.60712541852679,3.1015606049611355,2319847.3,0.7270142306349215,3480.0,1505.199951171875,-5.862068965517241,117.64550267553932,22.3368352902206,True,2892.10009765625,3400.0,Strong Uptrend,Positive,No Breakout,MCX,MCX.NS,Multi Commodity Exchange of India Limited,,Unavailable,0,60,,63.0,Momentum Watch,-5,58.0,0.323000863618268,Strong price trend | Positive momentum | RSI supports positive momentum | Price is above 200 DMA,493,530
727.0,758.9500122070312,717.0,738.5499877929688,311849.0,737.5499877929688,0.13558403044549028,728.7749969482422,663.4939990234375,594.0149981689453,526.6072486877441,745.1779766080316,721.6741504766421,672.1401680702805,51.66492444804392,34.857147216796875,4.719673386084745,482049.7,0.64692292101831,805.0,362.1499938964844,-8.254659901494566,103.93483369878868,40.246832840483314,True,578.0,805.0,Strong Uptrend,Positive,No Breakout,MSTCLTD,MSTCLTD.NS,Mstc Limited,,Unavailable,0,60,,63.0,Momentum Watch,-5,58.0,0.4138898614724243,Strong price trend | Positive momentum | RSI supports positive momentum | Price is above 200 DMA,493,530
2067.10009765625,2067.10009765625,2005.0,2050.800048828125,24037.0,2077.39990234375,-1.2804397210962937,2038.5700073242188,1785.006005859375,1533.6419995117187,1444.1105010986328,2066.1982541174825,2015.359442222009,1829.6670289493575,52.45473022344757,71.87857491629464,3.5049040962022473,110172.4,0.21817624014726011,2149.5,1050.5,-4.591763255262852,95.2213278275226,42.01129673026699,True,1776.0999755859375,2149.5,Strong Uptrend,Positive,No Breakout,NILKAMAL,NILKAMAL.NS,Nilkamal Limited,,Unavailable,0,60,,63.0,Momentum Watch,-5,58.0,0.35930078214743266,Strong price trend | Positive momentum | RSI supports positive momentum | Price is above 200 DMA,493,530
1200.800048828125,1224.800048828125,1155.300048828125,1187.699951171875,130774.0,1189.199951171875,-0.1261352221316403,1173.7550048828125,1105.3559997558593,976.1870013427734,878.3697497558594,1170.295414351087,1163.3778991348674,1105.0504437332452,50.20186410496749,51.517857142857146,4.3376154972495975,163489.1,0.7998943048802641,1269.800048828125,600.0,-6.465592573572403,97.94999186197917,35.216399642860324,True,1107.75,1247.5,Strong Uptrend,Positive,No Breakout,PGIL,PGIL.NS,Pearl Global Industries Limited,,Unavailable,0,60,,63.0,Momentum Watch,-5,58.0,0.7479685472173448,Strong price trend | Positive momentum | RSI supports positive momentum | Price is above 200 DMA,493,530
1199.9000244140625,1215.9000244140625,1179.0,1183.4000244140625,161625.0,1217.0,-2.760885422016224,1050.5699981689454,1044.4419958496094,1072.163497314453,989.2364974975586,1139.5912619434491,1085.8655236323007,1057.167672955722,83.89286586216518,41.69285365513393,3.523141185988849,620648.4,0.2604131421268467,1231.0,768.6500244140625,-3.866772996420593,53.958236756209246,19.62761457019362,True,931.2999877929688,1223.0,Strong Uptrend,Strong Positive,No Breakout,STAR,STAR.NS,Strides Pharma Science Limited,,Unavailable,0,60,,63.0,Momentum Watch,-5,58.0,0.1570804039408223,Strong price trend | Strong positive momentum | RSI indicates overbought conditions | Price is above 200 DMA,493,530
1262.0,1277.5,1232.199951171875,1248.199951171875,316394.0,1270.800048828125,-1.778414918782134,1221.9800170898438,1113.397010498047,1010.4020025634766,954.7620010375977,1244.6885021997646,1213.818094245739,1129.1104762484138,52.90445306690061,44.38572474888393,3.5559787281847193,515190.55,0.6141300534336276,1603.0,726.4000244140625,-22.133502734131316,71.833687943322,30.734146291471653,True,1013.7000122070312,1347.0,Strong Uptrend,Positive,No Breakout,SUDARSCHEM,SUDARSCHEM.NS,Sudarshan Chemical Industries Limited,,Unavailable,0,60,,63.0,Momentum Watch,-5,58.0,0.42132227950360834,Strong price trend | Positive momentum | RSI supports positive momentum | Price is above 200 DMA,493,530
418.0,427.20001220703125,414.8999938964844,423.75,164443.0,420.20001220703125,0.8448328628842816,415.67249908447263,411.7909997558594,382.289499206543,323.7438488769531,418.9818678769297,416.434394805965,406.31261459717535,53.24046809698354,14.432146344866071,3.405816246576064,215856.15,0.7618175345015651,451.6000061035156,219.89999389648438,-6.1669631813804395,92.7012331794224,30.89051775654175,True,394.5,441.8500061035156,Strong Uptrend,Positive,No Breakout,TALBROAUTO,TALBROAUTO.NS,Talbros Automotive Components Limited,,Unavailable,0,60,,63.0,Momentum Watch,-5,58.0,0.6188036274706197,Strong price trend | Positive momentum | RSI supports positive momentum | Price is above 200 DMA,493,530
1338.5999755859375,1404.0,1300.0,1358.9000244140625,274425.0,1369.0,-0.7377630084687725,1132.4849975585937,1145.407998046875,1001.7209979248047,894.3189996337891,1222.9208237832918,1167.486172430632,1113.785314549645,76.87900956581034,76.02142333984375,5.594335269264791,252107.1,1.0885254719125323,1564.0,675.0,-13.113809180686541,101.31852213541667,51.948021340317354,True,1034.0999755859375,1564.0,Uptrend,Strong Positive,No Breakout,INDNIPPON,INDNIPPON.NS,India Nippon Electricals Limited,,Unavailable,0,60,,62.0,Momentum Watch,-5,57.0,0.6314653471449156,Price is in an uptrend | Strong positive momentum | RSI indicates overbought conditions | Price is above 200 DMA,525,549
915.0,915.2999877929688,891.25,901.75,208583.0,917.4500122070312,-1.7112662268392254,825.8875091552734,848.6490051269532,841.7710034179687,761.2984997558593,874.4564027012576,852.2782530282054,847.5773195093377,73.36242446498034,28.81787109375,3.1957716766010535,324588.45,0.6426075850819707,1085.0,545.5,-16.889400921658986,65.3070577451879,18.448939580096642,True,740.4500122070312,933.1500244140625,Uptrend,Strong Positive,No Breakout,SUPRIYA,SUPRIYA.NS,Supriya Lifescience Limited,,Unavailable,0,60,,62.0,Momentum Watch,-5,57.0,0.19466848599123865,Price is in an uptrend | Strong positive momentum | RSI indicates overbought conditions | Price is above 200 DMA,525,549
25.5,26.290000915527344,24.75,24.989999771118164,21404.0,25.489999771118164,-1.961553568025265,25.05349998474121,24.914799919128416,24.54670000076294,24.513200063705444,25.34179944671948,25.17277699265753,24.91838250056253,51.31578557108788,1.609285490853446,6.439717909534977,41721.45,0.5130214793589389,29.68000030517578,20.0,-15.801888429360112,24.94999885559082,1.945073291832982,True,23.200000762939453,28.350000381469727,Uptrend,Neutral,No Breakout,AMBICAAGAR,AMBICAAGAR.NS,Ambica Agarbathies & Aroma industries Limited,,Unavailable,0,60,,60.0,200 DMA Recovery Watch,-3,57.0,1.8770963531260823,Price is in an uptrend | RSI supports positive momentum | Price is above 200 DMA | Price is near 200 DMA,565,549
1678.0,1728.5,1652.199951171875,1704.0,48942.0,1689.9000244140625,0.8343674408091806,1736.6500061035156,1551.2800024414062,1467.2310034179689,1422.7695007324219,1745.9479297713563,1715.4858864220548,1604.98204931183,52.34275647142965,75.06427873883929,4.405180677161931,53493.25,0.9149191720450711,1891.300048828125,1021.2999877929688,-9.903243482924807,66.84617843600951,19.766413261094268,True,1627.5999755859375,1891.300048828125,Uptrend,Neutral,No Breakout,BOSCH-HCIL,BOSCH-HCIL.NS,BOSCH HOME COMFORT INDIA LIMITED,,Unavailable,0,60,,60.0,Neutral Watch,-3,57.0,2.451570536326292,Price is in an uptrend | RSI supports positive momentum | Price is above 200 DMA,565,549
299.0,299.0,294.45001220703125,296.5,41516.0,302.54998779296875,-1.9996655220851256,296.9699996948242,288.61100036621093,285.2107012939453,270.9830506896973,301.16487827393274,297.7908443208608,291.15424484479547,54.72463581459317,13.182146344866071,4.445917822889063,263190.7,0.15774113598998749,324.79998779296875,203.75,-8.71305075633423,45.52147239263803,9.416437391695831,True,270.29998779296875,324.79998779296875,Uptrend,Neutral,No Breakout,CLSEL,CLSEL.NS,Chaman Lal Setia Exports Limited,,Unavailable,0,60,,60.0,Neutral Watch,-3,57.0,1.0801517025772198,Price is in an uptrend | RSI supports positive momentum | Price is above 200 DMA,565,549
292.79998779296875,292.79998779296875,284.54998779296875,287.54998779296875,79664.0,291.95001220703125,-1.5071156807975439,289.5974975585938,279.8529974365234,275.7744987487793,257.577449798584,290.43505750640173,289.2290496154769,282.0930833547569,50.302203781882035,11.724999564034599,4.077551751619758,68800.55,1.1578977202943872,332.8999938964844,191.35000610351562,-13.622711605581243,50.27435517164881,11.636320655329952,True,277.0,311.95001220703125,Uptrend,Neutral,No Breakout,DMCC,DMCC.NS,DMCC SPECIALITY CHEMICALS LIMITED,,Unavailable,0,60,,60.0,Neutral Watch,-3,57.0,2.312801198720285,Price is in an uptrend | RSI supports positive momentum | Price is above 200 DMA,565,549
21.0,21.0,21.0,21.0,52.0,20.59000015258789,1.9912571363462472,17.653500080108643,14.715800075531005,14.132900133132935,13.8414501619339,19.63399639606995,17.918305307994217,15.743361022086082,,0.3471429007393973,1.6530614320923682,178.5,0.2913165266106443,21.0,8.600000381469727,0.0,144.18603568028138,51.71820693870073,True,12.670000076293945,20.59000015258789,Strong Uptrend,Insufficient Data,Breakout - Volume Confirmation Required,DSKULKARNI,DSKULKARNI.NS,DS Kulkarni Developers Limited,,Unavailable,0,60,,60.0,52W High Watch,-3,57.0,-0.049219670008075894,Strong price trend | Breakout requires volume confirmation | Price is above 200 DMA | Price is near 52-week high,565,549
156.36000061035156,159.49000549316406,155.77999877929688,158.52999877929688,777351.0,158.8800048828125,-0.22029587912826276,157.55850143432616,155.25240020751954,154.49180023193358,148.74275005340576,159.17494557239434,157.82743182948545,155.66035439491543,49.04199545159378,5.082856314522879,3.2062425746934853,861367.2,0.9024618072292514,178.47999572753906,119.06999969482422,-11.177721551885911,33.140168964145815,6.579983711728489,True,149.0399932861328,169.0,Strong Uptrend,Negative,No Breakout,FEDFINA,FEDFINA.NS,Fedbank Financial Services Limited,,Unavailable,0,60,,60.0,Neutral Watch,-3,57.0,1.1032660864364074,Strong price trend | Negative momentum | Price is above 200 DMA,565,549
370.04998779296875,370.04998779296875,355.0,364.54998779296875,6469.0,370.04998779296875,-1.486285686104949,367.9349990844727,358.2259997558594,340.36140106201174,322.4407002258301,367.14936317071175,366.4434954068233,357.9901109223757,47.19998958332485,9.964285714285714,2.733311218746912,3183.2,2.0322317165116863,390.79998779296875,215.85000610351562,-6.7169909979388915,68.89042274019708,13.059544758973132,True,353.70001220703125,390.0,Uptrend,Negative,No Breakout,GEECEE,GEECEE.NS,GeeCee Ventures Limited,,Unavailable,0,60,,60.0,Neutral Watch,-3,57.0,2.3456285228896414,Price is in an uptrend | Negative momentum | Volume is more than 2x average | Price is above 200 DMA,565,549
20.950000762939453,20.950000762939453,20.950000762939453,20.950000762939453,2228.0,19.959999084472656,4.959928476334152,15.777999973297119,14.860399932861329,13.9696999168396,12.776399912834167,17.53700992106702,16.2721167860944,15.134070452012745,,0.42500005449567524,2.028639804383684,3612.6,0.6167303327243536,20.950000762939453,9.729999542236328,0.0,115.31348148577958,63.974209525914496,True,15.0,19.959999084472656,Strong Uptrend,Insufficient Data,Breakout - Volume Confirmation Required,GFSTEELS,GFSTEELS.NS,Grand Foundry Limited,,Unavailable,0,60,,60.0,52W High Watch,-3,57.0,-0.16638681538213965,Strong price trend | Breakout requires volume confirmation | Price is above 200 DMA | Price is near 52-week high,565,549
43.66999816894531,43.66999816894531,41.27000045776367,42.029998779296875,233417.0,42.61000061035156,-1.3611870986779184,41.905499649047854,40.765199737548826,40.91189971923828,39.81534983634949,42.3297270875938,41.902276036759616,41.22783137130049,47.12389035104932,2.2692860194614957,5.399205532642794,226852.3,1.0289382122200217,46.79999923706055,31.0,-10.192308836591488,35.58064122353831,5.562299344474218,True,38.150001525878906,46.79999923706055,Strong Uptrend,Negative,No Breakout,GOKUL,GOKUL.NS,Gokul Refoils and Solvent Limited,,Unavailable,0,60,,60.0,Neutral Watch,-3,57.0,1.2293824315369504,Strong price trend | Negative momentum | Price is above 200 DMA,565,549
53.0099983215332,53.150001525878906,51.79999923706055,52.33000183105469,449274.0,53.20000076293945,-1.6353363146769495,52.563500213623044,49.51280014038086,47.344000015258786,47.01904998779297,53.837474119207755,52.830908976796124,50.370910680938856,56.67939688468804,2.9785709381103516,5.691899166612966,3258005.55,0.1378984759556349,62.0,36.84000015258789,-15.596771240234375,42.046692764138534,11.29531933256955,True,45.45000076293945,62.0,Uptrend,Neutral,No Breakout,IMAGICAA,IMAGICAA.NS,Imagicaaworld Entertainment Limited,,Unavailable,0,60,,60.0,Neutral Watch,-3,57.0,1.4055227714658471,Price is in an uptrend | RSI supports positive momentum | Price is above 200 DMA,565,549
571.0999755859375,583.25,570.2999877929688,578.3499755859375,225658.0,577.3499755859375,0.17320516883803094,581.2600006103515,545.881000366211,532.0014996337891,511.6642492675781,586.3107742936684,579.5291212505565,557.2393187575844,56.229996229996225,16.321437290736608,2.822069331670853,685163.2,0.32934927036361555,615.5,414.0,-6.035747264673031,39.698061735733695,13.033102549927358,True,552.0499877929688,615.5,Uptrend,Neutral,No Breakout,INDGN,INDGN.NS,Indegene Limited,,Unavailable,0,60,,60.0,Neutral Watch,-3,57.0,1.4125491124370213,Price is in an uptrend | RSI supports positive momentum | Price is above 200 DMA,565,549
150.61000061035156,150.8000030517578,143.10000610351562,149.88999938964844,8542.0,149.8699951171875,0.013347750125225488,151.63349990844728,148.28019958496094,145.69269996643067,138.56675018310546,152.89713477587196,151.78839431094113,149.02297751816403,51.974096704489064,8.543571472167969,5.6998942604292235,11555.5,0.7392150923802518,175.1199951171875,91.25,-14.40726155266025,64.26301302975172,8.171692842316189,True,145.0500030517578,174.0,Uptrend,Neutral,No Breakout,JOCIL,JOCIL.NS,Jocil Limited,,Unavailable,0,60,,60.0,Neutral Watch,-3,57.0,4.981408853887526,Price is in an uptrend | RSI supports positive momentum | Price is above 200 DMA,565,549
8.890000343322754,9.1899995803833,8.800000190734863,8.829999923706055,20411.0,8.890000343322754,-0.6749203295786765,8.873000144958496,8.72700005531311,8.131700038909912,8.094500029087067,8.926364871758434,8.8718350474353,8.656079597968379,52.12120091182741,0.5664283888680595,6.414817596400645,34626.15,0.5894677866294693,12.770000457763672,5.559999942779541,-30.853566114496477,58.812949902509956,9.086415368163765,True,8.359999656677246,10.289999961853027,Uptrend,Neutral,No Breakout,LAL,LAL.NS,Lorenzini Apparels Limited,,Unavailable,0,60,,60.0,Neutral Watch,-3,57.0,3.106381295007822,Price is in an uptrend | RSI supports positive momentum | Price is above 200 DMA,565,549
133.88999938964844,134.6999969482422,130.10000610351562,131.6199951171875,14797.0,133.88999938964844,-1.6954248135103378,131.72800102233887,123.68960083007812,119.7285001373291,110.89975013732911,134.33805631254432,131.982463640195,125.99351443662927,55.840613506794085,7.835714067731585,5.953285487326662,81731.8,0.18104336378251792,154.0,83.05000305175781,-14.532470703125,58.4828299586699,18.683761644368136,True,116.63999938964844,154.0,Uptrend,Neutral,No Breakout,NAHARINDUS,NAHARINDUS.NS,Nahar Industrial Enterprises Limited,,Unavailable,0,60,,60.0,Neutral Watch,-3,57.0,1.493992741377712,Price is in an uptrend | RSI supports positive momentum | Price is above 200 DMA,565,549
166.8000030517578,166.8000030517578,157.1999969482422,159.41000366210938,48957.0,163.91000366210938,-2.7454090046123647,161.9465003967285,152.05340087890625,133.23160064697265,113.38280033111572,162.6149298179421,161.03888631090354,152.07917159466655,55.736864301932364,5.455000741141183,3.421993987719729,46518.2,1.0524267920942771,183.02999877929688,75.70999908447266,-12.90498567159431,110.553434935654,40.594519800691835,True,149.5,173.0500030517578,Uptrend,Neutral,No Breakout,OCCLLTD,OCCLLTD.NS,OCCL Limited,,Unavailable,0,60,,60.0,Neutral Watch,-3,57.0,1.3763869171714433,Price is in an uptrend | RSI supports positive momentum | Price is above 200 DMA,565,549
11599.0,11830.0,11595.0,11763.0,246099.0,11725.0,0.32409381663112136,11883.25,11616.06,10722.495,9069.595,11846.971878602397,11835.213127082816,11464.401981973557,55.932203389830505,322.7142857142857,2.743469231610012,210155.85,1.1710309277614683,12540.0,6234.5,-6.196172248803828,88.67591627235544,29.697081291943032,True,11318.0,12540.0,Uptrend,Neutral,No Breakout,OFSS,OFSS.NS,Oracle Financial Services Software Limited,,Unavailable,0,60,,60.0,Neutral Watch,-3,57.0,1.746067415730337,Price is in an uptrend | RSI supports positive momentum | Price is above 200 DMA,565,549
61.20000076293945,61.20000076293945,59.29999923706055,61.20000076293945,6763.0,60.5099983215332,1.1403114535547765,61.442999839782715,58.85979988098145,58.53629989624024,55.48059995651245,62.45653574403555,61.71696059856234,59.776977291692084,58.46856133857977,2.2950000762939453,3.7500000779145672,31827.1,0.21249187013582765,84.5999984741211,35.650001525878906,-27.659572261504987,71.66899899993943,10.308830133253895,True,57.61000061035156,70.58999633789062,Uptrend,Neutral,No Breakout,OILCOUNTUB,OILCOUNTUB.NS,Oil Country Tubular Limited,,Unavailable,0,60,,60.0,Neutral Watch,-3,57.0,2.615597542017454,Price is in an uptrend | RSI supports positive momentum | Price is above 200 DMA,565,549
57.70000076293945,57.70000076293945,55.9900016784668,56.38999938964844,363820.0,57.7400016784668,-2.3380710938251004,56.071499824523926,56.2339998626709,57.44920009613037,54.085800113677976,56.651560391413526,56.46869214555639,56.52373418719376,54.69084053130881,1.8721438816615514,3.31999273262135,776272.35,0.46867571671205344,65.8499984741211,40.58000183105469,-14.365982237934926,38.96007108233992,4.2602665970134055,True,53.54999923706055,59.70000076293945,Uptrend,Neutral,No Breakout,ONEPOINT,ONEPOINT.NS,One Point One Solutions Limited,,Unavailable,0,60,,60.0,200 DMA Recovery Watch,-3,57.0,1.1654933786798731,Price is in an uptrend | RSI supports positive momentum | Price is above 200 DMA,565,549
817.75,848.4000244140625,800.0,829.5999755859375,223706.0,809.5499877929688,2.4766831073186557,719.9649993896485,675.0839990234375,602.1390002441407,503.2309994506836,775.1858842063123,733.934315184834,677.1995338427091,83.63407385740926,39.007149832589285,4.701922731499474,454301.3,0.49241769724189655,852.0,315.0,-2.629110846720951,163.36507161458334,64.85470419976342,True,620.0,852.0,Strong Uptrend,Strong Positive,No Breakout,RISHABH,RISHABH.NS,Rishabh Instruments Limited,,Unavailable,0,60,,60.0,52W High Watch,-3,57.0,0.10687035793512452,Strong price trend | Strong positive momentum | RSI indicates overbought conditions | Price is above 200 DMA | Price is near 52-week high,565,549
1200.0999755859375,1236.0,1189.199951171875,1214.300048828125,147435.0,1206.5999755859375,0.638162887285687,1124.1324890136718,1057.7849926757813,1019.2024993896484,864.1592492675782,1173.4193400079341,1134.379944722557,1075.7355221214239,80.86454352760289,47.828560965401785,3.9387761708120914,236404.45,0.6236557729772007,1241.699951171875,551.9000244140625,-2.206644392463001,120.02174218370708,40.51808736147998,True,1032.75,1241.699951171875,Strong Uptrend,Strong Positive,No Breakout,ROSSTECH,ROSSTECH.NS,Rossell Techsys Limited,,Unavailable,0,60,,60.0,52W High Watch,-3,57.0,0.15092203235753313,Strong price trend | Strong positive momentum | RSI indicates overbought conditions | Price is above 200 DMA | Price is near 52-week high,565,549
168.1999969482422,173.8699951171875,166.60000610351562,169.66000366210938,5993.0,171.6699981689453,-1.170847864085045,170.5470001220703,163.96279998779298,158.84899993896485,154.5424504852295,171.58393581049248,169.7627566532152,165.1203948263422,51.70329659581021,9.265713282993861,5.461342144874183,12125.75,0.49423746984722594,201.9499969482422,128.5500030517578,-15.98910313150855,31.979774122447534,9.782136318800479,True,159.0,189.0,Uptrend,Neutral,No Breakout,SUPERHOUSE,SUPERHOUSE.NS,Superhouse Limited,,Unavailable,0,60,,60.0,Neutral Watch,-3,57.0,1.8142579450168477,Price is in an uptrend | RSI supports positive momentum | Price is above 200 DMA,565,549
333.8999938964844,337.8999938964844,328.8500061035156,334.45001220703125,17238.0,338.8999938964844,-1.313066323280121,339.0125015258789,320.7929998779297,306.52,313.1987503051758,343.6848215771507,338.9458592346036,325.05145147573154,53.37529670808533,15.46071297781808,4.622727586640837,50884.1,0.3387698711385285,387.8999938964844,258.6000061035156,-13.779320064572332,29.331014815658374,6.78523202316375,True,303.1000061035156,365.0,Uptrend,Neutral,No Breakout,VIDHIING,VIDHIING.NS,Vidhi Specialty Food Ingredients Limited,,Unavailable,0,60,,60.0,Neutral Watch,-3,57.0,0.9744810795919698,Price is in an uptrend | RSI supports positive momentum | Price is above 200 DMA,565,549
3040.0,3065.0,2999.0,3060.0,1815342.0,3077.199951171875,-0.5589481166254684,3007.4450073242188,3049.1380029296874,2931.36,2531.695999145508,3016.067069215848,3010.7256235621803,2997.018861698384,53.98390432572039,97.8642578125,3.198178359885621,2120281.3,0.8561797908607693,3245.0,1753.0,-5.701078582434515,74.55790074158585,20.867592358355985,True,2830.5,3173.699951171875,Uptrend,Positive,No Breakout,ADANIENT,ADANIENT.NS,Adani Enterprises Limited,,Unavailable,0,60,,61.0,Momentum Watch,-5,56.0,0.4954246238425926,Price is in an uptrend | Positive momentum | RSI supports positive momentum | Price is above 200 DMA,550,582
171.10000610351562,183.9600067138672,171.10000610351562,178.77000427246094,16378.0,175.1999969482422,2.037675448860532,181.24700012207032,163.0947994995117,157.705,142.07720008850097,180.58835230910705,178.28066180112006,168.10487963617652,57.420815294277055,10.21714346749442,5.715244852778887,24597.2,0.6658481453173531,198.5800018310547,95.5999984741211,-9.975827060092104,86.99791540358022,25.825962336746315,True,170.0,198.5800018310547,Uptrend,Positive,No Breakout,DCMNVL,DCMNVL.NS,DCM Nouvelle Limited,,Unavailable,0,60,,61.0,Momentum Watch,-5,56.0,2.258835565314371,Price is in an uptrend | Positive momentum | RSI supports positive momentum | Price is above 200 DMA,550,582
5156.0,5180.5,5056.5,5167.5,16852.0,5156.0,0.22304111714508412,5176.594995117188,5059.286005859375,4929.561000976562,4650.224005126953,5175.507550024139,5158.786164454685,5076.383269694139,50.53764183692855,131.64285714285714,2.5475153777040567,28062.3,0.6005209836684805,5407.0,3856.0,-4.429443314222305,34.011929460580916,11.123679080894629,True,4985.5,5387.5,Uptrend,Positive,No Breakout,FINEORG,FINEORG.NS,Fine Organic Industries Limited,,Unavailable,0,60,,61.0,Momentum Watch,-5,56.0,1.2087912087912087,Price is in an uptrend | Positive momentum | RSI supports positive momentum | Price is above 200 DMA,550,582
196.5,204.0,195.00999450683594,199.72000122070312,428319.0,201.3000030517578,-0.7848990596629246,191.70350036621093,174.23199920654298,166.15789962768554,155.33319988250733,200.13535692389007,192.81932385922937,179.46917928408868,72.4023774822349,7.9778594970703125,3.9945220550315725,1002408.65,0.42728980840299013,211.7100067138672,119.9000015258789,-5.66340990644289,66.57214235113756,28.575218544245264,True,167.24000549316406,211.7100067138672,Strong Uptrend,Positive,No Breakout,GIPCL,GIPCL.NS,Gujarat Industries Power Company Limited,,Unavailable,0,60,,61.0,Momentum Watch,-5,56.0,0.3691504639884544,Strong price trend | Positive momentum | RSI indicates overbought conditions | Price is above 200 DMA,550,582
994.0,998.5999755859375,966.0,985.0,692249.0,1003.9000244140625,-1.8826600213595723,987.7350067138672,878.2400012207031,791.7350024414062,822.2407516479492,1001.5352669443604,974.0029214420218,899.2388737405377,50.736320396256644,40.885716029575896,4.150834114677756,1364396.8,0.5073663321403274,1058.8499755859375,580.0999755859375,-6.974545713623974,69.79831778222159,19.794597631635977,True,822.4000244140625,1058.8499755859375,Uptrend,Positive,No Breakout,JYOTICNC,JYOTICNC.NS,Jyoti CNC Automation Limited,,Unavailable,0,60,,61.0,Momentum Watch,-5,56.0,0.4541819598669388,Price is in an uptrend | Positive momentum | RSI supports positive momentum | Price is above 200 DMA,550,582
185.02999877929688,189.89999389648438,180.0,185.97000122070312,22611.0,185.02999877929688,0.5080270483747151,173.5415008544922,180.66820068359374,177.53240051269532,169.51780029296876,181.2485468976936,178.77138697794098,178.90796007621418,80.57424531924862,7.729285103934152,4.156199953325423,36001.45,0.6280580365513057,219.5,117.25,-15.275625867561219,58.60980914345683,9.705294015909177,True,156.0,192.0,Uptrend,Strong Positive,No Breakout,KILITCH,KILITCH.NS,Kilitch Drugs (India) Limited,,Unavailable,0,60,,61.0,Momentum Watch,-5,56.0,0.20120115227527527,Price is in an uptrend | Strong positive momentum | RSI indicates overbought conditions | Price is above 200 DMA,550,582
2904.89990234375,2950.800048828125,2812.10009765625,2869.199951171875,93353.0,2915.60009765625,-1.5914441257453116,2875.8400024414063,2632.2900048828124,2333.7919970703124,2006.2287451171876,2935.5333473133733,2868.5312667657604,2656.8785867550578,57.26488054762229,137.69280133928572,4.798996364232039,122228.55,0.7637577309065681,3175.0,876.9500122070312,-9.631497600885828,227.17941857950638,43.01459682277056,True,2632.0,3175.0,Uptrend,Positive,No Breakout,KMEW,KMEW.NS,Knowledge Marine & Engineering Works Limited,,Unavailable,0,60,,61.0,Momentum Watch,-5,56.0,1.2892078911371376,Price is in an uptrend | Positive momentum | RSI supports positive momentum | Price is above 200 DMA,550,582
345.79998779296875,354.8999938964844,336.54998779296875,347.1499938964844,33450.0,347.25,-0.02879945385618754,335.18500061035155,335.7200006103516,298.71240081787107,242.54390029907228,347.821274295169,341.2149624911747,327.4110989738523,60.64489351018977,22.153568812779017,6.381555293757235,58266.2,0.5740892661611706,385.79998779296875,138.9600067138672,-10.018142851063299,149.8200756504723,43.12872575580175,True,296.1000061035156,385.79998779296875,Uptrend,Positive,No Breakout,LOKESHMACH,LOKESHMACH.NS,Lokesh Machines Limited,,Unavailable,0,60,,61.0,Momentum Watch,-5,56.0,0.7571009429664887,Price is in an uptrend | Positive momentum | RSI supports positive momentum | Price is above 200 DMA,550,582
932.0499877929688,955.0,919.5999755859375,947.25,159706.0,937.5499877929688,1.0346128028720258,947.4449951171875,942.3549975585937,841.3619989013672,756.372748260498,944.4243133915504,946.5604283555646,922.8474688038209,58.80181926336527,38.582144601004465,4.073068841488991,504079.35,0.3168271027170623,1120.0,500.1000061035156,-15.424107142857144,89.41211526478743,25.235871093780204,True,875.5,1120.0,Uptrend,Positive,No Breakout,NELCO,NELCO.NS,NELCO Limited,,Unavailable,0,60,,61.0,Momentum Watch,-5,56.0,2.407665505226481,Price is in an uptrend | Positive momentum | RSI supports positive momentum | Price is above 200 DMA,550,582
1005.5,1010.0,973.5499877929688,1003.0499877929688,68916.0,1016.0999755859375,-1.2843212387091518,984.2574981689453,1001.4499987792968,900.8049951171874,787.3497479248047,986.9083967485519,987.1875014375939,973.1054762005078,50.144508670520224,46.553562709263396,4.641200665551688,81796.9,0.8425258169930646,1133.0,480.0,-11.469550945015998,108.96874745686848,27.39573365415803,True,923.7000122070312,1078.5,Uptrend,Positive,No Breakout,ORCHPHARMA,ORCHPHARMA.NS,Orchid Pharma Limited,,Unavailable,0,60,,61.0,Momentum Watch,-5,56.0,0.9508511080172606,Price is in an uptrend | Positive momentum | RSI supports positive momentum | Price is above 200 DMA,550,582
330.1000061035156,330.1000061035156,318.1000061035156,323.75,50564.0,327.8500061035156,-1.2505737462823463,328.975,288.16000091552735,285.91429946899416,278.6921994781494,331.8144067776773,323.11115036227153,301.85568647419115,50.460661748961726,11.925000871930804,3.683397952719939,128608.5,0.39316219378967954,349.0,224.10000610351562,-7.234957020057306,44.46675197788898,16.167585819129933,True,295.8500061035156,349.0,Uptrend,Positive,No Breakout,SURAKSHA,SURAKSHA.NS,Suraksha Diagnostic Limited,,Unavailable,0,60,,61.0,Momentum Watch,-5,56.0,0.905018119132338,Price is in an uptrend | Positive momentum | RSI supports positive momentum | Price is above 200 DMA,550,582
1097.0,1097.0,1030.199951171875,1073.0,17520.0,1081.699951171875,-0.8042850665242018,896.629995727539,816.2899975585938,777.3204992675782,769.8960000610351,985.8689305136487,919.532498757088,846.3212853046648,82.79556296833486,57.246433803013396,5.33517556412054,29128.1,0.601481044077712,1150.0,602.0,-6.695652173913043,78.23920265780731,39.36947326845907,True,802.7999877929688,1150.0,Strong Uptrend,Strong Positive,No Breakout,BIL,BIL.NS,Bhartiya International Limited,,Unavailable,0,60,,60.0,Momentum Watch,-5,55.0,0.2849740803897576,Strong price trend | Strong positive momentum | RSI indicates overbought conditions | Price is above 200 DMA,565,607
271.29998779296875,274.95001220703125,266.54998779296875,272.70001220703125,748277.0,271.29998779296875,0.5160429329362337,259.72149963378905,240.0047998046875,199.93169952392577,170.60759979248047,266.30736603938226,259.3659380516117,238.65748237804237,80.08981659779661,7.805719648088727,2.8623833145129085,1007218.4,0.742914347077059,303.1700134277344,115.0,-10.050466692335375,137.13044539741847,59.84048338921095,True,241.0,278.0,Strong Uptrend,Strong Positive,No Breakout,GANDHAR,GANDHAR.NS,Gandhar Oil Refinery (India) Limited,,Unavailable,0,60,,60.0,Momentum Watch,-5,55.0,0.16719197955996942,Strong price trend | Strong positive momentum | RSI indicates overbought conditions | Price is above 200 DMA,565,607
522.0999755859375,544.7999877929688,511.0,532.0999755859375,43221.0,524.7000122070312,1.4103226999709673,429.02000122070314,388.1000012207031,353.1071002197266,316.2148006439209,500.7771610599557,455.58315135452733,402.991008984437,81.09332221150073,36.66785321916853,6.891158598304885,146317.7,0.295391466650993,559.7000122070312,228.0,-4.931219585338259,133.377182274534,68.27168573463383,True,332.1499938964844,559.7000122070312,Strong Uptrend,Strong Positive,No Breakout,OAL,OAL.NS,Oriental Aromatics Limited,,Unavailable,0,60,,60.0,Momentum Watch,-5,55.0,0.13803470441902813,Strong price trend | Strong positive momentum | RSI indicates overbought conditions | Price is above 200 DMA,565,607
720.0,733.9000244140625,708.5499877929688,714.9500122070312,146091.0,725.4500122070312,-1.447377465479105,551.6875015258789,472.81200134277344,461.14800018310547,458.23075012207033,653.1290934609237,580.7263387194898,507.5674713107083,80.05795076285624,41.6107177734375,5.820087707249119,1112089.4,0.13136623728272206,743.0,384.0,-3.7752338886902757,86.18489901224771,56.02401454214328,True,384.0,743.0,Strong Uptrend,Strong Positive,No Breakout,SHANTIGEAR,SHANTIGEAR.NS,Shanthi Gears Limited,,Unavailable,0,60,,60.0,Momentum Watch,-5,55.0,0.08475596542785929,Strong price trend | Strong positive momentum | RSI indicates overbought conditions | Price is above 200 DMA,565,607
370.0,384.1499938964844,364.54998779296875,370.6499938964844,1219997.0,373.6000061035156,-0.7896178155344713,327.0750015258789,300.8438006591797,259.96190017700195,229.97260055541992,356.50341973444336,336.38861301778604,305.1442464696032,84.65414481297603,16.200001307896205,4.370700546246485,2259495.6,0.5399421888672852,384.1499938964844,169.0,-3.5142523010524376,119.31952301567124,61.17137128566902,True,287.8500061035156,379.04998779296875,Strong Uptrend,Strong Positive,No Breakout,SSWL,SSWL.NS,Steel Strips Wheels Limited,,Unavailable,0,60,,60.0,Momentum Watch,-5,55.0,0.10144921660480836,Strong price trend | Strong positive momentum | RSI indicates overbought conditions | Price is above 200 DMA,565,607
485.20001220703125,526.2999877929688,476.20001220703125,526.2999877929688,2734893.0,501.25,4.997503799096004,356.09249954223634,295.0688009643555,228.20730010986327,191.0381998825073,463.77234479574605,392.9315090550972,313.521181847084,82.87160520362966,39.23929050990513,7.455689040475664,4134092.25,0.6615461955402664,583.0499877929688,110.5,-9.733299234739196,376.28958171309387,175.49463307163424,True,236.60000610351562,583.0499877929688,Strong Uptrend,Strong Positive,No Breakout,TBZ,TBZ.NS,Tribhovandas Bhimji Zaveri Limited,,Unavailable,0,60,,60.0,Momentum Watch,-5,55.0,0.19589231476318747,Strong price trend | Strong positive momentum | RSI indicates overbought conditions | Price is above 200 DMA,565,607
1127.0999755859375,1141.9000244140625,1110.75,1129.25,66749.0,1129.4000244140625,-0.013283549744946832,1039.9724975585937,935.5420007324219,880.603999633789,834.3329995727539,1108.979969813584,1052.966595770601,968.1998088547855,80.50134418210689,42.914297921316965,3.8002477681042257,208548.2,0.3200650976608765,1181.9000244140625,697.4000244140625,-4.454693571917321,61.92285065501205,35.347637043994126,True,911.9500122070312,1181.9000244140625,Strong Uptrend,Strong Positive,No Breakout,WINDLAS,WINDLAS.NS,Windlas Biotech Limited,,Unavailable,0,60,,60.0,Momentum Watch,-5,55.0,0.24229188850311623,Strong price trend | Strong positive momentum | RSI indicates overbought conditions | Price is above 200 DMA,565,607
1834.0999755859375,1850.199951171875,1795.0999755859375,1845.9000244140625,1505149.0,1859.0,-0.7046786221590939,1857.1050048828124,1835.8120092773438,1721.066005859375,1681.5430029296874,1844.6120738778245,1849.4177720046323,1818.0920632904663,46.21549997119449,45.335719517299104,2.456022477798594,1009488.65,1.4910014094759758,1952.5,1299.4000244140625,-5.459665843069782,42.05787207418538,9.774178905803907,True,1773.5,1927.9000244140625,Uptrend,Negative,No Breakout,CHOLAFIN,CHOLAFIN.NS,Cholamandalam Investment and Finance Company Limited,,Unavailable,0,60,,58.0,Neutral Watch,-3,55.0,1.1325963031591584,Price is in an uptrend | Negative momentum | Volume is above average | Price is above 200 DMA,617,607
270.0,271.0,262.79998779296875,269.3500061035156,58585.0,270.0,-0.24073848017940325,269.4749984741211,266.21699981689454,268.04830001831056,255.1714501953125,269.7666551269024,269.54480094642116,268.1673767691513,48.82884111411582,6.682148524693081,2.480842165685722,48036.6,1.2195908952756858,368.29998779296875,210.64999389648438,-26.86668068668945,27.866135251766046,5.556482081890674,True,256.8999938964844,282.04998779296875,Uptrend,Negative,No Breakout,DHARMAJ,DHARMAJ.NS,Dharmaj Crop Guard Limited,,Unavailable,0,60,,58.0,Neutral Watch,-3,55.0,1.0200778503880263,Price is in an uptrend | Negative momentum | Volume is above average | Price is above 200 DMA,617,607
