symbol,price,sma20,sma50,sma200,above_20dma,above_50dma,above_200dma,52w_high,52w_low,distance_from_52w_high_pct,distance_from_52w_low_pct,at_52w_high,at_52w_low
20MICRONS.NS,207.86000061035156,210.75949935913087,203.38840026855468,186.75299995422364,False,True,True,237.4499969482422,129.61000061035156,-12.46,60.37,False,False
21STCENMGM.NS,38.38999938964844,41.46599979400635,38.73239994049072,37.51350005149841,False,False,True,55.060001373291016,28.25,-30.28,35.89,False,False
360ONE.NS,1091.0,1164.8650024414062,1145.6760009765626,1111.7217535400391,False,False,False,1236.199951171875,906.0499877929688,-11.75,20.41,False,False
3IINFOLTD.NS,22.850000381469727,23.39250020980835,22.2146000289917,17.589050002098084,False,True,True,27.799999237060547,12.680000305175781,-17.81,80.21,False,False
3MINDIA.NS,32710.0,33628.75,34752.9,33929.025,False,False,False,38030.0,28730.0,-13.99,13.85,False,False
3PLAND.NS,31.239999771118164,32.01649990081787,32.07899990081787,33.81290002822876,False,False,False,47.5,28.510000228881836,-34.23,9.58,False,False
5PAISA.NS,326.54998779296875,360.71749725341795,366.5969989013672,335.9923501586914,False,False,False,416.95001220703125,245.5,-21.68,33.01,False,False
63MOONS.NS,908.9000244140625,808.8749969482421,784.2150012207031,692.523752746582,True,True,True,1007.7000122070312,467.0,-9.8,94.63,False,False
A2ZINFRA.NS,15.329999923706055,15.618499898910523,14.800999965667724,15.215449962615967,False,True,True,20.299999237060547,12.0,-24.48,27.75,False,False
AAATECH.NS,91.87999725341797,93.09649963378907,92.93440032958985,96.67219989776612,False,False,False,136.0,76.11000061035156,-32.44,20.72,False,False
AADHARHFC.NS,456.79998779296875,473.38999938964844,496.085,483.98574935913086,False,False,False,563.0,430.1499938964844,-18.86,6.2,False,False
AAKASH.NS,9.100000381469727,8.745000076293945,8.886199951171875,8.745949976444244,True,True,True,13.399999618530273,7.210000038146973,-32.09,26.21,False,False
AAREYDRUGS.NS,98.88999938964844,88.0400001525879,83.6333999633789,77.17160009384155,True,True,True,101.29000091552734,50.310001373291016,-2.37,96.56,False,False
AARON.NS,126.94000244140625,134.1355007171631,129.76940048217773,143.5701003265381,False,False,False,228.0,106.80000305175781,-44.32,18.86,False,False
AARTECH.NS,51.9900016784668,49.70550003051758,48.82739997863769,46.99065004348755,True,True,True,64.75,33.5099983215332,-19.71,55.15,False,False
AARTIDRUGS.NS,428.5,420.1375,414.43500061035155,386.7092501831055,True,True,True,534.5499877929688,318.95001220703125,-19.84,34.35,False,False
AARTIIND.NS,492.70001220703125,520.725001525879,503.01400268554687,446.1335012817383,False,False,True,551.75,338.04998779296875,-10.7,45.75,False,False
AARTIPHARM.NS,826.9500122070312,844.5475067138672,767.1770031738281,722.6427514648437,False,True,True,946.0999755859375,585.0,-12.59,41.36,False,False
AARTISURF.NS,506.6499938964844,551.4100006103515,483.0889990234375,415.95649948120115,False,True,True,677.7000122070312,316.0,-25.24,60.33,False,False
AARVI.NS,141.85000610351562,147.39600067138673,150.4822006225586,134.7140501022339,False,False,True,168.39999389648438,115.98999786376953,-15.77,22.3,False,False
AAVAS.NS,1275.0999755859375,1313.2000122070312,1389.1720092773437,1373.7975030517578,False,False,False,1771.9000244140625,1060.4000244140625,-28.04,20.25,False,False
ABAN.NS,14.390000343322754,15.812499809265137,15.949999942779542,19.580299921035767,False,False,False,45.619998931884766,12.890000343322754,-68.46,11.64,False,False
ABB.NS,7274.0,7482.125,7401.44,6446.565,False,False,True,7924.5,4637.5,-8.21,56.85,False,False
ABBOTINDIA.NS,25550.0,26142.25,27059.0,27018.5,False,False,False,31495.0,25150.0,-18.88,1.59,False,False
ABCAPITAL.NS,395.0,403.4375,404.1120001220703,362.3292495727539,False,False,True,430.70001220703125,277.70001220703125,-8.29,42.24,False,False
ABCOTS.NS,203.05999755859375,207.8280014038086,205.59840087890626,313.0184502410889,False,False,False,504.0,196.80999755859375,-59.71,3.18,False,False
ABDL.NS,632.5,609.4350067138672,621.4110021972656,560.059499206543,True,True,True,711.7000122070312,382.1000061035156,-11.13,65.53,False,False
ABFRL.NS,50.439998626708984,52.903500175476076,56.57779998779297,64.00809995651245,False,False,False,94.94999694824219,50.20000076293945,-46.88,0.48,False,True
ABINFRA.NS,11.34000015258789,11.855499982833862,10.921400032043458,14.96175000667572,False,True,False,23.559999465942383,8.819999694824219,-51.87,28.57,False,False
ABLBL.NS,83.61000061035156,85.54500007629395,90.82160003662109,103.6711001586914,False,False,False,150.9499969482422,82.61000061035156,-44.61,1.21,False,False
ABMINTLLTD.NS,52.5,55.88599967956543,48.76139999389648,44.6128000831604,False,True,True,72.80000305175781,34.0,-27.88,54.41,False,False
ABREL.NS,1281.5999755859375,1377.560009765625,1397.032001953125,1394.3525018310547,False,False,False,1965.300048828125,1080.0999755859375,-34.79,18.66,False,False
ABSLAMC.NS,1109.9000244140625,1034.610009765625,1054.3239978027343,961.5510009765625,True,True,True,1224.9000244140625,708.0,-9.39,56.77,False,False
ACC.NS,1246.5,1289.3500061035156,1335.5880078125,1483.6000006103516,False,False,False,1987.0,1250.0999755859375,-37.27,-0.29,False,True
ACCELYA.NS,1118.4000244140625,1131.3450073242188,1133.460009765625,1189.833003540039,False,False,False,1527.0,1012.4000244140625,-26.76,10.47,False,False
ACCURACY.NS,4.190000057220459,4.464499998092651,4.77520001411438,5.105249998569488,False,False,False,7.510000228881836,3.4000000953674316,-44.21,23.24,False,False
ACE.NS,1129.0,1136.6999938964843,1077.8160034179687,944.7140020751954,False,True,True,1196.0,745.0999755859375,-5.6,51.52,False,False
ACEINTEG.NS,17.6200008392334,17.607999897003175,18.909799995422365,19.643949995040895,True,False,False,29.940000534057617,14.199999809265137,-41.15,24.08,False,False
ACI.NS,470.45001220703125,494.8625030517578,521.0310028076171,546.4790019226074,False,False,False,726.0,477.0,-35.2,-1.37,False,True
ACL.NS,42.70000076293945,44.32950019836426,46.82000015258789,55.55034999847412,False,False,False,109.98999786376953,40.5,-61.18,5.43,False,False
ACMESOLAR.NS,402.29998779296875,397.55749969482423,382.7670001220703,295.677850189209,True,True,True,430.5,195.89999389648438,-6.55,105.36,False,False
ACUTAAS.NS,3383.699951171875,3244.3449951171874,3330.047998046875,2573.176999511719,True,True,True,3740.0,1302.0,-9.53,159.88,False,False
ADANIENSOL.NS,1373.0,1485.9649963378906,1589.7940014648439,1266.3135006713867,False,False,True,1789.0,792.0499877929688,-23.25,73.35,False,False
ADANIENT.NS,3060.0,3007.4450073242188,3049.1380029296874,2531.695999145508,True,True,True,3245.0,1753.0,-5.7,74.56,False,False
ADANIGREEN.NS,1281.300048828125,1298.3550048828124,1383.5160009765625,1185.6802493286132,False,False,True,1631.5,765.0,-21.46,67.49,False,False
ADANIPORTS.NS,1764.5999755859375,1699.1899963378905,1739.03599609375,1613.3700006103516,True,True,True,1891.0999755859375,1292.0,-6.69,36.58,False,False
ADANIPOWER.NS,209.97000122070312,207.21649932861328,210.9602001953125,184.7418504333496,True,False,True,254.1999969482422,120.0,-17.4,74.98,False,False
ADFFOODS.NS,269.54998779296875,270.1125030517578,283.40800109863284,240.79254989624025,False,False,True,346.95001220703125,153.10000610351562,-22.31,76.06,False,False
ADL.NS,71.54000091552734,72.71250038146972,71.72060012817383,72.4075499343872,False,False,False,109.9000015258789,50.2599983215332,-34.9,42.34,False,False
ADOR.NS,1603.699951171875,1624.179998779297,1506.5260009765625,1167.1227502441407,False,True,True,1766.4000244140625,848.0,-9.21,89.12,False,False
ADROITINFO.NS,11.020000457763672,10.344000005722046,9.781800003051758,9.657099990844726,True,True,True,12.199999809265137,7.550000190734863,-9.67,45.96,False,False
ADSL.NS,100.20999908447266,105.56849975585938,112.60559951782227,123.01860000610351,False,False,False,209.52999877929688,86.2699966430664,-52.17,16.16,False,False
ADVANIHOTR.NS,49.18000030517578,49.547000122070315,50.82199996948242,53.598999996185306,False,False,False,65.5,47.0,-24.92,4.64,False,False
ADVENZYMES.NS,293.3999938964844,299.22250213623045,310.39300048828125,315.08900062561037,False,False,False,419.0,251.9499969482422,-29.98,16.45,False,False
AEGISLOG.NS,1353.5999755859375,1308.2349853515625,1313.19599609375,885.9019998168945,True,True,True,1497.800048828125,576.0999755859375,-9.63,134.96,False,False
AEGISVOPAK.NS,295.1000061035156,277.49999847412107,282.38919860839843,232.54409980773926,True,True,True,311.489990234375,158.0,-5.26,86.77,False,False
AEROENTER.NS,137.08999633789062,139.97199897766114,130.159599609375,99.97139980316162,False,True,True,159.60000610351562,62.20000076293945,-14.1,120.4,False,False
AEROFLEX.NS,563.9500122070312,520.7575012207031,464.74800048828126,323.9101503753662,True,True,True,584.1500244140625,158.0,-3.46,256.93,False,False
AERONEU.NS,68.76000213623047,79.69449996948242,83.99439971923829,80.07,False,False,False,125.37000274658203,63.209999084472656,-45.15,8.78,False,False
AETHER.NS,1674.699951171875,1648.3400024414063,1554.6319995117187,1176.8775033569336,True,True,True,1717.0,726.4500122070312,-2.46,130.53,False,False
AFCONS.NS,253.8000030517578,280.79250106811526,283.51100189208984,320.90500007629396,False,False,False,479.3999938964844,259.1000061035156,-47.06,-2.05,False,True
AFFLE.NS,1567.5999755859375,1640.4500122070312,1592.0140087890625,1545.064998779297,False,False,True,2185.89990234375,1251.300048828125,-28.29,25.28,False,False
AFFORDABLE.NS,159.8800048828125,163.4480010986328,176.91380126953126,180.80255016326905,False,False,False,297.0,119.70999908447266,-46.17,33.56,False,False
AFIL.NS,8.920000076293945,9.346500015258789,9.428800029754639,8.247700026035309,False,False,True,11.100000381469727,3.9200000762939453,-19.64,127.55,False,False
AFSL.NS,201.0,203.95400009155273,202.99740020751952,202.09330017089843,False,False,False,228.72000122070312,194.41000366210938,-12.12,3.39,False,False
AGARIND.NS,431.75,465.78999786376954,493.0169995117187,544.0565005493164,False,False,False,1006.0,360.0,-57.08,19.93,False,False
AGARWALEYE.NS,508.3999938964844,507.0325012207031,500.62300048828126,473.2070008850098,True,True,True,568.0,401.0,-10.49,26.78,False,False
AGI.NS,762.6500244140625,746.9425018310546,719.2940026855468,651.3987504577636,True,True,True,939.0,465.0,-18.78,64.01,False,False
AGIIL.NS,272.95001220703125,285.3075012207031,306.012001953125,313.25900032043455,False,False,False,434.3999938964844,224.6999969482422,-37.17,21.47,False,False
AGRITECH.NS,99.83999633789062,101.4900001525879,107.30080017089844,120.22120006561279,False,False,False,187.19000244140625,92.5199966430664,-46.66,7.91,False,False
AGROPHOS.NS,23.5,25.541500091552734,27.74819999694824,32.477249994277955,False,False,False,47.470001220703125,21.0,-50.5,11.9,False,False
AGSTRA.NS,1.8899999856948853,1.9789999902248383,2.1223999857902527,3.0123499923944475,False,False,False,5.440000057220459,1.8700000047683716,-65.26,1.07,False,False
AHCL.NS,19.56999969482422,15.60450005531311,15.216200008392335,13.974454984664916,True,True,True,18.0,10.199999809265137,8.72,91.86,True,False
AHLADA.NS,35.060001373291016,37.422000312805174,37.885800170898435,43.49900012969971,False,False,False,72.0,31.219999313354492,-51.31,12.3,False,False
AHLEAST.NS,133.9499969482422,138.80499877929688,141.94059997558594,147.9228002166748,False,False,False,175.3000030517578,127.25,-23.59,5.27,False,False
AHLUCONT.NS,601.0,653.3149963378906,761.9840002441406,826.6322497558593,False,False,False,1077.949951171875,590.0,-44.25,1.86,False,False
AHLWEST.NS,505.0,532.004995727539,549.1789990234375,348.6950464630127,False,False,True,751.4000244140625,137.0,-32.79,268.61,False,False
AIAENG.NS,4096.60009765625,4272.955004882812,4515.88400390625,4123.990509033203,False,False,False,5180.0,3002.0,-20.92,36.46,False,False
AIIL.NS,544.3499755859375,539.0550048828125,543.3320025634765,519.2210508728027,True,True,True,683.0,400.0,-20.3,36.09,False,False
AIRAN.NS,17.1299991607666,15.47199993133545,15.377199974060058,16.383450031280518,True,True,True,27.489999771118164,12.630000114440918,-37.69,35.63,False,False
AIROLAM.NS,84.25,87.58799934387207,88.38379959106446,90.50854995727539,False,False,False,123.30000305175781,78.0,-31.67,8.01,False,False
AJANTPHARM.NS,3533.39990234375,3581.114990234375,3493.4459912109373,3040.4349938964842,False,True,True,3796.0,2329.89990234375,-6.92,51.65,False,False
AJAXENGG.NS,590.5999755859375,576.675,575.4380004882812,546.8027487182617,True,True,True,698.8499755859375,394.79998779296875,-15.49,49.59,False,False
AJMERA.NS,116.75,117.37100067138672,123.23280075073242,138.81790035247803,False,False,False,221.39999389648438,98.02999877929688,-47.27,19.1,False,False
AJOONI.NS,3.4700000286102295,3.6939999938011168,3.8343999910354616,4.145500009059906,False,False,False,5.940000057220459,3.4000000953674316,-41.58,2.06,False,False
AKASH.NS,24.860000610351562,24.907000064849854,26.026200103759766,26.039150009155275,False,False,False,36.0,22.799999237060547,-30.94,9.04,False,False
AKG.NS,10.609999656677246,9.367499923706054,9.663999919891358,11.352049975395202,True,True,False,15.069999694824219,8.0600004196167,-29.6,31.64,False,False
AKI.NS,6.139999866485596,5.0240000009536745,4.671799983978271,5.40110000371933,True,True,True,10.479999542236328,3.799999952316284,-41.41,61.58,False,False
AKSHAR.NS,0.4099999964237213,0.4144999921321869,0.4169999957084656,0.4587999963760376,False,False,False,0.7599999904632568,0.36000001430511475,-46.05,13.89,False,False
AKSHARCHEM.NS,423.3999938964844,363.4840026855469,294.69420043945314,235.4292498779297,True,True,True,472.0,141.3000030517578,-10.3,199.65,False,False
AKSHOPTFBR.NS,8.779999732971191,7.57449996471405,6.646799983978272,6.103799992799759,True,True,True,9.010000228881836,3.819999933242798,-2.55,129.84,False,False
AKUMS.NS,776.3499755859375,759.5149963378906,714.9909948730469,550.7802490234375,True,True,True,796.5499877929688,409.29998779296875,-2.54,89.68,False,False
ALANKIT.NS,7.909999847412109,8.080000066757203,8.03240005493164,8.916899988651275,False,False,False,14.289999961853027,6.800000190734863,-44.65,16.32,False,False
ALBERTDAVD.NS,844.3499755859375,859.7175018310547,772.3799963378906,731.0664971923828,False,True,True,931.8499755859375,579.9000244140625,-9.39,45.6,False,False
ALEMBICLTD.NS,104.33000183105469,99.74150047302246,93.02740036010742,92.1348498916626,True,True,True,117.72000122070312,70.45999908447266,-11.37,48.07,False,False
ALICON.NS,733.4000244140625,709.7100036621093,687.0369982910156,718.4710012817383,True,True,True,1022.0,580.0,-28.24,26.45,False,False
ALIVUS.NS,1386.800048828125,1382.7449951171875,1272.0079956054688,1050.6585006713867,True,True,True,1493.800048828125,819.0,-7.16,69.33,False,False
ALKALI.NS,77.25,69.99449996948242,73.65019958496094,72.99599985122681,True,True,True,107.37999725341797,46.79999923706055,-28.06,65.06,False,False
ALKEM.NS,5087.5,5293.2,5493.22,5510.0975,False,False,False,5933.5,5075.0,-14.26,0.25,False,True
ALKYLAMINE.NS,1867.5,1985.4650085449218,1911.5360034179687,1661.0820043945312,False,False,True,2116.800048828125,1212.0,-11.78,54.08,False,False
ALLCARGO.NS,12.15999984741211,12.021500062942504,9.900000047683715,9.580699994564057,True,True,True,36.54999923706055,7.110000133514404,-66.73,71.03,False,False
ALLDIGI.NS,797.2999877929688,807.8100006103516,817.0549975585938,819.5272521972656,False,False,False,1000.0,700.0,-20.27,13.9,False,False
ALLTIME.NS,221.14999389648438,207.39249954223632,220.6941989135742,234.9700498199463,True,True,False,314.70001220703125,186.0,-29.73,18.9,False,False
ALMONDZ.NS,19.1299991607666,16.574499988555907,14.827000026702882,15.057800016403199,True,True,True,22.100000381469727,10.680000305175781,-13.44,79.12,False,False
ALOKINDS.NS,7.360000133514404,9.587499928474426,11.166400003433228,13.477500026226044,False,False,False,19.34000015258789,7.059999942779541,-61.94,4.25,False,False
ALPA.NS,61.689998626708984,62.54749984741211,65.80580032348632,68.59500011444092,False,False,False,97.9000015258789,46.099998474121094,-36.99,33.82,False,False
ALPHAGEO.NS,310.25,318.46200103759764,258.80160064697264,224.8413999938965,False,True,True,368.0,164.8000030517578,-15.69,88.26,False,False
AMBER.NS,7245.0,7391.4,7449.86,7239.83,False,False,True,8974.0,5400.5,-19.27,34.15,False,False
AMBICAAGAR.NS,24.989999771118164,25.05349998474121,24.914799919128416,24.513200063705444,False,True,True,29.68000030517578,20.0,-15.8,24.95,False,False
AMBIKCO.NS,1593.0999755859375,1631.05498046875,1686.30798828125,1472.3814971923828,False,False,True,1931.0,1101.0,-17.5,44.7,False,False
AMBUJACEM.NS,391.8500061035156,406.11000061035156,421.59199951171877,465.7102510070801,False,False,False,600.7999877929688,394.0,-34.78,-0.55,False,True
AMDIND.NS,64.02999877929688,55.87449989318848,50.81599990844727,46.49834999084473,True,True,True,68.06999969482422,33.77000045776367,-5.94,89.61,False,False
AMJLAND.NS,38.560001373291016,38.85300006866455,38.50940002441406,41.51854992866516,False,True,False,61.0,30.299999237060547,-36.79,27.26,False,False
AMNPLST.NS,165.25999450683594,179.64700088500976,190.51460052490233,180.24115020751952,False,False,False,250.0,127.0,-33.9,30.13,False,False
AMRUTANJAN.NS,490.95001220703125,507.3350006103516,518.2069995117188,570.7497505187988,False,False,False,774.2999877929688,482.79998779296875,-36.59,1.69,False,False
ANANDRATHI.NS,2211.0,2192.30498046875,2127.069997558594,1757.6512445068358,True,True,True,2242.0,1353.8499755859375,-1.38,63.31,False,False
ANANTRAJ.NS,598.3499755859375,615.4849914550781,605.5009997558594,541.8347494506836,False,False,True,743.6500244140625,403.0,-19.54,48.47,False,False
ANDHRAPAP.NS,73.36000061035156,63.68699951171875,62.204199676513674,64.25684980392457,True,True,True,86.88999938964844,58.0,-15.57,26.48,False,False
ANDHRSUGAR.NS,96.37999725341797,98.90049896240234,92.13019958496093,82.38109981536866,False,True,True,107.2300033569336,66.5,-10.12,44.93,False,False
ANGELONE.NS,305.0,292.3924957275391,306.25099853515627,286.1101501464844,True,False,True,360.45001220703125,208.6300048828125,-15.38,46.19,False,False
ANIKINDS.NS,44.65999984741211,45.00949974060059,43.76900001525879,45.86120006561279,False,True,False,86.83000183105469,32.5,-48.57,37.42,False,False
ANKITMETAL.NS,1.6100000143051147,1.6680000066757201,1.5736000061035156,1.6188000077009201,False,True,False,2.119999885559082,1.2899999618530273,-24.06,24.81,False,False
ANMOL.NS,16.8700008392334,10.898500108718872,10.64080005645752,11.768250007629394,True,True,True,17.739999771118164,8.399999618530273,-4.9,100.83,False,False
ANNAPURNA.NS,137.9499969482422,147.1714988708496,140.34059951782226,167.43514972686768,False,False,False,287.0,120.75,-51.93,14.24,False,False
ANSALAPI.NS,3.3399999141693115,3.3450000047683717,3.1718000030517577,3.4033000087738037,False,True,False,5.300000190734863,2.509999990463257,-36.98,33.07,False,False
ANTELOPUS.NS,1139.3499755859375,900.7100006103516,859.4140002441407,661.3349980163574,True,True,True,1218.300048828125,357.0,-6.48,219.15,False,False
ANTGRAPHIC.NS,0.75,0.7340000152587891,0.7476000034809113,0.8439000016450882,True,True,False,1.1699999570846558,0.6399999856948853,-35.9,17.19,False,False
ANTHEM.NS,940.9000244140625,913.8474975585938,845.0880029296875,735.6505020141601,True,True,True,977.5499877929688,579.1500244140625,-3.75,62.46,False,False
ANUHPHR.NS,94.86000061035156,82.67050018310547,80.57299987792969,78.57964988708495,True,True,True,99.5,67.0,-4.66,41.58,False,False
ANUP.NS,1664.300048828125,1786.955010986328,1983.9259985351562,1977.1534979248047,False,False,False,2576.0,1422.300048828125,-35.39,17.01,False,False
ANURAS.NS,1219.4000244140625,1240.6350036621093,1239.0140087890625,1280.2920043945312,False,False,False,1415.0,1045.199951171875,-13.82,16.67,False,False
APARINDS.NS,17500.0,17206.05,15662.2,12012.6225,True,True,True,18465.0,6801.0,-5.23,157.32,False,False
APCL.NS,98.16000366210938,101.64750061035156,102.78140029907226,116.44869979858399,False,False,False,148.77999877929688,97.25,-34.02,0.94,False,True
APCOTEXIND.NS,601.1500244140625,620.6625061035156,590.9069970703125,454.7949998474121,False,True,True,712.0,310.45001220703125,-15.57,93.64,False,False
APEX.NS,368.5,387.9850021362305,387.5220007324219,377.4027496337891,False,False,False,514.5,217.99000549316406,-28.38,69.04,False,False
APLAPOLLO.NS,2153.5,2174.3550048828124,1997.3500048828125,1958.0189971923828,False,True,True,2301.39990234375,1653.300048828125,-6.43,30.25,False,False
APLLTD.NS,810.9500122070312,819.2300048828125,821.5280017089843,785.1472509765625,False,False,True,998.0,635.7999877929688,-18.74,27.55,False,False
APOLLO.NS,422.25,393.4825012207031,394.96800048828123,311.6111999511719,True,True,True,466.5,179.5,-9.49,135.24,False,False
APOLLOHOSP.NS,8836.0,8799.6,8840.09,7928.95,True,False,True,9050.0,6696.5,-2.36,31.95,False,False
APOLLOPIPE.NS,554.9000244140625,601.1574920654297,542.1039965820313,427.46399925231935,False,True,True,668.7999877929688,252.10000610351562,-17.03,120.11,False,False
APOLLOTYRE.NS,417.6499938964844,432.8524993896484,434.5010009765625,447.86824966430663,False,False,False,540.5,365.29998779296875,-22.73,14.33,False,False
APOLSINHOT.NS,1226.699951171875,1213.5999938964844,1217.7279931640626,1211.1357479858398,True,True,True,1457.5999755859375,950.0,-15.84,29.13,False,False
APTECHT.NS,88.19999694824219,91.09099960327148,93.66359970092773,94.18809986114502,False,False,False,137.0800018310547,69.0999984741211,-35.66,27.64,False,False
APTUS.NS,249.11000061035156,254.7925003051758,269.0000003051758,261.09670059204103,False,False,False,353.25,193.02999877929688,-29.48,29.05,False,False
AQYLON.NS,21.239999771118164,22.90450029373169,27.8492000579834,264.53620132446287,False,False,False,1714.9000244140625,19.65999984741211,-98.76,8.04,False,False
ARCHIDPLY.NS,101.95999908447266,102.7490005493164,90.9084001159668,84.93935007095337,False,True,True,124.77999877929688,60.0,-18.29,69.93,False,False
ARCHIES.NS,12.1899995803833,13.272499895095825,13.700799999237061,15.218600006103516,False,False,False,24.3799991607666,10.859999656677246,-50.0,12.25,False,False
ARE&M.NS,813.9000244140625,888.6350036621094,897.2450024414062,862.4485034179687,False,False,False,1057.8499755859375,670.0,-23.06,21.48,False,False
ARENTERP.NS,33.34000015258789,36.16550064086914,37.350400314331054,40.6226000213623,False,False,False,60.790000915527344,30.010000228881836,-45.16,11.1,False,False
ARFIN.NS,85.9800033569336,86.41849975585937,87.10219970703125,82.15089998245239,False,False,True,106.19999694824219,36.25,-19.04,137.19,False,False
ARIES.NS,475.6000061035156,467.0175018310547,394.37300048828126,353.4359989929199,True,True,True,517.9000244140625,285.3500061035156,-8.17,66.67,False,False
ARIHANTCAP.NS,79.0,77.44099998474121,76.30499954223633,76.90024997711181,True,True,True,120.0,56.970001220703125,-34.17,38.67,False,False
ARIHANTSUP.NS,218.4499969482422,244.74250030517578,254.75400024414063,269.45670013427736,False,False,False,465.0,188.8000030517578,-53.02,15.7,False,False
ARIS.NS,125.45999908447266,135.82699966430664,127.70100021362305,120.58155002593995,False,False,True,178.3000030517578,82.18000030517578,-29.64,52.66,False,False
ARKADE.NS,122.02999877929688,125.8845001220703,132.12919967651368,124.54740009307861,False,False,False,185.3000030517578,92.62000274658203,-34.14,31.75,False,False
ARMANFIN.NS,2011.300048828125,1982.2800048828126,1948.766005859375,1670.6405023193358,True,True,True,2158.60009765625,1301.0,-6.82,54.6,False,False
AROGRANITE.NS,23.3799991607666,24.70600004196167,25.059000091552733,26.699700050354004,False,False,False,45.630001068115234,18.670000076293945,-48.76,25.23,False,False
ARROWGREEN.NS,813.0,745.5225006103516,725.102998046875,553.8087498474121,True,True,True,824.0,341.95001220703125,-1.33,137.75,False,False
ARSHIYA.NS,0.7599999904632568,0.8245000064373016,0.9248000025749207,1.197450004220009,False,False,False,2.190000057220459,0.6800000071525574,-65.3,11.76,False,False
ARTEMISMED.NS,330.54998779296875,328.41999969482424,305.79400024414065,265.8704493713379,True,True,True,362.0,203.35000610351562,-8.69,62.55,False,False
ARTNIRMAN.NS,39.91999816894531,40.741500282287596,40.42159996032715,42.13075011253357,False,False,False,66.97000122070312,29.389999389648438,-40.39,35.83,False,False
ARVEE.NS,180.69000244140625,174.00449981689454,165.455,168.90264991760253,True,True,True,290.7799987792969,129.11000061035156,-37.86,39.95,False,False
ARVIND.NS,575.0999755859375,551.842495727539,542.8419958496094,427.1012481689453,True,True,True,607.1500244140625,277.8999938964844,-5.28,106.94,False,False
ARVINDFASN.NS,446.5,446.00249633789065,455.5559973144531,459.9444985961914,True,False,False,579.0,366.20001220703125,-22.88,21.93,False,False
ARVSMART.NS,598.0499877929688,650.9499969482422,626.8559997558593,590.4142488098145,False,False,True,707.8499755859375,486.79998779296875,-15.51,22.85,False,False
ASAHIINDIA.NS,985.7999877929688,956.9750030517578,918.3650024414062,911.0635021972656,True,True,True,1074.0,775.0999755859375,-8.21,27.18,False,False
ASAHISONG.NS,363.95001220703125,368.48999938964846,338.2730014038086,264.0047505187988,False,True,True,413.95001220703125,179.63999938964844,-12.08,102.6,False,False
ASAL.NS,462.3999938964844,483.8499984741211,501.6889990234375,482.0574990844727,False,False,False,654.6500244140625,374.5,-29.37,23.47,False,False
ASALCBR.NS,676.7000122070312,710.0875030517578,759.4910021972656,833.1709997558594,False,False,False,1277.0,660.6500244140625,-47.01,2.43,False,False
ASHAPURMIN.NS,542.9000244140625,569.4850006103516,635.9469995117188,654.5314994812012,False,False,False,924.9000244140625,455.1000061035156,-41.3,19.29,False,False
ASHIANA.NS,346.75,362.02249603271486,373.4029968261719,337.0002503967285,False,False,True,435.8999938964844,269.45001220703125,-20.45,28.69,False,False
ASHIMASYN.NS,16.610000610351562,17.79699993133545,17.1389999961853,16.478300013542174,False,False,True,26.0,11.5,-36.12,44.43,False,False
ASHOKA.NS,113.86000061035156,114.49600028991699,119.87420043945312,135.11235034942626,False,False,False,214.5,101.0,-46.92,12.73,False,False
ASHOKAMET.NS,17.200000762939453,13.940999984741211,14.191600017547607,14.917149982452393,True,True,True,21.0,12.130000114440918,-18.1,41.8,False,False
ASHOKLEY.NS,163.75,172.09200057983398,166.63640045166017,171.768150100708,False,False,False,215.4199981689453,132.25999450683594,-23.99,23.81,False,False
ASIANENE.NS,535.0999755859375,486.4774963378906,416.8879962158203,329.81569900512693,True,True,True,565.7000122070312,230.0,-5.41,132.65,False,False
ASIANHOTNR.NS,378.79998779296875,339.59000091552736,322.1170001220703,308.4645004272461,True,True,True,423.79998779296875,247.5,-10.62,53.05,False,False
ASIANPAINT.NS,2472.5,2581.3150146484377,2661.01599609375,2591.098997802734,False,False,False,2985.699951171875,2115.0,-17.19,16.9,False,False
ASIANTILES.NS,50.34000015258789,48.36900005340576,50.245399932861325,61.98850002288818,True,True,False,79.05999755859375,42.5,-36.33,18.45,False,False
ASKAUTOLTD.NS,624.5499877929688,627.0925018310547,572.7520025634766,478.66324966430665,False,True,True,687.7000122070312,375.29998779296875,-9.18,66.41,False,False
ASMS.NS,6.880000114440918,7.007500028610229,7.0866000270843506,8.937299990653992,False,False,False,17.600000381469727,6.659999847412109,-60.91,3.3,False,False
ASPINWALL.NS,260.5,252.81049728393555,248.8013995361328,233.83989990234375,True,True,True,299.79998779296875,200.25,-13.11,30.09,False,False
ASTEC.NS,699.7999877929688,606.9849975585937,635.2740002441407,671.2710025024414,True,True,True,941.75,513.4000244140625,-25.69,36.31,False,False
ASTERDM.NS,763.0499877929688,775.7824981689453,800.3570031738282,702.0985000610351,False,False,True,891.2999877929688,519.0999755859375,-14.39,46.99,False,False
ASTRAL.NS,1411.4000244140625,1511.535009765625,1454.6960083007812,1507.198999633789,False,False,False,1768.699951171875,1311.5999755859375,-20.2,7.61,False,False
ASTRAMICRO.NS,1680.5999755859375,1696.4199951171875,1740.7719970703124,1255.1674966430664,False,False,True,1960.0,851.0,-14.26,97.49,False,False
ASTRAZEN.NS,6764.5,7161.65,7729.5,8367.8675,False,False,False,9849.5,6801.0,-31.32,-0.54,False,True
ASTRON.NS,2.940000057220459,3.0985000014305113,3.5194000005722046,4.374950008392334,False,False,False,18.889999389648438,2.869999885559082,-84.44,2.44,False,False
ATALREAL.NS,13.75,29.188500022888185,30.63659999847412,27.30504994392395,False,False,False,36.70000076293945,15.270000457763672,-62.53,-9.95,False,True
ATAM.NS,55.380001068115234,56.15849990844727,62.27720001220703,69.56300001144409,False,False,False,111.0,48.5,-50.11,14.19,False,False
ATGL.NS,594.7999877929688,630.8524993896484,661.9590002441406,614.5460008239746,False,False,False,859.8499755859375,462.79998779296875,-30.83,28.52,False,False
ATHERENERG.NS,1656.0,1561.1700012207032,1411.0539990234374,955.1129989624023,True,True,True,1744.0,522.0499877929688,-5.05,217.21,False,False
ATL.NS,25.18000030517578,25.179499912261964,24.257599906921385,24.922149972915648,True,True,True,40.5099983215332,18.200000762939453,-37.84,38.35,False,False
ATLANTAA.NS,37.220001220703125,38.538500022888186,38.47339988708496,40.77450008392334,False,False,False,73.38999938964844,31.520000457763672,-49.28,18.08,False,False
ATLASCYCLE.NS,95.70999908447266,97.86400032043457,97.74320022583008,96.29665016174316,False,False,False,131.0,76.1500015258789,-26.94,25.69,False,False
ATUL.NS,6244.5,6474.175,6490.83,6420.53,False,False,False,7180.0,5560.5,-13.03,12.3,False,False
ATULAUTO.NS,445.6000061035156,476.72999877929686,492.61,465.0394987487793,False,False,False,596.5499877929688,380.04998779296875,-25.3,17.25,False,False
AUBANK.NS,1058.9000244140625,1082.6649841308595,1060.7179956054688,1001.3474990844727,False,False,True,1144.0999755859375,694.8499755859375,-7.45,52.39,False,False
AURIONPRO.NS,680.8499755859375,692.6875,752.0720031738281,874.0729992675781,False,False,False,1296.800048828125,663.0,-47.5,2.69,False,False
AUROPHARMA.NS,1679.800048828125,1647.860009765625,1608.2080029296876,1384.8549975585938,True,True,True,1717.0,1035.4000244140625,-2.17,62.24,False,False
AURUM.NS,224.02000427246094,227.44749908447267,227.26659973144533,192.35529983520507,False,False,True,264.6400146484375,151.89999389648438,-15.35,47.48,False,False
AURUS.NS,4.889999866485596,4.7029999732971195,4.681799964904785,4.963349995613098,True,True,False,7.489999771118164,4.099999904632568,-34.71,19.27,False,False
AUSOMENT.NS,152.58999633789062,150.34299926757814,139.11339950561523,122.66399974822998,True,True,True,178.0,93.0,-14.28,64.08,False,False
AUTOAXLES.NS,1678.0,1725.3399963378906,1778.8599975585937,1813.8684973144532,False,False,False,2115.0,1540.199951171875,-20.66,8.95,False,False
AUTOIND.NS,82.83000183105469,88.54249954223633,90.24699966430664,77.67849981307984,False,False,True,104.0,48.349998474121094,-20.36,71.31,False,False
AVADHSUGAR.NS,769.5999755859375,796.1625,650.3979986572266,472.36200073242185,False,True,True,884.7999877929688,306.04998779296875,-13.02,151.46,False,False
AVALON.NS,2264.5,2211.005029296875,1946.5720141601562,1328.5672555541992,True,True,True,2400.0,777.2999877929688,-5.65,191.33,False,False
AVANTEL.NS,156.4600067138672,158.4720016479492,164.38820068359374,156.22540000915527,False,False,True,215.0,117.05000305175781,-27.23,33.67,False,False
AVANTIFEED.NS,798.5999755859375,830.7,894.6439978027344,1049.8867489624024,False,False,False,1593.800048828125,631.6500244140625,-49.89,26.43,False,False
AVG.NS,176.41000366210938,182.5720016479492,196.25240051269532,171.24530410766602,False,False,True,264.42999267578125,116.66000366210938,-33.29,51.22,False,False
AVL.NS,616.4500122070312,601.7299957275391,618.6339990234375,541.4627491760253,True,False,True,705.0,436.54998779296875,-12.56,41.21,False,False
AVONMORE.NS,14.0,13.551500034332275,11.691399993896484,13.26600001335144,True,True,True,23.899999618530273,9.050000190734863,-41.42,54.7,False,False
AVROIND.NS,7.809999942779541,8.862000107765198,9.045400075912475,11.309985058307648,False,False,False,15.989999771118164,8.0,-51.16,-2.38,False,True
AVTNPL.NS,90.12999725341797,88.2639991760254,77.63099960327149,69.07754995346069,True,True,True,97.0,53.5,-7.08,68.47,False,False
AWFIS.NS,293.20001220703125,263.10000076293943,275.4010000610352,342.73539947509767,True,True,False,639.4000244140625,229.0500030517578,-54.14,28.01,False,False
AWHCL.NS,366.5,379.00999755859374,414.0789990234375,464.4037495422363,False,False,False,616.0,361.0,-40.5,1.52,False,False
AWL.NS,185.02000427246094,191.77350006103515,190.80200012207033,201.14175018310547,False,False,False,282.8999938964844,171.19000244140625,-34.6,8.08,False,False
AXISBANK.NS,1246.0,1249.690008544922,1261.8200073242188,1288.3675018310546,False,False,False,1418.300048828125,1048.699951171875,-12.15,18.81,False,False
AXISCADES.NS,1831.800048828125,1664.219989013672,1609.342001953125,1585.6725042724609,True,True,True,2211.0,1063.300048828125,-17.15,72.27,False,False
AXITA.NS,7.980000019073486,7.79500002861023,7.550600023269653,8.53865897655487,True,True,False,12.199999809265137,6.570000171661377,-34.59,21.46,False,False
AYMSYNTEX.NS,281.6499938964844,278.97250213623045,257.9208013916016,208.78940017700197,True,True,True,330.0,141.52999877929688,-14.65,99.0,False,False
AZAD.NS,2849.10009765625,2821.225,2571.536015625,1977.1880072021484,True,True,True,2986.60009765625,1360.0,-4.6,109.49,False,False
BAFNAPH.NS,301.45001220703125,279.6200035095215,256.8960012817383,167.17340003967286,True,True,True,318.5,94.7699966430664,-5.35,218.09,False,False
BAGFILMS.NS,4.440000057220459,4.452000021934509,4.463400011062622,5.144699997901917,False,False,False,8.0,3.609999895095825,-44.5,22.99,False,False
BAIDFIN.NS,11.880000114440918,10.272499942779541,10.151199951171876,10.630899982452393,True,True,True,12.979999542236328,8.800000190734863,-8.47,35.0,False,False
BAJAJ-AUTO.NS,11678.0,11843.25,11346.19,10079.475,False,True,True,12470.0,8491.5,-6.35,37.53,False,False
BAJAJCON.NS,520.5,488.9700012207031,533.087001953125,436.92425140380857,True,False,True,692.0,220.10000610351562,-24.78,136.48,False,False
BAJAJELEC.NS,335.29998779296875,339.70999908447266,339.79799987792967,377.6512503051758,False,False,False,653.7999877929688,301.0,-48.72,11.4,False,False
BAJAJFINSV.NS,1913.5,1985.4099914550782,1960.9399975585939,1900.8289978027344,False,False,True,2195.0,1597.0,-12.82,19.82,False,False
BAJAJHCARE.NS,334.04998779296875,326.4200012207031,333.9580010986328,342.4069999694824,True,True,False,515.9000244140625,272.3500061035156,-35.25,22.65,False,False
BAJAJHFL.NS,84.11000061035156,84.06099967956543,85.44779968261719,87.71179969787597,True,False,False,117.0,72.6500015258789,-28.11,15.77,False,False
BAJAJHIND.NS,20.940000534057617,21.71300001144409,19.111600036621095,18.230649957656862,False,True,True,26.0,14.850000381469727,-19.46,41.01,False,False
BAJAJHLDNG.NS,11134.0,11248.85,11057.86,10681.365,False,True,True,13880.0,8588.0,-19.78,29.65,False,False
BAJAJINDEF.NS,228.57000732421875,221.3025001525879,229.6601998901367,269.97555015563967,True,False,False,442.6000061035156,207.25,-48.36,10.29,False,False
BAJEL.NS,179.88999938964844,186.30349884033203,184.76139923095704,175.75075004577636,False,False,True,226.69000244140625,135.10000610351562,-20.64,33.15,False,False
BAJFINANCE.NS,1034.5,1068.690008544922,1067.3500061035156,977.7410015869141,False,False,True,1176.4000244140625,787.9000244140625,-12.06,31.3,False,False
BALAJEE.NS,25.139999389648438,26.216999816894532,27.19679988861084,31.302549953460694,False,False,False,55.70000076293945,21.100000381469727,-54.87,19.15,False,False
BALAJITELE.NS,90.62999725341797,93.01499938964844,89.94199996948242,95.0570000076294,False,True,False,141.32000732421875,69.5199966430664,-35.87,30.37,False,False
BALAMINES.NS,2276.5,2319.3650024414064,2251.0599926757814,1577.7785012817383,False,True,True,2629.800048828125,968.0999755859375,-13.43,135.15,False,False
BALAXI.NS,23.389999389648438,23.419499969482423,23.807000007629394,24.696350040435792,False,False,False,47.869998931884766,15.199999809265137,-51.14,53.88,False,False
BALKRISHNA.NS,16.100000381469727,17.069000053405762,17.51880012512207,17.70520004749298,False,False,False,25.969999313354492,12.0,-38.01,34.17,False,False
BALKRISIND.NS,2164.60009765625,2318.2200317382812,2275.5160009765623,2291.555003051758,False,False,False,2775.0,1970.0,-22.0,9.88,False,False
BALMLAWRIE.NS,168.72000122070312,175.13249969482422,176.12039947509766,177.3051000213623,False,False,False,238.1999969482422,148.36000061035156,-29.17,13.72,False,False
BALPHARMA.NS,107.41999816894531,89.95950012207031,87.81859985351562,78.92889995574951,True,True,True,124.5999984741211,60.0,-13.79,79.03,False,False
BALRAMCHIN.NS,691.4000244140625,687.2824920654297,639.28599609375,522.7462495422363,True,True,True,780.9500122070312,393.54998779296875,-11.47,75.68,False,False
BALUFORGE.NS,533.4000244140625,576.7075012207031,500.5820007324219,496.03074966430665,False,True,True,697.0,341.04998779296875,-23.47,56.4,False,False
BANARBEADS.NS,107.55999755859375,112.97649993896485,113.76659973144531,114.73624984741211,False,False,False,164.6999969482422,96.05000305175781,-34.69,11.98,False,False
BANARISUG.NS,3517.60009765625,3776.0699829101563,3599.7340087890625,3600.894500732422,False,False,False,4338.0,3105.199951171875,-18.91,13.28,False,False
BANCOINDIA.NS,615.0,623.0250061035156,639.4559997558594,635.2967500305176,False,False,False,879.7999877929688,502.0,-30.1,22.51,False,False
BANDHANBNK.NS,176.52000427246094,169.832999420166,180.11719940185546,174.3953998565674,True,False,True,220.75999450683594,134.25,-20.04,31.49,False,False
BANG.NS,35.119998931884766,32.68699998855591,30.718399963378907,38.14389991760254,True,True,False,62.06999969482422,25.84000015258789,-43.42,35.91,False,False
BANKA.NS,81.77999877929688,79.03050003051757,85.11360000610351,73.71149993896485,True,False,True,97.87999725341797,41.0,-16.45,99.46,False,False
BANKBARODA.NS,238.1300048828125,240.767000579834,244.38240020751954,273.5661999511719,False,False,False,325.5,234.0500030517578,-26.84,1.74,False,False
BANKINDIA.NS,140.0,142.78300094604492,142.2686001586914,147.55775016784668,False,False,False,178.36000061035156,112.9000015258789,-21.51,24.0,False,False
BANSALWIRE.NS,309.3500061035156,317.78499908447264,320.9920001220703,300.20634963989255,False,False,True,370.0,222.5,-16.39,39.03,False,False
BANSWRAS.NS,112.83999633789062,116.81049919128418,122.32359954833984,118.0149496459961,False,False,False,144.0,93.7300033569336,-21.64,20.39,False,False
BASF.NS,3661.5,3839.95,3803.226005859375,3686.6484948730467,False,False,False,4829.89990234375,3122.199951171875,-24.19,17.27,False,False
BASML.NS,24.600000381469727,24.97750005722046,26.019600105285644,24.825250062942505,False,False,False,31.899999618530273,17.049999237060547,-22.88,44.28,False,False
BATAINDIA.NS,648.6500244140625,687.0374969482422,694.725,765.1854995727539,False,False,False,1282.5,605.0,-49.42,7.21,False,False
BAYERCROP.NS,3974.10009765625,4028.755017089844,4130.501997070312,4416.303489990234,False,False,False,5489.0,3935.0,-27.6,0.99,False,True
BBL.NS,2246.5,2314.72998046875,2455.7919775390624,2617.319997558594,False,False,False,3411.0,2051.699951171875,-34.14,9.49,False,False
BBOX.NS,800.7999877929688,753.6375030517578,790.1550024414063,685.6965014648438,True,True,True,1103.0,443.04998779296875,-27.4,80.75,False,False
BBTC.NS,1423.5,1473.9249877929688,1490.779990234375,1608.2344958496094,False,False,False,2135.0,1314.5999755859375,-33.33,8.28,False,False
BBTCL.NS,227.50999450683594,234.21650009155275,225.46380004882812,201.54455017089845,False,True,True,262.0,156.0,-13.16,45.84,False,False
BCG.NS,9.989999771118164,9.36799988746643,9.481799983978272,10.03979998588562,True,True,False,16.389999389648438,7.699999809265137,-39.05,29.74,False,False
BCLIND.NS,34.18000030517578,36.371000099182126,36.10740020751953,32.86535012245178,False,False,True,44.900001525878906,25.530000686645508,-23.88,33.88,False,False
BCONCEPTS.NS,156.55999755859375,161.02850036621095,178.49640075683592,237.17730010986327,False,False,False,449.0,151.60000610351562,-65.13,3.27,False,False
BDL.NS,1190.0,1303.9249938964845,1297.94,1340.346499633789,False,False,False,1654.0,1086.0,-28.05,9.58,False,False
BEARDSELL.NS,24.670000076293945,25.49650001525879,26.624400062561037,27.19515001296997,False,False,False,38.599998474121094,20.020000457763672,-36.09,23.23,False,False
BECTORFOOD.NS,242.5,242.6925018310547,217.8880010986328,210.07245010375976,False,True,True,286.79998779296875,165.0,-15.45,46.97,False,False
BEDMUTHA.NS,103.94000244140625,108.6610008239746,109.53560104370118,113.53260055541992,False,False,False,154.89999389648438,94.55000305175781,-32.9,9.93,False,False
BEL.NS,404.3500061035156,409.2175018310547,406.1780010986328,418.90250076293944,False,False,False,473.45001220703125,373.04998779296875,-14.59,8.39,False,False
BELLACASA.NS,256.5199890136719,238.34999771118163,242.08459930419923,282.71399955749513,True,True,False,497.3500061035156,214.67999267578125,-48.42,19.49,False,False
BELRISE.NS,228.0,231.6164978027344,234.98139923095704,205.21790031433105,False,False,True,268.20001220703125,139.5,-14.99,63.44,False,False
BEML.NS,2023.4000244140625,1992.4600036621093,1877.3419970703126,1770.6295007324218,True,True,True,2275.75,1355.0,-11.09,49.33,False,False
BEPL.NS,128.0800018310547,126.33649978637695,119.5281997680664,97.80254997253418,True,True,True,138.5,74.19999694824219,-7.52,72.61,False,False
BERGEPAINT.NS,458.04998779296875,503.7174987792969,509.7929986572266,496.625,False,False,False,594.5499877929688,391.1000061035156,-22.96,17.12,False,False
BESTAGRO.NS,19.049999237060547,18.461499977111817,17.598799991607667,19.02163330554962,True,True,True,34.400001525878906,12.300000190734863,-44.62,54.88,False,False
BETA.NS,2118.5,2257.1849853515623,2292.0579833984375,1666.8314959716797,False,False,True,2807.89990234375,990.0999755859375,-24.55,113.97,False,False
BFINVEST.NS,448.29998779296875,452.257502746582,460.4370007324219,420.9997505187988,False,False,True,584.7000122070312,315.0,-23.33,42.32,False,False
BFUTILITIE.NS,548.9000244140625,524.7250030517578,558.9480004882812,557.7865000915527,True,False,False,898.7000122070312,368.70001220703125,-38.92,48.87,False,False
BGLOBAL.NS,3.200000047683716,3.167500078678131,3.172000002861023,3.185299996137619,True,True,True,4.599999904632568,2.619999885559082,-30.43,22.14,False,False
BGRENERGY.NS,232.77999877929688,246.57099990844728,269.2134005737305,311.87245002746585,False,False,False,490.79998779296875,207.66000366210938,-52.57,12.1,False,False
BHAGCHEM.NS,258.75,276.1,278.2420007324219,242.51595039367675,False,False,True,316.8999938964844,170.60000610351562,-18.35,51.67,False,False
BHAGERIA.NS,317.04998779296875,251.06949844360352,226.87220001220703,185.0292504119873,True,True,True,342.0,127.51000213623047,-7.3,148.65,False,False
BHAGYANGR.NS,422.54998779296875,389.3574981689453,386.9910003662109,256.07465000152587,True,True,True,432.29998779296875,88.25,-2.26,378.81,False,False
BHANDARI.NS,3.0,3.009499979019165,2.944399995803833,3.3073725390434263,False,True,False,5.130000114440918,2.0,-41.52,50.0,False,False
BHARATFORG.NS,1944.9000244140625,2026.8049865722655,2101.1100024414063,1824.2025036621094,False,False,True,2295.0,1170.0999755859375,-15.25,66.22,False,False
BHARATGEAR.NS,101.13999938964844,102.40899925231933,112.52619964599609,110.47114990234375,False,False,False,154.1999969482422,83.80000305175781,-34.41,20.69,False,False
BHARATRAS.NS,1157.9000244140625,1240.679998779297,1293.4920043945312,1602.8547509765624,False,False,False,2987.5,1150.0999755859375,-61.24,0.68,False,True
BHARATSE.NS,217.47000122070312,223.98200149536132,227.4886004638672,189.42955001831055,False,False,True,263.17999267578125,133.60000610351562,-17.37,62.78,False,False
BHARATWIRE.NS,172.47999572753906,182.8419982910156,194.62739959716797,191.2669499206543,False,False,False,262.0,148.00999450683594,-34.17,16.53,False,False
BHARTIARTL.NS,1831.0999755859375,1885.0849975585938,1915.8740014648438,1926.4120013427735,False,False,False,2174.5,1740.5,-15.79,5.21,False,False
BHARTIHEXA.NS,1545.0,1561.025,1575.6660034179688,1592.4429974365235,False,False,False,1955.5999755859375,1430.0,-21.0,8.04,False,False
BHEL.NS,431.0,425.6675003051758,415.0770007324219,338.84145072937014,True,True,True,446.5,214.0500030517578,-3.47,101.35,False,False
BIGBLOC.NS,40.790000915527344,42.386000061035155,45.10240005493164,53.43784996032715,False,False,False,80.0,38.0,-49.01,7.34,False,False
BIKAJI.NS,548.25,597.9200073242188,621.8690063476563,656.8415017700195,False,False,False,801.2999877929688,565.0,-31.58,-2.96,False,True
BIL.NS,1073.0,896.629995727539,816.2899975585938,769.8960000610351,True,True,True,1150.0,602.0,-6.7,78.24,False,False
BILVYAPAR.NS,3.950000047683716,4.075999999046326,4.092599978446961,5.611149995326996,False,False,False,14.699999809265137,3.799999952316284,-73.13,3.95,False,False
BIOCON.NS,390.6499938964844,405.917497253418,418.35,395.86349960327146,False,False,False,447.1499938964844,337.04998779296875,-12.64,15.9,False,False
BIOFILCHEM.NS,34.5099983215332,32.24750013351441,32.71399993896485,33.32464998245239,True,True,True,46.34000015258789,25.600000381469727,-25.53,34.8,False,False
BIRLACABLE.NS,392.3500061035156,313.09849853515624,251.79140014648436,177.4087001800537,True,True,True,376.54998779296875,104.0,4.2,277.26,True,False
BIRLACORPN.NS,825.1500244140625,875.0550048828125,914.8280029296875,975.6275021362304,False,False,False,1346.0999755859375,769.5999755859375,-38.7,7.22,False,False
BIRLAMONEY.NS,121.19000244140625,126.99799995422363,133.2236006164551,135.00470001220702,False,False,False,197.38999938964844,95.0,-38.6,27.57,False,False
BIRLANU.NS,1448.4000244140625,1480.3800048828125,1426.33,1479.6644958496095,False,True,False,2086.89990234375,1190.0999755859375,-30.6,21.7,False,False
BLACKBUCK.NS,628.1500244140625,595.1325012207031,575.5889990234375,586.1267486572266,True,True,True,748.0,496.0,-16.02,26.64,False,False
BLAL.NS,161.47000122070312,165.78199996948243,173.32040008544922,185.74314964294433,False,False,False,233.8000030517578,155.5,-30.94,3.84,False,False
BLBLIMITED.NS,16.1299991607666,16.238500022888182,16.046800079345704,15.83925003528595,False,True,True,22.469999313354492,12.0,-28.22,34.42,False,False
BLISSGVS.NS,720.9500122070312,610.3549987792969,536.7549987792969,326.4377494812012,True,True,True,725.9000244140625,118.0,-0.68,510.97,False,False
BLKASHYAP.NS,53.90999984741211,54.860499954223634,55.11359992980957,52.48424983978271,False,False,True,73.0,40.31999969482422,-26.15,33.71,False,False
BLS.NS,231.5800018310547,246.5004997253418,245.60879943847655,271.908999710083,False,False,False,372.45001220703125,218.89999389648438,-37.82,5.79,False,False
BLSE.NS,312.79998779296875,318.9125,299.8747998046875,216.6425997161865,False,True,True,331.29998779296875,124.30000305175781,-5.58,151.65,False,False
BLUECHIP.NS,2.0999999046325684,2.052499997615814,1.9905999970436097,2.4223499977588654,True,True,False,4.320000171661377,1.649999976158142,-51.39,27.27,False,False
BLUECOAST.NS,22.18000030517578,23.09999990463257,25.18539993286133,27.999299993515013,False,False,False,71.47000122070312,18.56999969482422,-68.97,19.44,False,False
BLUEDART.NS,4830.89990234375,5016.230004882813,5013.703994140625,5219.210993652344,False,False,False,7036.0,4628.5,-31.34,4.37,False,False
BLUEJET.NS,568.5499877929688,583.9724945068359,587.1140002441406,488.9107493591309,False,False,True,722.7000122070312,325.0,-21.33,74.94,False,False
BLUESTARCO.NS,1558.0,1493.2350036621094,1580.2619995117188,1714.209998779297,True,False,False,2032.9000244140625,1432.300048828125,-23.36,8.78,False,False
BLUESTONE.NS,890.3499755859375,830.7425109863282,770.2320056152344,561.6462518310547,True,True,True,926.0,399.79998779296875,-3.85,122.7,False,False
BLUSPRING.NS,131.47999572753906,127.3870002746582,118.42560028076171,80.9480001449585,True,True,True,139.8000030517578,43.97999954223633,-5.95,198.95,False,False
BODALCHEM.NS,172.39999389648438,114.05600090026856,85.37420066833496,64.7287001800537,True,True,True,189.67999267578125,42.810001373291016,-9.11,302.71,False,False
BOHRAIND.NS,13.420000076293945,13.51100001335144,13.863800029754639,16.932050004005433,False,False,False,26.65999984741211,11.600000381469727,-49.66,15.69,False,False
BOMDYEING.NS,111.2699966430664,113.1650001525879,118.49020050048829,120.50435028076171,False,False,False,195.4499969482422,92.0,-43.07,20.95,False,False
BORANA.NS,313.3999938964844,312.1625030517578,317.7250012207031,328.5847503662109,True,False,False,420.0,213.5,-25.38,46.79,False,False
BOROLTD.NS,257.4800109863281,251.3005012512207,243.91720031738282,250.51889991760254,True,True,True,397.95001220703125,213.72999572753906,-35.3,20.47,False,False
BORORENEW.NS,495.6499938964844,519.8500045776367,560.9350018310547,522.3980012512206,False,False,False,721.0,374.3999938964844,-31.26,32.39,False,False
BOROSCI.NS,125.27999877929688,128.21850051879883,142.57800048828125,127.58959999084473,False,False,False,180.8000030517578,96.63999938964844,-30.71,29.64,False,False
BOSCH-HCIL.NS,1704.0,1736.6500061035156,1551.2800024414062,1422.7695007324219,False,True,True,1891.300048828125,1021.2999877929688,-9.9,66.85,False,False
BOSCHLTD.NS,48385.0,48344.75,44724.1,38349.8,True,True,True,50000.0,28610.0,-3.23,69.12,False,False
BPCL.NS,304.5,313.18749847412107,314.6049993896484,327.1837503051758,False,False,False,391.6499938964844,266.6000061035156,-22.25,14.22,False,False
BPL.NS,46.29999923706055,49.60150012969971,52.65540000915527,54.76985000610352,False,False,False,89.31999969482422,37.61000061035156,-48.16,23.11,False,False
BRIGADE.NS,638.6500244140625,644.2524993896484,593.9670007324219,573.3164988708496,False,True,True,802.0125122070312,450.75,-20.37,41.69,False,False
BRIGHOTEL.NS,56.5099983215332,58.833499908447266,60.38120018005371,63.360100173950194,False,False,False,88.2699966430664,54.36000061035156,-35.98,3.96,False,False
BRITANNIA.NS,4962.0,5249.1,5370.27,5615.9525,False,False,False,6319.5,4997.0,-21.48,-0.7,False,True
BRNL.NS,16.729999542236328,17.188000297546388,17.548800201416014,19.743400087356566,False,False,False,26.5,16.5,-36.87,1.39,False,False
BROOKS.NS,65.69000244140625,63.359000015258786,64.8068000793457,68.05685005187988,True,True,False,163.89999389648438,36.29999923706055,-59.92,80.96,False,False
BSE.NS,3384.0,3321.355017089844,3506.8040087890627,3292.3140063476562,True,False,True,4446.7998046875,2021.5,-23.9,67.4,False,False
BSHSL.NS,88.80000305175781,89.23749961853028,88.46499954223633,93.33019987106323,False,True,False,143.99000549316406,59.15999984741211,-38.33,50.1,False,False
BSL.NS,120.38999938964844,122.62199974060059,124.54579986572266,132.3840999984741,False,False,False,205.0,98.0,-41.27,22.85,False,False
BSOFT.NS,281.6499938964844,293.50999755859374,296.74399719238284,356.8597492980957,False,False,False,474.0,270.20001220703125,-40.58,4.24,False,False
BTML.NS,7.480000019073486,8.36100001335144,7.36480001449585,7.213050010204316,False,True,True,10.5,5.059999942779541,-28.76,47.83,False,False
BURNPUR.NS,16.709999084472656,16.86499981880188,25.784399967193604,31.196099991798402,False,False,False,33.0,11.130000114440918,-49.36,50.13,False,False
BUTTERFLY.NS,586.25,632.4149993896484,689.53900390625,650.0227490234375,False,False,False,823.8499755859375,565.7999877929688,-28.84,3.61,False,False
BVCL.NS,42.04999923706055,42.54900016784668,42.144799880981445,42.3217000579834,False,False,False,69.98999786376953,31.200000762939453,-39.92,34.78,False,False
BYKE.NS,31.049999237060547,31.700500011444092,32.64540008544922,40.39985000610351,False,False,False,76.7300033569336,26.25,-59.53,18.29,False,False
CALSOFT.NS,38.7400016784668,33.58300046920776,26.55260013580322,18.95305009841919,True,True,True,43.130001068115234,10.899999618530273,-10.18,255.41,False,False
CAMLINFINE.NS,101.68000030517578,105.10899963378907,116.82719970703126,131.67935005187988,False,False,False,235.0,96.20999908447266,-56.73,5.69,False,False
CAMPUS.NS,214.36000061035156,221.77899932861328,223.46399932861328,243.57744987487794,False,False,False,289.04998779296875,212.14999389648438,-25.84,1.04,False,False
CAMS.NS,711.0,747.3725006103516,767.4200012207032,744.8389511108398,False,False,False,844.9000244140625,611.4000244140625,-15.85,16.29,False,False
CANBK.NS,124.0,127.11750183105468,127.24360107421874,137.89909984588624,False,False,False,162.88999938964844,108.25,-23.88,14.55,False,False
CANFINHOME.NS,779.75,806.532504272461,833.9590002441406,866.5219989013672,False,False,False,971.5,733.0,-19.74,6.38,False,False
CANTABIL.NS,240.2100067138672,240.48750076293945,243.9480010986328,250.5052001953125,False,False,False,321.5,208.5,-25.28,15.21,False,False
CAPACITE.NS,191.97999572753906,210.58899993896483,218.0701998901367,234.37875053405762,False,False,False,334.0,180.0,-42.52,6.66,False,False
CAPITALSFB.NS,271.3500061035156,282.1125015258789,290.17400024414064,271.43490104675294,False,False,False,323.70001220703125,206.5500030517578,-16.17,31.37,False,False
CAPLIPOINT.NS,2754.89990234375,2619.209997558594,2593.7540087890625,2062.9174993896486,True,True,True,2877.300048828125,1500.300048828125,-4.25,83.62,False,False
CAPTRUST.NS,18.1200008392334,19.88050012588501,17.426600074768068,14.234700016975403,False,True,True,45.650001525878906,10.979999542236328,-60.31,65.03,False,False
CARBORUNIV.NS,1075.199951171875,1107.2249816894532,1097.9159912109376,957.4662487792968,False,False,True,1306.9000244140625,735.2000122070312,-17.73,46.25,False,False
CARERATING.NS,1650.5,1690.184991455078,1688.639990234375,1627.9424938964844,False,False,True,1838.0,1392.699951171875,-10.2,18.51,False,False
CARRARO.NS,538.4500122070312,536.4300018310547,538.1160046386718,533.2492529296875,True,True,True,667.5499877929688,416.0,-19.34,29.44,False,False
CARTRADE.NS,3087.89990234375,2994.1,2869.385986328125,2377.6059924316405,True,True,True,3290.5,1600.0,-6.16,92.99,False,False
CARYSIL.NS,1161.9000244140625,1150.3750061035157,1165.0800048828125,993.389250793457,True,False,True,1280.9000244140625,732.0999755859375,-9.29,58.71,False,False
CASTROLIND.NS,188.02999877929688,187.37500228881837,186.57140106201172,185.3836003112793,True,True,True,210.75,170.10000610351562,-10.78,10.54,False,False
CCAVENUE.NS,16.290000915527344,15.29700002670288,16.26859998703003,15.778249988555908,True,True,True,20.5,12.920000076293945,-20.54,26.08,False,False
CCCL.NS,13.90999984741211,14.798499965667725,15.49579990386963,16.312299971580504,False,False,False,28.8700008392334,12.760000228881836,-51.82,9.01,False,False
CCHHL.NS,12.369999885559082,12.622999954223634,12.69379991531372,13.466699981689453,False,False,False,19.5,10.029999732971191,-36.56,23.33,False,False
CCL.NS,1081.0,1105.9200012207032,1148.5079931640626,1071.7539996337891,False,False,True,1242.199951171875,815.5,-12.98,32.56,False,False
CDSL.NS,1360.0,1378.7950012207032,1366.6539965820311,1338.5040032958984,False,False,True,1673.699951171875,1116.300048828125,-18.74,21.83,False,False
CEATLTD.NS,3278.5,3446.9199829101562,3559.352001953125,3583.3035119628908,False,False,False,4438.0,3061.199951171875,-26.13,7.1,False,False
CEIGALL.NS,380.3999938964844,342.16749877929686,342.3519982910156,311.0703499603271,True,True,True,405.70001220703125,222.61000061035156,-6.24,70.88,False,False
CELEBRITY.NS,6.849999904632568,6.768499970436096,7.017599964141846,7.74844999551773,True,False,False,13.25,5.650000095367432,-48.3,21.24,False,False
CELLO.NS,332.79998779296875,350.58250122070314,356.8770001220703,428.6957496643066,False,False,False,673.7999877929688,336.0,-50.61,-0.95,False,True
CEMPRO.NS,1244.300048828125,1273.8300048828125,1369.7080029296876,936.4207501220703,False,False,True,1649.199951171875,503.29998779296875,-24.55,147.23,False,False
CENTENKA.NS,565.4000244140625,569.7375,569.7480017089844,479.43525192260745,False,False,True,671.6500244140625,371.20001220703125,-15.82,52.32,False,False
CENTEXT.NS,20.360000610351562,21.27391710281372,20.54996681213379,20.736941719055174,False,False,False,34.75,15.670000076293945,-41.41,29.93,False,False
CENTRALBK.NS,30.739999771118164,30.81649990081787,31.283400039672852,34.43885004043579,False,False,False,40.91999816894531,29.31999969482422,-24.88,4.84,False,False
CENTRUM.NS,22.34000015258789,23.16199998855591,23.894599990844725,24.98335000991821,False,False,False,38.5,19.65999984741211,-41.97,13.63,False,False
CENTUM.NS,4192.0,3657.084997558594,3656.9820068359377,2985.6465026855467,True,True,True,4450.0,2044.199951171875,-5.8,105.07,False,False
CENTURYPLY.NS,717.0499877929688,749.0725006103515,769.0020007324218,765.9302511596679,False,False,False,859.0,618.5,-16.53,15.93,False,False
CERA.NS,5587.5,5737.75,6002.99,5500.856499023437,False,False,True,6740.0,4461.10009765625,-17.1,25.25,False,False
CEREBRAINT.NS,2.859999895095825,2.7104999661445617,2.861199984550476,4.4135000050067905,True,False,False,10.079999923706055,2.4000000953674316,-71.63,19.17,False,False
CESC.NS,145.3699951171875,153.05550079345704,159.76739959716798,164.47864959716796,False,False,False,204.5,138.1199951171875,-28.91,5.25,False,False
CEWATER.NS,284.70001220703125,269.0949996948242,285.9230010986328,329.9070004272461,True,False,False,539.9000244140625,235.0,-47.27,21.15,False,False
CGCL.NS,266.0,251.64650115966796,244.79960144042968,199.62370040893555,True,True,True,287.45001220703125,151.10000610351562,-7.46,76.04,False,False
CGPOWER.NS,909.0,891.4375,889.7849975585938,782.5704989624023,True,True,True,980.9000244140625,525.5,-7.33,72.98,False,False
CHALET.NS,877.25,879.0925018310547,852.5450048828125,823.5525021362305,False,True,True,1070.0999755859375,691.3499755859375,-18.02,26.89,False,False
CHAMBLFERT.NS,418.79998779296875,424.49749755859375,440.0059991455078,447.6544996643066,False,False,False,559.0,399.75,-25.08,4.77,False,False
CHEMBOND.NS,217.1199951171875,180.5115005493164,179.45300079345702,162.39389991760254,True,True,True,236.8000030517578,105.1500015258789,-8.31,106.49,False,False
CHEMBONDCH.NS,262.20001220703125,265.11350173950194,253.32060119628906,183.8868004989624,False,True,True,290.0,104.8499984741211,-9.59,150.07,False,False
CHEMCON.NS,217.22999572753906,199.16799850463866,189.9373992919922,181.8809999847412,True,True,True,295.0,125.0,-26.36,73.78,False,False
CHEMFAB.NS,379.3500061035156,365.95750122070314,369.8,396.67524993896484,True,True,False,703.0,290.3500061035156,-46.04,30.65,False,False
CHEMPLASTS.NS,171.35000610351562,176.52999954223634,188.4751998901367,233.1942497253418,False,False,False,451.29998779296875,166.14999389648438,-62.03,3.13,False,False
CHENNPETRO.NS,1572.9000244140625,1432.2400024414062,1313.7580029296876,1062.1260006713867,True,True,True,1663.300048828125,716.7999877929688,-5.43,119.43,False,False
CHEVIOT.NS,1207.800048828125,1161.9000061035156,1149.97,1092.896496887207,True,True,True,1370.5,898.0,-11.87,34.5,False,False
CHOICEIN.NS,759.7999877929688,779.7000061035156,799.4840026855469,744.8402487182617,False,False,True,860.5,568.7000122070312,-11.7,33.6,False,False
CHOLAFIN.NS,1845.9000244140625,1857.1050048828124,1835.8120092773438,1681.5430029296874,False,True,True,1952.5,1299.4000244140625,-5.46,42.06,False,False
CHOLAHLDNG.NS,1528.5999755859375,1534.9,1566.4559912109376,1639.5314965820312,False,False,False,2064.0,1305.0,-25.94,17.13,False,False
CIEINDIA.NS,379.6499938964844,393.98499908447263,420.3389990234375,438.6042497253418,False,False,False,526.0,380.6000061035156,-27.82,-0.25,False,True
CIFL.NS,20.200000762939453,20.442000007629396,21.04400001525879,27.32365001678467,False,False,False,39.689998626708984,19.559999465942383,-49.11,3.27,False,False
CINELINE.NS,96.30999755859375,90.63550033569337,86.16300003051758,84.77225025177002,True,True,True,104.4000015258789,73.3499984741211,-7.75,31.3,False,False
CINEVISTA.NS,14.229999542236328,14.335499906539917,14.871399879455566,15.409699954986571,False,False,False,22.799999237060547,12.15999984741211,-37.59,17.02,False,False
CIPLA.NS,1366.0,1411.0999938964844,1432.3,1389.0160021972656,False,False,False,1673.0,1165.699951171875,-18.35,17.18,False,False
CLCIND.NS,48.93000030517578,48.1540002822876,51.32480010986328,87.57219993591309,True,False,False,280.0,8.539999961853027,-82.52,472.95,False,False
CLEAN.NS,842.0499877929688,833.3825042724609,792.3050012207032,797.4627487182618,True,True,True,1212.0,652.0,-30.52,29.15,False,False
CLEDUCATE.NS,59.18000030517578,61.10249996185303,59.167199783325195,59.2968998336792,False,True,False,113.45999908447266,35.47999954223633,-47.84,66.8,False,False
CLSEL.NS,296.5,296.9699996948242,288.61100036621093,270.9830506896973,False,True,True,324.79998779296875,203.75,-8.71,45.52,False,False
CMICABLES.NS,2.509999990463257,2.537499964237213,2.7259999990463255,3.7431000018119813,False,False,False,6.019999980926514,2.4100000858306885,-58.31,4.15,False,False
CMSINFO.NS,224.3800048828125,244.04700241088867,260.06980072021486,299.7837004852295,False,False,False,429.6499938964844,226.6999969482422,-47.78,-1.02,False,True
CNL.NS,1116.9000244140625,1213.6724975585937,1067.6479992675781,768.666999206543,False,True,True,1328.0,525.0,-15.9,112.74,False,False
COALINDIA.NS,426.3999938964844,411.17750091552733,417.38899963378907,431.19299957275393,True,True,False,491.25,369.6000061035156,-13.2,15.37,False,False
COASTCORP.NS,39.09000015258789,40.8064998626709,45.73539970397949,48.18264987945557,False,False,False,66.69999694824219,30.950000762939453,-41.39,26.3,False,False
COCHINSHIP.NS,1381.0,1499.0799987792968,1459.63599609375,1507.4724993896484,False,False,False,1979.9000244140625,1187.0,-30.25,16.34,False,False
COFFEEDAY.NS,31.670000076293945,30.507500076293944,31.061800003051758,30.682099990844726,True,True,True,48.4900016784668,21.0,-34.69,50.81,False,False
COFORGE.NS,1846.5,1901.1050048828124,1735.9200048828125,1524.7710028076172,False,True,True,2021.199951171875,1008.0999755859375,-8.64,83.17,False,False
COHANCE.NS,440.20001220703125,452.92750091552733,444.22100036621094,422.3682504272461,False,False,True,1027.0,266.70001220703125,-57.14,65.05,False,False
COLPAL.NS,1797.4000244140625,1858.5350036621094,1976.6680102539062,2056.9279949951174,False,False,False,2417.60009765625,1782.0,-25.65,0.86,False,True
COMPINFO.NS,1.100000023841858,1.0790000259876251,1.1268000102043152,1.3276000037789344,True,False,False,2.369999885559082,0.9100000262260437,-53.59,20.88,False,False
COMPUSOFT.NS,12.899999618530273,13.325499963760375,13.256999988555908,14.106150016784667,False,False,False,20.75,12.0,-37.83,7.5,False,False
COMSYN.NS,299.1499938964844,292.6375,242.7767999267578,177.94464973449706,True,True,True,314.8500061035156,136.44000244140625,-4.99,119.25,False,False
CONCOR.NS,499.25,511.08249816894534,503.4959985351563,494.89649948120115,False,False,True,569.7999877929688,421.45001220703125,-12.38,18.46,False,False
CONCORDBIO.NS,1505.699951171875,1499.679998779297,1403.3299975585937,1264.1914953613282,True,True,True,1704.0,987.0,-11.64,52.55,False,False
CONFIPET.NS,89.22000122070312,79.69350090026856,77.83780044555664,54.50895017623901,True,True,True,91.30000305175781,28.059999465942383,-2.28,217.96,False,False
CONSOFINVT.NS,301.5,279.15250091552736,278.19719970703125,224.23885032653808,True,True,True,320.0,152.0,-5.78,98.36,False,False
CONTROLPR.NS,588.7000122070312,588.95,603.1219982910156,641.5517477416993,False,False,False,899.0,517.0,-34.52,13.87,False,False
CORALFINAC.NS,32.15999984741211,33.38099975585938,33.18699989318848,34.25254992485046,False,False,False,50.900001525878906,25.010000228881836,-36.82,28.59,False,False
CORDSCABLE.NS,373.3999938964844,285.92749938964846,240.74320037841798,198.11949996948243,True,True,True,394.8999938964844,127.01000213623047,-5.44,193.99,False,False
COROMANDEL.NS,1929.0,1961.219989013672,2018.2760107421875,2085.030003051758,False,False,False,2499.0,1706.5,-22.81,13.04,False,False
COSMOFIRST.NS,874.9000244140625,928.1475036621093,893.6570007324219,745.2789990234374,False,False,True,996.0,560.7999877929688,-12.16,56.01,False,False
COUNCODOS.NS,6.400000095367432,6.687999987602234,6.334399995803833,5.464399998188019,False,True,True,8.890000343322754,3.7100000381469727,-28.01,72.51,False,False
CPCAP.NS,135.0800018310547,123.61100158691406,117.35640029907226,103.99805015563965,True,True,True,160.89999389648438,73.51000213623047,-16.05,83.76,False,False
CPEDU.NS,177.74000549316406,191.3759994506836,196.79239929199218,206.83605041503907,False,False,False,338.75,141.0,-47.53,26.06,False,False
CPPLUS.NS,3825.5,3596.74501953125,3592.4060009765626,2451.1370050048827,True,True,True,4094.0,1227.0,-6.56,211.78,False,False
CRAFTSMAN.NS,11669.0,11003.225,10194.85,8426.9725,True,True,True,11999.0,6324.0,-2.75,84.52,False,False
CREATIVEYE.NS,5.71999979019165,6.1375000238418576,6.150199995040894,6.626700005531311,False,False,False,8.829999923706055,5.159999847412109,-35.22,10.85,False,False
CREDITACC.NS,1424.199951171875,1447.9799926757812,1502.7859936523437,1346.6095025634766,False,False,True,1634.0,1113.0,-12.84,27.96,False,False
CREST.NS,355.25,362.6000015258789,369.46900268554685,364.37500106811524,False,False,False,418.0,298.1499938964844,-15.01,19.15,False,False
CRISIL.NS,4697.89990234375,4644.8400390625,4451.65201171875,4320.419008789063,True,True,True,5115.0,3686.0,-8.15,27.45,False,False
CRIZAC.NS,186.67999267578125,171.95149917602538,182.93719970703125,219.66330032348634,True,True,False,368.54998779296875,159.9499969482422,-49.35,16.71,False,False
CROMPTON.NS,231.0,238.33699951171874,250.43079833984376,256.95549911499023,False,False,False,328.04998779296875,217.39999389648438,-29.58,6.26,False,False
CROWN.NS,112.55000305175781,108.33599967956543,111.21399963378906,121.26030014038086,True,True,False,191.0,100.11000061035156,-41.07,12.43,False,False
CSBBANK.NS,305.70001220703125,326.2300003051758,336.12500061035155,381.10550018310545,False,False,False,574.4000244140625,306.20001220703125,-46.78,-0.16,False,True
CSLFINANCE.NS,220.97999572753906,231.9539993286133,223.5681997680664,248.10259979248048,False,False,False,324.70001220703125,209.6999969482422,-31.94,5.38,False,False
CTE.NS,41.369998931884766,44.39299983978272,37.68439987182617,34.34024997711182,False,True,True,59.93000030517578,20.510000228881836,-30.97,101.71,False,False
CUB.NS,227.32000732421875,226.45900039672853,221.94180053710937,206.338500289917,True,True,True,248.85000610351562,149.66250610351562,-8.65,51.89,False,False
CUBEXTUB.NS,77.0999984741211,78.43050003051758,78.83900009155273,92.56650028228759,False,False,False,143.69000244140625,73.0999984741211,-46.34,5.47,False,False
CUMMINSIND.NS,5070.0,5179.25,5370.91,4983.674484863282,False,False,True,6100.0,3833.0,-16.89,32.27,False,False
CUPID.NS,280.0,280.3134994506836,251.76939910888672,141.74760963439942,False,True,True,299.0,38.20199966430664,-6.35,632.95,False,False
CURAA.NS,79.61000061035156,71.728999710083,73.34880004882812,92.67869998931884,True,True,False,286.75,60.0,-72.24,32.68,False,False
CYBERMEDIA.NS,22.690000534057617,19.499000072479248,17.359600067138672,16.32944999694824,True,True,True,28.450000762939453,11.300000190734863,-20.25,100.8,False,False
CYBERTECH.NS,140.52999877929688,135.17250137329103,138.31260131835938,134.27525005340576,True,True,True,274.79998779296875,95.30000305175781,-48.86,47.46,False,False
CYIENT.NS,1059.4000244140625,1029.5,922.4550024414062,965.4280004882812,True,True,True,1284.699951171875,750.2999877929688,-17.54,41.2,False,False
CYIENTDLM.NS,904.4000244140625,813.3925018310547,699.656001586914,464.92350051879885,True,True,True,1009.0,265.20001220703125,-10.37,241.03,False,False
DABUR.NS,376.0,387.42750091552733,410.3810009765625,456.37475173950196,False,False,False,548.9500122070312,368.04998779296875,-31.51,2.16,False,False
DALBHARAT.NS,1746.5999755859375,1817.6999938964843,1814.7459912109375,1908.082992553711,False,False,False,2496.300048828125,1605.0,-30.03,8.82,False,False
DALMIASUG.NS,417.3500061035156,463.3324996948242,411.9009991455078,345.1177505493164,False,True,True,520.0,261.3999938964844,-19.74,59.66,False,False
DAMCAPITAL.NS,142.42999267578125,145.44249954223633,151.2406005859375,163.35520030975343,False,False,False,286.0,119.22000122070312,-50.2,19.47,False,False
DAMODARIND.NS,28.799999237060547,28.011000061035155,28.851400032043458,28.380700016021727,True,False,True,38.79999923706055,20.0,-25.77,44.0,False,False
DANGEE.NS,2.75,2.8614999771118166,2.9760000133514404,3.2362000012397765,False,False,False,5.079999923706055,2.5399999618530273,-45.87,8.27,False,False
DATAMATICS.NS,760.2000122070312,790.1000030517578,826.6810021972656,776.5872494506835,False,False,False,1010.0,632.0,-24.73,20.28,False,False
DATAPATTNS.NS,4829.2001953125,4676.150048828125,4504.94001953125,3640.501513671875,True,True,True,5000.0,2131.0,-3.42,126.62,False,False
DAVANGERE.NS,2.0999999046325684,2.3934999823570253,2.9353999853134156,3.7072500050067902,False,False,False,5.5,1.7400000095367432,-61.82,20.69,False,False
DBCORP.NS,190.7899932861328,201.18499984741212,205.3179995727539,220.51344985961913,False,False,False,287.8999938964844,184.50999450683594,-33.73,3.4,False,False
DBEIL.NS,7.059999942779541,6.679999971389771,7.232800006866455,8.511640014648437,True,False,False,18.559999465942383,5.151000022888184,-61.96,37.06,False,False
DBL.NS,403.3500061035156,407.4400009155273,418.57500061035154,440.1720001220703,False,False,False,585.0,381.54998779296875,-31.05,5.71,False,False
DBOL.NS,118.55000305175781,125.88749923706055,115.6947996520996,103.6898999786377,False,True,True,139.0,69.0,-14.71,71.81,False,False
DBREALTY.NS,97.79000091552734,103.77450027465821,110.12239974975586,112.19419979095458,False,False,False,183.89999389648438,83.5,-46.82,17.11,False,False
DBSTOCKBRO.NS,27.610000610351562,29.805499935150145,33.56840000152588,28.571100006103517,False,False,False,48.5,23.149999618530273,-43.07,19.27,False,False
DCAL.NS,167.25,173.75550079345703,183.97980102539063,194.1484503173828,False,False,False,321.95001220703125,128.5,-48.05,30.16,False,False
DCBBANK.NS,226.3699951171875,211.64649963378906,197.83059967041015,185.53239974975585,True,True,True,234.8000030517578,122.4000015258789,-3.59,84.94,False,False
DCI.NS,271.70001220703125,357.4625,324.5110009765625,281.62190040588376,False,False,False,475.0,208.97999572753906,-42.8,30.01,False,False
DCM.NS,75.0,78.98499984741211,86.0731999206543,84.43284990310669,False,False,False,105.0,55.0,-28.57,36.36,False,False
DCMFINSERV.NS,5.070000171661377,5.302999997138977,5.264400033950806,5.208950010538101,False,False,False,8.550000190734863,3.700000047683716,-40.7,37.03,False,False
DCMNVL.NS,178.77000427246094,181.24700012207032,163.0947994995117,142.07720008850097,False,True,True,198.5800018310547,95.5999984741211,-9.98,87.0,False,False
DCMSHRIRAM.NS,1000.0,1031.240005493164,1028.5080017089845,1106.6079983520508,False,False,False,1414.4000244140625,945.0999755859375,-29.3,5.81,False,False
DCMSRIND.NS,40.560001373291016,46.78800010681152,43.45799995422363,54.48740005493164,False,False,False,181.89999389648438,31.899999618530273,-77.7,27.15,False,False
DCW.NS,46.630001068115234,45.84300022125244,46.490199966430666,48.59874996185303,True,True,False,76.3499984741211,37.11000061035156,-38.93,25.65,False,False
DCXINDIA.NS,166.6300048828125,173.28250122070312,181.1104000854492,183.56714973449706,False,False,False,286.0,153.3000030517578,-41.74,8.7,False,False
DDEVPLSTIK.NS,256.79998779296875,273.0299987792969,279.06699951171873,267.8859502410889,False,False,False,360.0,185.14999389648438,-28.67,38.7,False,False
DECCANCE.NS,573.7000122070312,562.9700012207031,564.125,640.591750793457,True,True,False,1164.9000244140625,525.0,-50.75,9.28,False,False
DEEDEV.NS,639.3499755859375,644.3149932861328,657.3459985351562,434.8638503265381,False,False,True,760.0,183.0,-15.88,249.37,False,False
DEEPAKFERT.NS,1320.4000244140625,1424.8299987792968,1509.69,1292.133501586914,False,False,True,1681.0,866.4000244140625,-21.45,52.4,False,False
DEEPAKNTR.NS,1587.800048828125,1727.075018310547,1700.8460083007812,1631.654005126953,False,False,False,1904.4000244140625,1280.0,-16.62,24.05,False,False
DEEPINDS.NS,774.4000244140625,708.1875030517579,603.906001586914,476.2494998168945,True,True,True,825.0,330.0,-6.13,134.67,False,False
DELHIVERY.NS,439.0,454.1525024414062,473.1040020751953,444.10000076293943,False,False,False,524.0,374.45001220703125,-16.22,17.24,False,False
DELPHIFX.NS,5.75,6.328999996185303,6.941400022506714,11.219213292598724,False,False,False,18.25,5.699999809265137,-68.49,0.88,False,True
DELTACORP.NS,54.150001525878906,57.98400020599365,61.26740005493164,64.87214977264404,False,False,False,86.4000015258789,48.29999923706055,-37.33,12.11,False,False
DELTAMAGNT.NS,55.869998931884766,57.646500205993654,58.218800201416016,61.51334993362427,False,False,False,93.44999694824219,45.5099983215332,-40.21,22.76,False,False
DEN.NS,26.979999542236328,27.726000022888183,27.83819995880127,28.49205002784729,False,False,False,37.349998474121094,22.520000457763672,-27.76,19.8,False,False
DENORA.NS,798.4500122070312,822.6324981689453,856.077998046875,749.8584982299805,False,False,True,960.3499755859375,560.25,-16.86,42.52,False,False
DENTA.NS,287.75,281.9149993896484,315.1310003662109,292.5278504180908,True,False,False,479.6000061035156,222.0,-40.0,29.62,False,False
DEVIT.NS,24.18000030517578,24.848999881744383,26.305199966430663,29.602999992370606,False,False,False,45.5099983215332,22.25,-46.87,8.67,False,False
DEVYANI.NS,137.97000122070312,142.0464988708496,127.8409994506836,122.71904991149903,False,True,True,191.0,91.55000305175781,-27.76,50.7,False,False
DGCONTENT.NS,24.1200008392334,24.429500102996826,24.884000091552736,27.67075001716614,False,False,False,39.56999969482422,21.610000610351562,-39.04,11.61,False,False
DHAMPURSUG.NS,163.58999633789062,174.4674980163574,157.49959899902345,137.85474987030028,False,True,True,199.9199981689453,110.0,-18.17,48.72,False,False
DHANBANK.NS,31.149999618530273,32.13350009918213,32.97020011901856,28.66300003051758,False,False,True,36.849998474121094,19.450000762939453,-15.47,60.15,False,False
DHANUKA.NS,980.0,990.5800018310547,1013.1339978027344,1073.001746826172,False,False,False,1629.0,889.5999755859375,-39.84,10.16,False,False
DHARAN.NS,0.12999999523162842,0.14649999812245368,0.14920000195503236,0.17630000066012144,False,False,False,0.6100000143051147,0.10999999940395355,-78.69,18.18,False,False
DHARMAJ.NS,269.3500061035156,269.4749984741211,266.21699981689454,255.1714501953125,False,True,True,376.0,210.64999389648438,-28.36,27.87,False,False
DHRUV.NS,21.84000015258789,23.755000019073485,24.604799995422365,32.80964997291565,False,False,False,61.2400016784668,22.020000457763672,-64.34,-0.82,False,True
DHUNINV.NS,995.0,1006.2400054931641,955.8080004882812,963.3040008544922,False,True,True,1573.0999755859375,667.0999755859375,-36.75,49.15,False,False
DIACABS.NS,369.04998779296875,347.4824966430664,310.6131997680664,193.21024971008302,True,True,True,379.0,115.56999969482422,-2.63,219.33,False,False
DIAMINESQ.NS,258.2699890136719,243.9265007019043,250.3056005859375,251.04250045776368,True,True,True,380.45001220703125,208.00999450683594,-32.11,24.16,False,False
DIAMONDYD.NS,1108.4000244140625,1159.9000122070313,1165.5960009765624,1088.7610034179688,False,False,True,1245.0,858.9000244140625,-10.97,29.05,False,False
DICIND.NS,602.0999755859375,592.739990234375,546.7199963378906,522.487247467041,True,True,True,638.9500122070312,450.5,-5.77,33.65,False,False
DIFFNKG.NS,449.5,432.0599960327148,410.9519976806641,329.5627991485596,True,True,True,519.9000244140625,216.8000030517578,-13.54,107.33,False,False
DIGIDRIVE.NS,17.149999618530273,17.64599962234497,17.915399932861327,21.224749946594237,False,False,False,34.369998931884766,16.100000381469727,-50.1,6.52,False,False
DIGISPICE.NS,16.8700008392334,16.88450002670288,17.9496000289917,19.893350024223327,False,False,False,35.5,14.819999694824219,-52.48,13.83,False,False
DIGITIDE.NS,88.75,96.35250053405761,100.1558006286621,102.45825023651123,False,False,False,202.60000610351562,69.9000015258789,-56.19,26.97,False,False
DIGJAMLMTD.NS,68.41999816894531,52.325,48.34000015258789,46.72754991531372,True,True,True,61.84000015258789,36.029998779296875,10.64,89.9,True,False
DISHTV.NS,2.5,2.687499988079071,2.8051999902725218,3.2228499978780745,False,False,False,5.989999771118164,1.8200000524520874,-58.26,37.36,False,False
DIVGIITTS.NS,1188.300048828125,1221.030010986328,1081.0239990234375,790.5284988403321,False,True,True,1329.800048828125,573.7000122070312,-10.64,107.13,False,False
DIVISLAB.NS,9322.0,9035.075,8204.62,6848.94,True,True,True,9615.0,5636.5,-3.05,65.39,False,False
DIXON.NS,13425.0,14381.45,14093.62,12132.295,False,False,True,18471.0,9600.0,-27.32,39.84,False,False
DJML.NS,82.38999938964844,85.00849990844726,100.57400024414062,90.20665012359619,False,False,False,124.80000305175781,52.0,-33.98,58.44,False,False
DLF.NS,644.5,673.0075012207031,664.552998046875,630.5572496032714,False,False,True,794.7999877929688,489.3999938964844,-18.91,31.69,False,False
DLINKINDIA.NS,434.25,438.81750030517577,454.4049993896484,440.6284996032715,False,False,False,549.2000122070312,367.6499938964844,-20.93,18.12,False,False
DMART.NS,3688.0,3838.754992675781,3929.37599609375,4013.472507324219,False,False,False,4818.0,3600.0,-23.45,2.44,False,False
DMCC.NS,287.54998779296875,289.5974975585938,279.8529974365234,257.577449798584,False,True,True,332.8999938964844,191.35000610351562,-13.62,50.27,False,False
DNAMEDIA.NS,2.509999990463257,2.5724999785423277,2.7161999702453614,3.1975000071525574,False,False,False,5.440000057220459,2.2799999713897705,-53.86,10.09,False,False
DODLA.NS,1090.800048828125,1096.4000061035156,1082.7100024414062,1121.2595001220702,False,True,False,1487.4000244140625,964.0999755859375,-26.66,13.14,False,False
DOLATALGO.NS,69.31999969482422,72.11199989318848,70.76219985961914,76.14395004272461,False,False,False,95.76000213623047,64.95999908447266,-27.61,6.71,False,False
DOLLAR.NS,273.54998779296875,269.3625015258789,268.2580001831055,289.23615074157715,True,True,False,396.0,220.5,-30.92,24.06,False,False
DOLLEX.NS,38.45000076293945,35.01749973297119,32.145000038146975,33.45925002098083,True,True,True,43.54999923706055,26.0,-11.71,47.88,False,False
DOLPHIN.NS,649.0,620.5199966430664,485.492998046875,427.7892489624023,True,True,True,731.0,322.0,-11.22,101.55,False,False
DOMS.NS,2121.0,2201.610009765625,2243.102001953125,2330.864499511719,False,False,False,2755.0,2023.9000244140625,-23.01,4.8,False,False
DONEAR.NS,85.02999877929688,86.37149925231934,85.50859970092773,89.86959983825683,False,False,False,116.51000213623047,77.5999984741211,-27.02,9.57,False,False
DPABHUSHAN.NS,1340.5999755859375,1437.9849975585937,1364.5389990234376,1216.9155026245116,False,False,True,1670.0,866.0999755859375,-19.72,54.79,False,False
DPSCLTD.NS,7.139999866485596,7.193000030517578,7.307000017166137,8.64904999256134,False,False,False,13.3100004196167,6.840000152587891,-46.36,4.39,False,False
DPWIRES.NS,150.3300018310547,156.3379997253418,165.57019927978516,174.68489963531493,False,False,False,306.95001220703125,125.0199966430664,-51.02,20.24,False,False
DRCSYSTEMS.NS,12.920000076293945,13.04700002670288,13.297799987792969,15.054749970436097,False,False,False,23.68000030517578,11.5,-45.44,12.35,False,False
DREAMFOLKS.NS,66.12000274658203,67.07449989318847,67.96900039672852,82.13625007629395,False,False,False,160.0,56.0,-58.67,18.07,False,False
DREDGECORP.NS,1039.699951171875,1102.1599914550782,1074.9460009765626,1013.6775006103516,False,False,True,1286.0,538.0,-19.15,93.25,False,False
DRREDDY.NS,1165.5,1167.6299987792968,1191.532001953125,1252.433501586914,False,False,False,1414.9000244140625,1101.0,-17.63,5.86,False,False
DSKULKARNI.NS,21.0,17.653500080108643,14.715800075531005,13.8414501619339,True,True,True,20.59000015258789,8.600000381469727,1.99,144.19,True,False
DSSL.NS,1059.0999755859375,1075.4349884033204,1179.2120031738282,1114.5185040283204,False,False,False,1924.800048828125,781.0,-44.98,35.61,False,False
DTIL.NS,142.91000366210938,148.49400100708007,140.49980087280272,142.18270011901856,False,True,True,198.89999389648438,102.0,-28.15,40.11,False,False
DUCON.NS,1.7799999713897705,2.087637883424759,2.6678551506996153,3.226713783144951,False,False,False,6.449999809265137,1.7599999904632568,-72.4,1.14,False,False
DVL.NS,286.20001220703125,279.85949859619143,261.11480041503904,253.52335014343262,True,True,True,380.6000061035156,186.99000549316406,-24.8,53.06,False,False
DWARKESH.NS,44.7400016784668,49.38449974060059,44.9657999420166,41.657299976348874,False,False,True,59.900001525878906,32.130001068115234,-25.31,39.25,False,False
DYCL.NS,455.45001220703125,470.70250244140624,427.24300048828127,346.3920999145508,False,True,True,560.0,236.8000030517578,-18.67,92.34,False,False
DYNAMATECH.NS,12097.0,11612.85,11015.02,10198.3275,True,True,True,12875.0,6500.5,-6.04,86.09,False,False
DYNPRO.NS,232.17999267578125,231.68349914550782,239.01120056152342,237.37835067749023,True,False,False,388.70001220703125,190.8000030517578,-40.27,21.69,False,False
E2E.NS,610.3499755859375,621.5874969482422,541.1940026855468,342.00315063476563,False,True,True,698.0,183.36000061035156,-12.56,232.87,False,False
EASEMYTRIP.NS,5.829999923706055,6.065499973297119,6.4715999984741215,7.227849988937378,False,False,False,10.600000381469727,5.769999980926514,-45.0,1.04,False,False
EASTSILK.NS,64.0,61.925499725341794,57.83600006103516,64.48720022201537,True,True,False,99.25,37.189998626708984,-35.52,72.09,False,False
EBGNG.NS,679.6500244140625,620.4725006103515,589.94,429.8987499237061,True,True,True,704.9000244140625,239.0,-3.58,184.37,False,False
ECLERX.NS,1899.5999755859375,1902.3450012207031,1831.6280029296875,1803.0855004882812,False,True,True,2497.5,1320.0,-23.94,43.91,False,False
ECOSMOBLTY.NS,111.68000030517578,112.7495002746582,123.26120086669921,151.13075035095216,False,False,False,294.6000061035156,103.94000244140625,-62.09,7.45,False,False
EDELWEISS.NS,132.42999267578125,129.01449966430664,122.98559997558594,115.18219989776611,True,True,True,140.89999389648438,98.0,-6.01,35.13,False,False
EDUCOMP.NS,0.9100000262260437,0.8949999958276749,0.9110000014305115,1.00945000320673,True,False,False,1.5800000429153442,0.8500000238418579,-42.41,7.06,False,False
EFCIL.NS,185.17999267578125,193.7650001525879,191.97800048828125,218.93184631347657,False,False,False,335.8500061035156,171.4199981689453,-44.86,8.03,False,False
EICHERMOT.NS,7530.0,7906.9,7780.81,7395.08,False,False,True,8230.0,6442.0,-8.51,16.89,False,False
EIDPARRY.NS,721.0499877929688,785.3449981689453,778.0290014648438,844.3770010375977,False,False,False,1118.0,698.2000122070312,-35.51,3.27,False,False
EIEL.NS,207.11000061035156,198.62299880981445,212.26439971923827,194.17654975891114,True,False,True,276.1000061035156,134.7100067138672,-24.99,53.75,False,False
EIFFL.NS,281.20001220703125,274.10500106811526,295.67400115966797,259.3442501068115,True,False,True,381.9599914550781,204.97999572753906,-26.38,37.18,False,False
EIHAHOTELS.NS,287.45001220703125,297.2699996948242,307.46899963378905,323.2034992980957,False,False,False,434.8999938964844,266.6499938964844,-33.9,7.8,False,False
EIHOTEL.NS,286.45001220703125,294.63499755859374,313.1819989013672,325.20999954223635,False,False,False,413.95001220703125,271.1499938964844,-30.8,5.64,False,False
EIMCOELECO.NS,2325.5,2209.6599975585937,1977.6100048828125,1698.9985046386719,True,True,True,2380.0,1405.5,-2.29,65.46,False,False
EKC.NS,101.80000305175781,107.77500038146972,110.33700027465821,113.3259998703003,False,False,False,154.5500030517578,90.25,-34.13,12.8,False,False
ELDEHSG.NS,783.5,795.8574981689453,787.7129968261719,838.2884997558593,False,False,False,1044.0999755859375,701.5499877929688,-24.96,11.68,False,False
ELECON.NS,422.1000061035156,428.1575012207031,443.6809991455078,459.003250579834,False,False,False,634.9000244140625,352.0,-33.52,19.91,False,False
ELECTCAST.NS,77.62000274658203,77.8224998474121,75.36439956665039,75.87274995803833,False,True,True,103.94999694824219,60.150001525878906,-25.33,29.04,False,False
ELECTHERM.NS,956.2999877929688,1003.4875,1034.0670007324218,871.7037487792969,False,False,True,1277.0,551.0,-25.11,73.56,False,False
ELGIEQUIP.NS,617.7000122070312,623.6074951171875,598.0059973144531,537.2012490844727,False,True,True,645.9000244140625,408.25,-4.37,51.3,False,False
ELGIRUBCO.NS,58.47999954223633,59.3439998626709,59.03759994506836,49.004650058746336,False,False,True,73.0,32.720001220703125,-19.89,78.73,False,False
ELIN.NS,90.95999908447266,98.46700057983398,100.17080001831054,125.2394998550415,False,False,False,234.0,92.19999694824219,-61.13,-1.34,False,True
ELLEN.NS,380.20001220703125,330.2124984741211,303.40399993896483,280.756900100708,True,True,True,559.7999877929688,175.0,-32.08,117.26,False,False
EMAMILTD.NS,363.79998779296875,383.49750061035155,398.67100036621093,443.5877500915527,False,False,False,614.0,361.1499938964844,-40.75,0.73,False,True
EMAMIPAP.NS,116.0,115.51999931335449,108.06419967651367,88.14834999084472,True,True,True,133.6999969482422,55.0,-13.24,110.91,False,False
EMAMIREAL.NS,69.80000305175781,69.98249969482421,75.13459991455078,77.36980010986328,False,False,False,122.13999938964844,48.20000076293945,-42.85,44.81,False,False
EMBDL.NS,55.279998779296875,60.83950004577637,62.04800010681152,60.77284988403321,False,False,False,105.69999694824219,39.459999084472656,-47.7,40.09,False,False
EMCURE.NS,1978.9000244140625,1887.250018310547,1892.4140014648438,1652.6659985351562,True,True,True,2048.0,1260.0,-3.37,57.06,False,False
EMIL.NS,188.3800048828125,183.92200164794923,158.30360107421876,118.9467002105713,True,True,True,196.74000549316406,84.9000015258789,-4.25,121.88,False,False
EMKAY.NS,250.89999389648438,247.9845001220703,247.9358004760742,249.38139930725097,True,True,True,409.8999938964844,186.0,-38.79,34.89,False,False
EMMBI.NS,88.94999694824219,86.2390007019043,87.59259994506836,89.0596000289917,True,True,False,116.9000015258789,60.29999923706055,-23.91,47.51,False,False
EMSLIMITED.NS,383.1000061035156,382.2474990844727,399.7299981689453,364.13749938964844,True,False,True,589.9000244140625,256.04998779296875,-35.06,49.62,False,False
EMUDHRA.NS,494.04998779296875,532.4499938964843,496.93699768066404,498.46099868774417,False,False,False,714.0,364.54998779296875,-30.81,35.52,False,False
ENDURANCE.NS,2692.60009765625,2882.839990234375,2818.482001953125,2593.789503173828,False,False,True,3079.89990234375,2142.800048828125,-12.58,25.66,False,False
ENERGYDEV.NS,14.920000076293945,15.914500045776368,16.531400032043457,17.212449984550474,False,False,False,29.690000534057617,13.149999618530273,-49.75,13.46,False,False
ENGINERSIN.NS,268.95001220703125,258.8565017700195,243.30120086669922,221.03790008544922,True,True,True,289.6499938964844,163.5500030517578,-7.15,64.45,False,False
ENIL.NS,101.23999786376953,101.86099967956542,104.46079971313476,110.3416999053955,False,False,False,166.4499969482422,98.56999969482422,-39.18,2.71,False,False
ENRIN.NS,3181.300048828125,3295.5700073242188,3346.6180029296875,3079.227000732422,False,False,True,3968.0,2115.0,-19.83,50.42,False,False
ENTERO.NS,1815.4000244140625,1683.810009765625,1426.2060009765626,1207.951003112793,True,True,True,1920.0,944.0,-5.45,92.31,False,False
EPACK.NS,185.14999389648438,194.8770004272461,217.2694012451172,241.42935012817384,False,False,False,396.54998779296875,184.86000061035156,-53.31,0.16,False,True
EPIGRAL.NS,1131.0999755859375,1175.0099975585938,1122.5399963378907,1132.6897518920898,False,True,False,1808.800048828125,807.0,-37.47,40.16,False,False
EPL.NS,239.3000030517578,250.80550155639648,241.4974008178711,221.04179985046386,False,False,True,274.0299987792969,176.39999389648438,-12.67,35.66,False,False
EQUIPPP.NS,22.56999969482422,23.089999866485595,23.15259998321533,19.555899991989136,False,False,True,25.889999389648438,13.850000381469727,-12.82,62.96,False,False
EQUITASBNK.NS,73.1500015258789,74.25249938964843,76.09879928588867,68.50549989700318,False,False,True,83.9000015258789,51.25,-12.81,42.73,False,False
ERIS.NS,1355.5,1324.0849914550781,1376.8299951171875,1409.2214953613282,True,False,False,1745.0,1200.0,-22.32,12.96,False,False
ESABINDIA.NS,5884.0,6104.25,5871.96,5855.951000976563,False,True,True,7319.5,4710.0,-19.61,24.93,False,False
ESAFSFB.NS,39.61000061035156,42.121499633789064,39.36579986572266,30.142949924468994,False,True,True,44.9900016784668,19.780000686645508,-11.96,100.25,False,False
ESCORTS.NS,2899.699951171875,3029.985009765625,3013.382001953125,3232.949005126953,False,False,False,3987.800048828125,2700.0,-27.29,7.4,False,False
ESSARSHPNG.NS,16.309999465942383,16.539500045776368,19.054200057983397,24.02704997062683,False,False,False,43.2599983215332,15.710000038146973,-62.3,3.82,False,False
ESSENTIA.NS,1.059999942779541,1.118999981880188,1.1667999935150146,1.3820372927188873,False,False,False,2.0799999237060547,1.0099999904632568,-49.04,4.95,False,False
ESTER.NS,89.88999938964844,93.72000045776367,92.02759994506836,94.71799983978272,False,False,False,132.4499969482422,68.55000305175781,-32.13,31.13,False,False
ETERNAL.NS,323.5,324.425,308.59800048828123,274.00230056762695,False,True,True,368.45001220703125,212.60000610351562,-12.2,52.16,False,False
ETHOSLTD.NS,2635.39990234375,2825.00498046875,2721.8039990234374,2585.153493652344,False,False,True,3245.89990234375,1919.4000244140625,-18.81,37.3,False,False
EUREKAFORB.NS,394.1499938964844,418.44000244140625,439.86100036621093,496.7750010681152,False,False,False,668.2999877929688,395.6000061035156,-41.02,-0.37,False,True
EUROBOND.NS,150.4600067138672,153.42800064086913,159.60460052490234,169.6239500427246,False,False,False,253.89999389648438,126.30000305175781,-40.74,19.13,False,False
EUROTEXIND.NS,13.199999809265137,13.854499912261963,13.672199954986572,14.858150000572204,False,False,False,23.799999237060547,11.829999923706055,-44.54,11.58,False,False
EVEREADY.NS,363.0,342.70999908447266,349.0439990234375,330.7162495422363,True,True,True,463.70001220703125,259.6499938964844,-21.72,39.8,False,False
EVERESTIND.NS,408.0,429.38499908447267,464.8409997558594,429.3939993286133,False,False,False,750.0,284.8999938964844,-45.6,43.21,False,False
EXCELINDUS.NS,980.7999877929688,1033.4175018310548,991.7730029296876,945.5777514648438,False,False,True,1210.0,800.0499877929688,-18.94,22.59,False,False
EXICOM.NS,182.27999877929688,165.8590003967285,163.25979858398438,127.62089946746826,True,True,True,189.1699981689453,75.5999984741211,-3.64,141.11,False,False
EXIDEIND.NS,412.6499938964844,439.51000061035154,443.2900012207031,373.5279997253418,False,False,True,496.3999938964844,287.0,-16.87,43.78,False,False
EXPLEOSOL.NS,889.5,885.5125,846.3030017089844,863.2535000610352,True,True,True,1175.0999755859375,640.0,-24.3,38.98,False,False
EXXARO.NS,6.380000114440918,6.389499998092651,6.373600006103516,6.985550003051758,False,True,False,10.329999923706055,5.989999771118164,-38.24,6.51,False,False
FACT.NS,779.5999755859375,806.5200012207031,824.8909985351562,841.8494998168945,False,False,False,1058.5999755859375,652.0999755859375,-26.36,19.55,False,False
FAIRCHEMOR.NS,623.9500122070312,662.4125030517578,712.3810009765625,640.1204991149903,False,False,False,846.7999877929688,428.04998779296875,-26.32,45.77,False,False
FAZE3Q.NS,489.45001220703125,489.92750091552733,533.5720007324219,488.57950057983396,False,False,True,650.0499877929688,322.1000061035156,-24.71,51.96,False,False
FCL.NS,57.720001220703125,50.468499946594235,43.87699996948242,31.404949979782103,True,True,True,62.400001525878906,19.100000381469727,-7.5,202.2,False,False
FCSSOFT.NS,1.440000057220459,1.4620000183582307,1.4918000078201294,1.6270000022649764,False,False,False,2.5299999713897705,1.0499999523162842,-43.08,37.14,False,False
FDC.NS,341.45001220703125,345.39500122070314,381.63599975585936,382.5157484436035,False,False,False,527.7999877929688,312.95001220703125,-35.31,9.11,False,False
FEDERALBNK.NS,344.5,349.72999877929686,348.64599853515625,299.9212007141113,False,False,True,371.70001220703125,189.0500030517578,-7.32,82.23,False,False
FEDFINA.NS,158.52999877929688,157.55850143432616,155.25240020751954,148.74275005340576,True,True,True,178.47999572753906,119.06999969482422,-11.18,33.14,False,False
FEL.NS,0.3700000047683716,0.3879999935626984,0.38059999704360964,0.4256999975442886,False,False,False,0.6499999761581421,0.3400000035762787,-43.08,8.82,False,False
FELDVR.NS,2.119999885559082,2.287000000476837,2.380799994468689,2.7226499927043917,False,False,False,3.740000009536743,2.0999999046325684,-43.32,0.95,False,True
FIBERWEB.NS,27.100000381469727,26.44600009918213,28.847400093078612,33.940449991226195,True,False,False,49.900001525878906,25.170000076293945,-45.69,7.67,False,False
FIEMIND.NS,2009.5,2121.4450073242188,2257.98201171875,2233.028497314453,False,False,False,2674.800048828125,1868.5,-24.87,7.55,False,False
FILATEX.NS,87.41000366210938,79.23200035095215,75.23359977722168,53.80369995117187,True,True,True,87.2699966430664,36.2599983215332,0.16,141.06,True,False
FILATFASH.NS,0.18000000715255737,0.18000000715255737,0.18160000562667847,0.2393000017106533,False,False,False,0.6800000071525574,0.14000000059604645,-73.53,28.57,False,False
FINCABLES.NS,1424.0,1292.3649963378907,1146.6610009765625,958.983501586914,True,True,True,1429.0,700.7999877929688,-0.35,103.2,False,False
FINEORG.NS,5167.5,5176.594995117188,5059.286005859375,4650.224005126953,False,True,True,5407.0,3856.0,-4.43,34.01,False,False
FINOPB.NS,139.8300018310547,143.24600067138672,152.39480072021485,177.39620044708252,False,False,False,339.0,110.02999877929688,-58.75,27.08,False,False
FINPIPE.NS,153.4499969482422,158.92949905395508,162.9943991088867,171.83054977416992,False,False,False,222.5,147.5399932861328,-31.03,4.01,False,False
FIRSTCRY.NS,168.8300018310547,185.49000091552733,201.45839965820312,236.17084953308105,False,False,False,410.8999938964844,168.14999389648438,-58.91,0.4,False,True
FISCHER.NS,35.869998931884766,36.56100006103516,37.596399765014645,38.59564998626709,False,False,False,124.69999694824219,31.049999237060547,-71.23,15.52,False,False
FIVESTAR.NS,551.0499877929688,528.7574951171875,541.1689990234376,490.6472512817383,True,True,True,666.0,338.1499938964844,-17.26,62.96,False,False
FLAIR.NS,236.0800018310547,246.7675003051758,251.7459994506836,290.5689995574951,False,False,False,345.0,234.9499969482422,-31.57,0.48,False,True
FLEXITUFF.NS,2.140000104904175,2.549999988079071,3.7609999799728393,7.955949994325638,False,False,False,27.5,2.0,-92.22,7.0,False,False
FLFL.NS,1.159999966621399,1.177000004053116,1.2422000074386597,1.348800002336502,False,False,False,1.9900000095367432,1.100000023841858,-41.71,5.45,False,False
FLUOROCHEM.NS,4773.2001953125,4695.9400390625,4471.200029296875,3726.6740063476564,True,True,True,4958.89990234375,2916.60009765625,-3.74,63.66,False,False
FMGOETZE.NS,461.0,516.8324981689453,492.1119989013672,452.62824981689454,False,False,True,641.0999755859375,358.0,-28.09,28.77,False,False
FMNL.NS,9.430000305175781,9.51200008392334,9.568800048828125,9.242250008583069,False,False,True,13.9399995803833,6.739999771118164,-32.35,39.91,False,False
FOCUS.NS,61.84000015258789,65.97199954986573,70.93060035705567,74.43374992370606,False,False,False,99.9000015258789,57.060001373291016,-38.1,8.38,False,False
FOODSIN.NS,55.22999954223633,54.99950008392334,56.093400192260745,60.14850006103516,True,False,False,95.9000015258789,44.0,-42.41,25.52,False,False
FORCEMOT.NS,17705.0,17729.6,17966.04,19598.915,False,False,False,26450.0,14911.0,-33.06,18.74,False,False
FORTIS.NS,887.7999877929688,913.025,934.6140014648438,913.2077508544921,False,False,False,1104.300048828125,766.7999877929688,-19.61,15.78,False,False
FOSECOIND.NS,6194.5,5938.65,5496.04,5051.241491699218,True,True,True,6846.0,4300.0,-9.52,44.06,False,False
FSL.NS,247.60000610351562,265.53499603271484,270.69539947509764,269.2305498504639,False,False,False,379.70001220703125,202.0,-34.79,22.57,False,False
FUSION.NS,189.72000122070312,197.55900039672852,209.86940032958984,183.5691502380371,False,False,True,243.0,136.5,-21.93,38.99,False,False
GABRIEL.NS,1346.4000244140625,1391.05,1392.3600073242187,1102.445502319336,False,False,True,1600.0,795.7000122070312,-15.85,69.21,False,False
GAEL.NS,163.0800018310547,171.87250061035155,165.0031997680664,148.3689500427246,False,False,True,184.99000549316406,101.19999694824219,-11.84,61.15,False,False
GAIL.NS,173.6199951171875,173.7620002746582,173.85239929199219,166.200650100708,False,False,True,186.8699951171875,134.36000061035156,-7.09,29.22,False,False
GALAPREC.NS,1031.0,1041.7149963378906,1090.9639916992187,880.4114990234375,False,False,True,1260.0,671.2000122070312,-18.17,53.61,False,False
GALAXYSURF.NS,2187.300048828125,2299.62998046875,2113.097990722656,1934.023499145508,False,True,True,2648.0,1510.0,-17.4,44.85,False,False
GALLANTT.NS,546.4000244140625,571.2125030517578,600.9819995117188,625.5294992065429,False,False,False,948.0,496.25,-42.36,10.11,False,False
GANDHAR.NS,272.70001220703125,259.72149963378905,240.0047998046875,170.60759979248047,True,True,True,303.1700134277344,115.0,-10.05,137.13,False,False
GANDHITUBE.NS,887.75,894.6749938964844,884.5439953613281,832.0384991455078,False,True,True,1031.800048828125,681.0499877929688,-13.96,30.35,False,False
GANECOS.NS,1013.2999877929688,1045.4649871826173,1100.9599914550781,938.1189987182618,False,False,True,1358.4000244140625,653.5499877929688,-25.4,55.05,False,False
GANESHBE.NS,131.6300048828125,121.80450096130372,114.6140007019043,94.21140018463134,True,True,True,135.85000610351562,68.4000015258789,-3.11,92.44,False,False
GANESHHOU.NS,763.4000244140625,796.4675048828125,801.1320031738281,735.9370007324219,False,False,True,902.9500122070312,500.0,-15.45,52.68,False,False
GANGAFORGE.NS,1.5800000429153442,1.89650000333786,1.9740000009536742,2.658727601766586,False,False,False,4.150000095367432,1.5299999713897705,-61.93,3.27,False,False
GANGESSECU.NS,115.11000061035156,119.08450012207031,118.03880004882812,124.74565017700195,False,False,False,178.14999389648438,103.30999755859375,-35.39,11.42,False,False
GARFIBRES.NS,795.7000122070312,794.1199981689454,771.7719970703125,687.1365005493165,True,True,True,863.4000244140625,579.75,-7.84,37.25,False,False
GARUDA.NS,181.89999389648438,180.05449905395508,178.7355987548828,178.39074989318848,True,True,True,249.3000030517578,130.0,-27.04,39.92,False,False
GATECH.NS,0.7300000190734863,0.9064999938011169,0.7001999968290329,0.5552499958872795,False,True,True,1.1100000143051147,0.4000000059604645,-34.23,82.5,False,False
GATECHDVR.NS,0.47999998927116394,0.5084999963641167,0.48199999690055845,0.47304999828338623,False,False,True,0.6700000166893005,0.36000001430511475,-28.36,33.33,False,False
GATEWAY.NS,53.349998474121094,53.929499816894534,56.46019989013672,57.53935009002686,False,False,False,66.25,48.099998474121094,-19.47,10.91,False,False
GAYAHWS.NS,1.9199999570846558,1.9274999916553497,1.933399999141693,2.3192500030994414,False,False,False,4.760000228881836,1.7200000286102295,-59.66,11.63,False,False
GAYAPROJ.NS,26.030000686645508,22.276500034332276,21.248200035095216,16.846399993896483,True,True,True,26.0,8.460000038146973,0.12,207.68,True,False
GCSL.NS,600.7000122070312,552.1549987792969,527.4289996337891,403.3,True,True,True,616.9000244140625,213.14999389648438,-2.63,181.82,False,False
GEECEE.NS,364.54998779296875,367.9349990844727,358.2259997558594,322.4407002258301,False,True,True,393.8999938964844,215.85000610351562,-7.45,68.89,False,False
GEEKAYWIRE.NS,27.829999923706055,25.438500213623048,24.33980010986328,26.204799995422363,True,True,True,39.5,18.510000228881836,-29.54,50.35,False,False
GEMAROMA.NS,160.8699951171875,168.02850036621095,179.3356005859375,170.66840003967286,False,False,False,317.0,133.0,-49.25,20.95,False,False
GENCON.NS,41.0099983215332,42.466000175476076,41.202600173950195,43.29140008926392,False,False,False,59.959999084472656,36.349998474121094,-31.6,12.82,False,False
GENESYS.NS,307.80999755859375,226.83500213623046,249.43777709960938,298.6902444458008,True,True,True,612.5999755859375,168.5,-49.75,82.68,False,False
GENSOL.NS,17.100000381469727,17.54049997329712,18.130399932861327,22.545400075912475,False,False,False,46.02000045776367,16.399999618530273,-62.84,4.27,False,False
GENUSPAPER.NS,12.039999961853027,11.929499912261964,11.928799991607667,12.43625,True,True,False,18.709999084472656,8.670000076293945,-35.65,38.87,False,False
GENUSPOWER.NS,323.1000061035156,331.85,320.1889990234375,296.40313247680666,False,True,True,363.0,206.36048889160156,-10.99,56.57,False,False
GEOJITFSL.NS,78.5999984741211,81.31550025939941,79.71899993896484,72.09984991073608,False,False,True,86.5,50.86000061035156,-9.13,54.54,False,False
GESHIP.NS,1412.199951171875,1339.539990234375,1362.6459985351562,1344.3875006103515,True,True,True,1798.0,971.0999755859375,-21.46,45.42,False,False
GFLLIMITED.NS,58.27000045776367,55.986999702453616,50.55039985656738,49.67425010681152,True,True,True,81.0,37.25,-28.06,56.43,False,False
GFSTEELS.NS,20.950000762939453,15.777999973297119,14.860399932861329,12.776399912834167,True,True,True,19.959999084472656,9.729999542236328,4.96,115.31,True,False
GHCL.NS,421.1499938964844,435.8574981689453,435.19199951171873,483.25824996948245,False,False,False,667.2000122070312,416.6000061035156,-36.88,1.09,False,False
GHCLTEXTIL.NS,130.75999450683594,129.48649978637695,120.30539978027343,91.30094966888427,True,True,True,144.58999633789062,65.26000213623047,-9.56,100.37,False,False
GICHSGFIN.NS,136.83999633789062,139.56649932861328,145.31859954833985,154.57289962768556,False,False,False,184.0,130.0500030517578,-25.63,5.22,False,False
GICL.NS,24.739999771118164,23.914499855041505,20.362199974060058,35.35570004463196,True,True,False,169.9499969482422,15.609999656677246,-85.44,58.49,False,False
GICRE.NS,349.3999938964844,353.82750091552737,357.2770025634766,373.661000213623,False,False,False,417.95001220703125,341.6000061035156,-16.4,2.28,False,False
GILLANDERS.NS,103.58000183105469,100.33249969482422,93.67780014038085,93.99964977264405,True,True,True,129.39999389648438,76.0,-19.95,36.29,False,False
GILLETTE.NS,7307.0,7420.375,7624.95,7937.5725,False,False,False,10553.0,7206.0,-30.76,1.4,False,False
GINNIFILA.NS,41.0,43.92600021362305,46.64740013122559,42.13150001525879,False,False,False,57.849998474121094,31.5,-29.13,30.16,False,False
GIPCL.NS,199.72000122070312,191.70350036621093,174.23199920654298,155.33319988250733,True,True,True,211.7100067138672,119.9000015258789,-5.66,66.57,False,False
GKWLIMITED.NS,1584.800048828125,1589.1100036621094,1641.1880053710938,1672.1455004882812,False,False,False,1985.4000244140625,1375.0,-20.18,15.26,False,False
GLAND.NS,2922.300048828125,2891.9400024414062,2691.68400390625,2077.6540020751954,True,True,True,3042.0,1573.5999755859375,-3.93,85.71,False,False
GLAXO.NS,2828.39990234375,2934.3899658203127,2693.7439794921875,2486.615498046875,False,True,True,3120.699951171875,2088.10009765625,-9.37,35.45,False,False
GLENMARK.NS,2419.199951171875,2411.8749755859376,2316.743984375,2176.7964947509768,True,True,True,2537.60009765625,1792.5999755859375,-4.67,34.95,False,False
GLFL.NS,5.21999979019165,5.6579999923706055,5.631199979782105,5.779450001716614,False,False,False,9.34000015258789,3.6600000858306885,-44.11,42.62,False,False
GLOBAL.NS,126.91000366210938,113.166499710083,106.54900009155273,99.13540012359618,True,True,True,129.39999389648438,55.29999923706055,-1.92,129.49,False,False
GLOBALE.NS,11.380000114440918,11.357499980926514,11.1203999710083,11.824300003051757,True,True,False,15.399999618530273,9.199999809265137,-26.1,23.7,False,False
GLOBALVECT.NS,132.1699981689453,144.92349853515626,153.17079986572264,170.7189501953125,False,False,False,248.0,129.0,-46.71,2.46,False,False
GLOBE.NS,1.809999942779541,1.9449999928474426,2.048000011444092,2.419950008392334,False,False,False,3.2899999618530273,1.7999999523162842,-44.98,0.56,False,True
GLOBECIVIL.NS,44.209999084472656,45.2769998550415,42.74119987487793,47.84714998245239,False,True,False,80.44999694824219,33.5,-45.05,31.97,False,False
GLOBUSSPR.NS,839.75,895.25,899.5869982910157,932.5850009155273,False,False,False,1252.800048828125,800.0499877929688,-32.97,4.96,False,False
GLOSTERLTD.NS,583.0999755859375,597.4024993896485,638.1060009765625,625.3687522888183,False,False,False,756.4500122070312,495.0,-22.92,17.8,False,False
GMBREW.NS,910.9000244140625,894.4625,908.3709973144531,971.0079989624023,True,True,False,1328.800048828125,682.4000244140625,-31.45,33.48,False,False
GMDCLTD.NS,575.3499755859375,567.7474975585938,575.1169982910156,592.2202474975586,True,True,False,771.9000244140625,466.3999938964844,-25.46,23.36,False,False
GMMPFAUDLR.NS,1307.9000244140625,1094.7625,942.195,933.7545007324219,True,True,True,1352.0,735.0,-3.26,77.95,False,False
GMRAIRPORT.NS,97.9800033569336,98.14199981689453,104.43840042114257,100.39429985046387,False,False,False,115.63999938964844,84.11000061035156,-15.27,16.49,False,False
GMRP&UI.NS,94.06999969482422,94.92000007629395,96.88660018920899,104.85764980316162,False,False,False,136.9499969482422,86.80000305175781,-31.31,8.38,False,False
GNA.NS,551.0999755859375,550.8450012207031,531.9260009765625,419.80074966430664,True,True,True,601.6500244140625,295.0,-8.4,86.81,False,False
GNFC.NS,562.4000244140625,585.8549987792969,545.7789996337891,495.4735005187988,False,True,True,619.0,365.0,-9.14,54.08,False,False
GOACARBON.NS,413.3999938964844,373.7175003051758,378.6820007324219,377.70125061035156,True,True,True,494.8999938964844,272.8500061035156,-16.47,51.51,False,False
GOCLCORP.NS,441.54998779296875,409.2050033569336,407.2960009765625,331.6877508544922,True,True,True,459.8999938964844,223.35000610351562,-3.99,97.69,False,False
GOCOLORS.NS,324.75,332.7300003051758,333.7299981689453,353.2464981842041,False,False,False,760.9000244140625,237.0500030517578,-57.32,37.0,False,False
GODAVARIB.NS,233.64999389648438,241.3650001525879,254.96399963378906,278.16219917297366,False,False,False,353.0,227.4199981689453,-33.81,2.74,False,False
GODFRYPHLP.NS,1927.0,2075.575018310547,2123.8720043945314,2233.8780065917967,False,False,False,3947.0,1832.0999755859375,-51.18,5.18,False,False
GODIGIT.NS,256.20001220703125,257.4675003051758,269.59099822998047,310.86799980163573,False,False,False,381.3999938964844,244.1999969482422,-32.83,4.91,False,False
GODREJAGRO.NS,675.8499755859375,623.4649963378906,587.1509973144531,581.2322515869141,True,True,True,752.0999755859375,506.1000061035156,-10.14,33.54,False,False
GODREJCP.NS,865.0,904.1400024414063,993.7859973144531,1081.852751159668,False,False,False,1273.9000244140625,855.1500244140625,-32.1,1.15,False,False
GODREJIND.NS,1126.800048828125,1172.6850158691407,1254.1400073242187,1068.808249206543,False,False,True,1443.0,744.2000122070312,-21.91,51.41,False,False
GODREJPROP.NS,1748.0,1979.4499877929688,2039.2599926757812,1859.6219995117187,False,False,False,2352.0,1434.0,-25.68,21.9,False,False
GOKEX.NS,785.5,786.3825042724609,805.8820043945312,735.692251586914,False,False,True,954.9000244140625,531.0,-17.74,47.93,False,False
GOKUL.NS,42.029998779296875,41.905499649047854,40.765199737548826,39.81534983634949,True,True,True,46.79999923706055,31.0,-10.19,35.58,False,False
GOKULAGRO.NS,226.75999450683594,237.93349990844726,226.1681994628906,203.67879959106446,False,True,True,259.79998779296875,151.0,-12.72,50.17,False,False
GOLDENTOBC.NS,25.489999771118164,24.74849977493286,24.954399871826173,27.547200012207032,True,True,False,37.5,20.34000015258789,-32.03,25.32,False,False
GOLDIAM.NS,325.0,350.4899963378906,354.24999755859375,298.4978118133545,False,False,True,398.20001220703125,198.75,-18.38,63.52,False,False
GOLDTECH.NS,45.0,48.41100006103515,53.493400192260744,46.70570006370544,False,False,False,72.0199966430664,29.68000030517578,-37.52,51.62,False,False
GOODLUCK.NS,516.8499755859375,472.1749984741211,488.7886657714844,419.27816680908205,True,True,True,557.3666381835938,305.0,-7.27,69.46,False,False
GOPAL.NS,257.3500061035156,272.72249908447264,270.1219989013672,289.5669994354248,False,False,False,398.0,247.5500030517578,-35.34,3.96,False,False
GOYALALUM.NS,6.010000228881836,6.303999996185302,6.46479998588562,6.856749992370606,False,False,False,11.369999885559082,5.340000152587891,-47.14,12.55,False,False
GPIL.NS,244.4499969482422,245.3585006713867,245.14820068359376,262.1847994232178,False,False,False,320.0,221.2100067138672,-23.61,10.51,False,False
GPPL.NS,161.32000732421875,163.91449966430665,156.2431997680664,163.52130012512208,False,True,False,200.08999633789062,141.5500030517578,-19.38,13.97,False,False
GPTHEALTH.NS,159.3800048828125,154.51650009155273,157.0272003173828,141.3784496307373,True,True,True,175.0,115.0,-8.93,38.59,False,False
GPTINFRA.NS,112.20999908447266,112.5895004272461,116.66480026245117,113.75054985046387,False,False,False,150.0,96.22000122070312,-25.19,16.62,False,False
GRANULES.NS,909.2999877929688,855.3824981689453,858.7089978027344,700.7679992675781,True,True,True,910.0,510.54998779296875,-0.08,78.1,False,False
GRAPHITE.NS,825.7999877929688,733.5724945068359,688.507998046875,659.5602496337891,True,True,True,874.3499755859375,516.0,-5.55,60.04,False,False
GRASIM.NS,3281.89990234375,3294.599987792969,3224.3079931640623,2950.479001464844,False,True,True,3411.10009765625,2502.5,-3.79,31.14,False,False
GRAVITA.NS,1668.199951171875,1762.1150024414062,1759.5159985351563,1672.0605017089845,False,False,False,1913.5999755859375,1266.9000244140625,-12.82,31.68,False,False
GREAVESCOT.NS,192.25,194.1984992980957,215.2734002685547,182.4020495223999,False,False,True,271.8999938964844,119.98999786376953,-29.29,60.22,False,False
GREENLAM.NS,234.6300048828125,246.14300079345702,250.95220001220704,241.39615020751953,False,False,False,278.6300048828125,197.58999633789062,-15.79,18.75,False,False
GREENPANEL.NS,153.60000610351562,160.60649871826172,179.98979949951172,203.17869926452636,False,False,False,333.79998779296875,154.5500030517578,-53.98,-0.61,False,True
GREENPLY.NS,290.25,290.3075012207031,297.48600036621093,259.60120124816893,False,False,True,334.3999938964844,176.4199981689453,-13.2,64.52,False,False
GREENPOWER.NS,9.3100004196167,9.374499940872193,9.759399967193604,10.578250017166138,False,False,False,14.930000305175781,7.980000019073486,-37.64,16.67,False,False
GRINDWELL.NS,1885.800048828125,2016.0250183105468,2056.118017578125,1768.0450067138672,False,False,True,2455.0,1329.0,-23.19,41.9,False,False
GRINFRA.NS,855.7999877929688,875.7599945068359,885.0389990234376,927.0260006713867,False,False,False,1345.0,785.0,-36.37,9.02,False,False
GRMOVER.NS,84.44999694824219,87.45999946594239,90.57160018920898,137.03508350372314,False,False,False,185.4499969482422,81.94999694824219,-54.46,3.05,False,False
GROBTEA.NS,945.8499755859375,963.7800048828125,931.7370007324218,933.9412521362304,False,True,True,1236.199951171875,805.0,-23.49,17.5,False,False
GRPLTD.NS,1925.0999755859375,1996.8150024414062,1968.5079931640626,1843.6385015869141,False,False,True,2360.60009765625,1500.0,-18.45,28.34,False,False
GRSE.NS,2427.5,2567.9650146484373,2594.31,2560.067503662109,False,False,False,3339.0,1963.699951171875,-27.3,23.62,False,False
GRWRHITECH.NS,6921.5,7086.125,7049.62,5004.513500976563,False,False,True,7990.0,2690.699951171875,-13.37,157.24,False,False
GSFC.NS,155.9499969482422,159.895499420166,159.8815982055664,167.15319946289063,False,False,False,212.89999389648438,138.8300018310547,-26.75,12.33,False,False
GSLSU.NS,28.25,29.68449993133545,30.323399963378908,64.09970012664795,False,False,False,139.6699981689453,23.059999465942383,-79.77,22.51,False,False
GSS.NS,10.1899995803833,11.898000049591065,12.457199993133544,13.951449990272522,False,False,False,28.84000015258789,8.680000305175781,-64.67,17.4,False,False
GTECJAINX.NS,26.649999618530273,28.772999858856203,28.431599960327148,23.70874994277954,False,False,True,38.349998474121094,15.539999961853027,-30.51,71.49,False,False
GTL.NS,7.239999771118164,7.256499981880188,7.324999990463257,7.45599999666214,False,False,False,11.260000228881836,4.909999847412109,-35.7,47.45,False,False
GTLINFRA.NS,1.159999966621399,1.189000004529953,1.2318000054359437,1.2323000019788741,False,False,False,1.6699999570846558,0.9599999785423279,-30.54,20.83,False,False
GTPL.NS,59.810001373291016,55.89250011444092,58.41140007019043,70.45244989395141,True,True,False,118.94999694824219,50.849998474121094,-49.72,17.62,False,False
GUFICBIO.NS,425.1000061035156,423.23500061035156,406.4360003662109,340.462000579834,True,True,True,453.95001220703125,268.0,-6.36,58.62,False,False
GUJALKALI.NS,705.0,705.3274932861328,669.53599609375,595.8394993591309,False,True,True,815.0,409.1499938964844,-13.5,72.31,False,False
GUJAPOLLO.NS,348.1000061035156,347.64750213623046,352.0340008544922,391.8475,True,False,False,512.0,300.5,-32.01,15.84,False,False
GUJENERGY.NS,241.58999633789062,259.3300010681152,269.96900054931643,356.20324913024905,False,False,False,452.0,246.14999389648438,-46.55,-1.85,False,True
GUJRAFFIA.NS,40.2599983215332,40.945000076293944,40.356199951171874,42.761999950408935,False,False,False,88.0,35.099998474121094,-54.25,14.7,False,False
GUJTHEM.NS,422.6499938964844,408.1700012207031,381.0739996337891,361.44525009155274,True,True,True,479.0,225.0500030517578,-11.76,87.8,False,False
GULFOILLUB.NS,1060.699951171875,1122.865008544922,1098.1920056152344,1056.5167520141601,False,False,True,1329.0,865.0,-20.19,22.62,False,False
GULFPETRO.NS,64.08000183105469,66.22050037384034,53.99260025024414,39.17480018615723,False,True,True,71.4000015258789,23.25,-10.25,175.61,False,False
GULPOLY.NS,174.83999633789062,187.4909980773926,190.2139987182617,169.90189979553222,False,False,True,227.6300048828125,121.5,-23.19,43.9,False,False
GVKPIL.NS,2.25,2.1829999685287476,2.3463999938964846,2.8171000039577483,True,False,False,4.059999942779541,2.0399999618530273,-44.58,10.29,False,False
GVPIL.NS,652.6500244140625,659.0750030517578,739.0540002441406,580.2654997253418,False,False,True,1084.0,270.8999938964844,-39.79,140.92,False,False
GVPTECH.NS,7.820000171661377,7.69300000667572,7.221400012969971,7.37110000371933,True,True,True,11.1899995803833,5.21999979019165,-30.12,49.81,False,False
GVT&D.NS,4548.10009765625,4338.6500244140625,4373.816005859375,3991.0819982910157,True,True,True,5650.0,2523.199951171875,-19.5,80.25,False,False
HAL.NS,4905.0,4926.59501953125,4735.803994140625,4386.326995849609,False,True,True,5149.89990234375,3479.10009765625,-4.76,40.98,False,False
HALEOSLABS.NS,1462.5,1473.955010986328,1514.9380078125,1396.1915026855468,False,False,True,1774.0,1091.0999755859375,-17.56,34.04,False,False
HAPPSTMNDS.NS,332.3500061035156,390.00750122070315,386.1070001220703,395.50649948120116,False,False,False,583.4000244140625,330.20001220703125,-43.03,0.65,False,True
HAPPYFORGE.NS,2169.0,2262.5499877929688,1923.00599609375,1421.465998840332,False,True,True,2470.0,881.75,-12.19,145.99,False,False
HARDWYN.NS,9.15999984741211,9.317999982833863,11.415114154815674,13.76624249458313,False,False,False,20.200000762939453,7.610000133514404,-54.65,20.37,False,False
HARIOMPIPE.NS,359.20001220703125,352.1075012207031,376.5930017089844,366.1810008239746,True,False,False,572.2000122070312,268.04998779296875,-37.22,34.0,False,False
HARRMALAYA.NS,185.80999755859375,193.75449905395507,206.83,190.95580017089844,False,False,False,237.89999389648438,153.66000366210938,-21.9,20.92,False,False
HARSHA.NS,445.0,442.0974975585938,426.3109985351563,394.0605006408691,True,True,True,470.95001220703125,313.29998779296875,-5.51,42.04,False,False
HATHWAY.NS,10.229999542236328,10.457000112533569,10.729200096130372,11.079000039100647,False,False,False,15.25,8.760000228881836,-32.92,16.78,False,False
HATSUN.NS,1224.4000244140625,1108.1950073242188,990.9890014648438,953.6612490844726,True,True,True,1222.0,855.2999877929688,0.2,43.15,True,False
HAVELLS.NS,1111.0,1224.5599975585938,1227.8160034179687,1287.7145013427735,False,False,False,1621.0999755859375,1105.5,-31.47,0.5,False,True
HAVISHA.NS,1.340000033378601,1.3674999952316285,1.3136000037193298,1.5170499968528748,False,True,False,2.4200000762939453,1.0299999713897705,-44.63,30.1,False,False
HBLENGINE.NS,722.2000122070312,689.3799987792969,712.7859997558594,763.5269998168945,True,True,False,1122.0,613.0,-35.63,17.81,False,False
HBSL.NS,52.90999984741211,54.172000312805174,52.62620025634766,59.085250034332276,False,True,False,108.80000305175781,42.630001068115234,-51.37,24.11,False,False
HCC.NS,22.729999542236328,22.697500038146973,22.24860008239746,20.595214443206785,True,True,True,30.0,13.649999618530273,-24.23,66.52,False,False
HCG.NS,693.9000244140625,711.3300018310547,688.7570007324218,634.8044451904296,False,True,True,804.6500244140625,513.2999877929688,-13.76,35.18,False,False
HCL-INSYS.NS,10.069999694824219,10.625,11.236799964904785,12.308199954032897,False,False,False,16.5,9.010000228881836,-38.97,11.76,False,False
HCLTECH.NS,1206.0999755859375,1295.6650085449219,1282.0340014648436,1374.1874969482421,False,False,False,1780.0999755859375,1030.0,-32.25,17.1,False,False
HDBFS.NS,669.2000122070312,683.9474975585938,697.5860009765624,697.3612509155273,False,False,False,801.0999755859375,555.2999877929688,-16.46,20.51,False,False
HDFCAMC.NS,2403.89990234375,2541.6699951171877,2583.589990234375,2609.3894958496094,False,False,False,2967.25,2205.60009765625,-18.99,8.99,False,False
HDFCBANK.NS,708.25,714.1049987792969,746.1709997558594,831.1452499389649,False,False,False,1020.5,686.2000122070312,-30.6,3.21,False,False
HDFCLIFE.NS,530.0,539.8350006103516,547.7520007324218,634.6782489013672,False,False,False,796.9000244140625,508.70001220703125,-33.49,4.19,False,False
HDIL.NS,1.4700000286102295,1.5024999976158142,1.5956000018119811,2.044450005888939,False,False,False,3.2699999809265137,1.4500000476837158,-55.05,1.38,False,False
HEADSUP.NS,6.989999771118164,6.841499972343445,6.864399995803833,7.641950001716614,True,True,False,12.949999809265137,5.690000057220459,-46.02,22.85,False,False
HEALTHX.NS,308.1499938964844,298.7649978637695,308.2,298.47650009155274,True,False,True,363.0,252.5,-15.11,22.04,False,False
HECPROJECT.NS,119.04000091552734,119.29050064086914,127.39060089111328,122.97020042419433,False,False,False,160.5,92.0999984741211,-25.83,29.25,False,False
HEG.NS,237.1999969482422,602.7450004577637,616.2009994506836,573.3165009307861,False,False,False,753.9000244140625,249.64999389648438,-68.54,-4.99,False,True
HEIDELBERG.NS,149.8000030517578,159.2125,158.07120056152343,160.76054992675782,False,False,False,220.89999389648438,136.10000610351562,-32.19,10.07,False,False
HEMIPROP.NS,120.62000274658203,128.22850036621094,133.3513998413086,135.1651499557495,False,False,False,190.69000244140625,111.19999694824219,-36.75,8.47,False,False
HERANBA.NS,171.5800018310547,170.9115005493164,175.68400085449218,200.79570045471192,True,False,False,341.70001220703125,155.3800048828125,-49.79,10.43,False,False
HERITGFOOD.NS,417.3999938964844,376.77999725341795,353.53099731445315,365.7012498474121,True,True,True,540.0,292.54998779296875,-22.7,42.68,False,False
HEROMOTOCO.NS,5221.5,5498.325,5354.143994140625,5386.5065014648435,False,False,False,6388.5,4671.5,-18.27,11.77,False,False
HESTERBIO.NS,2264.89990234375,2331.85,2370.595986328125,1829.0034973144532,False,False,True,2683.60009765625,1239.300048828125,-15.6,82.76,False,False
HEXATRADEX.NS,155.80999755859375,158.50849990844728,158.58920043945312,161.52935005187987,False,False,False,194.88999938964844,147.25999450683594,-20.05,5.81,False,False
HEXT.NS,497.04998779296875,539.4549942016602,552.4429986572266,565.9884997558594,False,False,False,807.75,400.20001220703125,-38.46,24.2,False,False
HFCL.NS,233.69000244140625,235.38349838256835,220.4521990966797,132.7508498573303,False,True,True,256.70001220703125,59.81999969482422,-8.96,290.66,False,False
HGINFRA.NS,484.0,497.00499725341797,528.7709979248046,602.4922489929199,False,False,False,1049.949951171875,429.5,-53.9,12.69,False,False
HGM.NS,48.68000030517578,46.834500312805176,48.45660011291504,55.97375,True,True,False,82.4000015258789,42.0,-40.92,15.9,False,False
HGS.NS,381.45001220703125,398.66999969482424,412.817998046875,413.52849945068357,False,False,False,546.3499755859375,342.04998779296875,-30.18,11.52,False,False
HIKAL.NS,224.9499969482422,218.0729995727539,222.32439910888672,207.10374992370606,True,True,True,282.70001220703125,146.25,-20.43,53.81,False,False
HILINFRA.NS,41.529998779296875,44.60099983215332,45.00179985046387,50.95504991531372,False,False,False,91.69999694824219,40.599998474121094,-54.71,2.29,False,False
HILTON.NS,18.059999465942383,19.35949993133545,20.904599914550783,24.804384388923644,False,False,False,56.650001525878906,13.430000305175781,-68.12,34.48,False,False
HIMATSEIDE.NS,67.83000183105469,70.6240005493164,77.41800018310546,90.87025012969971,False,False,False,134.1999969482422,68.0,-49.46,-0.25,False,True
HINDALCO.NS,981.5,1026.9850036621094,1001.0350048828125,970.9177526855469,False,False,True,1176.0,731.9500122070312,-16.54,34.09,False,False
HINDCOMPOS.NS,376.45001220703125,402.56500244140625,420.3020007324219,422.1292495727539,False,False,False,550.0,347.1000061035156,-31.55,8.46,False,False
HINDCON.NS,24.09000015258789,23.149499797821044,22.41959991455078,22.872699985504152,True,True,True,37.75,15.65999984741211,-36.19,53.83,False,False
HINDCOPPER.NS,514.5,539.4249984741211,516.7139990234375,519.0722496032715,False,False,False,760.0499877929688,243.75,-32.31,111.08,False,False
HINDOILEXP.NS,185.22000122070312,169.88400115966797,163.25460021972657,155.13995056152345,True,True,True,201.44000244140625,117.5,-8.05,57.63,False,False
HINDPETRO.NS,352.0,362.4350021362305,380.99400146484373,403.55100006103515,False,False,False,508.45001220703125,316.20001220703125,-30.77,11.32,False,False
HINDUNILVR.NS,1927.0,1999.6100036621094,2074.0200073242186,2217.0670025634768,False,False,False,2667.199951171875,1936.0,-27.75,-0.46,False,True
HINDWAREAP.NS,178.39999389648438,189.9184997558594,211.8143994140625,230.8198501586914,False,False,False,392.70001220703125,170.5,-54.57,4.63,False,False
HINDZINC.NS,576.4500122070312,591.8200042724609,565.251005859375,583.4272486877442,False,True,False,733.0,430.75,-21.36,33.82,False,False
HIRECT.NS,1245.4000244140625,1247.6950134277345,1237.596005859375,930.2940023803711,False,True,True,1399.0,565.2000122070312,-10.98,120.35,False,False
HISARMETAL.NS,157.1999969482422,154.62950057983397,152.79320037841796,156.0665503692627,True,True,True,194.97000122070312,124.98999786376953,-19.37,25.77,False,False
HITECH.NS,76.38999938964844,78.22650032043457,82.45920013427734,85.7535001373291,False,False,False,127.5,70.13999938964844,-40.09,8.91,False,False
HITECHCORP.NS,334.5,334.12499847412107,326.2750006103516,215.98210025787353,True,True,True,345.0,112.0,-3.04,198.66,False,False
HITECHGEAR.NS,567.4500122070312,557.6825012207031,585.202998046875,624.6959997558594,True,False,False,897.4500122070312,521.25,-36.77,8.86,False,False
HLEGLAS.NS,404.3500061035156,326.99000244140626,379.3400018310547,369.38224990844725,True,True,True,661.9500122070312,250.0,-38.92,61.74,False,False
HLVLTD.NS,6.380000114440918,6.5325000286102295,6.988599987030029,8.022649972438812,False,False,False,12.600000381469727,5.599999904632568,-49.37,13.93,False,False
HMAAGRO.NS,20.06999969482422,21.24749994277954,21.456999893188478,24.59489998817444,False,False,False,34.2400016784668,19.09000015258789,-41.38,5.13,False,False
HMT.NS,63.36000061035156,63.5875,62.67720031738281,56.68630002975464,False,True,True,72.94999694824219,41.0,-13.15,54.54,False,False
HMVL.NS,79.9000015258789,87.72800064086914,90.905,74.93019956588745,False,False,True,108.16000366210938,55.20000076293945,-26.13,44.75,False,False
HNDFDS.NS,618.7000122070312,629.7925018310547,593.4080017089843,530.6827497863769,False,True,True,677.75,442.0,-8.71,39.98,False,False
HOMEFIRST.NS,1184.5,1192.7200012207031,1199.55599609375,1129.506997680664,False,False,True,1317.699951171875,893.7000122070312,-10.11,32.54,False,False
HONASA.NS,471.1499938964844,477.05499572753905,469.2839990234375,361.0085003662109,False,True,True,509.79998779296875,248.39999389648438,-7.58,89.67,False,False
HONAUT.NS,34580.0,35899.5,37344.9,33850.375,False,False,True,41495.0,26220.0,-16.66,31.88,False,False
HONDAPOWER.NS,1953.0,2041.3200073242188,2083.9399951171877,2180.4159973144533,False,False,False,2969.199951171875,1816.5999755859375,-34.22,7.51,False,False
HPAL.NS,37.90999984741211,35.24149990081787,34.78519996643067,37.13745004653931,True,True,True,53.0,26.520000457763672,-28.47,42.95,False,False
HPIL.NS,123.87000274658203,124.93099975585938,125.13100021362305,128.59750022888184,False,False,False,164.0,107.0,-24.47,15.77,False,False
HPL.NS,292.0,306.93749847412107,327.03799926757813,347.25250076293946,False,False,False,507.8999938964844,255.5500030517578,-42.51,14.26,False,False
HSCL.NS,664.9000244140625,684.1425018310547,715.6660046386719,570.4607522583008,False,False,True,819.5,418.5,-18.87,58.88,False,False
HTMEDIA.NS,24.920000076293945,26.298000049591064,26.073599967956543,23.231649980545043,False,False,True,31.299999237060547,17.520000457763672,-20.38,42.24,False,False
HUBTOWN.NS,181.2100067138672,186.1129997253418,191.94239959716796,212.18575035095216,False,False,False,342.0,168.14999389648438,-47.01,7.77,False,False
HUDCO.NS,172.75999450683594,182.21500091552736,193.43040100097656,200.82345024108886,False,False,False,246.85000610351562,159.0,-30.01,8.65,False,False
HUHTAMAKI.NS,254.39999389648438,265.7299995422363,264.21980041503906,204.63940002441407,False,False,True,330.0,148.60000610351562,-22.91,71.2,False,False
HYBRIDFIN.NS,16.610000610351562,17.069500064849855,17.880000076293946,18.83965000152588,False,False,False,33.619998931884766,13.0600004196167,-50.59,27.18,False,False
HYUNDAI.NS,2174.0,2204.6699951171877,2120.01,2072.951494140625,False,True,True,2890.0,1658.0,-24.78,31.12,False,False
IBULLSLTD.NS,26.139999389648438,26.144999980926514,27.90639991760254,19.14259996891022,False,False,True,32.5,8.899999618530273,-19.57,193.71,False,False
ICDSLTD.NS,62.52000045776367,49.39950008392334,44.05000015258789,43.81915000915527,True,True,True,71.44999694824219,36.400001525878906,-12.5,71.76,False,False
ICEMAKE.NS,730.0999755859375,733.4550018310547,780.7090014648437,773.8877514648437,False,False,False,920.0,660.2999877929688,-20.64,10.57,False,False
ICICIBANK.NS,1379.300048828125,1417.3100036621095,1424.4299951171874,1356.2840014648436,False,False,True,1480.0,1187.5999755859375,-6.8,16.14,False,False
ICICIGI.NS,1459.800048828125,1565.3250061035155,1639.026005859375,1798.8339959716798,False,False,False,2064.89990234375,1459.0999755859375,-29.3,0.05,False,True
ICICIPRULI.NS,471.5,497.9524978637695,501.7259991455078,562.8419985961914,False,False,False,706.7999877929688,455.29998779296875,-33.29,3.56,False,False
ICIL.NS,443.25,434.0950012207031,419.40600036621095,322.341400680542,True,True,True,474.6499938964844,216.89999389648438,-6.62,104.36,False,False
ICRA.NS,4728.89990234375,4921.269970703125,5029.76197265625,5481.557993164062,False,False,False,6982.0,4692.0,-32.27,0.79,False,True
IDBI.NS,83.43000030517578,86.97199974060058,85.3367999267578,88.2149499130249,False,False,False,118.37999725341797,61.0099983215332,-29.52,36.75,False,False
IDEA.NS,14.970000267028809,14.633500003814698,13.890400009155274,12.044850044250488,True,True,True,15.789999961853027,7.289999961853027,-5.19,105.35,False,False
IDEAFORGE.NS,733.9500122070312,790.0599975585938,834.3419982910157,630.0859997558593,False,False,True,992.25,366.0,-26.03,100.53,False,False
IDFCFIRSTB.NS,86.20999908447266,85.61300010681153,83.9102001953125,77.38435012817382,True,True,True,88.76000213623047,58.08000183105469,-2.87,48.43,False,False
IEX.NS,113.87999725341797,120.5939998626709,123.24739990234374,127.53839965820312,False,False,False,160.27000427246094,114.5999984741211,-28.94,-0.63,False,True
IFBAGRO.NS,884.4500122070312,943.8000030517578,963.9309985351563,1027.0297509765626,False,False,False,1790.0,679.1500244140625,-50.59,30.23,False,False
IFBIND.NS,1300.0999755859375,1345.4150024414062,1345.1699975585936,1274.5957470703124,False,False,True,2019.800048828125,883.2000122070312,-35.63,47.2,False,False
IFCI.NS,82.29000091552734,87.70650062561035,79.56280044555665,65.15090005874634,False,True,True,107.5,46.22999954223633,-23.45,78.0,False,False
IFGLEXPOR.NS,206.0800018310547,212.70099945068358,214.1672006225586,189.91130073547365,False,False,True,338.0,119.68000030517578,-39.03,72.19,False,False
IGARASHI.NS,414.29998779296875,426.3524963378906,447.14799560546874,403.4732481384277,False,False,True,558.0,271.04998779296875,-25.75,52.85,False,False
IGCL.NS,67.61000061035156,72.12399864196777,72.62399948120117,69.10994989395141,False,False,False,117.19999694824219,49.459999084472656,-42.31,36.7,False,False
IGIL.NS,314.29998779296875,333.25250244140625,342.07700317382813,337.79275039672854,False,False,False,392.0,287.0,-19.82,9.51,False,False
IGL.NS,151.97999572753906,150.55849990844726,151.7532000732422,165.92315048217773,True,True,False,223.5,141.74000549316406,-32.0,7.22,False,False
IGPL.NS,547.0499877929688,519.454997253418,481.48999755859376,418.1027487182617,True,True,True,590.0,315.0,-7.28,73.67,False,False
IIFL.NS,600.5999755859375,641.0250030517578,604.7870007324219,537.8310006713867,False,False,True,705.0,409.1000061035156,-14.81,46.81,False,False
IIFLCAPS.NS,339.04998779296875,336.43999633789065,336.97099853515624,328.0308988189697,True,True,True,411.29998779296875,240.39999389648438,-17.57,41.04,False,False
IITL.NS,149.00999450683594,151.5525001525879,141.55840072631835,146.7518002319336,False,True,True,216.0,108.0,-31.01,37.97,False,False
IKIO.NS,223.8699951171875,205.44599990844728,205.61799957275392,167.80274971008302,True,True,True,248.8800048828125,103.52999877929688,-10.05,116.24,False,False
IKS.NS,1740.5999755859375,1775.604998779297,1810.642001953125,1647.3995013427734,False,False,True,1933.0,1262.0,-9.95,37.92,False,False
IL&FSENGG.NS,38.540000915527344,36.31599998474121,33.49159984588623,28.282850036621095,True,True,True,39.4900016784668,21.0,-2.41,83.52,False,False
IL&FSTRANS.NS,2.009999990463257,2.103999972343445,2.12039999961853,2.4096999943256376,False,False,False,3.3399999141693115,1.75,-39.82,14.86,False,False
IMAGICAA.NS,52.33000183105469,52.563500213623044,49.51280014038086,47.01904998779297,False,True,True,62.0,36.84000015258789,-15.6,42.05,False,False
IMFA.NS,1243.5,1349.0499877929688,1381.0959912109374,1363.8954962158202,False,False,False,1679.9000244140625,992.9000244140625,-25.98,25.24,False,False
IMPAL.NS,1113.199951171875,1102.7899963378907,1108.207998046875,1056.4399990844727,True,True,True,1238.9000244140625,928.0,-10.15,19.96,False,False
IMPEXFERRO.NS,5.179999828338623,4.302999973297119,3.2636000061035157,2.188500003218651,True,True,True,5.079999923706055,1.2999999523162842,1.97,298.46,True,False
INCREDIBLE.NS,33.58000183105469,32.53100004196167,32.876399993896484,35.15954999923706,True,True,False,52.869998931884766,28.100000381469727,-36.49,19.5,False,False
INDBANK.NS,27.639999389648438,30.40550012588501,31.992200012207032,33.782600021362306,False,False,False,47.150001525878906,26.399999618530273,-41.38,4.7,False,False
INDGN.NS,578.3499755859375,581.2600006103515,545.881000366211,511.6642492675781,False,True,True,615.5,414.0,-6.04,39.7,False,False
INDHOTEL.NS,718.5,723.0900024414062,729.6580017089843,688.5237503051758,False,False,True,792.5499877929688,565.0,-9.34,27.17,False,False
INDIACEM.NS,346.8999938964844,364.492497253418,380.6589990234375,401.7697506713867,False,False,False,485.79998779296875,342.3500061035156,-28.59,1.33,False,False
INDIAGLYCO.NS,294.8999938964844,837.850006866455,1006.3980007934571,977.7522528839112,False,False,False,1222.0,217.0,-75.87,35.9,False,False
INDIAMART.NS,1695.0,1735.240008544922,1797.2860009765625,2043.2825006103515,False,False,False,2630.0,1626.0,-35.55,4.24,False,False
INDIANB.NS,853.5,876.5375091552735,854.291005859375,861.9705014038086,False,False,False,1000.9000244140625,669.0,-14.73,27.58,False,False
INDIANCARD.NS,212.4499969482422,212.80399856567382,219.16699951171876,218.4665496826172,False,False,False,303.04998779296875,153.0,-29.9,38.86,False,False
INDIANHUME.NS,369.54998779296875,379.8649963378906,382.41099670410154,359.3262480163574,False,False,True,432.0,279.79998779296875,-14.46,32.08,False,False
INDIASHLTR.NS,652.25,662.5549987792969,713.7900012207032,765.5224990844727,False,False,False,924.0,620.1500244140625,-29.41,5.18,False,False
INDIGO.NS,4973.0,5118.4,5205.08,4860.891004638672,False,False,True,5970.0,3895.199951171875,-16.7,27.67,False,False
INDIGOPNTS.NS,1089.300048828125,1148.1050109863281,1108.710009765625,1027.8537539672852,False,False,True,1345.9000244140625,708.0499877929688,-19.07,53.85,False,False
INDIQUBE.NS,202.8699951171875,194.020499420166,182.9329992675781,177.3045004272461,True,True,True,243.8000030517578,131.14999389648438,-16.79,54.69,False,False
INDNIPPON.NS,1358.9000244140625,1132.4849975585937,1145.407998046875,894.3189996337891,True,True,True,1564.0,675.0,-13.11,101.32,False,False
INDOAMIN.NS,126.91999816894531,123.67599906921387,126.25859909057617,120.15109935760498,True,True,True,149.0,81.9000015258789,-14.82,54.97,False,False
INDOBORAX.NS,484.54998779296875,492.1550018310547,450.92500061035156,320.547550201416,False,True,True,542.7999877929688,225.30999755859375,-10.73,115.06,False,False
INDOCO.NS,263.0199890136719,239.45449829101562,237.2223992919922,221.93624969482423,True,True,True,332.20001220703125,162.19000244140625,-20.82,62.17,False,False
INDOFARM.NS,141.66000366210938,138.82600021362305,149.43679931640625,152.4173999786377,True,False,False,271.69000244140625,110.69999694824219,-47.86,27.97,False,False
INDORAMA.NS,86.5,67.51749992370605,58.82620002746582,45.4884001159668,True,True,True,90.0,29.0,-3.89,198.28,False,False
INDOSTAR.NS,244.3800048828125,252.66949996948242,255.36580078125,232.13910026550292,False,False,True,292.0,179.02999877929688,-16.31,36.5,False,False
INDOTECH.NS,3522.89990234375,3691.9949951171875,3534.2179931640626,2289.4424951171877,False,False,True,4030.0,1100.0,-12.58,220.26,False,False
INDOTHAI.NS,41.16999816894531,51.44250011444092,133.09839988708495,244.8129998588562,False,False,False,466.3500061035156,35.75,-91.17,15.16,False,False
INDOUS.NS,78.23999786376953,81.30999984741212,83.27879989624023,105.49909999847412,False,False,False,159.0,70.0,-50.79,11.77,False,False
INDOWIND.NS,9.09000015258789,9.020000123977661,9.130800094604492,10.781300010681152,True,False,False,18.940000534057617,7.0,-52.01,29.86,False,False
INDRAMEDCO.NS,355.0,364.7074996948242,369.9429992675781,400.3342495727539,False,False,False,640.8499755859375,342.0,-44.6,3.8,False,False
INDSWFTLAB.NS,385.3500061035156,352.8770004272461,282.8110015869141,169.37940013885498,True,True,True,404.0,87.1500015258789,-4.62,342.17,False,False
INDTERRAIN.NS,28.850000381469727,30.199499988555907,30.529599838256836,32.15304998397827,False,False,False,42.619998931884766,24.559999465942383,-32.31,17.47,False,False
INDUSINDBK.NS,978.2000122070312,1003.0949981689453,1011.8690002441406,919.0025012207032,False,False,True,1077.8499755859375,710.5999755859375,-9.25,37.66,False,False
INDUSTOWER.NS,388.0,377.3125,385.8669989013672,415.56999938964844,True,True,False,481.5,337.79998779296875,-19.42,14.86,False,False
INFOBEAN.NS,154.00999450683594,157.94349746704103,162.12559936523436,173.4556378173828,False,False,False,257.5,116.5,-40.19,32.2,False,False
INFOMEDIA.NS,5.199999809265137,5.241500020027161,5.412999992370605,5.695999994277954,False,False,False,8.050000190734863,4.5,-35.4,15.56,False,False
INFY.NS,1037.699951171875,1112.1650085449219,1113.5680004882813,1294.5320004272462,False,False,False,1728.0,982.4000244140625,-39.95,5.63,False,False
INGERRAND.NS,4573.0,4701.490014648438,4523.883984375,4021.8544970703124,False,True,True,4955.0,3063.300048828125,-7.71,49.28,False,False
INNOVACAP.NS,1147.199951171875,1095.017495727539,1025.0599975585938,826.2339987182618,True,True,True,1200.0,622.0,-4.4,84.44,False,False
INNOVANA.NS,327.0,310.11499786376953,320.9429992675781,365.7330000305176,True,True,False,564.7999877929688,290.0,-42.1,12.76,False,False
INOXGREEN.NS,178.2100067138672,174.61499786376953,182.74859924316405,180.5181990814209,True,False,False,279.0,132.5800018310547,-36.13,34.42,False,False
INOXINDIA.NS,2246.60009765625,2088.1999755859374,2001.9179907226562,1500.1864965820312,True,True,True,2339.5,1068.199951171875,-3.97,110.32,False,False
INOXWIND.NS,76.5,73.94399909973144,76.6231997680664,94.95259983062743,True,False,False,159.3000030517578,68.0,-51.98,12.5,False,False
INSECTICID.NS,609.7000122070312,605.7149993896485,628.3009985351563,658.8422485351563,True,False,False,819.9500122070312,518.5999755859375,-25.64,17.57,False,False
INSPIRISYS.NS,85.43000030517578,90.07049942016602,96.08739974975586,93.7572999572754,False,False,False,133.89999389648438,69.91999816894531,-36.2,22.18,False,False
INTELLECT.NS,682.5999755859375,685.2725036621093,717.2730017089843,774.7082501220704,False,False,False,1244.5999755859375,595.2000122070312,-45.16,14.68,False,False
INTENTECH.NS,78.52999877929688,80.93799934387206,86.00799972534179,100.512799949646,False,False,False,149.89999389648438,66.30000305175781,-47.61,18.45,False,False
INTERARCH.NS,1728.199951171875,1709.3099975585938,1767.3759985351562,1938.5499993896485,True,False,False,2762.60009765625,1600.0,-37.44,8.01,False,False
INTLCONV.NS,78.2699966430664,77.94050025939941,77.10740005493165,79.39514999389648,True,True,False,114.54000091552734,60.0,-31.67,30.45,False,False
INVENTURE.NS,0.9200000166893005,0.9145000100135803,0.9098000037670135,1.0216500002145767,True,True,False,1.6799999475479126,0.7200000286102295,-45.24,27.78,False,False
IOB.NS,33.06999969482422,33.04249992370605,33.659199981689454,34.478300075531,True,False,False,41.79999923706055,31.200000762939453,-20.89,5.99,False,False
IOC.NS,135.11000061035156,136.96850128173827,139.3360009765625,150.24530059814452,False,False,False,188.9600067138672,130.22000122070312,-28.5,3.76,False,False
IOLCP.NS,194.30999755859375,186.70599822998048,169.54839935302735,111.85729984283448,True,True,True,219.0399932861328,67.19000244140625,-11.29,189.19,False,False
IONEXCHANG.NS,445.70001220703125,390.5975051879883,405.36000366210936,379.86625045776367,True,True,True,486.0,312.70001220703125,-8.29,42.53,False,False
IPCALAB.NS,1968.5,1943.1399963378906,1845.7159985351564,1597.2080004882812,True,True,True,2001.5,1251.5999755859375,-1.65,57.28,False,False
IPL.NS,133.69000244140625,137.98850021362304,146.05940002441406,156.75455062866212,False,False,False,240.25,125.0,-44.35,6.95,False,False
IRB.NS,19.639999389648438,19.248999977111815,19.64659999847412,20.726074991226195,True,False,False,23.950000762939453,18.760000228881836,-18.0,4.69,False,False
IRCON.NS,113.26000213623047,120.54000091552734,125.59220001220703,141.9635501098633,False,False,False,189.5,114.5,-40.23,-1.08,False,True
IRCTC.NS,462.8999938964844,481.9024993896484,494.82799926757815,560.8754974365235,False,False,False,739.0,467.0,-37.36,-0.88,False,True
IREDA.NS,111.70999908447266,114.86149940490722,118.56079971313477,126.26129974365234,False,False,False,163.35000610351562,108.6500015258789,-31.61,2.82,False,False
IRFC.NS,81.08999633789062,84.22000007629394,86.92320022583007,101.5987998199463,False,False,False,137.1699981689453,80.76000213623047,-40.88,0.41,False,True
IRIS.NS,245.38999938964844,247.2479995727539,249.51020080566406,259.6860497283935,False,False,False,388.1000061035156,203.0,-36.77,20.88,False,False
IRISDOREME.NS,61.470001220703125,59.20249977111816,53.060800018310545,39.19699995994568,True,True,True,64.12999725341797,26.350000381469727,-4.15,133.28,False,False
IRMENERGY.NS,280.25,283.95500030517576,275.4579998779297,262.35499992370603,False,True,True,393.0,165.39999389648438,-28.69,69.44,False,False
ISFT.NS,79.4800033569336,86.72100028991699,81.23359970092774,81.53760013580322,False,False,False,119.06999969482422,54.04999923706055,-33.25,47.05,False,False
ISGEC.NS,795.9500122070312,774.9349975585938,825.7480004882813,885.3475003051758,True,False,False,1113.9000244140625,683.9500122070312,-28.54,16.38,False,False
ISHANCH.NS,44.84000015258789,45.3185001373291,49.66000030517578,57.89535009384155,False,False,False,83.37000274658203,41.709999084472656,-46.22,7.5,False,False
ITC.NS,259.8500061035156,265.99749755859375,275.89599853515625,311.302000579834,False,False,False,426.3999938964844,255.5,-39.06,1.7,False,False
ITCHOTELS.NS,153.69000244140625,161.46449966430663,167.04799926757812,171.17774971008302,False,False,False,251.22999572753906,137.3000030517578,-38.82,11.94,False,False
ITDC.NS,690.8499755859375,667.1799957275391,694.6830017089844,584.1272497558593,True,False,True,822.0,368.0,-15.95,87.73,False,False
ITI.NS,262.8500061035156,273.5800033569336,279.6740008544922,288.414500579834,False,False,False,372.8500061035156,237.0,-29.5,10.91,False,False
IVC.NS,9.109999656677246,8.881500053405762,8.50980001449585,7.931100008487701,True,True,True,10.989999771118164,6.019999980926514,-17.11,51.33,False,False
IVP.NS,214.47000122070312,195.49949798583984,175.86139923095703,154.6230001449585,True,True,True,222.0,110.0,-3.39,94.97,False,False
IXIGO.NS,158.6300048828125,165.85799865722657,183.5915985107422,193.22559913635254,False,False,False,339.1499938964844,151.27000427246094,-53.23,4.87,False,False
IZMO.NS,906.7999877929688,886.775,971.2330041503906,830.316499633789,True,False,True,1374.699951171875,569.3499755859375,-34.04,59.27,False,False
J&KBANK.NS,145.27000427246094,148.6525001525879,160.53780059814454,131.19215023040772,False,False,True,201.75,97.3499984741211,-28.0,49.22,False,False
JAGRAN.NS,62.09000015258789,61.70099983215332,62.63039985656738,65.78325000762939,True,False,False,78.9000015258789,59.5,-21.31,4.35,False,False
JAGSNPHARM.NS,232.88999938964844,236.6400001525879,232.50819976806642,203.88565002441408,False,True,True,264.5,155.0,-11.95,50.25,False,False
JAIBALAJI.NS,65.06999969482422,68.32300033569337,65.8842002105713,67.95000022888183,False,False,False,108.0,53.650001525878906,-39.75,21.29,False,False
JAICORPLTD.NS,95.7300033569336,99.53349990844727,103.27400024414062,112.83105022430419,False,False,False,173.64999389648438,88.0,-44.87,8.78,False,False
JAIPURKURT.NS,25.56999969482422,26.364000034332275,27.050799980163575,30.654850006103516,False,False,False,42.7400016784668,24.0,-40.17,6.54,False,False
JAMNAAUTO.NS,135.4600067138672,123.19600067138671,129.7838005065918,126.69904979705811,True,True,True,152.60000610351562,89.73999786376953,-11.23,50.95,False,False
JASH.NS,514.0499877929688,485.1124984741211,498.6509997558594,437.65499954223634,True,True,True,572.8499755859375,327.1000061035156,-10.26,57.15,False,False
JAYAGROGN.NS,244.1300048828125,230.51449966430664,224.26179931640624,204.16915000915526,True,True,True,265.0,147.25999450683594,-7.88,65.78,False,False
JAYBARMARU.NS,116.58000183105469,123.64900054931641,148.3302001953125,114.064349899292,False,False,True,207.0,74.1500015258789,-43.68,57.22,False,False
JAYNECOIND.NS,89.97000122070312,95.25100021362304,91.59200012207032,86.95479999542236,False,False,True,117.0,62.61000061035156,-23.1,43.7,False,False
JAYSREETEA.NS,92.9000015258789,97.28499946594238,89.4431999206543,86.5517498779297,False,True,True,112.69999694824219,70.55000305175781,-17.57,31.68,False,False
JBMA.NS,620.2999877929688,629.8124908447265,650.1739929199218,617.9852488708497,False,False,True,790.0,477.0,-21.48,30.04,False,False
JETFREIGHT.NS,20.06999969482422,21.70250015258789,22.25560005187988,19.759250001907347,False,False,True,25.950000762939453,11.899999618530273,-22.66,68.66,False,False
JGCHEM.NS,592.0499877929688,610.4099975585938,546.1900006103516,417.77850036621095,False,True,True,675.0,298.3999938964844,-12.29,98.41,False,False
JHS.NS,8.430000305175781,8.294999933242797,7.936799993515015,8.922249975204467,True,True,False,13.899999618530273,6.260000228881836,-39.35,34.66,False,False
JINDALPHOT.NS,1010.9000244140625,1033.064993286133,1071.7159924316406,1204.2117489624025,False,False,False,1616.5999755859375,971.0999755859375,-37.47,4.1,False,False
JINDALPOLY.NS,671.2999877929688,656.7999938964844,651.2909948730469,626.898998260498,True,True,True,1026.449951171875,365.0,-34.6,83.92,False,False
JINDALSAW.NS,311.95001220703125,298.12250061035155,277.56199951171874,220.99155014038087,True,True,True,320.0,153.0,-2.52,103.89,False,False
JINDALSTEL.NS,1120.5,1143.0550048828125,1097.21400390625,1130.4655026245118,False,True,False,1306.199951171875,977.0999755859375,-14.22,14.68,False,False
JINDRILL.NS,633.25,635.0125061035156,613.267001953125,556.6192501831055,False,True,True,704.4000244140625,440.1000061035156,-10.1,43.89,False,False
JINDWORLD.NS,52.880001068115234,43.11350021362305,38.243800201416015,29.83435004234314,True,True,True,61.9900016784668,17.850000381469727,-14.7,196.25,False,False
JIOFIN.NS,229.89999389648438,239.71749954223634,243.01399993896484,254.0255004119873,False,False,False,321.6000061035156,223.3000030517578,-28.51,2.96,False,False
JISLDVREQS.NS,20.760000228881836,21.23050012588501,21.839200057983398,23.655700006484984,False,False,False,35.47999954223633,18.5,-41.49,12.22,False,False
JISLJALEQS.NS,29.709999084472656,28.761000156402588,29.920799980163576,33.82909999847412,True,False,False,59.0,26.110000610351562,-49.64,13.79,False,False
JITFINFRA.NS,290.3500061035156,309.73500061035156,330.80700134277345,309.9957498931885,False,False,False,478.0,222.35000610351562,-39.26,30.58,False,False
JKCEMENT.NS,4843.5,5148.0,5349.01,5452.04,False,False,False,7000.0,4671.5,-30.81,3.68,False,False
JKIL.NS,475.8500061035156,494.9124984741211,493.5840002441406,516.9072508239747,False,False,False,672.0,425.0,-29.19,11.96,False,False
JKLAKSHMI.NS,505.8999938964844,533.9650024414062,554.542001953125,650.194248046875,False,False,False,935.75,495.20001220703125,-45.94,2.16,False,False
JKPAPER.NS,414.25,398.4674957275391,387.61499755859376,361.4315000915527,True,True,True,444.79998779296875,304.8500061035156,-6.87,35.89,False,False
JKTYRE.NS,353.95001220703125,373.4850021362305,390.4640008544922,434.2000004577637,False,False,False,611.9000244140625,349.1000061035156,-42.16,1.39,False,False
JLHL.NS,279.1499938964844,299.4950012207031,306.58500122070313,274.18994956970215,False,False,True,340.0,235.60000610351562,-17.9,18.48,False,False
JMA.NS,93.22000122070312,91.32249908447265,89.7041993713379,85.53779972076416,True,True,True,103.69999694824219,70.25,-10.11,32.7,False,False
JMFINANCIL.NS,124.47000122070312,128.75200004577636,126.78280014038086,131.31315021514894,False,False,False,195.60000610351562,112.0,-36.37,11.13,False,False
JNKINDIA.NS,422.3999938964844,443.41000213623045,454.86000061035156,338.9598999786377,False,False,True,558.0,200.9199981689453,-24.3,110.23,False,False
JOCIL.NS,149.88999938964844,151.63349990844728,148.28019958496094,138.56675018310546,False,True,True,175.1199951171875,91.25,-14.41,64.26,False,False
JPOLYINVST.NS,989.5,990.2074981689453,1034.940994873047,1070.3039962768555,False,False,False,1487.699951171875,852.0999755859375,-33.49,16.12,False,False
JPPOWER.NS,16.020000457763672,16.723500061035157,17.149400100708007,17.16755006313324,False,False,False,24.5,13.149999618530273,-34.61,21.83,False,False
JSFB.NS,516.8499755859375,546.4449951171875,535.38599609375,448.85774948120115,False,False,True,606.9500122070312,330.0,-14.84,56.62,False,False
JSL.NS,756.0999755859375,728.6250061035156,726.6460034179687,748.9362521362305,True,True,True,884.0,652.25,-14.47,15.92,False,False
JSLL.NS,511.8500061035156,509.98500061035156,545.1709997558594,631.1197497558594,True,False,False,849.5,492.0,-39.75,4.03,False,False
JSWCEMENT.NS,118.87000274658203,124.19299964904785,130.62279891967773,124.4554999923706,False,False,False,153.4499969482422,106.6500015258789,-22.54,11.46,False,False
JSWDULUX.NS,3155.10009765625,3139.139990234375,3066.9139990234376,3066.6345068359374,True,True,True,3745.0,2667.0,-15.75,18.3,False,False
JSWENERGY.NS,526.4500122070312,537.7125,548.0990051269531,522.7032522583008,False,False,True,617.3499755859375,427.75,-14.72,23.07,False,False
JSWHL.NS,11449.0,11547.25,11491.88,14622.755,False,False,False,22790.0,10530.0,-49.76,8.73,False,False
JSWINFRA.NS,343.1499938964844,336.6675033569336,333.8060009765625,287.6391508483887,True,True,True,355.79998779296875,233.4199981689453,-3.56,47.01,False,False
JSWSTEEL.NS,1265.0,1306.1900024414062,1279.8280078125,1229.77650390625,False,False,True,1351.0,1073.199951171875,-6.37,17.87,False,False
JTEKTINDIA.NS,120.55000305175781,125.25749931335449,133.53399978637697,135.97049991607665,False,False,False,188.5,117.0,-36.05,3.03,False,False
JTLIND.NS,88.68000030517578,84.25050048828125,79.51820007324218,69.52929992675782,True,True,True,94.0,40.25,-5.66,120.32,False,False
JUBLCPL.NS,2105.800048828125,2205.110009765625,2058.3640087890626,1973.1410015869142,False,True,True,2790.0,1460.0,-24.52,44.23,False,False
JUBLFOOD.NS,470.25,492.47749786376954,465.6109997558594,484.66400009155274,False,True,False,667.75,408.54998779296875,-29.58,15.1,False,False
JUBLINGREA.NS,658.4000244140625,693.7699981689453,717.2649951171875,672.272998046875,False,False,False,795.0,537.2999877929688,-17.18,22.54,False,False
JUBLPHARMA.NS,1025.199951171875,917.0275024414062,944.4340026855468,959.1142514038086,True,True,True,1184.800048828125,786.0499877929688,-13.47,30.42,False,False
JUNIPER.NS,221.1199951171875,212.02199935913086,202.51039978027345,215.25735008239747,True,True,True,312.5,188.5,-29.24,17.31,False,False
JUSTDIAL.NS,665.5499877929688,678.0875,684.6590002441407,623.1047496032714,False,False,True,878.5999755859375,480.5,-24.25,38.51,False,False
JWL.NS,239.5800018310547,244.84050064086915,251.12419982910157,277.04185035705564,False,False,False,358.25,235.64999389648438,-33.12,1.67,False,False
JYOTHYLAB.NS,195.05999755859375,204.39049911499023,202.1498001098633,230.71745056152344,False,False,False,328.04998779296875,188.10000610351562,-40.54,3.7,False,False
JYOTICNC.NS,985.0,987.7350067138672,878.2400012207031,822.2407516479492,False,True,True,1058.8499755859375,580.0999755859375,-6.97,69.8,False,False
JYOTISTRUC.NS,9.6899995803833,10.270999908447266,10.88819995880127,11.176300013065338,False,False,False,17.420000076293945,7.940000057220459,-44.37,22.04,False,False
KABRAEXTRU.NS,723.1500244140625,595.6200012207031,469.0200006103516,290.71794982910154,True,True,True,717.0,180.0,0.86,301.75,True,False
KAJARIACER.NS,1226.4000244140625,1228.7849975585937,1221.8119995117188,1086.0259982299804,False,True,True,1293.800048828125,869.5999755859375,-5.21,41.03,False,False
KAKATCEM.NS,109.56999969482422,112.82699966430664,115.6613996887207,119.26124980926514,False,False,False,165.5500030517578,85.0,-33.81,28.91,False,False
KALAMANDIR.NS,82.56999969482422,85.95000076293945,89.85140014648438,110.13740028381348,False,False,False,223.02999877929688,83.4800033569336,-62.98,-1.09,False,True
KALPATARU.NS,266.25,276.7824996948242,281.17100036621093,315.9359996032715,False,False,False,429.29998779296875,258.0,-37.98,3.2,False,False
KALYANI.NS,144.99000549316406,141.885001373291,139.60799835205077,138.46949684143067,True,True,True,144.99000549316406,138.08999633789062,0.0,5.0,True,False
KALYANIFRG.NS,1021.6500244140625,834.260009765625,705.5570068359375,635.5510018920899,True,True,True,1192.25,523.5999755859375,-14.31,95.12,False,False
KALYANKJIL.NS,601.1500244140625,603.7749938964844,570.6619940185547,453.4407487487793,False,True,True,648.9500122070312,327.04998779296875,-7.37,83.81,False,False
KAMATHOTEL.NS,224.1999969482422,217.9979995727539,192.8319989013672,193.25214965820314,True,True,True,329.79998779296875,140.1999969482422,-32.02,59.91,False,False
KAMDHENU.NS,39.09000015258789,36.42100009918213,34.868799934387205,26.588400030136107,True,True,True,40.95000076293945,16.149999618530273,-4.54,142.04,False,False
KAMOPAINTS.NS,4.329999923706055,4.475499987602234,4.588200025558471,5.245950016975403,False,False,False,9.600000381469727,3.5999999046325684,-54.9,20.28,False,False
KANANIIND.NS,1.5,1.5014999985694886,1.5067999935150147,1.5612499982118606,False,False,False,2.1500000953674316,1.0199999809265137,-30.23,47.06,False,False
KANORICHEM.NS,169.63999938964844,157.60899810791017,150.1867988586426,98.62484998703003,True,True,True,175.13999938964844,56.0,-3.14,202.93,False,False
KANPRPLA.NS,264.6000061035156,259.9424987792969,228.82199981689453,199.82315032958985,True,True,True,283.1400146484375,151.25,-6.55,74.94,False,False
KANSAINER.NS,188.60000610351562,197.69300003051757,201.339599609375,208.6109999847412,False,False,False,264.0,157.91000366210938,-28.56,19.44,False,False
KAPSTON.NS,588.2000122070312,550.720004272461,497.5030041503906,372.45366683959963,True,True,True,600.0,237.1999969482422,-1.97,147.98,False,False
KARMAENG.NS,39.630001068115234,38.34200019836426,38.76980003356934,43.62009996414184,True,True,False,73.69999694824219,34.380001068115234,-46.23,15.27,False,False
KARURVYSYA.NS,333.79998779296875,341.62749938964845,331.87199829101564,296.9688494873047,False,True,True,358.6499938964844,203.9199981689453,-6.93,63.69,False,False
KAUSHALYA.NS,825.2000122070312,871.7450012207031,926.0569982910156,879.3019985961914,False,False,False,1711.0,750.0,-51.77,10.03,False,False
KAVDEFENCE.NS,69.33000183105469,60.234500312805174,59.39060028076172,64.7741001701355,True,True,True,162.8699951171875,51.5099983215332,-57.43,34.6,False,False
KAYA.NS,331.70001220703125,345.61500091552733,297.2674008178711,304.1558498382568,False,True,True,487.8999938964844,224.00999450683594,-32.01,48.07,False,False
KAYNES.NS,3505.0,3721.710009765625,3584.6900146484377,3736.0245056152344,False,False,False,7705.0,2995.0,-54.51,17.03,False,False
KCP.NS,162.39999389648438,164.33600006103515,163.57040069580077,166.25970012664794,False,False,False,207.8000030517578,125.0,-21.85,29.92,False,False
KCPSUGIND.NS,31.09000015258789,32.390500164031984,29.123000106811524,25.52419997215271,False,True,True,36.470001220703125,21.450000762939453,-14.75,44.94,False,False
KDDL.NS,3881.89990234375,3937.20498046875,3603.775986328125,2755.999997558594,False,True,True,4155.5,1990.0,-6.58,95.07,False,False
KEC.NS,406.3999938964844,417.99750061035155,454.44700012207034,559.6477508544922,False,False,False,937.7999877929688,389.1499938964844,-56.66,4.43,False,False
KECL.NS,124.20999908447266,129.825,129.97919967651367,109.21965015411376,False,False,True,155.0,75.47000122070312,-19.86,64.58,False,False
KEEPLEARN.NS,1.8899999856948853,1.9059999942779542,1.896599998474121,2.0621999955177306,False,False,False,3.2100000381469727,1.5099999904632568,-41.12,25.17,False,False
KEI.NS,4578.0,5299.95,5234.0219921875,4811.096508789063,False,False,False,5899.0,3728.699951171875,-22.39,22.78,False,False
KELLTONTEC.NS,13.770000457763672,13.840000009536743,14.263199996948241,16.08154999256134,False,False,False,28.100000381469727,13.0,-51.0,5.92,False,False
KERNEX.NS,1732.0999755859375,1808.75,2073.064001464844,1502.5372497558594,False,False,True,2580.0,850.0,-32.86,103.78,False,False
KESORAMIND.NS,12.010000228881836,11.42800006866455,11.577200031280517,10.4832000041008,True,True,True,14.260000228881836,4.550000190734863,-15.78,163.96,False,False
KEYFINSERV.NS,239.1999969482422,254.2300018310547,258.4274005126953,273.9043511199951,False,False,False,382.1000061035156,220.0,-37.4,8.73,False,False
KFINTECH.NS,900.0,944.3325012207031,924.5330004882812,948.3150024414062,False,False,False,1215.0,784.9500122070312,-25.93,14.66,False,False
KHADIM.NS,121.01000213623047,109.74050025939941,102.53039962768554,123.9531999206543,True,True,False,295.79998779296875,77.47000122070312,-59.09,56.2,False,False
KHAICHEM.NS,54.029998779296875,55.22300033569336,52.24840026855469,59.78240001678467,False,True,False,135.8000030517578,42.91999816894531,-60.21,25.89,False,False
KHAITANLTD.NS,162.50999450683594,151.50649948120116,142.02100021362304,118.56170001983642,True,True,True,178.0,85.0,-8.7,91.19,False,False
KHANDSE.NS,17.100000381469727,17.421499919891357,17.42419994354248,18.17059994697571,False,False,False,26.8799991607666,12.199999809265137,-36.38,40.16,False,False
KICL.NS,5040.5,5211.725,5367.22,4994.218498535156,False,False,True,6554.89990234375,4011.0,-23.1,25.67,False,False
KILITCH.NS,185.97000122070312,173.5415008544922,180.66820068359374,169.51780029296876,True,True,True,219.5,117.25,-15.28,58.61,False,False
KIMS.NS,768.9500122070312,773.8924987792968,792.9660009765626,714.95,False,False,True,858.0,575.7999877929688,-10.38,33.54,False,False
KINGFA.NS,6197.0,5972.825,5519.1,4775.736507568359,True,True,True,6347.0,3649.89990234375,-2.36,69.79,False,False
KIOCL.NS,355.8999938964844,380.4524978637695,378.15399780273435,370.81574935913085,False,False,False,634.5499877929688,290.6499938964844,-43.91,22.45,False,False
KIRIINDUS.NS,537.3499755859375,508.6125,448.1699993896484,452.60449996948245,True,True,True,779.0,333.79998779296875,-31.02,60.98,False,False
KIRLOSBROS.NS,1784.0,1887.679998779297,1891.253994140625,1705.1440002441407,False,False,True,2189.199951171875,1335.0,-18.51,33.63,False,False
KIRLOSENG.NS,2168.60009765625,2137.705010986328,2200.9479858398436,1675.1195007324218,True,False,True,2720.0,855.7999877929688,-20.27,153.4,False,False
KIRLOSIND.NS,3828.300048828125,3719.3950073242186,3819.61599609375,3335.083504638672,True,True,True,4574.7998046875,2463.0,-16.32,55.43,False,False
KIRLPNU.NS,719.9000244140625,739.0024993896484,776.0259997558594,677.9602505493164,False,False,True,1098.550048828125,495.04998779296875,-34.47,45.42,False,False
KITEX.NS,123.87000274658203,126.9275001525879,139.33160034179687,163.8627500152588,False,False,False,232.6999969482422,122.75,-46.77,0.91,False,True
KKCL.NS,494.8999938964844,510.17749938964846,509.0359979248047,483.5392492675781,False,False,True,595.0,408.3500061035156,-16.82,21.2,False,False
KMEW.NS,2869.199951171875,2875.8400024414063,2632.2900048828124,2006.2287451171876,False,True,True,3175.0,868.5,-9.63,230.36,False,False
KMSUGAR.NS,30.40999984741211,31.51299991607666,29.398399963378907,27.356499977111817,False,True,True,36.5,23.299999237060547,-16.68,30.52,False,False
KNAGRI.NS,193.74000549316406,211.0765007019043,208.60640075683594,195.2288505554199,False,False,False,244.0,148.3000030517578,-20.6,30.64,False,False
KNRCON.NS,125.66000366210938,124.12050094604493,126.26520095825195,133.46695037841798,True,False,False,220.0,108.6500015258789,-42.88,15.66,False,False
KOHINOOR.NS,30.850000381469727,32.722500228881835,27.296200065612794,25.831050033569337,False,True,True,38.470001220703125,19.200000762939453,-19.81,60.68,False,False
KOKUYOCMLN.NS,77.91000366210938,80.06900024414062,83.18840057373046,85.62925025939941,False,False,False,117.93000030517578,71.05000305175781,-33.94,9.66,False,False
KOLTEPATIL.NS,436.8500061035156,453.3400024414062,421.2990020751953,379.05750076293947,False,True,True,554.5999755859375,292.25,-21.23,49.48,False,False
KOPRAN.NS,235.25999450683594,211.7029998779297,200.68800018310546,162.50050029754638,True,True,True,249.99000549316406,107.0,-5.89,119.87,False,False
KOTAKBANK.NS,419.0,412.1425018310547,396.7459997558594,400.5447001647949,True,True,True,453.20001220703125,345.5,-7.55,21.27,False,False
KOTARISUG.NS,28.56999969482422,30.62400016784668,27.61380012512207,26.377000036239625,False,True,True,39.939998626708984,22.5,-28.47,26.98,False,False
KOTHARIPET.NS,138.57000732421875,135.2034996032715,136.2667999267578,126.30425010681152,True,True,True,171.80999755859375,94.75,-19.35,46.25,False,False
KOTHARIPRO.NS,65.77999877929688,67.68749961853027,68.05699981689453,69.81769983291626,False,False,False,109.0,58.0,-39.65,13.41,False,False
KOTYARK.NS,32.189998626708984,34.34049987792969,35.46479984283447,30.954176778793336,False,False,True,45.5,17.381818771362305,-29.25,85.19,False,False
KPEL.NS,214.91000366210938,245.52000045776367,282.5970004272461,317.17304969787597,False,False,False,463.25,223.0,-53.61,-3.63,False,True
KPIGREEN.NS,281.70001220703125,306.61749877929685,355.1430010986328,401.54150100708006,False,False,False,542.25,286.5,-48.05,-1.68,False,True
KPIL.NS,1435.699951171875,1399.4149963378907,1352.27599609375,1236.42,True,True,True,1479.5999755859375,1007.0999755859375,-2.97,42.56,False,False
KPITTECH.NS,553.75,582.1725006103516,585.2590026855469,807.208501586914,False,False,False,1328.0,543.0,-58.3,1.98,False,False
KPRMILL.NS,1109.0999755859375,1140.1,1112.3120043945312,986.4697506713867,False,False,True,1334.0,796.0999755859375,-16.86,39.32,False,False
KRBL.NS,421.04998779296875,419.31499938964845,385.1679974365234,364.23924896240237,True,True,True,479.0,274.6499938964844,-12.1,53.3,False,False
KREBSBIO.NS,58.720001220703125,55.82500019073486,55.30240005493164,59.616350116729734,True,True,False,82.48999786376953,38.33000183105469,-28.82,53.2,False,False
KRIDHANINF.NS,1.9600000381469727,2.0644999980926513,2.311399984359741,3.011899989247322,False,False,False,4.78000020980835,1.809999942779541,-59.0,8.29,False,False
KRISHANA.NS,179.66000366210938,190.92749938964843,172.01519958496092,128.15814929962158,False,True,True,206.38999938964844,86.19999694824219,-12.95,108.42,False,False
KRISHIVAL.NS,419.95001220703125,404.98999938964846,399.53199890136716,373.1535221862793,True,True,True,508.0,282.29998779296875,-17.33,48.76,False,False
KRISHNADEF.NS,1065.5,1045.1750030517578,1165.4880041503907,1043.206501159668,True,False,True,1400.0,665.0,-23.89,60.23,False,False
KRITI.NS,61.400001525878906,63.40549983978271,66.41759956359863,75.94644985198974,False,False,False,155.89999389648438,53.0,-60.62,15.85,False,False
KRITIKA.NS,5.400000095367432,5.458999967575073,5.583199977874756,6.20774998664856,False,False,False,9.739999771118164,4.5,-44.56,20.0,False,False
KRITINUT.NS,80.5199966430664,85.13200035095215,81.76439987182617,78.17510000228881,False,False,True,102.98999786376953,51.36000061035156,-21.82,56.78,False,False
KRN.NS,1593.5999755859375,1548.8699951171875,1367.2119995117187,1055.3927487182618,True,True,True,1687.0,589.7999877929688,-5.54,170.19,False,False
KRONOX.NS,175.9199981689453,180.31499938964845,165.204599609375,140.17089984893798,False,True,True,223.4199981689453,96.0,-21.26,83.25,False,False
KROSS.NS,239.07000732421875,212.5780014038086,203.0944009399414,193.24550025939942,True,True,True,240.8000030517578,150.52000427246094,-0.72,58.83,False,False
KRSNAA.NS,550.0499877929688,556.7950042724609,552.8760021972656,615.3654998779297,False,False,False,894.4000244140625,515.0,-38.5,6.81,False,False
KRYSTAL.NS,614.4500122070312,643.6850006103516,619.655,587.6302493286133,False,False,True,705.0,500.0,-12.84,22.89,False,False
KSB.NS,804.2000122070312,804.2874938964844,845.63599609375,813.9514978027344,False,False,False,1028.300048828125,666.6500244140625,-21.79,20.63,False,False
KSCL.NS,715.8499755859375,759.064990234375,800.6909973144532,871.6582479858398,False,False,False,1225.0,705.0999755859375,-41.56,1.52,False,False
KSHITIJPOL.NS,3.4800000190734863,3.0924999833106996,3.0249999809265136,3.129949995279312,True,True,True,7.199999809265137,1.8799999952316284,-51.67,85.11,False,False
KSL.NS,968.75,900.2725006103516,894.4460021972657,789.9702496337891,True,True,True,992.5999755859375,574.0,-2.4,68.77,False,False
KSOLVES.NS,258.1000061035156,270.85250091552734,280.0709991455078,287.6964996337891,False,False,False,353.989990234375,245.75,-27.09,5.03,False,False
KTKBANK.NS,325.3500061035156,330.04749908447263,303.38199951171873,247.17919967651366,False,True,True,345.8999938964844,170.0,-5.94,91.38,False,False
KUANTUM.NS,76.43000030517578,75.03700065612793,77.20300048828125,82.30249992370605,True,False,False,121.29000091552734,65.01000213623047,-36.99,17.57,False,False
LAGNAM.NS,72.55999755859375,75.82800025939942,81.03199966430664,75.78364994049072,False,False,False,96.9800033569336,58.599998474121094,-25.18,23.82,False,False
LAKPRE.NS,6.0,4.844000029563904,5.041800003051758,5.152050006389618,True,True,True,6.670000076293945,4.099999904632568,-10.04,46.34,False,False
LAL.NS,8.829999923706055,8.873000144958496,8.72700005531311,8.094500029087067,False,True,True,12.770000457763672,5.559999942779541,-30.85,58.81,False,False
LALPATHLAB.NS,1909.0,1909.1899963378905,1840.7999975585938,1564.4507495117186,False,True,True,1988.9000244140625,1272.5999755859375,-4.02,50.01,False,False
LAMBODHARA.NS,137.3699951171875,130.43349990844726,120.14639999389648,112.42284980773925,True,True,True,162.0,81.80000305175781,-15.2,67.93,False,False
LANCORHOL.NS,36.95000076293945,33.459500026702884,28.992600021362303,25.71634997367859,True,True,True,41.75,18.1200008392334,-11.5,103.92,False,False
LANDMARK.NS,487.95001220703125,507.2100036621094,508.3770007324219,445.0632499694824,False,False,True,662.7999877929688,339.5,-26.38,43.73,False,False
LANDSMILL.NS,0.5600000023841858,0.6819999992847443,0.7415999984741211,1.0064999997615813,False,False,False,1.7400000095367432,0.550000011920929,-67.82,1.82,False,False
LAOPALA.NS,158.92999267578125,173.52600021362304,181.5836001586914,187.48244987487794,False,False,False,259.70001220703125,162.0,-38.8,-1.9,False,True
LASA.NS,6.519999980926514,6.881000018119812,7.129600019454956,8.075249991416932,False,False,False,14.079999923706055,5.670000076293945,-53.69,14.99,False,False
LATENTVIEW.NS,252.4499969482422,272.4050003051758,289.15699890136716,341.2980000305176,False,False,False,517.5,248.0,-51.22,1.79,False,False
LATTEYS.NS,21.799999237060547,21.970000076293946,20.930599937438966,21.760549988746643,False,True,True,37.0,15.789999961853027,-41.08,38.06,False,False
LAURUSLABS.NS,1969.0,1870.445001220703,1751.3620043945311,1291.111001586914,True,True,True,1955.0,823.0999755859375,0.72,139.22,True,False
LAXMICOT.NS,12.890000343322754,13.424500036239625,14.093400020599365,15.349200010299683,False,False,False,26.040000915527344,11.359999656677246,-50.5,13.47,False,False
LAXMIDENTL.NS,202.83999633789062,197.74550018310546,209.27919982910157,215.58604919433594,True,False,False,377.04998779296875,155.8800048828125,-46.2,30.13,False,False
LAXMIINDIA.NS,129.07000732421875,129.04850082397462,125.46539993286133,112.8953500366211,True,True,True,180.89999389648438,71.05999755859375,-28.65,81.64,False,False
LCCINFOTEC.NS,3.140000104904175,3.625,4.037600021362305,4.594950001239777,False,False,False,5.889999866485596,3.190000057220459,-46.69,-1.57,False,True
LEMERITE.NS,21.110000610351562,21.882499980926514,22.166200103759767,65.33460015296936,False,False,False,107.56999969482422,19.520000457763672,-80.38,8.15,False,False
LEMONTREE.NS,104.77999877929688,107.26999969482422,110.62540023803712,122.39585010528565,False,False,False,179.58999633789062,99.61000061035156,-41.66,5.19,False,False
LEXUS.NS,13.3100004196167,13.58900008201599,14.281800060272216,21.97504997253418,False,False,False,39.25,12.739999771118164,-66.09,4.47,False,False
LFIC.NS,139.35000610351562,138.5729995727539,140.51099945068358,145.3865502166748,True,False,False,225.99000549316406,111.0,-38.34,25.54,False,False
LGBBROSLTD.NS,1711.0,1666.2949951171875,1602.0019995117189,1709.5505004882812,True,True,True,2048.0,1314.9000244140625,-16.46,30.12,False,False
LGHL.NS,183.99000549316406,177.84399948120117,195.30580078125,246.70785041809083,True,False,False,399.5833435058594,168.0,-53.95,9.52,False,False
LIBAS.NS,11.199999809265137,10.234999990463256,10.285599994659425,10.907349996566772,True,True,True,14.300000190734863,9.020000457763672,-21.68,24.17,False,False
LIBERTSHOE.NS,228.67999267578125,239.71750106811524,253.23600006103516,255.65335090637208,False,False,False,404.95001220703125,210.5,-43.53,8.64,False,False
LICHSGFIN.NS,562.9000244140625,527.7600021362305,531.2130010986328,533.1897512817383,True,True,True,598.2000122070312,458.8999938964844,-5.9,22.66,False,False
LICI.NS,404.1000061035156,414.07750091552737,418.6189990234375,415.3108760070801,False,False,False,468.4750061035156,360.75,-13.74,12.02,False,False
LIKHITHA.NS,217.07000732421875,209.75750045776368,223.98860076904296,199.98415061950683,True,False,True,272.0,131.4499969482422,-20.19,65.14,False,False
LINC.NS,95.61000061035156,96.11949996948242,100.95100036621093,105.02725009918213,False,False,False,139.60000610351562,85.01000213623047,-31.51,12.47,False,False
LINCOLN.NS,623.5,619.3674987792969,606.3400012207031,583.1492491149902,True,True,True,770.0,440.0,-19.03,41.7,False,False
LINDEINDIA.NS,6227.5,6495.825,6772.95,6717.59,False,False,False,8049.0,5673.0,-22.63,9.77,False,False
LLOYDSENGG.NS,82.76000213623047,86.9189998626709,88.5913996887207,65.0423000907898,False,False,True,99.75,37.400001525878906,-17.03,121.28,False,False
LLOYDSENT.NS,69.79000091552734,73.63800010681152,76.84980056762696,65.26835000991821,False,False,True,84.69999694824219,40.689998626708984,-17.6,71.52,False,False
LLOYDSME.NS,1799.5999755859375,1839.039990234375,1891.697998046875,1554.4020013427735,False,False,True,2125.0,1042.9000244140625,-15.31,72.56,False,False
LMW.NS,17727.0,19023.25,17403.44,15486.755,False,True,True,20151.0,11920.0,-12.03,48.72,False,False
LODHA.NS,1116.9000244140625,1222.0450073242187,1206.0900048828125,1018.900503540039,False,False,True,1344.949951171875,650.7999877929688,-16.96,71.62,False,False
LOKESHMACH.NS,347.1499938964844,335.18500061035155,335.7200006103516,242.54390029907228,True,True,True,385.79998779296875,138.9600067138672,-10.02,149.82,False,False
LORDSCHLO.NS,137.6699981689453,137.66949996948242,140.38179992675782,143.51679985046385,True,False,False,233.0,108.0,-40.91,27.47,False,False
LOTUSDEV.NS,209.27000427246094,183.8380012512207,174.06200073242186,150.9760004043579,True,True,True,207.8800048828125,102.19999694824219,0.67,104.77,True,False
LOTUSEYE.NS,113.9000015258789,112.56350021362304,116.88820022583008,115.98675010681153,True,False,False,147.0,97.58999633789062,-22.52,16.71,False,False
LOVABLE.NS,71.7300033569336,71.94900016784668,73.41480010986328,73.98259994506836,False,False,False,104.69999694824219,55.0,-31.49,30.42,False,False
LOYALTEX.NS,213.8300018310547,215.42949981689452,211.16919952392578,213.27755004882812,False,True,True,333.989990234375,170.0399932861328,-35.98,25.75,False,False
LPDC.NS,6.159999847412109,6.941499972343445,6.591599998474121,6.7273499965667725,False,False,False,9.460000038146973,5.230000019073486,-34.88,17.78,False,False
LT.NS,3930.699951171875,4019.2350219726563,3965.4880029296874,3982.3760009765624,False,False,False,4440.0,3288.10009765625,-11.47,19.54,False,False
LTF.NS,309.1000061035156,315.3249969482422,314.53699768066406,294.020399017334,False,False,True,338.6000061035156,231.60000610351562,-8.71,33.46,False,False
LTFOODS.NS,438.1000061035156,440.77749786376955,413.6299987792969,399.15549926757814,False,True,True,490.70001220703125,333.1499938964844,-10.72,31.5,False,False
LTM.NS,4275.0,4516.305004882813,4373.924008789062,4761.79150390625,False,False,False,6429.5,3528.0,-33.51,21.17,False,False
LTTS.NS,3337.39990234375,3510.324987792969,3464.4499951171874,3651.395002441406,False,False,False,4726.0,3010.0,-29.38,10.88,False,False
LUMAXIND.NS,5879.5,6016.375,5659.98,5468.375998535156,False,True,True,6934.5,4061.0,-15.21,44.78,False,False
LUMAXTECH.NS,1993.699951171875,1985.2099975585938,1751.8420043945312,1633.4385034179688,True,True,True,2148.699951171875,1061.0999755859375,-7.21,87.89,False,False
LUPIN.NS,2095.0,2160.925,2311.962001953125,2260.6449951171876,False,False,False,2529.5,1900.0,-17.18,10.26,False,False
LUXIND.NS,1098.5999755859375,1183.4199951171875,1227.1479956054689,1171.9974987792968,False,False,False,1823.3499755859375,824.0499877929688,-39.75,33.32,False,False
LXCHEM.NS,175.55999755859375,173.22700042724608,173.81419982910157,154.57389961242677,True,True,True,241.0,107.5999984741211,-27.15,63.16,False,False
LYKALABS.NS,82.9000015258789,75.17599983215332,70.22999992370606,67.67520002365113,True,True,True,101.9000015258789,44.099998474121094,-18.65,87.98,False,False
M&M.NS,3107.0,3286.75,3277.8619921875,3317.122003173828,False,False,False,3839.89990234375,2896.0,-19.09,7.29,False,False
M&MFIN.NS,356.1499938964844,375.8000030517578,369.9440014648437,344.51074996948245,False,False,True,415.0,266.04998779296875,-14.18,33.87,False,False
MAANALU.NS,110.4000015258789,117.7379997253418,119.3931999206543,136.6811999130249,False,False,False,184.74000549316406,103.01000213623047,-40.24,7.17,False,False
MACPOWER.NS,1843.0,1897.780010986328,1628.540009765625,1158.8090032958985,False,True,True,2050.0,761.0,-10.1,142.18,False,False
MADHAV.NS,36.290000915527344,35.46599979400635,35.20020004272461,37.195000085830685,True,True,False,49.95000076293945,29.0,-27.35,25.14,False,False
MADHUCON.NS,4.340000152587891,4.975000047683716,5.264800024032593,5.344650008678436,False,False,False,8.550000190734863,3.609999895095825,-49.24,20.22,False,False
MADRASFERT.NS,61.83000183105469,65.38899993896484,66.52560043334961,69.38415018081665,False,False,False,95.69999694824219,52.560001373291016,-35.39,17.64,False,False
MAGADSUGAR.NS,543.7999877929688,572.1474975585937,534.0929968261719,486.74274871826174,False,True,True,634.9500122070312,417.0,-14.36,30.41,False,False
MAGNUM.NS,18.729999542236328,19.11800022125244,19.305200157165526,20.673850049972533,False,False,False,30.25,16.25,-38.08,15.26,False,False
MAHABANK.NS,84.19999694824219,83.03899917602538,81.50139953613281,73.64999988555908,True,True,True,94.5,52.560001373291016,-10.9,60.2,False,False
MAHAPEXLTD.NS,54.56999969482422,55.96249980926514,49.8855997467041,66.96358736038208,False,True,False,117.88999938964844,42.0,-53.71,29.93,False,False
MAHASTEEL.NS,1276.0999755859375,1239.9599853515624,1033.8969921875,891.7807485961914,True,True,True,1421.0,381.25,-10.2,234.71,False,False
MAHEPC.NS,101.81999969482422,104.97799987792969,108.91180007934571,116.81980010986328,False,False,False,163.69000244140625,91.91000366210938,-37.8,10.78,False,False
MAHESHWARI.NS,70.70999908447266,72.44799919128418,72.78719985961914,56.31360015869141,False,False,True,76.80999755859375,39.040000915527344,-7.94,81.12,False,False
MAHLIFE.NS,353.04998779296875,369.042497253418,375.4109979248047,362.41649978637696,False,False,False,427.04998779296875,286.79998779296875,-17.33,23.1,False,False
MAHLOG.NS,397.20001220703125,400.0125030517578,400.647001953125,369.73450134277346,False,False,True,450.0,275.04998779296875,-11.73,44.41,False,False
MAHSCOOTER.NS,12964.0,13379.55,13251.74,13133.56,False,False,False,18538.0,10901.0,-30.07,18.92,False,False
MAHSEAMLES.NS,728.9000244140625,652.4875030517578,612.9759973144531,590.0922482299804,True,True,True,724.0,500.70001220703125,0.68,45.58,True,False
MAITHANALL.NS,1045.8499755859375,1015.9024963378906,998.8049963378907,993.928249206543,True,True,True,1210.0999755859375,831.2000122070312,-13.57,25.82,False,False
MALLCOM.NS,952.1500244140625,982.1175048828125,1005.2800024414063,1072.6234982299804,False,False,False,1520.0,929.0,-37.36,2.49,False,False
MALUPAPER.NS,34.529998779296875,32.35749988555908,32.168199920654295,32.79519997596741,True,True,True,44.11000061035156,27.0,-21.72,27.89,False,False
MAMATA.NS,407.8500061035156,409.15,403.43400146484373,401.6785012817383,False,True,True,515.0,297.0,-20.81,37.32,False,False
MANAKALUCO.NS,36.869998931884766,38.251999855041504,37.36040008544922,34.090850038528444,False,False,True,68.12000274658203,21.729999542236328,-45.87,69.67,False,False
MANAKCOAT.NS,128.52999877929688,123.35499954223633,122.10419982910156,118.46815006256104,True,True,True,182.82000732421875,94.19999694824219,-29.7,36.44,False,False
MANAKSIA.NS,70.94999694824219,60.687499809265134,58.55819999694824,59.51309984207153,True,True,True,73.4000015258789,42.099998474121094,-3.34,68.53,False,False
MANAKSTEEL.NS,117.91000366210938,96.93500061035157,84.90380020141602,68.72465007781983,True,True,True,115.01000213623047,45.11000061035156,2.52,161.38,True,False
MANALIPETC.NS,84.93000030517578,79.55400123596192,70.7262003326416,60.693899974823,True,True,True,93.0,39.130001068115234,-8.68,117.05,False,False
MANAPPURAM.NS,329.0,343.2925003051758,347.4100018310547,307.9017502593994,False,False,True,381.54998779296875,245.14999389648438,-13.77,34.2,False,False
MANBA.NS,132.47000122070312,130.1234992980957,133.6013998413086,126.0506001663208,True,False,True,154.0,98.0,-13.98,35.17,False,False
MANCREDIT.NS,219.89999389648438,226.9724998474121,231.50879974365233,191.2144997406006,False,False,True,287.2699890136719,152.05999755859375,-23.45,44.61,False,False
MANGALAM.NS,36.459999084472656,30.444000148773192,28.602000045776368,30.303849954605102,True,True,True,79.48999786376953,22.799999237060547,-54.13,59.91,False,False
MANGLMCEM.NS,1028.0,1020.5549835205078,979.2579943847657,863.3452474975586,True,True,True,1120.0,679.3499755859375,-8.21,51.32,False,False
MANINDS.NS,866.0999755859375,738.8975006103516,624.5159985351562,494.76799911499023,True,True,True,944.0,302.04998779296875,-8.25,186.74,False,False
MANINFRA.NS,126.87000274658203,118.78349990844727,109.49759979248047,111.93234992980958,True,True,True,160.38999938964844,77.12000274658203,-20.9,64.51,False,False
MANKIND.NS,2280.0,2361.9499755859374,2449.8479931640627,2282.87849609375,False,False,False,2674.0,1909.699951171875,-14.73,19.39,False,False
MANOMAY.NS,234.19000244140625,222.94350051879883,208.04,209.16065002441405,True,True,True,259.8800048828125,160.25,-9.89,46.14,False,False
MANORAMA.NS,2055.699951171875,1938.225,1737.6920043945313,1472.2874981689454,True,True,True,2149.5,1060.5999755859375,-4.36,93.82,False,False
MANORG.NS,466.45001220703125,479.2624984741211,499.1069989013672,481.54325134277343,False,False,False,635.0,356.25,-26.54,30.93,False,False
MANUGRAPH.NS,14.960000038146973,15.349500131607055,15.09520004272461,14.947999992370605,False,False,True,24.0,9.649999618530273,-37.67,55.03,False,False
MANYAVAR.NS,582.3499755859375,553.4724914550782,481.0049981689453,465.955500793457,True,True,True,779.0,329.20001220703125,-25.24,76.9,False,False
MAPMYINDIA.NS,925.7999877929688,979.8149993896484,1041.5289978027345,1130.226752319336,False,False,False,1998.0,795.0,-53.66,16.45,False,False
MARALOVER.NS,62.40999984741211,56.865000343322755,55.895200119018554,49.03869995117188,True,True,True,68.88999938964844,34.11000061035156,-9.41,82.97,False,False
MARATHON.NS,435.45001220703125,407.1699981689453,398.6989990234375,453.2577494812012,True,True,False,685.4000244140625,344.04998779296875,-36.47,26.57,False,False
MARICO.NS,802.0999755859375,833.9524993896484,848.0719995117188,793.1494998168945,False,False,True,889.0999755859375,690.2999877929688,-9.79,16.2,False,False
MARINE.NS,419.1499938964844,397.0399993896484,327.04600036621093,240.59045013427735,True,True,True,450.0,150.86000061035156,-6.86,177.84,False,False
MARKSANS.NS,329.3999938964844,327.53499908447264,291.5200015258789,218.73490013122557,True,True,True,349.95001220703125,155.0,-5.87,112.52,False,False
MARUTI.NS,12400.0,13202.75,13613.28,14200.955,False,False,False,17370.0,12201.0,-28.61,1.63,False,False
MASFIN.NS,295.95001220703125,297.64750213623046,308.1359991455078,313.77624893188477,False,False,False,358.8500061035156,277.3500061035156,-17.53,6.71,False,False
MASKINVEST.NS,145.36000061035156,147.77950134277344,150.35640075683594,148.5421003341675,False,False,False,246.08999633789062,114.94000244140625,-40.93,26.47,False,False
MASTEK.NS,1626.300048828125,1711.9200012207032,1745.4719970703125,1776.0614965820312,False,False,False,2580.0,1334.199951171875,-36.97,21.89,False,False
MASTERTR.NS,90.61000061035156,84.39149932861328,83.9997998046875,89.07865007400513,True,True,True,164.5,55.599998474121094,-44.92,62.97,False,False
MATRIMONY.NS,514.7999877929688,526.079997253418,478.8609997558594,466.11700042724607,False,True,True,573.0,364.04998779296875,-10.16,41.41,False,False
MAWANASUG.NS,134.6300048828125,141.25499839782714,123.85899948120117,99.73384975433349,False,True,True,164.0,75.08000183105469,-17.91,79.32,False,False
MAXESTATES.NS,560.4500122070312,527.720002746582,459.9950018310547,425.64475006103515,True,True,True,579.0,305.45001220703125,-3.2,83.48,False,False
MAXHEALTH.NS,1037.699951171875,1009.0899963378906,1058.0460021972656,1039.0899990844728,True,False,False,1221.9000244140625,903.0,-15.07,14.92,False,False
MAXIND.NS,146.0,150.03249969482422,160.24540069580078,163.57699954986572,False,False,False,241.57000732421875,120.0,-39.56,21.67,False,False
MAYURUNIQ.NS,740.0499877929688,746.5375,779.7360009765625,633.158500213623,False,False,True,907.0,471.20001220703125,-18.41,57.06,False,False
MAZDA.NS,255.25,249.18000106811525,237.9916000366211,217.2320499420166,True,True,True,308.0,159.1999969482422,-17.13,60.33,False,False
MAZDOCK.NS,2339.0,2515.5449951171877,2454.462001953125,2459.897497558594,False,False,False,3061.39990234375,2057.39990234375,-23.6,13.69,False,False
MBAPL.NS,160.8699951171875,163.7495002746582,154.0538003540039,110.73425006866455,False,True,True,174.94000244140625,74.62999725341797,-8.04,115.56,False,False
MBECL.NS,330.3999938964844,148.94600296020508,98.81840209960937,73.75460166931153,True,True,True,314.6700134277344,65.4000015258789,5.0,405.2,True,False
MBEL.NS,254.1999969482422,270.98000106811526,289.4010006713867,314.9421002960205,False,False,False,535.9000244140625,223.0500030517578,-52.57,13.97,False,False
MBLINFRA.NS,23.0,23.570500087738036,24.56580009460449,26.759799938201905,False,False,False,52.47999954223633,18.3700008392334,-56.17,25.2,False,False
MCL.NS,57.91999816894531,58.41399993896484,56.31359992980957,61.35065008163452,False,True,False,93.19999694824219,42.0,-37.85,37.9,False,False
MCLEODRUSS.NS,43.279998779296875,47.35749988555908,50.4426000213623,50.54659999847412,False,False,False,78.41000366210938,28.5,-44.8,51.86,False,False
MCLOUD.NS,25.670000076293945,27.48650007247925,28.342200088500977,26.267399969100953,False,False,False,87.0,19.399999618530273,-70.49,32.32,False,False
MCX.NS,3276.0,3239.6449951171876,2955.036005859375,2677.852498168945,True,True,True,3480.0,1505.199951171875,-5.86,117.65,False,False
MEDANTA.NS,1447.199951171875,1442.5499877929688,1405.0919970703126,1219.4892483520507,True,True,True,1544.0,956.0,-6.27,51.38,False,False
MEDIASSIST.NS,316.3999938964844,340.1124969482422,349.1009991455078,379.45324859619143,False,False,False,575.5499877929688,293.0,-45.03,7.99,False,False
MEDICAMEQ.NS,323.04998779296875,257.39049911499023,247.95279998779296,291.2107006072998,True,True,True,447.6499938964844,212.39999389648438,-27.83,52.1,False,False
MEDICO.NS,37.04999923706055,40.952999877929685,41.98599983215332,44.3360998916626,False,False,False,56.880001068115234,30.219999313354492,-34.86,22.6,False,False
MEDPLUS.NS,660.1500244140625,669.5424957275391,716.2420007324218,812.0555010986328,False,False,False,1022.2000122070312,648.0,-35.42,1.88,False,False
MEGASTAR.NS,277.5,303.94500427246095,327.1030017089844,280.62360008239745,False,False,False,392.0,203.0,-29.21,36.7,False,False
MEIL.NS,282.1000061035156,279.8675018310547,285.94200134277344,300.1949501800537,True,False,False,559.7000122070312,206.25999450683594,-49.6,36.77,False,False
MENONBE.NS,297.5,281.096997833252,236.44299926757813,154.22739959716796,True,True,True,323.95001220703125,101.5,-8.16,193.1,False,False
MEP.NS,0.6700000166893005,0.6855000048875809,0.6270000004768371,1.0977500021457671,False,True,False,2.869999885559082,0.5,-76.66,34.0,False,False
METROBRAND.NS,940.2000122070312,929.2774993896485,987.8389978027344,1034.5460012817382,True,False,False,1340.4000244140625,883.0,-29.86,6.48,False,False
METROPOLIS.NS,585.5,572.9750030517578,571.192001953125,509.8645014953613,True,True,True,609.0499877929688,412.25,-3.87,42.03,False,False
MFML.NS,18.520000457763672,18.72799997329712,18.980799903869627,22.883850021362306,False,False,False,36.9900016784668,17.299999237060547,-49.93,7.05,False,False
MFSL.NS,1477.0,1545.8699951171875,1545.1080029296875,1634.7315008544922,False,False,False,1892.5,1433.5999755859375,-21.96,3.03,False,False
MGEL.NS,15.859999656677246,14.78799991607666,15.501800003051757,13.907099990844726,True,True,True,18.399999618530273,9.529999732971191,-13.8,66.42,False,False
MGL.NS,1084.300048828125,1101.8400024414063,1107.0540014648439,1103.985750427246,False,False,False,1378.0,900.0,-21.31,20.48,False,False
MHLXMIRU.NS,157.24000549316406,178.58500137329102,158.54880157470703,178.49345069885254,False,False,False,244.64999389648438,105.52999877929688,-35.73,49.0,False,False
MHRIL.NS,196.72999572753906,211.66599960327147,220.0070001220703,256.6959004211426,False,False,False,368.8999938964844,193.0,-46.67,1.93,False,False
MICEL.NS,35.4900016784668,37.140000343322754,37.254600067138675,40.09759990692139,False,False,False,82.97000122070312,29.969999313354492,-57.23,18.42,False,False
MIDHANI.NS,447.3999938964844,429.0824996948242,419.1200012207031,376.60899963378904,True,True,True,482.3999938964844,266.6499938964844,-7.26,67.79,False,False
MINDACORP.NS,705.4500122070312,714.2349975585937,704.615,604.1950006103516,False,True,True,769.0,468.5,-8.26,50.58,False,False
MINDTECK.NS,158.61000061035156,170.1010009765625,186.84999969482422,199.796849899292,False,False,False,307.67999267578125,145.1300048828125,-48.45,9.29,False,False
MIRZAINT.NS,30.6299991607666,31.274999809265136,33.76080001831055,33.948450002670285,False,False,False,44.0,24.950000762939453,-30.39,22.77,False,False
MITCON.NS,80.1500015258789,78.916499710083,76.88859954833984,71.08179996490479,True,True,True,91.69999694824219,49.560001373291016,-12.6,61.72,False,False
MITTAL.NS,0.800000011920929,0.8514999985694885,0.891800000667572,0.9892999988794327,False,False,False,1.8200000524520874,0.699999988079071,-56.04,14.29,False,False
MKPL.NS,3.9600000381469727,4.083500039577484,4.245800013542175,5.04500000834465,False,False,False,8.850000381469727,3.559999942779541,-55.25,11.24,False,False
MMFL.NS,631.7000122070312,637.4724945068359,586.6979962158204,469.94649810791014,False,True,True,687.9500122070312,288.1000061035156,-8.18,119.26,False,False
MMP.NS,469.95001220703125,403.70250244140624,338.7070007324219,274.866499710083,True,True,True,485.0,185.1999969482422,-3.1,153.75,False,False
MMTC.NS,61.91999816894531,63.37249927520752,63.45440002441406,63.22899993896485,False,False,False,78.3499984741211,50.099998474121094,-20.97,23.59,False,False
MOBIKWIK.NS,209.6999969482422,194.7275016784668,202.7738003540039,205.7530004119873,True,True,True,325.5,151.4600067138672,-35.58,38.45,False,False
MODIRUBBER.NS,123.91000366210938,126.86300086975098,126.2018000793457,123.80284992218017,False,False,True,167.5,98.41000366210938,-26.02,25.91,False,False
MODISONLTD.NS,503.04998779296875,443.91500091552734,351.46800048828123,221.51560012817382,True,True,True,546.0,114.0,-7.87,341.27,False,False
MODTHREAD.NS,52.91999816894531,54.37249984741211,50.26939994812012,46.34740007400513,False,True,True,65.6500015258789,35.61000061035156,-19.39,48.61,False,False
MOHITIND.NS,23.229999542236328,23.7814998626709,23.734200019836425,24.566099967956543,False,False,False,39.88999938964844,18.600000381469727,-41.76,24.89,False,False
MOIL.NS,244.92999267578125,255.52649841308593,267.7165997314453,301.9476502227783,False,False,False,404.8999938964844,242.35000610351562,-39.51,1.06,False,False
MOKSH.NS,10.3100004196167,10.333999919891358,10.731799945831298,12.28339997768402,False,False,False,16.649999618530273,8.109999656677246,-38.08,27.13,False,False
MOL.NS,62.52000045776367,63.24299964904785,56.57019989013672,54.50690010070801,False,True,True,87.75,36.5,-28.75,71.29,False,False
MOLDTECH.NS,207.38999938964844,196.1875,166.2467999267578,142.74634971618653,True,True,True,227.0,101.0999984741211,-8.64,105.13,False,False
MOLDTKPAC.NS,676.4500122070312,695.0800048828125,689.612998046875,619.5337493896484,False,False,True,859.6500244140625,464.8999938964844,-21.31,45.5,False,False
MONARCH.NS,373.95001220703125,380.6675033569336,374.8140026855469,319.5907000732422,False,False,True,406.95001220703125,235.4499969482422,-8.11,58.82,False,False
MONTECARLO.NS,555.4500122070312,548.0874969482422,536.2019989013672,574.0009991455078,True,True,False,860.9500122070312,464.0,-35.48,19.71,False,False
MORARJEE.NS,9.220000267028809,9.822499990463257,10.595799942016601,8.234449977874755,False,False,True,12.40999984741211,5.579999923706055,-25.71,65.23,False,False
MOREPENLAB.NS,115.77999877929688,104.28800048828126,80.21000022888184,51.64795009613037,True,True,True,122.55000305175781,33.04999923706055,-5.52,250.32,False,False
MOSCHIP.NS,210.2899932861328,211.01699981689453,217.95059997558593,202.3609999847412,False,False,True,288.45001220703125,146.8000030517578,-27.1,43.25,False,False
MOTHERSON.NS,164.4499969482422,165.96199951171874,156.80859985351563,133.3998999786377,False,True,True,173.27000427246094,98.91000366210938,-5.09,66.26,False,False
MOTILALOFS.NS,1026.5,1010.7850006103515,951.5660009765625,851.6065011596679,True,True,True,1097.0999755859375,614.9000244140625,-6.44,66.94,False,False
MOTISONS.NS,15.949999809265137,16.30700011253357,15.06700002670288,14.098150010108947,False,True,True,20.450000762939453,10.619999885559082,-22.0,50.19,False,False
MOTOGENFIN.NS,25.59000015258789,27.131000137329103,27.13379997253418,24.750150003433227,False,False,True,34.400001525878906,17.5,-25.61,46.23,False,False
MPHASIS.NS,2295.0,2422.7049926757813,2395.4499951171874,2442.468501586914,False,False,False,3037.199951171875,2013.0,-24.44,14.01,False,False
MPSLTD.NS,2608.5,2736.9050048828126,2554.3099975585938,1970.9179956054688,False,True,True,2979.0,1336.0999755859375,-12.44,95.23,False,False
MRF.NS,128290.0,131655.0,132469.8,136373.35,False,False,False,163600.0,122000.0,-21.58,5.16,False,False
MRPL.NS,175.86000061035156,174.80650024414064,169.68640045166015,166.99525047302245,True,True,True,212.30999755859375,125.6500015258789,-17.17,39.96,False,False
MSPL.NS,33.959999084472656,34.619999694824216,36.07679969787598,35.765549907684324,False,False,False,46.119998931884766,26.25,-26.37,29.37,False,False
MSTCLTD.NS,738.5499877929688,728.7749969482422,663.4939990234375,526.6072486877441,True,True,True,805.0,362.1499938964844,-8.25,103.93,False,False
MSUMI.NS,36.29999923706055,37.785999870300294,39.48760009765625,41.3071501159668,False,False,False,53.59000015258789,35.70000076293945,-32.26,1.68,False,False
MTARTECH.NS,7312.5,7098.425,6676.1,5069.246999511719,True,True,True,8714.0,1400.0,-16.08,422.32,False,False
MTEDUCARE.NS,1.8200000524520874,1.8055000007152557,1.875,1.7020500016212463,True,False,True,2.5299999713897705,1.1699999570846558,-28.06,55.56,False,False
MTNL.NS,24.739999771118164,26.392999839782714,27.26440010070801,30.22340003013611,False,False,False,46.439998626708984,21.260000228881836,-46.73,16.37,False,False
MUFIN.NS,134.75999450683594,136.50199966430665,133.06940002441405,119.51304996490478,False,True,True,141.5,85.12999725341797,-4.76,58.3,False,False
MUFTI.NS,72.77999877929688,75.45400009155273,80.54320022583008,85.64610012054443,False,False,False,129.75,63.060001373291016,-43.91,15.41,False,False
MUKANDLTD.NS,139.47999572753906,136.47950134277343,138.0780014038086,133.789100151062,True,True,True,154.25,114.30999755859375,-9.58,22.02,False,False
MUKKA.NS,32.16999816894531,27.76900005340576,25.15800006866455,23.755350008010865,True,True,True,33.220001220703125,18.270000457763672,-3.16,76.08,False,False
MUKTAARTS.NS,58.56999969482422,57.06649971008301,56.151999893188474,57.01105003356933,True,True,True,72.88999938964844,37.0099983215332,-19.65,58.25,False,False
MUNJALAU.NS,106.63999938964844,113.56599998474121,107.93840026855469,88.62709983825684,False,False,True,130.60000610351562,67.19999694824219,-18.35,58.69,False,False
MUNJALSHOW.NS,127.66000366210938,131.15750160217286,133.9190007019043,128.33100006103516,False,False,False,150.89999389648438,110.30000305175781,-15.4,15.74,False,False
MURUDCERA.NS,29.780000686645508,30.21199998855591,30.66860008239746,32.251800003051756,False,False,False,47.5,25.15999984741211,-37.31,18.36,False,False
MUTHOOTCAP.NS,226.85000610351562,244.26900100708008,236.29940032958984,228.6648503112793,False,False,False,303.0,175.25,-25.13,29.44,False,False
MUTHOOTFIN.NS,2792.10009765625,2965.7950073242187,2981.1759912109374,3370.7064880371095,False,False,False,4149.5,2671.0,-32.71,4.53,False,False
MUTHOOTMF.NS,196.47999572753906,205.31800003051757,222.1572003173828,191.14655014038087,False,False,True,262.7699890136719,141.1999969482422,-25.23,39.15,False,False
MVGJL.NS,197.3699951171875,166.5019989013672,163.62679901123047,165.5203500366211,True,True,True,233.99000549316406,129.10000610351562,-15.65,52.88,False,False
MWL.NS,40.599998474121094,39.75999984741211,38.76150001525879,32.24736005783081,True,True,True,43.939998626708984,18.350000381469727,-7.6,121.25,False,False
NACLIND.NS,157.6199951171875,169.40800018310546,187.0488003540039,166.82679294586183,False,False,False,267.70001220703125,112.62000274658203,-41.12,39.96,False,False
NAGAFERT.NS,1.9500000476837158,2.102500021457672,2.45699999332428,3.784950008392334,False,False,False,5.690000057220459,1.9500000476837158,-65.73,0.0,False,True
NAGREEKCAP.NS,24.899999618530273,23.179000091552734,23.271600074768067,26.165200033187865,True,True,False,42.75,19.299999237060547,-41.75,29.02,False,False
NAGREEKEXP.NS,22.399999618530273,22.539499950408935,22.93159984588623,24.999249963760377,False,False,False,40.0,17.5,-44.0,28.0,False,False
NAHARCAP.NS,258.8999938964844,257.5319969177246,254.77219848632814,248.04044944763183,True,True,True,307.0,191.0,-15.67,35.55,False,False
NAHARINDUS.NS,131.6199951171875,131.72800102233887,123.68960083007812,110.89975013732911,False,True,True,154.0,83.05000305175781,-14.53,58.48,False,False
NAHARPOLY.NS,231.8699951171875,241.7015007019043,251.904599609375,246.46369941711427,False,False,False,338.79998779296875,200.0,-31.56,15.93,False,False
NAHARSPING.NS,273.1000061035156,291.3699981689453,287.9989984130859,236.12639961242675,False,False,True,349.0,149.1999969482422,-21.75,83.04,False,False
NAM-INDIA.NS,1189.5999755859375,1196.910009765625,1184.1380078125,1015.6425015258789,False,True,True,1269.5,795.7999877929688,-6.29,49.48,False,False
NARMADA.NS,14.380000114440918,14.201000022888184,15.75980001449585,15.71712501525879,True,False,False,22.584999084472656,9.949999809265137,-36.33,44.52,False,False
NATCAPSUQ.NS,189.38999938964844,186.45599899291992,163.53039916992188,163.48044975280763,True,True,True,296.0,136.36000061035156,-36.02,38.89,False,False
NATCOPHARM.NS,815.3499755859375,857.5049987792969,906.8369995117188,948.8477502441406,False,False,False,1226.800048828125,789.0,-33.54,3.34,False,False
NATHBIOGEN.NS,147.77999877929688,153.51299896240235,158.32519927978515,156.91004997253418,False,False,False,204.0,126.1500015258789,-27.56,17.15,False,False
NATIONALUM.NS,361.0,382.36499786376953,369.23099853515623,367.2620492553711,False,False,False,445.1499938964844,198.67999267578125,-18.9,81.7,False,False
NAUKRI.NS,1250.800048828125,1327.3200073242188,1265.301005859375,1150.0337521362305,False,False,True,1433.5999755859375,908.2999877929688,-12.75,37.71,False,False
NAVA.NS,551.8499755859375,560.7550018310546,573.4220043945312,585.5330007934571,False,False,False,739.4000244140625,501.6499938964844,-25.37,10.01,False,False
NAVINFLUOR.NS,8543.5,8482.125,8064.06,6858.6775,True,True,True,8949.5,4498.5,-4.54,89.92,False,False
NAVKARCORP.NS,93.58000183105469,96.60500030517578,101.26340026855469,98.31405014038086,False,False,False,132.5,74.05000305175781,-29.37,26.37,False,False
NAVKARURB.NS,0.8700000047683716,0.9305000007152557,0.9879999923706054,1.1080999976396562,False,False,False,2.930000066757202,0.699999988079071,-70.31,24.29,False,False
NAVNETEDUL.NS,127.8499984741211,132.53149909973143,137.92379974365235,141.86069984436034,False,False,False,166.0,121.5,-22.98,5.23,False,False
NAZARA.NS,370.29998779296875,362.53499908447264,336.84199768066406,283.33329917907713,True,True,True,380.0,215.6999969482422,-2.55,71.67,False,False
NBCC.NS,82.9000015258789,86.86999969482422,92.1802000427246,98.02119987487794,False,False,False,125.8499984741211,77.18000030517578,-34.13,7.41,False,False
NBIFIN.NS,2020.0,1997.1549987792969,2078.7419921875,2020.1009991455078,True,False,False,2991.0,1539.0,-32.46,31.25,False,False
NCC.NS,140.94000244140625,145.6784996032715,143.77479919433594,150.89919975280762,False,False,False,222.30999755859375,130.0,-36.6,8.42,False,False
NCLIND.NS,175.0500030517578,175.43800048828126,179.59340057373046,183.99805015563965,False,False,False,216.08999633789062,147.5,-18.99,18.68,False,False
NDGL.NS,2692.199951171875,2763.1849975585938,2761.8460009765627,2695.2324987792967,False,False,False,4050.0,2100.0,-33.53,28.2,False,False
NDL.NS,2.859999895095825,2.7854999780654905,2.5247999668121337,2.67519998729229,True,True,True,3.75,1.7999999523162842,-23.73,58.89,False,False
NDLVENTURE.NS,125.43000030517578,122.40100021362305,126.08199905395507,114.61169982910157,True,False,True,140.0,80.0,-10.41,56.79,False,False
NDRAUTO.NS,692.8499755859375,742.1149963378906,794.4940002441406,777.8212518310547,False,False,False,1186.5999755859375,605.0499877929688,-41.61,14.51,False,False
NDTV.NS,72.0199966430664,73.77949829101563,76.60299942016601,80.66434989929199,False,False,False,134.5,58.75,-46.45,22.59,False,False
NECCLTD.NS,19.100000381469727,16.94200005531311,16.02199998855591,15.995850019454956,True,True,True,24.010000228881836,10.550000190734863,-20.45,81.04,False,False
NECLIFE.NS,11.5,11.661500024795533,11.129799976348878,13.22225000858307,False,True,False,22.399999618530273,9.300000190734863,-48.66,23.66,False,False
NELCAST.NS,108.55999755859375,116.1375,123.64539978027344,122.11720020294189,False,False,False,173.1999969482422,85.9800033569336,-37.32,26.26,False,False
NELCO.NS,947.25,947.4449951171875,942.3549975585937,756.372748260498,False,True,True,1120.0,500.1000061035156,-15.42,89.41,False,False
NEOGEN.NS,2373.0,2224.859997558594,2139.976005859375,1617.869499206543,True,True,True,2483.89990234375,966.7000122070312,-4.46,145.47,False,False
NESCO.NS,1102.199951171875,1049.7300048828124,1064.0779992675782,1141.2639999389648,True,True,False,1638.9000244140625,996.0,-32.75,10.66,False,False
NESTLEIND.NS,1383.300048828125,1439.3099975585938,1463.28599609375,1356.7705010986328,False,False,True,1553.0,1145.0,-10.93,20.81,False,False
NETWEB.NS,5027.0,5208.975,4769.472001953125,3924.089002685547,False,True,True,5813.0,2822.300048828125,-13.52,78.12,False,False
NETWORK18.NS,26.639999389648438,28.442499828338622,29.325199851989748,34.23579998016358,False,False,False,58.099998474121094,26.760000228881836,-54.15,-0.45,False,True
NEUEON.NS,11.960000038146973,13.670499897003173,14.377599964141845,14.366950011253357,False,False,False,27.399999618530273,5.21999979019165,-56.35,129.12,False,False
NEULANDLAB.NS,23535.0,23283.95,21160.34,16573.635,True,True,True,24225.0,11500.0,-2.85,104.65,False,False
NEWGEN.NS,501.3999938964844,524.7824951171875,530.2,565.1322514343261,False,False,False,1041.949951171875,401.04998779296875,-51.88,25.02,False,False
NEXTMEDIA.NS,3.9000000953674316,3.9825000047683714,3.9498000240325926,4.719150013923645,False,False,False,8.479999542236328,3.1600000858306885,-54.01,23.42,False,False
NFL.NS,68.48999786376953,70.58400077819825,71.66900039672852,76.7973501586914,False,False,False,101.4000015258789,63.349998474121094,-32.46,8.11,False,False
NGIL.NS,33.41999816894531,39.336499786376955,39.676999969482424,33.464550037384036,False,False,False,43.88999938964844,22.010000228881836,-23.86,51.84,False,False
NGLFINE.NS,2657.199951171875,2873.2050048828123,3100.08400390625,2367.6890002441405,False,False,True,3602.0,1271.0,-26.23,109.06,False,False
NH.NS,1869.199951171875,1870.4799865722657,1933.2059985351561,1858.7299969482422,False,False,True,2093.300048828125,1589.0,-10.71,17.63,False,False
NHPC.NS,76.37999725341797,76.27850036621093,77.78159973144531,77.88019992828369,True,False,False,89.22000122070312,71.62000274658203,-14.39,6.65,False,False
NIACL.NS,198.38999938964844,194.48149948120118,183.90260009765626,162.36779987335206,True,True,True,242.60000610351562,116.97000122070312,-18.22,69.61,False,False
NIBE.NS,1282.4000244140625,1379.1449951171876,1443.4239965820314,1234.9017504882813,False,False,True,1848.0,809.5999755859375,-30.61,58.4,False,False
NIBL.NS,33.22999954223633,31.264000129699706,32.84460010528564,31.164950075149537,True,True,True,40.79999923706055,25.299999237060547,-18.55,31.34,False,False
NIITLTD.NS,92.48999786376953,97.55599975585938,97.37400009155273,83.33145011901856,False,False,True,116.4000015258789,49.0,-20.54,88.76,False,False
NIITMTS.NS,229.83999633789062,229.61949996948243,236.42620025634767,301.89624961853025,True,False,False,443.8999938964844,203.3000030517578,-48.22,13.05,False,False
NILAINFRA.NS,6.639999866485596,6.847499966621399,7.16459997177124,8.059049985408784,False,False,False,11.550000190734863,5.900000095367432,-42.51,12.54,False,False
NILASPACES.NS,12.279999732971191,12.575,12.364400005340576,13.584549989700317,False,False,False,20.469999313354492,11.350000381469727,-40.01,8.19,False,False
NILKAMAL.NS,2050.800048828125,2038.5700073242188,1785.006005859375,1444.1105010986328,True,True,True,2149.5,1050.5,-4.59,95.22,False,False
NINSYS.NS,710.7000122070312,717.4350067138672,784.4300024414063,545.1135005187988,False,False,True,935.0,281.04998779296875,-23.99,152.87,False,False
NIPPOBATRY.NS,317.8500061035156,326.4300018310547,329.9709997558594,353.07250061035154,False,False,False,496.6000061035156,257.0,-35.99,23.68,False,False
NIRAJ.NS,27.219999313354492,28.5,28.905,30.771150093078614,False,False,False,51.97999954223633,20.149999618530273,-47.63,35.09,False,False
NIRAJISPAT.NS,300.29998779296875,287.5334976196289,235.11619934082032,226.35644989013673,True,True,True,429.6499938964844,155.0,-30.11,93.74,False,False
NITCO.NS,93.70999908447266,94.08199958801269,100.77919921875,92.04304969787597,False,False,True,126.0,64.0,-25.63,46.42,False,False
NITINSPIN.NS,651.0499877929688,619.6000030517578,577.8530017089844,447.73375076293945,True,True,True,665.5,302.20001220703125,-2.17,115.44,False,False
NITIRAJ.NS,233.25,209.29300079345703,207.64940002441406,198.53850028991698,True,True,True,241.0,168.0,-3.22,38.84,False,False
NIVABUPA.NS,79.93000030517578,81.66950035095215,84.3220001220703,79.44390007019042,False,False,True,91.4000015258789,67.5,-12.55,18.41,False,False
NKIND.NS,55.43000030517578,59.00499992370605,60.46480018615723,63.940999870300296,False,False,False,87.77999877929688,49.65999984741211,-36.85,11.62,False,False
NLCINDIA.NS,264.3999938964844,271.622492980957,286.3419964599609,283.53734939575196,False,False,False,387.79998779296875,230.0,-31.82,14.96,False,False
NMDC.NS,82.4000015258789,85.20100021362305,84.79279968261719,83.89424995422364,False,False,False,97.48999786376953,72.23999786376953,-15.48,14.06,False,False
NOCIL.NS,189.64999389648438,171.37950057983397,169.14520080566408,161.01425018310547,True,True,True,204.5,125.30999755859375,-7.26,51.34,False,False
NOIDATOLL.NS,3.950000047683716,4.10050002336502,4.345400023460388,4.241550011634827,False,False,False,7.429999828338623,2.869999885559082,-46.84,37.63,False,False
NORBTEAEXP.NS,64.4000015258789,67.66950054168701,67.90200057983398,77.92805015563965,False,False,False,99.3499984741211,44.13999938964844,-35.18,45.9,False,False
NORTHARC.NS,305.1000061035156,296.5900024414062,296.7560003662109,270.30690048217775,True,True,True,334.0,206.0,-8.65,48.11,False,False
NOVAAGRI.NS,22.700000762939453,24.201499938964844,23.77879997253418,29.296450052261353,False,False,False,52.599998474121094,18.1200008392334,-56.84,25.28,False,False
NPST.NS,1686.0999755859375,1650.725,1601.2559936523437,1373.6162506103515,True,True,True,2208.60009765625,846.5999755859375,-23.66,99.16,False,False
NRAIL.NS,627.9000244140625,532.7074981689453,491.8089990234375,463.85624984741213,True,True,True,650.0,357.29998779296875,-3.4,75.73,False,False
NRBBEARING.NS,514.6500244140625,477.7250015258789,448.4090008544922,339.40845016479494,True,True,True,518.0,212.5500030517578,-0.65,142.13,False,False
NRL.NS,133.05999755859375,122.69300079345703,113.21820007324219,71.98575006484985,True,True,True,137.7899932861328,45.099998474121094,-3.43,195.03,False,False
NSIL.NS,5551.0,5644.125,5560.47,5806.8494946289065,False,False,False,8730.0,4700.0,-36.41,18.11,False,False
NSLNISP.NS,43.65999984741211,43.40800037384033,43.353600311279294,42.34000011444092,True,True,True,53.75,33.0099983215332,-18.77,32.26,False,False
NTPC.NS,333.3999938964844,333.85249786376954,341.1960003662109,358.337999420166,False,False,False,414.3999938964844,315.54998779296875,-19.55,5.66,False,False
NTPCGREEN.NS,86.94000244140625,89.98550033569336,91.55780044555664,95.43540008544922,False,False,False,119.94999694824219,84.0,-27.52,3.5,False,False
NUCLEUS.NS,696.4500122070312,727.8100006103516,730.2429992675782,806.2475009155273,False,False,False,1084.800048828125,682.0,-35.8,2.12,False,False
NURECA.NS,332.75,325.1824981689453,307.08399993896484,279.42415000915526,True,True,True,358.0,204.0,-7.05,63.11,False,False
NUVAMA.NS,1737.199951171875,1768.6549987792969,1803.5159936523437,1510.9189978027343,False,False,True,2066.0,1096.9000244140625,-15.91,58.37,False,False
NUVOCO.NS,330.1499938964844,328.8350006103516,336.85400024414065,328.77175079345704,True,False,True,456.29998779296875,276.25,-27.65,19.51,False,False
NYKAA.NS,344.5,335.54499969482424,330.4620001220703,279.3871496582031,True,True,True,349.54998779296875,227.89999389648438,-1.44,51.16,False,False
OAL.NS,532.0999755859375,429.02000122070314,388.1000012207031,316.2148006439209,True,True,True,559.7000122070312,228.0,-4.93,133.38,False,False
OBCL.NS,55.779998779296875,55.196000289916995,54.03900016784668,55.12220003128052,True,True,True,62.0,46.5099983215332,-10.03,19.93,False,False
OBEROIRLTY.NS,1741.0999755859375,1860.9499938964843,1854.163994140625,1675.8009985351562,False,False,True,1986.0999755859375,1391.199951171875,-12.34,25.15,False,False
OCCLLTD.NS,159.41000366210938,161.9465003967285,152.05340087890625,113.38280033111572,False,True,True,183.02999877929688,75.70999908447266,-12.9,110.55,False,False
ODIGMA.NS,22.229999542236328,22.609499835968016,22.883999862670898,26.15549994468689,False,False,False,56.09000015258789,20.0,-60.37,11.15,False,False
OFSS.NS,11763.0,11883.25,11616.06,9069.595,False,True,True,12540.0,6234.5,-6.2,88.68,False,False
OIL.NS,489.79998779296875,483.66499786376954,461.18699829101564,457.1234996032715,True,True,True,531.0,390.0,-7.76,25.59,False,False
OILCOUNTUB.NS,61.20000076293945,61.442999839782715,58.85979988098145,55.48059995651245,False,True,True,84.5999984741211,35.650001525878906,-27.66,71.67,False,False
OLAELEC.NS,38.540000915527344,38.28450012207031,38.98260009765625,35.968000173568726,True,False,True,61.02000045776367,22.25,-36.84,73.21,False,False
OLECTRA.NS,1209.5,1275.195001220703,1334.6919970703125,1211.4827505493165,False,False,False,1714.199951171875,866.5999755859375,-29.44,39.57,False,False
OMAXAUTO.NS,172.92999267578125,188.09000091552736,204.79600036621093,155.5154998397827,False,False,True,263.3999938964844,84.5,-34.35,104.65,False,False
OMAXE.NS,123.9800033569336,115.34400062561035,99.31920013427734,81.891300239563,True,True,True,138.88999938964844,62.5,-10.74,98.37,False,False
OMINFRAL.NS,79.58999633789062,83.25900001525879,86.64800003051758,89.10275001525879,False,False,False,144.0,71.5,-44.73,11.31,False,False
ONELIFECAP.NS,32.7599983215332,32.53149995803833,34.60399990081787,22.8079198884964,True,False,True,40.099998474121094,11.149999618530273,-18.3,193.81,False,False
ONEPOINT.NS,56.38999938964844,56.071499824523926,56.2339998626709,54.085800113677976,True,True,True,65.8499984741211,40.58000183105469,-14.37,38.96,False,False
ONESOURCE.NS,1592.199951171875,1538.6299987792968,1592.3039965820312,1584.1214971923828,True,False,True,1925.0,1057.0,-17.29,50.63,False,False
ONGC.NS,232.5,235.3895004272461,240.358798828125,257.45409965515137,False,False,False,307.5,227.64999389648438,-24.39,2.13,False,False
ONIDA.NS,32.18000030517578,35.55999984741211,37.885,33.549149932861326,False,False,False,49.22999954223633,21.5,-34.63,49.67,False,False
ONMOBILE.NS,47.0,53.11750030517578,61.23879997253418,54.995749969482425,False,False,False,84.0,40.209999084472656,-44.05,16.89,False,False
ONWARDTEC.NS,283.6499938964844,285.5899963378906,286.2619989013672,275.1045004272461,False,False,True,348.6000061035156,208.25,-18.63,36.21,False,False
OPTIEMUS.NS,566.25,565.5774993896484,575.7689990234375,468.45300033569333,True,False,True,713.0,288.0,-20.58,96.61,False,False
ORBTEXP.NS,237.0,235.97349853515624,237.85919982910156,194.06019989013672,True,False,True,278.6099853515625,135.0,-14.93,75.56,False,False
ORCHASP.NS,1.409999966621399,1.3864999830722808,1.554399995803833,2.15139999628067,True,False,False,4.159999847412109,1.25,-66.11,12.8,False,False
ORCHPHARMA.NS,1003.0499877929688,984.2574981689453,1001.4499987792968,787.3497479248047,True,True,True,1133.0,480.0,-11.47,108.97,False,False
ORICONENT.NS,51.38999938964844,54.62400035858154,54.97680015563965,60.683500099182126,False,False,False,73.12000274658203,48.810001373291016,-29.72,5.29,False,False
ORIENTALTL.NS,5.070000171661377,5.077500033378601,5.2288000202178955,6.545250000953675,False,False,False,11.989999771118164,4.400000095367432,-57.71,15.23,False,False
ORIENTBELL.NS,401.95001220703125,382.04750366210936,346.02300231933594,308.49550125122073,True,True,True,424.95001220703125,246.5500030517578,-5.41,63.03,False,False
ORIENTCEM.NS,125.58000183105469,129.33199920654297,133.71880004882811,145.65675006866456,False,False,False,237.2899932861328,122.31999969482422,-47.08,2.67,False,False
ORIENTCER.NS,46.0099983215332,44.82499980926514,42.7192000579834,41.63814998626709,True,True,True,56.63999938964844,34.0,-18.77,35.32,False,False
ORIENTELEC.NS,173.55999755859375,180.7509994506836,178.54679962158204,177.7168497467041,False,False,False,217.50999450683594,149.0500030517578,-20.21,16.44,False,False
ORIENTHOT.NS,141.35000610351562,138.0799987792969,134.6677995300293,111.99710018157958,True,True,True,149.5,80.0,-5.45,76.69,False,False
ORIENTLTD.NS,82.75,81.13400077819824,77.99099990844726,69.67654987335204,True,True,True,102.30000305175781,53.720001220703125,-19.11,54.04,False,False
ORIENTPPR.NS,17.780000686645508,17.316000080108644,17.399999923706055,18.814450006484986,True,True,False,28.959999084472656,13.25,-38.6,34.19,False,False
ORIENTTECH.NS,249.63999938964844,241.49249954223632,254.25280059814452,286.11496887207034,True,False,False,466.7272644042969,220.8000030517578,-46.51,13.06,False,False
ORISSAMINE.NS,3955.199951171875,4445.675036621094,4182.29201171875,4232.724504394531,False,False,False,6138.89990234375,3100.5,-35.57,27.57,False,False
ORTEL.NS,1.850000023841858,1.962499976158142,1.8983999919891357,1.6580000007152558,False,False,True,2.3299999237060547,1.149999976158142,-20.6,60.87,False,False
ORTINGLOBE.NS,17.09000015258789,15.636000061035157,15.550000038146973,15.167300014495849,True,True,True,21.299999237060547,10.65999984741211,-19.77,60.32,False,False
OSIAHYPER.NS,2.440000057220459,2.584500014781952,2.8120000171661377,7.539449971914292,False,False,False,33.08000183105469,2.369999885559082,-92.62,2.95,False,False
OSWALAGRO.NS,35.599998474121094,36.84700012207031,38.480800018310546,46.5728000831604,False,False,False,81.0,33.400001525878906,-56.05,6.59,False,False
OSWALGREEN.NS,20.010000228881836,20.59400005340576,21.217999954223632,26.025249977111816,False,False,False,43.790000915527344,19.5,-54.3,2.62,False,False
OSWALPUMPS.NS,282.45001220703125,290.13000030517577,331.73700073242185,388.49074981689455,False,False,False,840.0,272.04998779296875,-66.37,3.82,False,False
OSWALSEEDS.NS,15.539999961853027,12.644499969482421,11.371999988555908,12.559350023269653,True,True,True,20.280000686645508,9.65999984741211,-23.37,60.87,False,False
PAGEIND.NS,35365.0,35805.0,38296.6,36494.25,False,False,False,45890.0,29805.0,-22.94,18.65,False,False
PAISALO.NS,84.2300033569336,71.80400009155274,71.35100006103515,49.338699865341184,True,True,True,83.5,30.0,0.87,180.77,True,False
PAKKA.NS,76.56999969482422,80.33449974060059,75.67239974975585,88.6521000289917,False,True,False,178.83999633789062,69.0999984741211,-57.19,10.81,False,False
PALASHSECU.NS,85.91999816894531,89.17249946594238,89.62679977416992,95.78309986114502,False,False,False,134.8000030517578,79.01000213623047,-36.26,8.75,False,False
PALREDTEC.NS,52.0,54.27200012207031,51.65620025634766,43.160950059890745,False,True,True,73.5999984741211,27.450000762939453,-29.35,89.44,False,False
PANACEABIO.NS,397.6499938964844,396.3099990844727,439.3720001220703,402.35249923706056,True,False,False,647.0,292.3999938964844,-38.54,36.0,False,False
PANACHE.NS,519.0,528.95,476.24299987792966,372.672499923706,False,True,True,559.4000244140625,237.6999969482422,-7.22,118.34,False,False
PANAMAPET.NS,483.1499938964844,484.6524993896484,469.6940002441406,345.58639999389646,False,True,True,599.5999755859375,229.0,-19.42,110.98,False,False
PANSARI.NS,281.5,307.26000061035154,328.5510009765625,301.591499710083,False,False,False,388.8999938964844,233.3000030517578,-27.62,20.66,False,False
PAR.NS,140.9199981689453,120.80350036621094,106.39600006103515,95.92749973297119,True,True,True,180.0,78.05000305175781,-21.71,80.55,False,False
PARACABLES.NS,64.87000274658203,63.775000381469724,64.8808000946045,49.19930002212524,True,False,True,75.69999694824219,28.299999237060547,-14.31,129.22,False,False
PARADEEP.NS,155.9600067138672,155.2345001220703,148.35259979248048,136.20895008087157,True,True,True,201.99000549316406,99.69999694824219,-22.79,56.43,False,False
PARAGMILK.NS,268.5,241.93699951171874,230.24739990234374,237.65375053405762,True,True,True,376.95001220703125,177.83999633789062,-28.77,50.98,False,False
PARAS.NS,1435.5999755859375,1452.9549987792968,1331.182001953125,910.927502746582,False,True,True,1585.0,580.5,-9.43,147.3,False,False
PARASPETRO.NS,2.1700000762939453,2.199500024318695,2.2228000068664553,2.1421499931812287,False,False,True,3.2300000190734863,1.5299999713897705,-32.82,41.83,False,False
PARKHOTELS.NS,110.7699966430664,113.73550033569336,119.80699981689453,122.24644996643066,False,False,False,164.10000610351562,95.0999984741211,-32.5,16.48,False,False
PARSVNATH.NS,1.7200000286102295,1.4990000009536744,1.800199999809265,6.137400016784668,True,False,False,18.75,1.350000023841858,-90.83,27.41,False,False
PASHUPATI.NS,80.7300033569336,83.88799934387207,85.33379989624024,87.97909992218018,False,False,False,118.3499984741211,66.4000015258789,-31.79,21.58,False,False
PASUPTAC.NS,67.08000183105469,63.47700080871582,61.4594002532959,55.32934989929199,True,True,True,78.94999694824219,40.40999984741211,-15.03,66.0,False,False
PATANJALI.NS,341.0,346.4199981689453,357.09899963378905,456.8657508850098,False,False,False,614.9000244140625,328.20001220703125,-44.54,3.9,False,False
PATELENG.NS,26.610000610351562,27.80550022125244,28.96900001525879,28.52802103996277,False,False,False,42.77000045776367,22.0,-37.78,20.95,False,False
PATELRMART.NS,211.0500030517578,224.95549926757812,223.37440002441406,204.01349983215331,False,False,True,269.29998779296875,150.25,-21.63,40.47,False,False
PATINTLOG.NS,13.180000305175781,13.351499986648559,14.143200016021728,12.819099979400635,False,False,True,16.899999618530273,8.010000228881836,-22.01,64.54,False,False
PAVNAIND.NS,14.880000114440918,17.472000074386596,17.505000019073485,19.75940004825592,False,False,False,43.79999923706055,14.109999656677246,-66.03,5.46,False,False
PAYTM.NS,1807.5,1658.5049987792968,1482.93,1243.6140002441407,True,True,True,1758.9000244140625,930.5999755859375,2.76,94.23,True,False
PCBL.NS,331.04998779296875,321.9824981689453,321.8019970703125,298.2226496124268,True,True,True,425.95001220703125,226.5,-22.28,46.16,False,False
PCJEWELLER.NS,13.699999809265137,11.346999979019165,10.352000007629394,9.694499974250794,True,True,True,15.380000114440918,7.46999979019165,-10.92,83.4,False,False
PDMJEPAPER.NS,97.69999694824219,92.00649948120117,90.92879959106445,86.61814998626708,True,True,True,132.9600067138672,65.0,-26.52,50.31,False,False
PDSL.NS,348.20001220703125,361.44750213623047,361.60199951171876,330.3492498779297,False,False,True,418.5,246.0500030517578,-16.8,41.52,False,False
PEARLPOLY.NS,15.510000228881836,15.666000032424927,16.642400074005128,18.88890003681183,False,False,False,35.02000045776367,12.75,-55.71,21.65,False,False
PENIND.NS,175.5399932861328,165.19749908447267,165.64079895019532,168.5609994506836,True,True,True,279.8999938964844,129.10000610351562,-37.28,35.97,False,False
PENINLAND.NS,15.59000015258789,15.941999912261963,16.34880002975464,18.825100016593932,False,False,False,37.97999954223633,13.819999694824219,-58.95,12.81,False,False
PERSISTENT.NS,5516.0,5613.075,5404.477978515625,5420.473493652344,False,True,True,6599.0,4244.5,-16.41,29.96,False,False
PETRONET.NS,287.20001220703125,289.5450012207031,282.40100036621095,280.43909996032716,False,True,True,326.3999938964844,235.35000610351562,-12.01,22.03,False,False
PFC.NS,353.45001220703125,357.4699996948242,387.99400024414064,401.99699920654297,False,False,False,486.5,329.8999938964844,-27.35,7.14,False,False
PFIZER.NS,4060.199951171875,4653.784997558594,4702.184008789062,4766.049007568359,False,False,False,5578.5,4080.0,-27.22,-0.49,False,True
PFOCUS.NS,310.8500061035156,294.53999786376954,284.11559814453125,262.3489493560791,True,True,True,367.0,161.00999450683594,-15.3,93.06,False,False
PFS.NS,27.420000076293945,27.544499969482423,28.683200149536134,30.576350069046022,False,False,False,40.5,23.850000381469727,-32.3,14.97,False,False
PGEL.NS,545.0,577.5850006103516,591.3380041503906,556.672501373291,False,False,False,644.4000244140625,436.54998779296875,-15.43,24.84,False,False
PGHH.NS,7518.0,7950.325,8418.93,10253.3775,False,False,False,14509.0,7562.0,-48.18,-0.58,False,True
PGHL.NS,5411.5,5723.0,6198.12,5646.219501953125,False,False,False,6975.0,4707.0,-22.42,14.97,False,False
PGIL.NS,1187.699951171875,1173.7550048828125,1105.3559997558593,878.3697497558594,True,True,True,1269.800048828125,600.0,-6.47,97.95,False,False
PHOENIXLTD.NS,1890.0,1915.929998779297,1970.237998046875,1809.612999267578,False,False,True,2169.800048828125,1465.5999755859375,-12.9,28.96,False,False
PICCADIL.NS,602.1500244140625,650.0774963378906,693.2879992675781,607.288249206543,False,False,False,809.7000122070312,515.0,-25.63,16.92,False,False
PIDILITIND.NS,1566.9000244140625,1633.025,1624.5480053710937,1495.8040020751953,False,False,True,1707.5,1259.0,-8.23,24.46,False,False
PIGL.NS,102.0999984741211,102.25950050354004,106.89700057983399,112.18540016174316,False,False,False,189.6999969482422,88.05000305175781,-46.18,15.96,False,False
PIIND.NS,2259.0,2436.885009765625,2579.5020166015624,2925.191008300781,False,False,False,3832.89990234375,2352.0,-41.06,-3.95,False,True
PILANIINVS.NS,4191.60009765625,4338.939965820313,4354.8419921875,4607.396506347656,False,False,False,5980.0,4021.300048828125,-29.91,4.23,False,False
PILITA.NS,7.840000152587891,8.021000003814697,8.474199981689454,8.658899991512298,False,False,False,15.899999618530273,6.199999809265137,-50.69,26.45,False,False
PIONEEREMB.NS,20.510000228881836,21.750500011444093,22.66100009918213,25.398100080490114,False,False,False,39.20000076293945,19.610000610351562,-47.68,4.59,False,False
PITTIENG.NS,1167.9000244140625,1102.8725036621095,1010.8130029296875,903.0387521362304,True,True,True,1199.9000244140625,675.0,-2.67,73.02,False,False
PIXTRANS.NS,1722.0999755859375,1807.1950073242188,1803.042001953125,1563.0999981689454,False,False,True,2089.0,1252.0,-17.56,37.55,False,False
PKTEA.NS,1121.75,810.4550018310547,753.2070043945313,773.4870004272461,True,True,True,1169.0,605.0,-4.04,85.41,False,False
PLASTIBLEN.NS,192.77999877929688,189.53649978637696,190.8722003173828,166.61070007324219,True,True,True,216.2899932861328,121.01000213623047,-10.87,59.31,False,False
PLATIND.NS,221.0500030517578,222.44199905395507,226.11140045166016,228.65924987792968,False,False,False,342.3999938964844,183.5,-35.44,20.46,False,False
PLAZACABLE.NS,62.970001220703125,55.913500022888186,49.25520004272461,43.376800050735476,True,True,True,65.0,27.0,-3.12,133.22,False,False
PNB.NS,116.75,116.28600044250489,112.74380035400391,114.60800006866455,True,True,True,135.14999389648438,98.5,-13.61,18.53,False,False
PNBGILTS.NS,80.33999633789062,79.28950004577636,82.8549998474121,79.7342497253418,True,False,True,106.0,58.599998474121094,-24.21,37.1,False,False
PNBHOUSING.NS,1178.9000244140625,1163.3500061035156,1124.1320068359375,977.3585034179688,True,True,True,1211.5,729.5999755859375,-2.69,61.58,False,False
PNC.NS,16.5,17.361000061035156,18.8646000289917,21.995950050354004,False,False,False,39.88999938964844,15.960000038146973,-58.64,3.38,False,False
PNCINFRA.NS,175.39999389648438,195.51399917602538,221.36219940185546,219.7009996032715,False,False,False,325.0,158.1699981689453,-46.03,10.89,False,False
PNGJL.NS,613.2000122070312,604.3150024414062,616.51,593.1917495727539,True,False,True,736.4000244140625,503.0,-16.73,21.91,False,False
POCL.NS,454.1499938964844,489.5000030517578,517.4575994873047,512.826199798584,False,False,False,647.5999755859375,392.20001220703125,-29.87,15.8,False,False
PODDARMENT.NS,279.8500061035156,261.56250228881834,255.29960052490233,249.84135025024415,True,True,True,333.3999938964844,201.10000610351562,-16.06,39.16,False,False
POKARNA.NS,804.1500244140625,859.6024993896484,927.332998046875,893.3602505493164,False,False,False,1146.199951171875,692.5999755859375,-29.84,16.11,False,False
POLICYBZR.NS,1797.300048828125,1806.554998779297,1683.043994140625,1651.9390032958984,False,True,True,1964.199951171875,1364.0,-8.5,31.77,False,False
POLYCAB.NS,8241.0,8847.925,9035.48,8348.69,False,False,False,10126.0,6663.0,-18.62,23.68,False,False
POLYMED.NS,1738.5,1740.7849853515625,1719.3359985351562,1582.2420013427734,False,True,True,2107.800048828125,1182.0,-17.52,47.08,False,False
POLYPLEX.NS,1134.199951171875,1173.6949951171875,1129.9239990234375,931.6687512207031,False,True,True,1264.0,740.0,-10.27,53.27,False,False
PONNIERODE.NS,371.1000061035156,386.1549987792969,346.78199890136716,300.8834994506836,False,True,True,455.0,252.39999389648438,-18.44,47.03,False,False
POONAWALLA.NS,445.25,471.67249908447263,473.65200073242187,442.06100021362306,False,False,True,570.4000244140625,361.20001220703125,-21.94,23.27,False,False
POWERGRID.NS,269.1000061035156,266.9199966430664,275.91100036621094,284.6277502441406,True,False,False,324.95001220703125,250.0,-17.19,7.64,False,False
POWERINDIA.NS,31435.0,33149.75,32799.9,27880.17,False,False,True,38785.0,16111.0,-18.95,95.12,False,False
POWERMECH.NS,2421.300048828125,2459.485009765625,2533.734013671875,2364.4190075683596,False,False,True,3145.89990234375,1717.699951171875,-23.03,40.96,False,False
PPAP.NS,238.85000610351562,262.9400001525879,281.6683996582031,231.0942002105713,False,False,True,379.5,176.0,-37.06,35.71,False,False
PPL.NS,285.54998779296875,269.5349975585938,267.8840002441406,231.70979995727538,True,True,True,334.54998779296875,163.2100067138672,-14.65,74.96,False,False
PPLPHARMA.NS,211.35000610351562,213.20999908447266,198.70759979248047,172.29359954833984,False,True,True,231.92999267578125,132.3000030517578,-8.87,59.75,False,False
PRABHA.NS,244.63999938964844,217.57400131225586,176.90440063476564,168.66053756713868,True,True,True,262.79998779296875,137.91000366210938,-6.91,77.39,False,False
PRAENG.NS,21.93000030517578,21.247500324249266,20.63420021057129,22.488999996185303,True,True,False,33.880001068115234,17.0,-35.27,29.0,False,False
PRAJIND.NS,322.1499938964844,340.62499847412107,336.35999877929686,335.5292497253418,False,False,False,427.6499938964844,273.0,-24.67,18.0,False,False
PRAKASH.NS,123.13999938964844,127.73300056457519,126.88359954833984,133.4253003692627,False,False,False,177.0,110.23999786376953,-30.43,11.7,False,False
PRAKASHSTL.NS,3.75,3.857000005245209,3.975600047111511,4.375100004673004,False,False,False,6.570000171661377,3.630000114440918,-42.92,3.31,False,False
PRAXIS.NS,4.480000019073486,5.050999999046326,6.306800012588501,7.4965999841690065,False,False,False,14.4399995803833,4.320000171661377,-68.98,3.7,False,False
PRECAM.NS,116.80999755859375,126.03500099182129,135.66659957885742,145.42735027313233,False,False,False,246.0,103.9800033569336,-52.52,12.34,False,False
PRECOT.NS,658.2999877929688,696.0725067138671,762.0030029296875,586.8902519226074,False,False,True,899.0,300.04998779296875,-26.77,119.4,False,False
PRECWIRE.NS,462.54998779296875,460.49000091552733,416.32200012207034,344.96729949951174,True,True,True,524.9000244140625,178.00999450683594,-11.88,159.84,False,False
PREMEXPLN.NS,668.0,666.1474975585937,670.1019982910157,574.8205001831054,True,False,True,829.7999877929688,378.3999938964844,-19.5,76.53,False,False
PREMIER.NS,2.690000057220459,2.769000005722046,2.842600016593933,2.93420000910759,False,False,False,3.880000114440918,2.569999933242798,-30.67,4.67,False,False
PREMIERENE.NS,974.2000122070312,1008.3050079345703,1032.27,935.5887509155274,False,False,True,1134.0,666.9000244140625,-14.09,46.08,False,False
PREMIERPOL.NS,85.91000366210938,89.15350074768067,78.23500061035156,59.11000020980835,False,True,True,98.80000305175781,38.0,-13.05,126.08,False,False
PRESTIGE.NS,1498.0,1587.2950012207032,1621.3660034179688,1496.1599993896484,False,False,True,1805.199951171875,1090.0,-17.02,37.43,False,False
PRICOLLTD.NS,761.4000244140625,781.0150024414063,713.5389990234376,620.0314994812012,False,True,True,823.0,491.95001220703125,-7.48,54.77,False,False
PRIMESECU.NS,283.04998779296875,281.7200012207031,281.3500006103516,282.23900115966796,True,True,True,325.0,248.0,-12.91,14.13,False,False
PRIMO.NS,23.709999084472656,21.48400001525879,22.8553999710083,22.44955002784729,True,True,True,26.899999618530273,16.100000381469727,-11.86,47.27,False,False
PRINCEPIPE.NS,266.6499938964844,286.10749969482424,275.3589990234375,260.97845024108886,False,False,True,353.3999938964844,205.0,-24.55,30.07,False,False
PRITI.NS,33.13999938964844,33.89750003814697,36.27780014038086,44.934550018310546,False,False,False,85.0,31.5,-61.01,5.21,False,False
PRITIKAUTO.NS,14.90999984741211,16.721499967575074,17.407999897003172,14.656949954032898,False,False,True,20.989999771118164,10.40999984741211,-28.97,43.23,False,False
PRIVISCL.NS,3556.10009765625,3450.17001953125,3561.60001953125,3197.4700085449217,True,False,True,3785.300048828125,2236.0,-6.06,59.04,False,False
PROSTARM.NS,133.6300048828125,134.94599990844728,133.06019958496094,147.9536502456665,False,True,False,237.0,114.63999938964844,-43.62,16.56,False,False
PROTEAN.NS,492.3500061035156,527.1875015258789,564.5640020751953,608.0640016174316,False,False,False,939.7999877929688,444.0,-47.61,10.89,False,False
PROZONER.NS,52.880001068115234,45.43099956512451,44.11439987182617,49.95029993057251,True,True,True,72.7699966430664,39.54999923706055,-27.33,33.7,False,False
PRSMJOHNSN.NS,113.3499984741211,110.50649948120117,110.1177995300293,122.46739994049072,True,True,False,176.0,97.0999984741211,-35.6,16.74,False,False
PRUDENT.NS,3385.0,3359.8250244140627,3198.02,2741.56,True,True,True,4105.5,2121.0,-17.55,59.59,False,False
PRUDMOULI.NS,16.350000381469727,15.717000055313111,14.487200069427491,16.852999992370606,True,True,False,41.5,11.260000228881836,-60.6,45.2,False,False
PSB.NS,22.729999542236328,23.08299970626831,23.7143998336792,25.159149980545045,False,False,False,32.459999084472656,20.5,-29.98,10.88,False,False
PSPPROJECT.NS,846.4000244140625,894.6425018310547,966.5920043945313,843.9700006103516,False,False,True,1143.0,569.2000122070312,-25.95,48.7,False,False
PTC.NS,152.77999877929688,155.90399932861328,166.54660064697265,173.13675064086914,False,False,False,229.50999450683594,149.58999633789062,-33.43,2.13,False,False
PTCIL.NS,23630.0,21667.5,19458.84,17928.25,True,True,True,24125.0,13460.0,-2.05,75.56,False,False
PTL.NS,38.43000030517578,38.46450004577637,39.3613998413086,39.36265001296997,False,False,False,43.77000045776367,36.099998474121094,-12.2,6.45,False,False
PUNJABCHEM.NS,1065.300048828125,1111.9050170898438,1119.916005859375,1104.022751159668,False,False,False,1533.9000244140625,876.5999755859375,-30.55,21.53,False,False
PURVA.NS,212.05999755859375,217.02649993896483,217.64619995117187,219.61805000305176,False,False,False,289.54998779296875,160.69000244140625,-26.76,31.97,False,False
PVP.NS,64.81999969482422,57.07400035858154,40.537800064086916,33.0132999420166,True,True,True,71.9000015258789,23.0,-9.85,181.83,False,False
PVRINOX.NS,1237.0999755859375,1216.9300048828125,1134.7139990234375,1038.1282528686525,True,True,True,1284.5,907.4000244140625,-3.69,36.33,False,False
PVSL.NS,101.30000305175781,106.33249969482422,105.19360000610351,104.96255020141602,False,False,False,163.0,82.41000366210938,-37.85,22.92,False,False
PYRAMID.NS,157.74000549316406,159.28099899291993,166.32279998779296,161.50939979553223,False,False,False,198.69000244140625,131.8000030517578,-20.61,19.68,False,False
QMSMEDI.NS,157.97999572753906,149.57600173950195,126.68760086059571,97.89505020141601,True,True,True,164.6999969482422,68.94999694824219,-4.08,129.12,False,False
QPOWER.NS,1426.5,1398.8599853515625,1254.917998046875,1019.6335000610352,True,True,True,1570.0,581.0,-9.14,145.52,False,False
QUADFUTURE.NS,478.5,411.1374984741211,395.68000061035156,336.4334999084473,True,True,True,481.25,248.5500030517578,-0.57,92.52,False,False
QUESS.NS,348.0,353.69750061035154,326.04099914550784,238.35324913024903,False,True,True,388.75,166.3000030517578,-10.48,109.26,False,False
QUICKHEAL.NS,147.52000427246094,142.97149963378905,152.50699920654296,186.24979972839355,True,False,False,371.3999938964844,125.0,-60.28,18.02,False,False
QUINTEGRA.NS,1.149999976158142,1.2249999940395355,1.312000000476837,1.3426000028848648,False,False,False,2.049999952316284,1.1399999856948853,-43.9,0.88,False,True
RACE.NS,98.12000274658203,100.28350028991699,105.64660018920898,118.11180004119873,False,False,False,252.0,84.11000061035156,-61.06,16.66,False,False
RACLGEAR.NS,1756.699951171875,1527.3999938964844,1415.3059985351563,1270.6015002441407,True,True,True,1691.9000244140625,890.0,3.83,97.38,True,False
RADAAN.NS,2.8299999237060547,2.973000001907349,2.9972000169754027,3.121499997377396,False,False,False,3.990000009536743,2.3499999046325684,-29.07,20.43,False,False
RADHIKAJWE.NS,83.20999908447266,73.88049964904785,69.36040023803712,66.44010005950928,True,True,True,99.6500015258789,50.0099983215332,-16.5,66.39,False,False
RADIANTCMS.NS,35.9900016784668,37.883000183105466,37.855600357055664,41.93750020980835,False,False,False,57.4900016784668,32.33000183105469,-37.4,11.32,False,False
RADICO.NS,4368.10009765625,4558.634985351562,4388.707998046875,3454.223492431641,False,False,True,4747.0,2500.0,-7.98,74.72,False,False
RADIOCITY.NS,6.150000095367432,6.4815000057220455,6.431400003433228,6.226349999904633,False,False,False,9.25,4.5,-33.51,36.67,False,False
RAILTEL.NS,259.8999938964844,275.80999450683595,287.4579968261719,312.96479866027835,False,False,False,412.8999938964844,245.0,-37.05,6.08,False,False
RAIN.NS,215.97000122070312,207.4805015563965,212.28480163574218,161.30465038299562,True,True,True,252.0,99.9000015258789,-14.3,116.19,False,False
RAINBOW.NS,1444.9000244140625,1448.5699951171875,1476.5519946289062,1327.7169982910157,False,False,True,1610.0,1084.0,-10.25,33.29,False,False
RAJESHEXPO.NS,78.30000305175781,79.13749961853027,84.3218000793457,124.41759971618653,False,False,False,237.8800048828125,72.62999725341797,-67.08,7.81,False,False
RAJMET.NS,3.200000047683716,3.22150000333786,3.340599985122681,3.786950011253357,False,False,False,5.28000020980835,2.7200000286102295,-39.39,17.65,False,False
RAJOOENG.NS,55.189998626708984,51.05149974822998,51.40580001831054,58.794300060272214,True,True,False,103.69000244140625,46.0,-46.77,19.98,False,False
RAJRATAN.NS,498.1499938964844,499.7999984741211,499.4599975585937,450.07324951171876,False,False,True,563.9500122070312,305.54998779296875,-11.67,63.03,False,False
RAJRILTD.NS,21.100000381469727,22.34350004196167,21.868600006103517,21.67595004081726,False,False,False,28.899999618530273,19.40999984741211,-26.99,8.71,False,False
RAJSREESUG.NS,33.130001068115234,36.329500389099124,33.117800064086914,32.347550029754636,False,True,True,43.900001525878906,24.649999618530273,-24.53,34.4,False,False
RAJTV.NS,8.210000038146973,9.592500042915344,10.663199987411499,26.063999984264374,False,False,False,46.900001525878906,7.800000190734863,-82.49,5.26,False,False
RAJVIR.NS,5.320000171661377,5.390000104904175,5.810000038146972,7.394250066280365,False,False,False,10.5,5.320000171661377,-49.33,0.0,False,True
RALLIS.NS,201.99000549316406,209.20800018310547,217.16980041503905,245.7176007080078,False,False,False,349.1499938964844,201.9499969482422,-42.15,0.02,False,True
RAMANEWS.NS,30.950000762939453,32.07150020599365,30.84700008392334,31.161750030517577,False,True,False,42.0,27.049999237060547,-26.31,14.42,False,False
RAMAPHO.NS,122.66999816894531,123.19850044250488,124.4866000366211,136.42330024719237,False,False,False,217.19000244140625,103.5,-43.52,18.52,False,False
RAMASTEEL.NS,3.930000066757202,4.1785000443458555,4.344000020027161,6.222699997425079,False,False,False,11.579999923706055,3.430000066757202,-66.06,14.58,False,False
RAMCOCEM.NS,866.6500244140625,892.3650024414062,913.1799975585938,979.3297512817383,False,False,False,1214.5,838.2999877929688,-28.64,3.38,False,False
RAMCOIND.NS,322.25,335.7325012207031,342.9100012207031,306.911801071167,False,False,True,398.04998779296875,230.64999389648438,-19.04,39.71,False,False
RAMCOSYS.NS,594.5499877929688,578.6325042724609,665.8130041503906,538.8437510681152,True,False,True,967.5,342.1000061035156,-38.55,73.79,False,False
RAMKY.NS,332.1000061035156,363.30749969482423,378.74799865722656,459.4252502441406,False,False,False,705.0,333.0,-52.89,-0.27,False,True
RAMRAT.NS,532.4000244140625,524.7325012207032,470.25500061035154,379.6182495117188,True,True,True,602.4500122070312,268.0,-11.63,98.66,False,False
RANASUG.NS,14.739999771118164,14.69700002670288,13.209000034332275,12.582350006103516,True,True,True,16.450000762939453,10.210000038146973,-10.4,44.37,False,False
RANEHOLDIN.NS,1696.199951171875,1619.1600036621094,1704.1939965820313,1404.363497314453,True,False,True,1894.5,981.0,-10.47,72.91,False,False
RATEGAIN.NS,878.25,914.0424987792969,925.7000036621093,711.7905012512207,False,False,True,1050.0,437.0,-16.36,100.97,False,False
RATNAMANI.NS,2811.39990234375,2596.2350219726563,2512.4720068359375,2430.6059997558596,True,True,True,3345.0,1936.5,-15.95,45.18,False,False
RATNAVEER.NS,288.29998779296875,279.12407302856445,224.84902923583985,174.53210693359375,True,True,True,314.8999938964844,130.5,-8.45,120.92,False,False
RAYMOND.NS,1002.7999877929688,695.7974975585937,644.2329968261719,496.88800003051756,True,True,True,869.0,320.0,15.4,213.37,True,False
RAYMONDLSL.NS,692.0,695.1650024414063,716.3169982910156,838.1217501831055,False,False,False,1350.0,628.25,-48.74,10.15,False,False
RAYMONDREL.NS,583.5499877929688,562.4025024414062,624.0979992675781,526.412999572754,True,False,True,734.9000244140625,349.0,-20.59,67.21,False,False
RBA.NS,98.05000305175781,100.69949951171876,85.46340011596679,70.51754997253418,False,True,True,111.1500015258789,57.150001525878906,-11.79,71.57,False,False
RBLBANK.NS,412.54998779296875,393.4124984741211,381.5749987792969,336.37274993896483,True,True,True,420.3999938964844,261.6000061035156,-1.87,57.7,False,False
RBZJEWEL.NS,174.19000244140625,159.11700057983398,152.04840057373048,138.61120010375976,True,True,True,204.6999969482422,100.0,-14.9,74.19,False,False
RCF.NS,111.44999694824219,117.6659999847412,123.77000045776367,128.9976502609253,False,False,False,157.89999389648438,106.0,-29.42,5.14,False,False
RCOM.NS,1.0099999904632568,0.8330000072717667,0.8405999994277954,0.9574999994039536,True,True,True,1.5099999904632568,0.75,-33.11,34.67,False,False
RECLTD.NS,312.70001220703125,322.2699996948242,343.8100012207031,350.2055003356934,False,False,False,390.5,304.04998779296875,-19.92,2.84,False,False
REDINGTON.NS,393.70001220703125,360.94749908447267,325.4839990234375,267.92909912109377,True,True,True,403.25,191.30999755859375,-2.37,105.79,False,False
REDTAPE.NS,116.0999984741211,121.18400039672852,127.91180114746093,126.45555030822754,False,False,False,163.5,107.52999877929688,-28.99,7.97,False,False
REFEX.NS,273.54998779296875,285.30250091552733,303.385,274.1256001281738,False,False,False,415.0,188.0,-34.08,45.51,False,False
REGAAL.NS,83.70999908447266,91.28950004577636,85.8349998474121,77.23895004272461,False,False,True,112.0999984741211,57.27000045776367,-25.33,46.17,False,False
REGENCERAM.NS,34.099998474121094,34.80850028991699,35.520400047302246,41.867549924850465,False,False,False,54.9900016784668,30.0,-37.99,13.67,False,False
RELAXO.NS,324.95001220703125,359.2800033569336,386.8130029296875,356.7476502990723,False,False,False,506.3999938964844,236.5,-35.83,37.4,False,False
RELCHEMQ.NS,110.2300033569336,114.2004997253418,122.63339950561523,125.81334999084473,False,False,False,167.6999969482422,105.01000213623047,-34.27,4.97,False,False
RELIABLE.NS,137.0399932861328,139.0619987487793,142.2215997314453,141.37124992370605,False,False,False,175.0,104.73999786376953,-21.69,30.84,False,False
RELIANCE.NS,1257.5,1300.5349975585937,1301.1980029296874,1382.7075018310547,False,False,False,1611.800048828125,1249.800048828125,-21.98,0.62,False,True
RELIGARE.NS,256.80999755859375,240.91549911499024,249.6922006225586,237.6381000518799,True,True,True,280.0,196.50999450683594,-8.28,30.69,False,False
RELINFRA.NS,53.65999984741211,60.08599987030029,64.07900024414063,94.97824996948242,False,False,False,274.70001220703125,54.75,-80.47,-1.99,False,True
RELTD.NS,155.63999938964844,158.31899948120116,166.97439910888673,150.00130794525145,False,False,True,196.4499969482422,114.59262084960938,-20.77,35.82,False,False
REMSONSIND.NS,96.31999969482422,89.48499984741211,85.41880020141602,99.90745010375977,True,True,False,152.4499969482422,75.2300033569336,-36.82,28.03,False,False
RENUKA.NS,24.8700008392334,24.45999994277954,23.15880001068115,24.649949970245363,True,True,True,33.29999923706055,21.049999237060547,-25.32,18.15,False,False
REPCOHOME.NS,359.6000061035156,358.575,379.5829998779297,390.53350006103517,True,False,False,455.8999938964844,333.6000061035156,-21.12,7.79,False,False
REPL.NS,61.0,62.976999282836914,64.36999961853027,83.39714967727662,False,False,False,168.0,59.0,-63.69,3.39,False,False
REPRO.NS,309.5,317.5350006103516,347.0620007324219,386.2467498779297,False,False,False,590.0,301.0,-47.54,2.82,False,False
RESPONIND.NS,173.27000427246094,156.03849868774415,171.4884002685547,176.17215007781982,True,True,False,240.89999389648438,117.25,-28.07,47.78,False,False
RETAIL.NS,17.139999389648438,17.348999977111816,17.406400032043457,21.048200006484986,False,False,False,43.790000915527344,15.8100004196167,-60.86,8.41,False,False
RGL.NS,155.49000549316406,139.41399993896485,127.01599975585937,115.65854976654053,True,True,True,159.0,85.0,-2.21,82.93,False,False
RHFL.NS,1.8700000047683716,1.8114999890327455,1.9033999919891358,2.354600005745888,True,False,False,4.900000095367432,1.7000000476837158,-61.84,10.0,False,False
RHIM.NS,375.79998779296875,373.42750244140626,390.43900024414063,408.17274993896484,True,False,False,508.29998779296875,323.04998779296875,-26.07,16.33,False,False
RHL.NS,166.85000610351562,167.76850128173828,171.0822006225586,183.4327498626709,False,False,False,295.0,160.97999572753906,-43.44,3.65,False,False
RICOAUTO.NS,134.1699981689453,130.22499961853026,134.35940017700196,124.82809970855713,True,False,True,157.99000549316406,78.91999816894531,-15.08,70.01,False,False
RIIL.NS,710.75,746.2425048828125,755.2870056152344,761.5967510986328,False,False,False,964.0,617.3499755859375,-26.27,15.13,False,False
RISHABH.NS,829.5999755859375,719.9649993896485,675.0839990234375,503.2309994506836,True,True,True,852.0,315.0,-2.63,163.37,False,False
RITCO.NS,300.70001220703125,308.75500335693357,294.6900018310547,255.03350021362306,False,True,True,328.1499938964844,167.10000610351562,-8.37,79.95,False,False
RITES.NS,209.14999389648438,216.2905014038086,219.56540008544923,217.25540031433104,False,False,False,280.8999938964844,175.0,-25.54,19.51,False,False
RKDL.NS,18.059999465942383,18.413999843597413,18.809199867248534,20.386949920654295,False,False,False,32.47999954223633,16.299999237060547,-44.4,10.8,False,False
RKEC.NS,19.329999923706055,21.781999778747558,24.72019989013672,36.792850170135495,False,False,False,81.5,19.049999237060547,-76.28,1.47,False,False
RKFORGE.NS,711.2000122070312,730.3999938964844,670.7119995117188,576.2235018920899,False,True,True,772.7999877929688,460.1499938964844,-7.97,54.56,False,False
RKSWAMY.NS,92.94000244140625,93.93650016784667,99.08620010375977,100.12509994506836,False,False,False,163.88999938964844,67.1500015258789,-43.29,38.41,False,False
RMDRIP.NS,23.549999237060547,20.202999973297118,19.275000038146974,31.834657983779906,True,True,False,72.21666717529297,14.8100004196167,-67.39,59.01,False,False
RML.NS,1360.0,1177.1399963378906,1173.4519995117187,912.7745007324219,True,True,True,1440.0,608.5,-5.56,123.5,False,False
RNBDENIMS.NS,9.460000038146973,9.43600001335144,9.45700002670288,25.616799883842468,True,True,False,67.66666412353516,7.71999979019165,-86.02,22.54,False,False
ROHLTD.NS,306.29998779296875,303.34000091552736,312.5070007324219,344.83624969482423,True,False,False,563.9500122070312,269.3999938964844,-45.69,13.7,False,False
ROLEXRINGS.NS,171.3699951171875,178.00449905395507,159.9445999145508,139.08705032348632,False,True,True,189.39999389648438,99.79000091552734,-9.52,71.73,False,False
ROLLT.NS,4.75,3.968000030517578,3.0926000022888185,2.012649998664856,True,True,True,4.949999809265137,1.0199999809265137,-4.04,365.69,False,False
ROML.NS,42.689998626708984,42.79799976348877,44.043399810791016,45.43849988937378,False,False,False,62.0,35.11000061035156,-31.15,21.59,False,False
ROSSARI.NS,446.1499938964844,483.0074996948242,501.9160009765625,514.2410012817382,False,False,False,690.2999877929688,375.0,-35.37,18.97,False,False
ROSSELLIND.NS,55.060001373291016,57.22550010681152,57.690400009155276,52.54579999923706,False,False,True,73.0,40.0,-24.58,37.65,False,False
ROSSTECH.NS,1214.300048828125,1124.1324890136718,1057.7849926757813,864.1592492675782,True,True,True,1241.699951171875,551.9000244140625,-2.21,120.02,False,False
ROTO.NS,64.29000091552734,65.14249973297119,66.94520027160644,62.319300155639645,False,False,True,85.27999877929688,47.5,-24.61,35.35,False,False
ROUTE.NS,493.54998779296875,503.47750091552734,531.4299969482422,553.8855009460449,False,False,False,890.4000244140625,410.70001220703125,-44.57,20.17,False,False
RPEL.NS,1845.199951171875,1698.0899841308594,1453.8019946289062,1005.8894989013672,True,True,True,1943.699951171875,561.2999877929688,-5.07,228.74,False,False
RPGLIFE.NS,2698.60009765625,2667.275012207031,2725.0960009765627,2285.546001586914,True,False,True,3082.0,1733.0,-12.44,55.72,False,False
RPOWER.NS,21.579999923706055,22.285500144958498,23.37939998626709,27.31084998130798,False,False,False,50.72999954223633,20.170000076293945,-57.46,6.99,False,False
RPPINFRA.NS,60.34000015258789,57.36299991607666,60.09120018005371,75.45820001602173,True,True,False,156.0,53.0,-61.32,13.85,False,False
RPPL.NS,20.739999771118164,22.832499980926514,22.629599990844728,18.652150015830994,False,False,True,26.969999313354492,14.25,-23.1,45.54,False,False
RPSGVENT.NS,831.7999877929688,855.8575012207032,886.8909948730469,823.9655010986328,False,False,True,1179.0,551.9000244140625,-29.45,50.72,False,False
RPTECH.NS,819.6500244140625,825.1675018310547,814.0600012207032,533.0507511901856,False,True,True,967.7000122070312,292.25,-15.3,180.46,False,False
RRKABEL.NS,2424.39990234375,2723.925,2584.5819921875,1873.804496459961,False,False,True,2983.800048828125,1181.5999755859375,-18.75,105.18,False,False
RSSOFTWARE.NS,29.6299991607666,30.474499893188476,31.625599937438963,36.82744998931885,False,False,False,82.0,21.93000030517578,-63.87,35.11,False,False
RSWM.NS,218.22999572753906,204.9760009765625,207.484599609375,169.99670001983642,True,True,True,238.0,120.0,-8.31,81.86,False,False
RSYSTEMS.NS,240.36000061035156,244.46150131225585,246.99860046386718,298.15580085754397,False,False,False,472.8999938964844,213.52000427246094,-49.17,12.57,False,False
RTNINDIA.NS,27.68000030517578,29.317000102996825,30.892799949645998,34.05205008506775,False,False,False,60.38999938964844,24.399999618530273,-54.16,13.44,False,False
RTNPOWER.NS,7.170000076293945,7.627999997138977,8.277000036239624,8.893349995613098,False,False,False,12.569999694824219,7.199999809265137,-42.96,-0.42,False,True
RUBFILA.NS,68.51000213623047,68.10899963378907,70.82399978637696,71.06359994888305,True,False,False,88.87999725341797,57.310001373291016,-22.92,19.54,False,False
RUBYMILLS.NS,455.1000061035156,407.19249725341797,390.3010003662109,272.86189994812014,True,True,True,488.29998779296875,169.02000427246094,-6.8,169.26,False,False
RUCHINFRA.NS,5.550000190734863,5.744500017166137,5.820200004577637,6.058000004291534,False,False,False,8.25,4.050000190734863,-32.73,37.04,False,False
RUCHIRA.NS,108.83000183105469,104.96149978637695,105.9179995727539,112.47195011138916,True,True,False,173.0,95.16999816894531,-37.09,14.35,False,False
RUPA.NS,137.47999572753906,147.2074996948242,157.7177996826172,151.99120002746582,False,False,False,212.83999633789062,109.20999908447266,-35.41,25.89,False,False
RUSHIL.NS,15.90999984741211,16.48149995803833,16.707399978637696,17.96244993686676,False,False,False,33.9900016784668,12.489999771118164,-53.19,27.38,False,False
RUSTOMJEE.NS,344.95001220703125,371.0175018310547,391.0899993896484,431.5292509460449,False,False,False,634.0,350.0,-45.59,-1.44,False,True
RVHL.NS,39.459999084472656,40.58150005340576,43.13799980163574,44.259149913787844,False,False,False,71.36000061035156,28.5,-44.7,38.46,False,False
RVNL.NS,204.89999389648438,216.02150039672853,223.3375991821289,276.3730498504639,False,False,False,400.70001220703125,203.8300018310547,-48.86,0.52,False,True
RVTH.NS,740.9500122070312,738.8500061035156,725.5030029296875,681.5825003051758,True,True,True,1300.0,491.1000061035156,-43.0,50.88,False,False
S&SPOWER.NS,350.3500061035156,323.25500640869143,331.0550030517578,328.2415502929687,True,True,True,468.8999938964844,193.5,-25.28,81.06,False,False
SADBHAV.NS,7.869999885559082,8.179499959945678,8.418200025558471,8.9824999833107,False,False,False,14.699999809265137,6.050000190734863,-46.46,30.08,False,False
SADBHIN.NS,2.5199999809265137,2.649999976158142,2.5971999883651735,3.0352000010013582,False,False,False,4.789999961853027,2.059999942779541,-47.39,22.33,False,False
SADHNANIQ.NS,2.8399999141693115,2.8830000042915342,2.8412000131607056,3.4691145926713944,False,False,False,11.300000190734863,1.2699999809265137,-74.87,123.62,False,False
SAFARI.NS,1544.699951171875,1508.8349914550781,1549.2239916992187,1741.7449987792968,True,False,False,2507.10009765625,1363.0999755859375,-38.39,13.32,False,False
SAGARDEEP.NS,23.790000915527344,23.74300012588501,24.204600105285646,24.73345001220703,True,False,False,31.479999542236328,20.809999465942383,-24.43,14.32,False,False
SAGCEM.NS,146.25,160.02350006103515,170.07619903564452,184.22899963378907,False,False,False,295.95001220703125,148.0,-50.58,-1.18,False,True
SAGILITY.NS,45.20000076293945,44.70650005340576,43.39179992675781,44.30545000076294,True,True,True,57.88999938964844,35.83000183105469,-21.92,26.15,False,False
SAHYADRI.NS,390.8999938964844,366.65249786376955,327.44899658203127,276.02674949645996,True,True,True,402.70001220703125,200.10000610351562,-2.93,95.35,False,False
SAIL.NS,179.0,185.92499923706055,174.95199951171875,165.9027997970581,False,True,True,209.6999969482422,124.0,-14.64,44.35,False,False
SAILIFE.NS,1585.0,1516.7699951171876,1396.1299975585937,1102.0807482910157,True,True,True,1697.0,783.8499755859375,-6.6,102.21,False,False
SAKAR.NS,1158.550048828125,960.9550018310547,907.9630017089844,645.1672496032714,True,True,True,1211.0,326.0,-4.33,255.38,False,False
SAKHTISUG.NS,19.899999618530273,20.229999923706053,18.33659999847412,17.73884998321533,False,True,True,23.290000915527344,13.520000457763672,-14.56,47.19,False,False
SAKSOFT.NS,146.49000549316406,156.95800094604493,165.65780059814452,160.07409980773926,False,False,False,224.75,107.58999633789062,-34.82,36.16,False,False
SAKUMA.NS,1.5700000524520874,1.6085000097751618,1.6505999994277953,1.8584000015258788,False,False,False,3.0999999046325684,1.100000023841858,-49.35,42.73,False,False
SALASAR.NS,5.050000190734863,5.6375000238418576,5.832200021743774,7.23510000705719,False,False,False,10.989999771118164,4.730000019073486,-54.05,6.77,False,False
SALONA.NS,260.04998779296875,265.5854965209961,256.96299865722654,264.11080047607425,False,True,False,320.0,200.0,-18.73,30.02,False,False
SALSTEEL.NS,74.80999755859375,76.72349967956544,65.63119979858398,52.165299949646,False,True,True,86.25,22.170000076293945,-13.26,237.44,False,False
SALZERELEC.NS,550.5499877929688,556.0499969482422,578.17,623.3530006408691,False,False,False,952.5,488.79998779296875,-42.2,12.63,False,False
SAMBHAAV.NS,5.960000038146973,6.096500015258789,6.238799991607666,7.191700010299683,False,False,False,11.529999732971191,5.070000171661377,-48.31,17.55,False,False
SAMBHV.NS,131.0800018310547,128.16450080871581,122.4450001525879,107.46745014190674,True,True,True,141.32000732421875,81.41999816894531,-7.25,60.99,False,False
SAMHI.NS,157.07000732421875,157.29850006103516,166.62260040283203,166.68160026550294,False,False,False,220.82000732421875,127.0,-28.87,23.68,False,False
SAMMAANCAP.NS,147.3000030517578,150.69349975585936,158.0401998901367,153.37115005493163,False,False,False,192.9499969482422,129.0,-23.66,14.19,False,False
SAMPANN.NS,24.459999084472656,25.45600004196167,26.647000045776366,29.110299921035768,False,False,False,43.439998626708984,23.670000076293945,-43.69,3.34,False,False
SANATHAN.NS,472.1000061035156,457.8675018310547,463.5440008544922,435.59274978637694,True,True,True,551.9500122070312,352.6000061035156,-14.47,33.89,False,False
SANDESH.NS,1014.5999755859375,1041.8049865722655,1020.7059936523438,1013.8092501831055,False,False,True,1270.0,811.0,-20.11,25.1,False,False
SANDHAR.NS,618.5999755859375,643.3874938964843,637.1109973144531,575.0372497558594,False,False,True,763.2000122070312,424.0,-18.95,45.9,False,False
SANDUMA.NS,190.35000610351562,200.0474998474121,202.0065997314453,210.6177500152588,False,False,False,273.0,151.5,-30.27,25.64,False,False
SANGAMIND.NS,574.4000244140625,580.7399993896485,592.3979992675781,504.2162490844727,False,False,True,672.5,362.75,-14.59,58.35,False,False
SANGHVIMOV.NS,426.5,460.575,456.59300109863284,353.7460501098633,False,False,True,528.0,223.8000030517578,-19.22,90.57,False,False
SANGINITA.NS,65.66999816894531,57.518999862670896,57.229599609375,28.666699962615965,True,True,True,68.0199966430664,9.260000228881836,-3.45,609.18,False,False
SANOFI.NS,3079.199951171875,3186.1449951171876,3293.0579931640623,3596.6744982910154,False,False,False,5113.5,3054.0,-39.78,0.83,False,True
SANOFICONR.NS,4023.39990234375,4174.3900390625,4412.79203125,4473.029509277344,False,False,False,5357.0,3975.0,-24.89,1.22,False,False
SANSERA.NS,4129.89990234375,3924.275012207031,3598.172001953125,2584.922000732422,True,True,True,4170.0,1364.199951171875,-0.96,202.73,False,False
SANSTAR.NS,110.52999877929688,108.46250038146972,110.7449998474121,99.22079975128173,True,False,True,137.49000549316406,74.30000305175781,-19.61,48.76,False,False
SANWARIA.NS,0.1899999976158142,0.19149999916553498,0.19539999961853027,0.2308999989181757,False,False,False,0.38999998569488525,0.18000000715255737,-51.28,5.56,False,False
SAPPHIRE.NS,225.74000549316406,234.63300094604492,209.825400390625,200.98415016174317,False,True,True,338.0,139.91000366210938,-33.21,61.35,False,False
SARDAEN.NS,524.1500244140625,513.8700012207031,507.5559997558594,520.536499633789,True,True,True,639.75,453.1000061035156,-18.07,15.68,False,False
SAREGAMA.NS,505.5,501.9074981689453,504.3689996337891,403.7039984130859,True,True,True,574.5,307.04998779296875,-12.01,64.63,False,False
SARLAPOLY.NS,100.22000122070312,100.74199981689453,101.13380004882812,91.62715000152588,False,False,True,111.0,68.4000015258789,-9.71,46.52,False,False
SARVESHWAR.NS,4.010000228881836,3.5170000314712526,3.497400016784668,3.802650017738342,True,True,True,8.25,2.5,-51.39,60.4,False,False
SASKEN.NS,1783.5999755859375,1888.9350036621095,1911.93400390625,1593.3090008544923,False,False,True,2780.199951171875,991.0,-35.85,79.98,False,False
SATIA.NS,68.01000213623047,60.38650035858154,59.869000091552735,62.276400051116944,True,True,True,86.0,50.79999923706055,-20.92,33.88,False,False
SATIN.NS,216.67999267578125,222.29099884033204,238.39100036621093,189.88904991149903,False,False,True,274.1400146484375,135.80999755859375,-20.96,59.55,False,False
SAURASHCEM.NS,54.7599983215332,56.84000015258789,58.19680015563965,65.0635001373291,False,False,False,120.0,47.650001525878906,-54.37,14.92,False,False
SBC.NS,48.33000183105469,42.29650020599365,41.986800003051755,34.80030003547668,True,True,True,49.380001068115234,20.3700008392334,-2.13,137.26,False,False
SBCL.NS,1087.0,1059.427490234375,897.8799987792969,619.7169987487792,True,True,True,1215.699951171875,368.6000061035156,-10.59,194.9,False,False
SBFC.NS,98.19000244140625,96.87249984741212,94.21759963989258,95.18944965362549,True,True,True,123.0,79.5999984741211,-20.17,23.35,False,False
SBGLP.NS,21.559999465942383,24.124499988555907,24.717800064086916,28.074799947738647,False,False,False,40.900001525878906,18.350000381469727,-47.29,17.49,False,False
SBICARD.NS,655.2000122070312,647.3175018310546,641.7429992675782,704.8950009155274,True,True,False,965.0,565.4500122070312,-32.1,15.87,False,False
SBILIFE.NS,1684.699951171875,1746.5299987792969,1807.2060009765626,1898.2829986572265,False,False,False,2132.0,1674.5,-20.98,0.61,False,True
SBIN.NS,995.7000122070312,1033.2049987792968,1038.4939965820313,1041.1472476196288,False,False,False,1234.699951171875,810.4000244140625,-19.36,22.87,False,False
SCHAEFFLER.NS,3950.5,4005.164990234375,4069.946015625,3998.3495092773437,False,False,False,4467.7001953125,3518.39990234375,-11.58,12.28,False,False
SCHAND.NS,137.72000122070312,136.4129997253418,142.48899963378906,153.91904945373534,True,False,False,200.0,130.0500030517578,-31.14,5.9,False,False
SCHNEIDER.NS,1227.0,1215.1700073242187,1311.4200073242187,1047.449753112793,True,False,True,1548.0,571.8499755859375,-20.74,114.57,False,False
SCI.NS,280.6000061035156,290.35500183105466,288.5220013427734,268.5805995941162,False,False,True,368.75,195.5500030517578,-23.91,43.49,False,False
SCILAL.NS,38.13999938964844,39.67150020599365,40.89920013427734,44.164550113677976,False,False,False,55.0,34.29999923706055,-30.65,11.2,False,False
SCODATUBES.NS,129.82000732421875,129.99550018310546,139.12440002441406,141.58595027923585,False,False,False,185.07000732421875,110.0,-29.85,18.02,False,False
SCPL.NS,646.7999877929688,654.0475036621094,599.6169995117187,411.8116996765137,False,True,True,690.0,190.02999877929688,-6.26,240.37,False,False
SDBL.NS,70.06999969482422,72.72249984741211,71.60039978027343,83.50825006484985,False,False,False,142.60000610351562,61.79999923706055,-50.86,13.38,False,False
SEAMECLTD.NS,1788.4000244140625,1686.8199951171875,1543.0219970703124,1382.909748840332,True,True,True,1812.199951171875,771.75,-1.31,131.73,False,False
SECMARK.NS,141.30999755859375,137.56600036621094,130.73899993896484,120.69670001983643,True,True,True,179.5,95.05000305175781,-21.28,48.67,False,False
SECURKLOUD.NS,16.510000228881836,17.53699998855591,17.969999923706055,21.355999956130983,False,False,False,34.18000030517578,16.010000228881836,-51.7,3.12,False,False
SEJALLTD.NS,646.2999877929688,671.9899963378906,707.9309985351563,714.2924998474122,False,False,False,1036.699951171875,381.0,-37.66,69.63,False,False
SELMC.NS,29.25,27.963999938964843,28.041599960327147,29.78160002708435,True,True,False,43.36000061035156,26.0,-32.54,12.5,False,False
SEMAC.NS,273.04998779296875,290.38250122070315,307.0860009765625,295.10150047302244,False,False,False,550.0,205.0,-50.35,33.2,False,False
SENCO.NS,346.3999938964844,351.50999755859374,366.6069982910156,334.38274978637696,False,False,True,430.0,276.0,-19.44,25.51,False,False
SENORES.NS,1467.300048828125,1486.5150024414063,1432.296005859375,1036.1285006713867,False,True,True,1599.0,662.4500122070312,-8.24,121.5,False,False
SEPC.NS,5.269999980926514,5.5875,5.953599987030029,7.407149991989136,False,False,False,13.729999542236328,4.650000095367432,-61.62,13.33,False,False
SERVOTECH.NS,77.27999877929688,80.52500038146972,87.99860061645508,84.48885023117066,False,False,False,143.0,57.5099983215332,-45.96,34.38,False,False
SESHAPAPER.NS,251.13999938964844,233.55299911499023,230.4343994140625,241.52574981689452,True,True,True,293.1099853515625,209.9600067138672,-14.32,19.61,False,False
SETCO.NS,16.739999771118164,17.403500270843505,17.679200191497802,18.22355004787445,False,False,False,28.6200008392334,11.5600004196167,-41.51,44.81,False,False
SETL.NS,468.1499938964844,363.0925018310547,313.6170001220703,186.3643997192383,True,True,True,445.8999938964844,104.55999755859375,4.99,347.73,True,False
SETUINFRA.NS,0.6600000262260437,0.5064999997615814,0.4605999994277954,0.4684999969601631,True,True,True,0.7699999809265137,0.3700000047683716,-14.29,78.38,False,False
SEYAIND.NS,12.680000305175781,12.36299991607666,12.55099998474121,14.184349980354309,True,True,False,23.989999771118164,8.539999961853027,-47.14,48.48,False,False
SFL.NS,691.5499877929688,662.75,715.87,614.1169982910156,True,False,True,832.4500122070312,456.79998779296875,-16.93,51.39,False,False
SGFIN.NS,660.75,680.5325012207031,672.2980004882812,518.1037501525878,False,False,True,727.4500122070312,323.0,-9.17,104.57,False,False
SGIL.NS,592.2000122070312,583.7850006103515,589.6470007324219,544.8510026550293,True,True,True,633.25,420.0,-6.48,41.0,False,False
SGL.NS,9.729999542236328,10.014499998092651,9.971800003051758,11.28485001564026,False,False,False,20.790000915527344,8.399999618530273,-53.2,15.83,False,False
SHAH.NS,3.509999990463257,3.6460000038146974,4.05740002155304,4.665900740623474,False,False,False,5.880000114440918,2.559999942779541,-40.31,37.11,False,False
SHAHALLOYS.NS,92.62000274658203,90.63600006103516,78.17699996948242,70.02244985580444,True,True,True,116.8499984741211,53.099998474121094,-20.74,74.43,False,False
SHAILY.NS,3279.5,3311.650012207031,3128.5379931640623,2556.9000048828125,False,True,True,3615.199951171875,1770.9000244140625,-9.29,85.19,False,False
SHAKTIPUMP.NS,493.79998779296875,487.87500152587893,518.3980023193359,566.9625019836426,True,False,False,915.0,456.3500061035156,-46.03,8.21,False,False
SHALBY.NS,144.77999877929688,152.5505012512207,159.82320037841797,167.28300003051757,False,False,False,274.70001220703125,125.81999969482422,-47.3,15.07,False,False
SHALPAINTS.NS,85.7300033569336,83.36100006103516,73.17620025634766,60.10049997329712,True,True,True,95.94999694824219,35.209999084472656,-10.65,143.48,False,False
SHANKARA.NS,148.2899932861328,145.5819984436035,141.08379943847658,120.45004974365234,True,True,True,1048.5999755859375,98.25,-85.86,50.93,False,False
SHANTI.NS,6.199999809265137,6.309499979019165,6.603799982070923,7.157950007915497,False,False,False,12.260000228881836,4.699999809265137,-49.43,31.91,False,False
SHANTIGEAR.NS,714.9500122070312,551.6875015258789,472.81200134277344,458.23075012207033,True,True,True,743.0,384.0,-3.78,86.18,False,False
SHANTIGOLD.NS,258.1700134277344,255.642000579834,233.3354232788086,212.05710578918456,True,True,True,280.75,155.0,-8.04,66.56,False,False
SHARDACROP.NS,765.5499877929688,777.0449981689453,826.6320007324218,937.1059985351562,False,False,False,1297.0,755.5499877929688,-40.98,1.32,False,False
SHARDAMOTR.NS,943.75,901.3025024414062,884.6720007324219,875.894997253418,True,True,True,1189.9000244140625,700.0,-20.69,34.82,False,False
SHAREINDIA.NS,198.92999267578125,175.68400115966796,175.12800048828126,152.28670001983642,True,True,True,212.3300018310547,115.36000061035156,-6.31,72.44,False,False
SHEKHAWATI.NS,19.3700008392334,17.400999975204467,15.228800010681152,15.238650002479552,True,True,True,25.75,9.119999885559082,-24.78,112.39,False,False
SHEMAROO.NS,120.56999969482422,127.10350036621094,124.23879989624024,109.82125003814697,False,False,True,143.0,73.0,-15.69,65.16,False,False
SHILPAMED.NS,961.1500244140625,894.7700012207031,755.5639990234375,481.6102493286133,True,True,True,980.0999755859375,259.5,-1.93,270.39,False,False
SHIVALIK.NS,362.04998779296875,303.5339958190918,265.25219879150393,283.6147985839844,True,True,True,496.0,206.39999389648438,-27.01,75.41,False,False
SHIVAMAUTO.NS,16.690000534057617,16.79050006866455,17.458399925231934,19.52380002975464,False,False,False,35.790000915527344,13.050000190734863,-53.37,27.89,False,False
SHIVAMILLS.NS,61.470001220703125,61.17050018310547,61.22540000915527,59.49725004196167,True,True,True,77.01000213623047,43.0099983215332,-20.18,42.92,False,False
SHIVATEX.NS,178.0500030517578,173.0609992980957,162.40719909667968,162.68714954376222,True,True,True,217.9199981689453,126.05999755859375,-18.3,41.24,False,False
SHIVAUM.NS,465.3999938964844,449.1100021362305,432.04900024414064,347.8987498474121,True,True,True,483.8999938964844,275.0,-3.82,69.24,False,False
SHK.NS,141.22000122070312,153.15649871826173,150.15339935302734,148.34065006256102,False,False,False,257.44000244140625,111.9800033569336,-45.14,26.11,False,False
SHOPERSTOP.NS,375.45001220703125,393.9524978637695,392.2540002441406,361.95624923706055,False,False,True,572.0,275.95001220703125,-34.36,36.06,False,False
SHRADHA.NS,30.84000015258789,32.377499961853026,33.54680004119873,36.23724991798401,False,False,False,64.33000183105469,26.34000015258789,-52.06,17.08,False,False
SHREDIGCEM.NS,68.48999786376953,72.6935001373291,73.16080017089844,75.19090030670166,False,False,False,97.1500015258789,53.900001525878906,-29.5,27.07,False,False
SHREECEM.NS,22570.0,23847.5,25399.5,25495.65,False,False,False,30520.0,22550.0,-26.05,0.09,False,True
SHREEJISPG.NS,691.75,655.4549926757812,629.8319952392578,451.0432485961914,True,True,True,721.5,222.0,-4.12,211.6,False,False
SHREEPUSHK.NS,486.8999938964844,452.2,423.80500061035156,372.9725003051758,True,True,True,545.2000122070312,272.45001220703125,-10.69,78.71,False,False
SHREERAMA.NS,47.119998931884766,44.14199981689453,42.074599761962894,49.13890003204346,True,True,False,71.98999786376953,37.619998931884766,-34.55,25.25,False,False
SHRENIK.NS,0.28999999165534973,0.29299999922513964,0.32380000174045565,0.3951499977707863,False,False,False,0.6499999761581421,0.27000001072883606,-55.38,7.41,False,False
SHREYANIND.NS,132.8000030517578,128.2654998779297,134.7383999633789,152.60469997406005,True,False,False,247.22000122070312,121.76000213623047,-46.28,9.07,False,False
SHRIPISTON.NS,4371.5,4535.8599853515625,4397.091982421875,3515.1379943847655,False,False,True,4785.7998046875,2525.800048828125,-8.66,73.07,False,False
SHRIRAMFIN.NS,1028.5999755859375,1081.0149963378906,1071.482001953125,998.4437506103516,False,False,True,1153.699951171875,596.7000122070312,-10.84,72.38,False,False
SHRIRAMPPS.NS,71.83000183105469,76.1650001525879,82.30600021362305,81.98509996414185,False,False,False,99.44000244140625,60.56999969482422,-27.77,18.59,False,False
SHYAMCENT.NS,4.960000038146973,4.950499963760376,5.19519998550415,5.379200012683868,True,False,False,8.789999961853027,3.680000066757202,-43.57,34.78,False,False
SHYAMMETL.NS,1074.800048828125,1046.1800109863282,1025.4319995117187,902.4342498779297,True,True,True,1111.0,746.0,-3.26,44.08,False,False
SHYAMTEL.NS,11.479999542236328,13.021000003814697,14.939200077056885,14.141000018119811,False,False,False,25.420000076293945,7.070000171661377,-54.84,62.38,False,False
SICALLOG.NS,98.0,104.49099960327149,101.97919967651367,84.10668575286866,False,False,True,122.5,60.11000061035156,-20.0,63.03,False,False
SIEMENS.NS,3957.0,3992.754992675781,3834.0240087890625,3478.4645031738282,False,True,True,4149.39990234375,2826.0,-4.64,40.02,False,False
SIGACHI.NS,37.93000030517578,32.28999996185303,27.879400024414064,25.165599985122682,True,True,True,46.72999954223633,16.649999618530273,-18.83,127.81,False,False
SIGIND.NS,70.79000091552734,70.42849998474121,59.54540008544922,51.920850048065184,True,True,True,74.98999786376953,40.65999984741211,-5.6,74.1,False,False
SIGMA.NS,44.189998626708984,46.88549976348877,43.89819999694824,45.37945001602173,False,True,False,65.5,35.459999084472656,-32.53,24.62,False,False
SIGMAADV.NS,832.4500122070312,735.0150024414063,654.5690002441406,357.28360023498533,True,True,True,801.0,140.10000610351562,3.93,494.18,True,False
SIGNATURE.NS,760.8499755859375,786.3600006103516,797.7759997558594,883.1102517700195,False,False,False,1158.0,705.2000122070312,-34.3,7.89,False,False
SIGNPOST.NS,276.25,261.42749710083007,282.4879983520508,252.57159980773926,True,False,True,336.79998779296875,191.41000366210938,-17.98,44.32,False,False
SIKKO.NS,5.829999923706055,5.308499979972839,4.996800003051757,4.714374997615814,True,True,True,6.831500053405762,3.200500011444092,-14.66,82.16,False,False
SIL.NS,17.760000228881836,19.426000118255615,17.830800018310548,16.018049998283388,False,False,True,22.299999237060547,11.699999809265137,-20.36,51.79,False,False
SILGO.NS,70.01000213623047,71.42249984741211,72.21439987182617,73.94673700332642,False,False,False,86.19999694824219,61.0,-18.78,14.77,False,False
SILINV.NS,463.79998779296875,468.50999755859374,441.2209997558594,451.0617491149902,False,True,True,767.0,380.0,-39.53,22.05,False,False
SILVERTUC.NS,152.49000549316406,177.889501953125,188.61720123291016,242.88460037231445,False,False,False,1117.449951171875,100.5,-86.35,51.73,False,False
SIMBHALS.NS,7.070000171661377,7.922000002861023,7.30920000076294,8.379850006103515,False,False,False,14.949999809265137,6.46999979019165,-52.71,9.27,False,False
SIMPLEXINF.NS,255.10000610351562,259.1850021362305,253.59419982910157,235.6503500366211,False,True,True,330.0,137.0,-22.7,86.2,False,False
SINCLAIR.NS,80.27999877929688,79.47249984741211,76.84879989624024,77.97220001220703,True,True,True,114.75,68.81999969482422,-30.04,16.65,False,False
SINDHUTRAD.NS,23.989999771118164,24.37849998474121,24.778400001525878,23.632500076293944,False,False,True,32.7400016784668,17.639999389648438,-26.73,36.0,False,False
SINTERCOM.NS,76.6500015258789,80.241499710083,80.72360000610351,85.3515998840332,False,False,False,130.0,62.9900016784668,-41.04,21.69,False,False
SIRCA.NS,427.3500061035156,436.7875,421.387001953125,441.54050033569337,False,True,False,539.0,385.0,-20.71,11.0,False,False
SIS.NS,419.29998779296875,422.9825012207031,429.06999938964844,366.42824935913086,False,False,True,480.95001220703125,257.04998779296875,-12.82,63.12,False,False
SITINET.NS,0.27000001072883606,0.2819999992847443,0.30120000123977664,0.33930000275373456,False,False,False,0.5099999904632568,0.27000001072883606,-47.06,0.0,False,True
SIYSIL.NS,535.1500244140625,580.2825012207031,609.0500012207032,588.4217478942871,False,False,False,848.7999877929688,433.3500061035156,-36.95,23.49,False,False
SJS.NS,2354.0,2451.540002441406,2361.442001953125,1944.4324987792968,False,False,True,2590.0,1372.199951171875,-9.11,71.55,False,False
SJVN.NS,66.18000030517578,65.78050003051757,67.79419998168946,72.58159996032715,True,False,False,95.58000183105469,63.02000045776367,-30.76,5.01,False,False
SKFINDIA.NS,1527.800048828125,1568.3450012207031,1540.2720092773438,1665.6055004882812,False,False,False,5074.0,1404.0,-69.89,8.82,False,False
SKIL.NS,0.8700000047683716,0.8449999988079071,0.8899999976158142,1.0229499992728233,True,False,False,1.7100000381469727,0.7799999713897705,-49.12,11.54,False,False
SKIPPER.NS,551.5499877929688,559.7125030517578,546.5709997558594,461.68425018310546,False,True,True,616.7999877929688,327.04998779296875,-10.58,68.64,False,False
SKMEGGPROD.NS,241.3000030517578,257.32199783325194,276.7509994506836,214.9590493774414,False,False,True,372.0,143.10000610351562,-35.13,68.62,False,False
SKYGOLD.NS,827.4000244140625,801.7024993896484,721.6439990234375,476.4569990539551,True,True,True,868.7999877929688,259.0,-4.77,219.46,False,False
SMARTLINK.NS,230.3000030517578,219.44200057983397,211.04779998779296,155.95580032348633,True,True,True,233.0,103.5,-1.16,122.51,False,False
SMARTWORKS.NS,530.75,530.9975021362304,498.3429998779297,457.78974975585936,False,True,True,619.0,361.5,-14.26,46.82,False,False
SMCGLOBAL.NS,86.0,80.98400001525879,79.0518002319336,73.68274999618531,True,True,True,95.0,54.439998626708984,-9.47,57.97,False,False
SMLMAH.NS,6583.0,5615.55,4998.48201171875,4232.6740051269535,True,True,True,6654.0,2719.0,-1.07,142.11,False,False
SMLT.NS,62.290000915527344,66.35699882507325,67.43899963378907,73.48164985656739,False,False,False,122.8499984741211,56.61000061035156,-49.3,10.03,False,False
SMSPHARMA.NS,463.45001220703125,376.9125015258789,381.56099975585937,368.42050018310545,True,True,True,447.79998779296875,242.25,3.49,91.31,True,False
SNOWMAN.NS,35.90999984741211,37.165999794006346,37.391799774169925,38.63935004234314,False,False,False,59.79999923706055,30.5,-39.95,17.74,False,False
SOBHA.NS,1216.800048828125,1267.4099914550782,1349.9239916992187,1395.0619995117188,False,False,False,1732.0,1130.0,-29.75,7.68,False,False
SOFTTECH.NS,452.3500061035156,424.24749755859375,422.2899981689453,359.9029496765137,True,True,True,489.8999938964844,215.0,-7.66,110.4,False,False
SOLARA.NS,749.1500244140625,635.3399978637696,575.095,535.4977503967285,True,True,True,749.7999877929688,422.0,-0.09,77.52,False,False
SOLARINDS.NS,22290.0,20779.8,19450.86,15869.02,True,True,True,22625.0,11646.0,-1.48,91.4,False,False
SOLEX.NS,698.5999755859375,758.859994506836,877.2159985351562,1105.7979983520509,False,False,False,1985.0,651.2000122070312,-64.81,7.28,False,False
SOMANYCERA.NS,565.2000122070312,546.1925003051758,524.1499987792969,456.9889991760254,True,True,True,576.7999877929688,332.0,-2.01,70.24,False,False
SOMATEX.NS,84.5199966430664,86.04200019836426,94.75419998168945,105.37235000610352,False,False,False,161.25,62.150001525878906,-47.58,35.99,False,False
SOMICONVEY.NS,92.93000030517578,91.64749946594239,94.6527995300293,106.248699760437,True,False,False,169.39999389648438,80.16000366210938,-45.14,15.93,False,False
SONACOMS.NS,788.0,806.0299987792969,763.2069995117188,594.0247477722168,False,True,True,844.0,402.29998779296875,-6.64,95.87,False,False
SONAMLTD.NS,72.9000015258789,67.48800106048584,59.80660049438477,51.567950077056885,True,True,True,80.31999969482422,37.400001525878906,-9.24,94.92,False,False
SONATSOFTW.NS,265.8500061035156,291.8875015258789,302.1470001220703,293.6836003112793,False,False,False,421.5,207.14999389648438,-36.93,28.34,False,False
SOTL.NS,716.25,704.0,659.9480017089844,462.88750030517576,True,True,True,850.0999755859375,285.79998779296875,-15.75,150.61,False,False
SOUTHBANK.NS,46.18000030517578,45.885000228881836,46.16300025939941,42.12060012817383,True,True,True,49.900001525878906,28.5,-7.45,62.04,False,False
SOUTHWEST.NS,213.35000610351562,215.14000091552734,224.08880004882812,216.48234970092773,False,False,False,275.0,121.0,-22.42,76.32,False,False
SPAL.NS,1023.0,990.2575012207031,1024.6829956054687,827.6907482910157,True,False,True,1221.9000244140625,600.0,-16.28,70.5,False,False
SPANDANA.NS,235.3699951171875,240.24250106811525,263.2669982910156,250.798949508667,False,False,False,319.3999938964844,181.10000610351562,-26.31,29.97,False,False
SPARC.NS,196.00999450683594,198.33949966430663,215.60320037841797,170.24925025939942,False,False,True,289.0,108.0,-32.18,81.49,False,False
SPCENET.NS,3.390000104904175,3.36899995803833,3.53219997882843,4.556349992752075,True,False,False,11.239999771118164,3.0,-69.84,13.0,False,False
SPECIALITY.NS,141.6999969482422,140.42549819946288,137.34339920043945,115.28344974517822,True,True,True,167.4600067138672,82.69999694824219,-15.38,71.34,False,False
SPECTRUM.NS,3022.5,2310.9550170898438,2251.3340161132815,1570.6,True,True,True,2878.60009765625,1050.0,5.0,187.86,True,False
SPENCERS.NS,28.299999237060547,29.742499828338623,32.26080005645752,35.174599962234495,False,False,False,61.400001525878906,24.3799991607666,-53.91,16.08,False,False
SPIC.NS,69.0,69.09899978637695,67.91239990234375,70.74645002365112,False,True,False,124.0,55.099998474121094,-44.35,25.23,False,False
SPLIL.NS,30.049999237060547,31.257499980926514,31.46220001220703,31.169699907302856,False,False,False,45.20000076293945,20.200000762939453,-33.52,48.76,False,False
SPLPETRO.NS,818.3499755859375,735.279995727539,726.102001953125,684.9960006713867,True,True,True,979.0,462.29998779296875,-16.41,77.02,False,False
SPMLINFRA.NS,171.6300048828125,183.40550079345704,190.6520004272461,188.2693000793457,False,False,False,294.95001220703125,151.00999450683594,-41.81,13.65,False,False
SPORTKING.NS,214.77000427246094,218.94950103759766,208.1724005126953,145.77294994354247,False,True,True,241.50999450683594,78.16999816894531,-11.07,174.75,False,False
SRD.NS,38.27000045776367,39.68250007629395,39.05959991455078,47.907050075531004,False,False,False,81.5,36.0,-53.04,6.31,False,False
SREEL.NS,333.2699890136719,269.0599983215332,238.30279907226563,211.55229988098145,True,True,True,400.0,165.25,-16.68,101.68,False,False
SRF.NS,2482.39990234375,2573.4449829101563,2656.3739892578124,2718.18349609375,False,False,False,3210.0,2355.0,-22.67,5.41,False,False
SRGHFL.NS,156.0,247.74500122070313,278.52400146484376,275.92135093688967,False,False,False,335.0,195.0,-53.43,-20.0,False,True
SRHHYPOLTD.NS,523.7999877929688,495.13000030517577,493.7290020751953,487.8840000915527,True,True,True,638.0,382.3999938964844,-17.9,36.98,False,False
SRM.NS,439.3500061035156,462.23999938964846,485.87300048828126,482.082999420166,False,False,False,649.9500122070312,361.3500061035156,-32.4,21.59,False,False
SSDL.NS,62.59000015258789,58.409999465942384,56.52099975585938,63.315149974823,True,True,False,91.9000015258789,46.150001525878906,-31.89,35.62,False,False
SSWL.NS,370.6499938964844,327.0750015258789,300.8438006591797,229.97260055541992,True,True,True,379.04998779296875,169.0,-2.22,119.32,False,False
STALLION.NS,225.08999633789062,220.1424987792969,228.05960052490235,183.84180389404298,True,False,True,423.79998779296875,99.31999969482422,-46.89,126.63,False,False
STANLEY.NS,135.60000610351562,136.9275001525879,146.67819946289063,163.5372501373291,False,False,False,320.45001220703125,123.0,-57.68,10.24,False,False
STAR.NS,1183.4000244140625,1050.5699981689454,1044.4419958496094,989.2364974975586,True,True,True,1231.0,768.6500244140625,-3.87,53.96,False,False
STARCEMENT.NS,195.13999938964844,192.2254997253418,199.42559967041015,212.5792495727539,True,False,False,293.3500061035156,180.1199951171875,-33.48,8.34,False,False
STARHEALTH.NS,562.7000122070312,574.0049987792969,582.6799987792969,510.58575088500976,False,False,True,624.9000244140625,416.54998779296875,-9.95,35.09,False,False
STARPAPER.NS,168.44000244140625,151.59499893188476,148.39979949951172,146.05849941253663,True,True,True,179.3699951171875,119.05000305175781,-6.09,41.49,False,False
STARTECK.NS,240.64999389648438,251.31999740600585,261.0170004272461,264.78940032958985,False,False,False,349.95001220703125,215.10000610351562,-31.23,11.88,False,False
STCINDIA.NS,112.5999984741211,116.66199951171875,118.59339981079101,118.64109985351563,False,False,False,150.6999969482422,97.04000091552734,-25.28,16.03,False,False
STEELCAS.NS,325.25,340.82749938964844,326.03099853515624,266.30909942626954,False,False,True,364.0,176.02000427246094,-10.65,84.78,False,False
STEELCITY.NS,90.30000305175781,84.53500061035156,80.86120025634766,83.51259998321534,True,True,True,105.80000305175781,71.26000213623047,-14.65,26.72,False,False
STEELXIND.NS,12.140000343322754,11.020500040054321,11.401199970245361,9.87630001783371,True,True,True,13.949999809265137,7.0,-12.97,73.43,False,False
STEL.NS,611.0999755859375,606.9300018310547,575.727001953125,512.0449990844727,True,True,True,689.9500122070312,380.0,-11.43,60.82,False,False
STERTOOLS.NS,214.66000366210938,220.20299835205077,233.44859924316407,237.85169990539552,False,False,False,361.95001220703125,155.0,-40.69,38.49,False,False
STLNETWORK.NS,36.599998474121094,28.172000122070312,26.26219997406006,24.159450035095215,True,True,True,35.400001525878906,15.75,3.39,132.38,True,False
STLTECH.NS,897.4000244140625,711.977505493164,625.8870037841797,352.3013998413086,True,True,True,897.2999877929688,84.5999984741211,0.01,960.76,True,False
STOVEKRAFT.NS,814.9000244140625,808.3950012207031,792.5750012207031,621.9450007629395,True,True,True,877.0,447.04998779296875,-7.08,82.28,False,False
STYLAMIND.NS,3329.89990234375,3479.839978027344,3423.475986328125,2667.449503173828,False,False,True,4150.0,1621.0,-19.76,105.42,False,False
STYLEBAAZA.NS,388.1000061035156,401.51000061035154,341.6519982910156,320.5012487792969,False,True,True,447.1000061035156,229.9499969482422,-13.2,68.78,False,False
STYRENIX.NS,2113.10009765625,2084.3049926757812,2238.98400390625,2116.2694970703124,True,False,False,2675.800048828125,1780.0,-21.03,18.71,False,False
SUBEXLTD.NS,20.799999237060547,17.669999885559083,14.805399990081787,11.379349973201752,True,True,True,20.280000686645508,6.610000133514404,2.56,214.67,True,False
SUBROS.NS,703.75,725.817495727539,772.63099609375,779.2899981689453,False,False,False,1213.699951171875,622.0999755859375,-42.02,13.12,False,False
SUDARCOLOR.NS,378.3999938964844,391.73999938964846,381.8249987792969,378.57175018310545,False,False,False,603.0,268.25,-37.25,41.06,False,False
SUDARSCHEM.NS,1248.199951171875,1221.9800170898438,1113.397010498047,954.7620010375977,True,True,True,1603.0,726.4000244140625,-22.13,71.83,False,False
SUKHJITS.NS,159.77999877929688,159.30900115966796,163.19140014648437,170.68845016479492,True,False,False,231.10000610351562,137.3000030517578,-30.86,16.37,False,False
SULA.NS,136.3800048828125,145.81100006103514,151.31519958496094,172.11269943237303,False,False,False,296.79998779296875,138.07000732421875,-54.05,-1.22,False,True
SUMEETINDS.NS,10.770000457763672,12.467000055313111,20.845200023651124,26.527104287147523,False,False,False,40.5,10.800000190734863,-73.41,-0.28,False,True
SUMICHEM.NS,476.3999938964844,520.0525009155274,521.2670007324218,457.66824966430664,False,False,True,617.4500122070312,362.6000061035156,-22.84,31.38,False,False
SUMIT.NS,49.400001525878906,51.39499969482422,51.23679985046387,51.37689989089966,False,False,False,104.0,31.739999771118164,-52.5,55.64,False,False
SUMMITSEC.NS,1409.199951171875,1425.2049926757813,1473.877998046875,1636.5390014648438,False,False,False,2495.0,1312.0,-43.52,7.41,False,False
SUNCLAY.NS,1298.300048828125,1285.520001220703,1301.2780004882814,1312.6859985351562,True,False,False,1942.0,1112.800048828125,-33.15,16.67,False,False
SUNDARAM.NS,1.190000057220459,1.2180000126361847,1.2401999998092652,1.442999997138977,False,False,False,2.200000047683716,1.0299999713897705,-45.91,15.53,False,False
SUNDARMFIN.NS,4710.7001953125,4581.480053710938,4561.982021484375,4788.0955078125,True,True,False,5642.0,4000.0,-16.51,17.77,False,False
SUNDRMBRAK.NS,713.6500244140625,784.9974945068359,794.0739978027344,685.6070004272461,False,False,True,920.0,460.0,-22.43,55.14,False,False
SUNDRMFAST.NS,1270.0,1223.0424926757812,1088.537998046875,932.0760012817383,True,True,True,1347.199951171875,730.0999755859375,-5.73,73.95,False,False
SUNDROP.NS,662.0,656.4324981689454,657.392998046875,660.791499633789,True,True,True,883.4500122070312,556.0,-25.07,19.06,False,False
SUNFLAG.NS,337.20001220703125,346.86499786376953,352.30999755859375,301.57019996643066,False,False,True,428.0,192.14999389648438,-21.21,75.49,False,False
SUNPHARMA.NS,1840.0,1901.7800048828126,1929.1319995117187,1805.9285021972655,False,False,True,2046.9000244140625,1548.0,-10.11,18.86,False,False
SUNTECK.NS,288.0,299.7699996948242,305.9,344.32350158691406,False,False,False,472.5,270.75,-39.05,6.37,False,False
SUNTV.NS,476.0,469.3724960327148,485.65099853515625,543.5777482604981,True,False,False,660.7000122070312,447.70001220703125,-27.96,6.32,False,False
SUPERHOUSE.NS,169.66000366210938,170.5470001220703,163.96279998779298,154.5424504852295,False,True,True,201.9499969482422,128.5500030517578,-15.99,31.98,False,False
SUPERSPIN.NS,7.409999847412109,6.377999973297119,5.9185999584198,6.288850009441376,True,True,True,9.989999771118164,3.7899999618530273,-25.83,95.51,False,False
SUPRAJIT.NS,488.8999938964844,500.49000244140626,501.5340002441406,456.9375004577637,False,False,True,559.25,389.95001220703125,-12.58,25.38,False,False
SUPREME.NS,34.7400016784668,38.122999572753905,42.53219985961914,54.31409999847412,False,False,False,97.83999633789062,34.31999969482422,-64.49,1.22,False,False
SUPREMEENG.NS,3.3299999237060547,2.7795000076293945,2.266599998474121,1.422499998807907,True,True,True,3.2699999809265137,0.6800000071525574,1.83,389.71,True,False
SUPREMEIND.NS,3364.39990234375,3561.639990234375,3467.615986328125,3566.397985839844,False,False,False,4632.0,3140.0,-27.37,7.15,False,False
SUPREMEINF.NS,85.04000091552734,85.91600036621094,84.81519989013673,81.42079998016358,False,True,True,113.0,58.11000061035156,-24.74,46.34,False,False
SUPRIYA.NS,901.75,825.8875091552734,848.6490051269532,761.2984997558593,True,True,True,1085.0,545.5,-16.89,65.31,False,False
SURAJEST.NS,174.58999633789062,190.09099884033202,196.9348001098633,217.47190032958986,False,False,False,319.0,166.25,-45.27,5.02,False,False
SURAJLTD.NS,199.99000549316406,205.3134994506836,216.84659942626953,233.14705009460448,False,False,False,348.6499938964844,192.0,-42.64,4.16,False,False
SURAKSHA.NS,323.75,328.975,288.16000091552735,278.6921994781494,False,True,True,349.0,224.10000610351562,-7.23,44.47,False,False
SURANASOL.NS,25.510000228881836,25.844500255584716,26.068600158691407,25.66995002746582,False,False,False,39.08000183105469,18.309999465942383,-34.72,39.32,False,False
SURANAT&P.NS,16.100000381469727,16.239999961853027,17.31360004425049,18.294600048065185,False,False,False,26.780000686645508,15.5,-39.88,3.87,False,False
SURYALAXMI.NS,56.279998779296875,58.26949939727783,58.46999969482422,57.590899829864505,False,False,False,69.80000305175781,43.0,-19.37,30.88,False,False
SURYAROSNI.NS,214.27000427246094,218.4650032043457,233.28960113525392,241.79765029907227,False,False,False,314.5,187.35000610351562,-31.87,14.37,False,False
SURYODAY.NS,148.0500030517578,153.5099983215332,166.31179931640625,150.5119495010376,False,False,False,218.0,115.41000366210938,-32.09,28.28,False,False
SUTLEJTEX.NS,39.27000045776367,38.971499824523924,38.51079978942871,34.47199998855591,True,True,True,42.0,24.0,-6.5,63.63,False,False
SUVEN.NS,355.54998779296875,363.80749969482423,341.13800048828125,226.9603507232666,False,True,True,403.3500061035156,124.11000061035156,-11.85,186.48,False,False
SUVIDHAA.NS,2.25,2.3230000019073485,2.458199977874756,2.91560000538826,False,False,False,4.25,1.7699999809265137,-47.06,27.12,False,False
SUYOG.NS,650.5,736.8399963378906,811.472998046875,719.615251159668,False,False,False,921.1500244140625,528.0,-29.38,23.2,False,False
SUZLON.NS,44.119998931884766,46.364999771118164,48.90919982910156,49.96504989624023,False,False,False,61.5,38.189998626708984,-28.26,15.53,False,False
SVLL.NS,785.0499877929688,785.6374969482422,752.8969946289062,658.4039968872071,False,True,True,897.4500122070312,445.1499938964844,-12.52,76.36,False,False
SVPGLOB.NS,3.450000047683716,3.677999997138977,3.7866000032424925,3.678950015306473,False,False,False,6.889999866485596,2.180000066757202,-49.93,58.26,False,False
SWANCORP.NS,296.45001220703125,294.37999725341797,305.38999938964844,356.89950073242187,True,False,False,506.0,273.6499938964844,-41.41,8.33,False,False
SWANDEF.NS,2727.89990234375,2446.129992675781,2412.7780029296873,1941.6179998779296,True,True,True,2750.0,523.5,-0.8,421.09,False,False
SWARAJ.NS,335.1499938964844,363.36499786376953,357.42799987792966,291.03375076293946,False,False,True,386.75,158.5,-13.34,111.45,False,False
SWARAJENG.NS,3576.0,3574.4500122070312,3629.54400390625,3685.196993408203,True,False,False,4545.0,3301.300048828125,-21.32,8.32,False,False
SWELECTES.NS,567.4000244140625,594.3450012207031,617.7919995117187,606.065500793457,False,False,False,977.0,483.1000061035156,-41.92,17.45,False,False
SWIGGY.NS,278.20001220703125,278.61000061035156,275.866598815918,298.9758987426758,False,True,False,474.0,235.75,-41.31,18.01,False,False
SWSOLAR.NS,180.22000122070312,191.99849853515624,207.09039947509766,203.3022998046875,False,False,False,281.70001220703125,148.0,-36.02,21.77,False,False
SYMPHONY.NS,592.6500244140625,599.3550018310547,649.7400024414062,766.1745001220703,False,False,False,970.4500122070312,564.0,-38.93,5.08,False,False
SYNCOMF.NS,19.459999084472656,18.463999843597414,15.619799900054932,14.153249969482422,True,True,True,22.59000015258789,10.210000038146973,-13.86,90.6,False,False
SYNGENE.NS,382.6499938964844,398.4049957275391,405.5820001220703,471.1822500610352,False,False,False,678.9500122070312,375.25,-43.64,1.97,False,False
SYRMA.NS,1589.300048828125,1492.4800109863281,1434.826005859375,1042.0625036621093,True,True,True,1660.0,634.5,-4.26,150.48,False,False
TAINWALCHM.NS,207.7899932861328,212.32599945068358,208.439599609375,195.45139976501466,False,False,True,257.0,155.0,-19.15,34.06,False,False
TAJGVK.NS,334.79998779296875,340.35249786376954,351.85300109863283,350.9940005493164,False,False,False,512.6500244140625,281.3500061035156,-34.69,19.0,False,False
TAKE.NS,17.610000610351562,17.63899998664856,20.242399921417235,33.07384998798371,False,False,False,50.13999938964844,10.09000015258789,-64.88,74.53,False,False
TALBROAUTO.NS,423.75,415.67249908447263,411.7909997558594,323.7438488769531,True,True,True,451.6000061035156,219.89999389648438,-6.17,92.7,False,False
TANLA.NS,502.79998779296875,538.657502746582,565.6829998779297,515.5384997558593,False,False,False,766.0,365.8999938964844,-34.36,37.41,False,False
TARACHAND.NS,46.86000061035156,47.78900012969971,51.89039993286133,61.42444995880127,False,False,False,103.66999816894531,46.0099983215332,-54.8,1.85,False,False
TARAPUR.NS,12.970000267028809,14.03449993133545,15.534799957275391,22.959000015258788,False,False,False,39.9900016784668,12.109999656677246,-67.57,7.1,False,False
TARC.NS,131.38999938964844,123.4424991607666,125.93579940795898,137.63489986419677,True,True,False,186.3000030517578,109.0999984741211,-29.47,20.43,False,False
TARIL.NS,288.5,299.43999938964845,306.8559997558594,297.3528493499756,False,False,False,552.0,224.0500030517578,-47.74,28.77,False,False
TARMAT.NS,59.599998474121094,57.94999961853027,53.603599853515625,53.18214994430542,True,True,True,73.9000015258789,46.2599983215332,-19.35,28.84,False,False
TARSONS.NS,311.20001220703125,337.44749908447267,318.89399963378906,240.28775001525878,False,False,True,375.0,164.4499969482422,-17.01,89.24,False,False
TASTYBITE.NS,10273.0,10053.25,9455.91,8049.9825,True,True,True,10544.0,6430.0,-2.57,59.77,False,False
TATACHEM.NS,612.4500122070312,631.4199981689453,664.6560021972656,711.8142507934571,False,False,False,1026.6500244140625,580.2999877929688,-40.34,5.54,False,False
TATACOMM.NS,1761.5999755859375,1710.3000122070312,1765.747998046875,1714.6769989013671,True,False,True,2110.0,1322.5,-16.51,33.2,False,False
TATACONSUM.NS,991.0,1034.509994506836,1070.3279968261718,1125.0659963989258,False,False,False,1282.699951171875,992.5,-22.74,-0.15,False,True
TATAELXSI.NS,3383.0,3594.2449951171875,3626.997998046875,4392.746510009765,False,False,False,5950.0,3353.89990234375,-43.14,0.87,False,True
TATAINVEST.NS,650.9000244140625,640.3925018310547,657.692001953125,666.5392514038086,True,False,False,1184.699951171875,538.8499755859375,-45.06,20.79,False,False
TATAPOWER.NS,364.6499938964844,366.55249938964846,373.86799987792966,387.9262506103516,False,False,False,464.8999938964844,342.5,-21.56,6.47,False,False
TATASTEEL.NS,183.0,185.50500030517577,186.65500061035155,193.2731506347656,False,False,False,224.39999389648438,160.05999755859375,-18.45,14.33,False,False
TATATECH.NS,762.1500244140625,806.7349975585937,781.4799975585937,673.8432485961914,False,False,True,891.0,507.3999938964844,-14.46,50.21,False,False
TATVA.NS,1608.699951171875,1636.7849975585937,1613.2039990234375,1340.8494970703125,False,False,True,1838.0999755859375,981.5,-12.48,63.9,False,False
TBOTEK.NS,1679.5,1702.264990234375,1597.8319921875,1429.2605017089843,False,True,True,1764.800048828125,1004.2000122070312,-4.83,67.25,False,False
TBZ.NS,526.2999877929688,356.09249954223634,295.0688009643555,191.0381998825073,True,True,True,583.0499877929688,110.5,-9.73,376.29,False,False
TCI.NS,858.8499755859375,887.7299987792969,911.9559985351563,972.8005001831054,False,False,False,1242.0,853.0,-30.85,0.69,False,True
TCIEXP.NS,514.5999755859375,546.7474975585938,550.4770001220703,539.5339978027343,False,False,False,780.0,447.54998779296875,-34.03,14.98,False,False
TCIFINANCE.NS,15.010000228881836,15.238999938964843,15.366999912261964,16.65564998149872,False,False,False,38.459999084472656,10.0,-60.97,50.1,False,False
TCPLPACK.NS,3871.0,3966.52998046875,3537.3479931640627,2936.7009936523436,False,True,True,4410.89990234375,2200.0,-12.24,75.95,False,False
TCS.NS,2200.800048828125,2290.085009765625,2288.3500146484375,2574.246497192383,False,False,False,3350.0,1976.800048828125,-34.3,11.33,False,False
TDPOWERSYS.NS,804.9000244140625,757.5349975585938,656.758994140625,517.2344982910156,True,True,True,798.8499755859375,262.6000061035156,0.76,206.51,True,False
TEAMGTY.NS,235.0,235.41149978637696,228.72920013427733,253.87574928283692,False,True,False,332.54998779296875,210.0,-29.33,11.9,False,False
TEAMLEASE.NS,1241.4000244140625,1252.8299926757813,1295.7799975585938,1362.1625024414063,False,False,False,1944.300048828125,1065.199951171875,-36.15,16.54,False,False
TECHM.NS,1541.0,1586.5200073242188,1577.2560083007813,1517.8035034179688,False,False,True,1854.0,1304.0999755859375,-16.88,18.17,False,False
TECHNOE.NS,972.1500244140625,985.0450042724609,1007.7530053710938,1081.6305010986327,False,False,False,1537.800048828125,870.0,-36.78,11.74,False,False
TECILCHEM.NS,9.600000381469727,9.308000135421754,9.504400024414062,13.120399999618531,True,True,False,22.8700008392334,8.0,-58.02,20.0,False,False
TEGA.NS,1729.0999755859375,1664.8900024414063,1628.3839990234376,1729.6879974365233,True,True,False,2125.0,1473.0,-18.63,17.39,False,False
TEJASNET.NS,552.6500244140625,542.2725006103516,535.2009985351563,471.57199935913087,True,True,True,644.75,294.0,-14.28,87.98,False,False
TEMBO.NS,56.08000183105469,57.85299987792969,57.44349998474121,58.45335000991821,False,False,False,83.69999694824219,43.334999084472656,-33.0,29.41,False,False
TERASOFT.NS,248.8000030517578,295.25999908447267,353.90799926757813,381.64100021362304,False,False,False,598.0,250.39999389648438,-58.39,-0.64,False,True
TEXINFRA.NS,115.5199966430664,111.7819995880127,112.87219985961914,102.3173002243042,True,True,True,121.30000305175781,82.5,-4.77,40.02,False,False
TEXMOPIPES.NS,60.08000183105469,48.37650032043457,45.44960014343262,45.71824996948242,True,True,True,62.0,33.0,-3.1,82.06,False,False
TEXRAIL.NS,117.80999755859375,110.85400009155273,111.56699981689454,112.0790501022339,True,True,True,153.0,78.05000305175781,-23.0,50.94,False,False
TFCILTD.NS,141.49000549316406,136.54350051879882,110.7513998413086,80.22954986572266,True,True,True,147.64999389648438,51.0,-4.17,177.43,False,False
TFL.NS,11.800000190734863,11.841499996185302,11.490000038146972,12.810149993896484,False,True,False,18.5,10.210000038146973,-36.22,15.57,False,False
TGBHOTELS.NS,9.699999809265137,9.512499904632568,9.224400005340577,9.31684998512268,True,True,True,13.399999618530273,7.5,-27.61,29.33,False,False
THANGAMAYL.NS,5126.0,5368.0,5775.91,4398.2855151367185,False,False,True,7430.0,1939.5,-31.01,164.29,False,False
THEINVEST.NS,96.80000305175781,96.71149978637695,97.24300003051758,103.68534980773926,True,False,False,159.2899932861328,89.0,-39.23,8.76,False,False
THEJO.NS,2192.60009765625,2099.2050231933595,2024.5920092773438,1776.507496948242,True,True,True,2286.60009765625,1443.5999755859375,-4.11,51.88,False,False
THELEELA.NS,542.2999877929688,548.6225036621094,515.4830023193359,449.56200088500975,False,True,True,582.8499755859375,384.5,-6.96,41.04,False,False
THEMISMED.NS,128.25,119.4895004272461,114.81040008544922,99.62449977874756,True,True,True,148.0,64.94999694824219,-13.34,97.46,False,False
THERMAX.NS,3682.0,3863.2199951171874,4187.391997070313,3759.4929931640627,False,False,False,5277.7998046875,2742.699951171875,-30.24,34.25,False,False
THOMASCOOK.NS,108.62999725341797,107.70049934387207,105.23699981689452,111.23584995269775,True,True,False,181.1999969482422,86.3499984741211,-40.05,25.8,False,False
THOMASCOTT.NS,237.5500030517578,270.87749938964845,297.9619995117188,298.56674980163575,False,False,False,459.79998779296875,230.0,-48.34,3.28,False,False
THYROCARE.NS,549.7000122070312,584.35,574.8069989013671,475.7518350219727,False,False,True,662.0,342.54998779296875,-16.96,60.47,False,False
TI.NS,521.5999755859375,558.5149963378906,502.62000061035155,457.9292498779297,False,True,True,594.5499877929688,381.54998779296875,-12.27,36.71,False,False
TICL.NS,7.050000190734863,8.82099997997284,9.826199960708617,19.87655002832413,False,False,False,33.9900016784668,7.320000171661377,-79.26,-3.69,False,True
TIIL.NS,3250.199951171875,3250.3800048828125,2848.5979931640627,2464.8365002441406,False,True,True,3565.300048828125,1868.5,-8.84,73.95,False,False
TIINDIA.NS,2606.10009765625,2791.0199951171876,2827.7119970703125,2759.020998535156,False,False,False,3419.89990234375,2164.89990234375,-23.8,20.38,False,False
TIJARIA.NS,7.409999847412109,6.774499988555908,5.5119999980926515,4.991849988698959,True,True,True,9.539999961853027,3.549999952316284,-22.33,108.73,False,False
TIL.NS,255.3000030517578,240.31700134277344,232.53880126953126,224.60788375854492,True,True,True,371.95001220703125,161.25,-31.36,58.33,False,False
TIMETECHNO.NS,180.8000030517578,186.8875,194.57100006103516,184.55284973144532,False,False,False,249.14999389648438,154.0,-27.43,17.4,False,False
TIMKEN.NS,3302.39990234375,3174.540002441406,3185.4000048828125,3284.987001953125,True,True,True,3925.0,2800.5,-15.86,17.92,False,False
TINNARUBR.NS,1034.050048828125,1026.6550079345702,1047.901005859375,825.2367510986328,True,False,True,1322.0,527.4500122070312,-21.78,96.05,False,False
TIPSFILMS.NS,327.5,338.57250061035154,348.72700134277346,365.5860000610352,False,False,False,522.0,276.75,-37.26,18.34,False,False
TIPSMUSIC.NS,661.5499877929688,651.0475006103516,668.9620007324219,600.0349983215332,True,False,True,741.0,481.1499938964844,-10.72,37.49,False,False
TIRUMALCHM.NS,155.97999572753906,157.18000030517578,164.39379974365235,190.725249710083,False,False,False,328.79998779296875,143.5,-52.56,8.7,False,False
TIRUPATIFL.NS,69.12000274658203,68.23250007629395,69.76179977416992,47.68249983787537,True,False,True,83.9000015258789,30.110000610351562,-17.62,129.56,False,False
TITAGARH.NS,842.1500244140625,845.0250030517578,843.4009985351563,795.8929992675781,False,False,True,971.0,568.7000122070312,-13.27,48.08,False,False
TITAN.NS,5009.5,5062.1199951171875,4897.65201171875,4348.819011230469,False,True,True,5186.7001953125,3303.10009765625,-3.42,51.66,False,False
TMB.NS,910.9000244140625,892.8574951171875,852.8489990234375,691.1677505493165,True,True,True,949.9500122070312,420.0,-4.11,116.88,False,False
TMPV.NS,301.1000061035156,313.1375,327.86499877929685,348.69525009155274,False,False,False,739.7000122070312,294.29998779296875,-59.29,2.31,False,False
TNPETRO.NS,128.89999389648438,123.11949882507324,107.96819946289062,96.85014995574952,True,True,True,146.99000549316406,78.66999816894531,-12.31,63.85,False,False
TNPL.NS,153.27000427246094,145.73800201416014,147.58180114746094,143.2007006072998,True,True,True,175.75,121.51000213623047,-12.79,26.14,False,False
TNTELE.NS,8.9399995803833,8.967999935150146,9.034000015258789,9.327349991798402,False,False,False,15.739999771118164,7.809999942779541,-43.2,14.47,False,False
TOKYOPLAST.NS,78.94000244140625,77.27399978637695,80.06259963989258,89.57155019760131,True,False,False,140.85000610351562,53.86000061035156,-43.95,46.57,False,False
TOLINS.NS,89.4000015258789,94.07600059509278,99.24220031738281,111.23199989318847,False,False,False,202.0,83.04000091552734,-55.74,7.66,False,False
TORNTPHARM.NS,4965.5,4952.425,4947.8980078125,4372.554501953125,True,True,True,5250.0,3480.60009765625,-5.42,42.66,False,False
TORNTPOWER.NS,1297.5999755859375,1263.1999938964843,1342.6180004882813,1412.781499633789,True,False,False,1824.0999755859375,1188.0,-28.86,9.23,False,False
TOTAL.NS,76.77999877929688,70.91499900817871,61.61379943847656,61.517799873352054,True,True,True,87.88999938964844,45.0,-12.64,70.62,False,False
TOUCHWOOD.NS,61.15999984741211,61.232500076293945,64.8884001159668,78.32864999771118,False,False,False,128.0,57.599998474121094,-52.22,6.18,False,False
TPHQ.NS,0.5,0.5634999990463256,0.48379999697208403,0.5410999995470047,False,True,False,0.8600000143051147,0.4000000059604645,-41.86,25.0,False,False
TPLPLASTEH.NS,68.4800033569336,74.56300010681153,77.68120040893555,68.9277999305725,False,False,False,90.33000183105469,50.0099983215332,-24.19,36.93,False,False
TRACXN.NS,31.899999618530273,29.5210000038147,29.813200073242186,33.4475001335144,True,True,False,55.900001525878906,25.389999389648438,-42.93,25.64,False,False
TRANSRAILL.NS,410.3500061035156,443.1200012207031,472.2200006103516,519.0347508239746,False,False,False,823.0,416.04998779296875,-50.14,-1.37,False,True
TRANSWORLD.NS,165.0,171.46849975585937,164.64419982910155,165.34754970550537,False,True,False,273.54998779296875,111.55999755859375,-39.68,47.9,False,False
TRAVELFOOD.NS,1253.5999755859375,1300.4700012207031,1315.9380004882812,1241.5989984130858,False,False,True,1470.9000244140625,1035.300048828125,-14.77,21.09,False,False
TREEHOUSE.NS,6.139999866485596,6.165499949455262,6.27579999923706,7.453850021362305,False,False,False,11.0,5.519999980926514,-44.18,11.23,False,False
TREJHARA.NS,143.02000427246094,152.27799911499022,147.0517999267578,175.44550018310548,False,False,False,284.8500061035156,128.39999389648438,-49.79,11.39,False,False
TREL.NS,26.969999313354492,26.813999938964844,25.794799880981444,25.788299989700317,True,True,True,34.04999923706055,21.469999313354492,-20.79,25.62,False,False
TRENT.NS,2802.39990234375,2877.9900024414064,2932.502001953125,2948.0265002441406,False,False,False,5260.5,2183.666748046875,-46.73,28.33,False,False
TRF.NS,222.0500030517578,228.64700012207032,232.57960021972656,255.10889999389647,False,False,False,405.0,215.5,-45.17,3.04,False,False
TRIDENT.NS,23.389999389648438,24.201999855041503,24.799599914550782,25.47755002975464,False,False,False,30.940000534057617,21.979999542236328,-24.4,6.41,False,False
TRIGYN.NS,56.099998474121094,57.54399948120117,55.50779975891113,57.50944995880127,False,True,False,102.4000015258789,37.54999923706055,-45.21,49.4,False,False
TRITURBINE.NS,569.6500244140625,576.5675048828125,601.7790014648438,562.6655006408691,False,False,True,787.5999755859375,428.3500061035156,-27.67,32.99,False,False
TRIVENI.NS,255.39999389648438,281.1115020751953,315.025,363.57224914550784,False,False,False,490.1000061035156,220.0500030517578,-47.89,16.06,False,False
TRU.NS,4.28000020980835,4.163500046730041,4.602000017166137,6.187600004673004,True,False,False,13.819999694824219,3.9000000953674316,-69.03,9.74,False,False
TSFINV.NS,437.25,414.82750244140624,437.92000061035156,422.3497496032715,True,False,True,701.5,331.70001220703125,-37.67,31.82,False,False
TTKHLTCARE.NS,1115.4000244140625,1122.6499816894532,1059.2359912109375,967.020746459961,False,True,True,1247.0,735.0,-10.55,51.76,False,False
TTKPRESTIG.NS,537.2999877929688,580.5375030517578,617.1470007324219,568.5194999694825,False,False,False,771.2000122070312,423.0,-30.33,27.02,False,False
TTL.NS,6.659999847412109,6.544999980926514,6.445799980163574,7.824000015258789,True,True,False,11.800000190734863,5.5,-43.56,21.09,False,False
TTML.NS,35.599998474121094,37.462999725341795,38.965999908447266,42.67220005035401,False,False,False,60.619998931884766,31.219999313354492,-41.27,14.03,False,False
TVSELECT.NS,413.8500061035156,432.19500122070315,469.9090020751953,447.4437501525879,False,False,False,739.3499755859375,336.20001220703125,-44.03,23.1,False,False
TVSHLTD.NS,13024.0,13507.45,14072.0,14148.07,False,False,False,16297.0,12171.0,-20.08,7.01,False,False
TVSMOTOR.NS,4125.0,4279.275,4108.574008789063,3728.087492675781,False,True,True,4484.5,3228.0,-8.02,27.79,False,False
TVSSCS.NS,130.49000549316406,127.14000015258789,132.0137989807129,117.47675003051758,True,False,True,146.5,90.31999969482422,-10.93,44.48,False,False
TVSSRICHAK.NS,5146.0,5106.049975585937,4467.681987304688,4111.387996826172,True,True,True,5760.0,2871.5,-10.66,79.21,False,False
TVTODAY.NS,109.30000305175781,112.52649993896485,116.04440017700195,119.41710006713868,False,False,False,156.47999572753906,93.5,-30.15,16.9,False,False
TVVISION.NS,2.740000009536743,3.487000036239624,4.212000002861023,5.620399996042251,False,False,False,12.399999618530273,2.880000114440918,-77.9,-4.86,False,True
UBL.NS,1256.0999755859375,1318.3749877929688,1359.0899926757813,1469.937495727539,False,False,False,1847.9000244140625,1245.0,-32.03,0.89,False,True
UCAL.NS,143.42999267578125,147.09699935913085,129.2497996520996,111.89054992675781,False,True,True,163.8000030517578,77.0,-12.44,86.27,False,False
UCOBANK.NS,24.1200008392334,25.190999889373778,25.88199989318848,26.98915005683899,False,False,False,34.20000076293945,22.219999313354492,-29.47,8.55,False,False
UDS.NS,207.5,219.61100082397462,208.15340057373047,177.31719955444336,False,False,True,264.6700134277344,125.0999984741211,-21.6,65.87,False,False
UEL.NS,206.63999938964844,202.24700012207032,177.31780029296874,155.02650047302245,True,True,True,284.20001220703125,92.31666564941406,-27.29,123.84,False,False
UFBL.NS,698.8499755859375,750.1174896240234,734.4129931640625,416.2008981323242,False,False,True,850.0,172.33999633789062,-17.78,305.51,False,False
UFLEX.NS,653.4500122070312,636.3449935913086,533.0649987792968,466.04549942016604,True,True,True,723.5,330.0,-9.68,98.02,False,False
UFO.NS,62.630001068115234,65.30600051879883,67.1784001159668,72.29455024719238,False,False,False,92.97000122070312,53.75,-32.63,16.52,False,False
UGARSUGAR.NS,54.29999923706055,53.8625,46.675600128173826,41.678249988555905,True,True,True,62.099998474121094,33.75,-12.56,60.89,False,False
UGROCAP.NS,83.66000366210938,86.70550003051758,92.08659957885742,116.0143000793457,False,False,False,192.5,80.12000274658203,-56.54,4.42,False,False
UJJIVANSFB.NS,65.54000091552734,68.22700023651123,67.75360023498536,59.64720018386841,False,False,True,73.94000244140625,43.849998474121094,-11.36,49.46,False,False
ULTRACEMCO.NS,11000.0,11391.55,11656.86,11749.13,False,False,False,13110.0,10325.0,-16.09,6.54,False,False
UMAEXPORTS.NS,21.68000030517578,23.87150001525879,21.92139995574951,27.476900024414064,False,False,False,55.900001525878906,18.1200008392334,-61.22,19.65,False,False
UMESLTD.NS,4.96999979019165,5.397000026702881,5.538000030517578,5.3768000054359435,False,False,False,7.139999866485596,3.880000114440918,-30.39,28.09,False,False
UMIYA-MRO.NS,96.2300033569336,93.51199989318847,91.28459991455078,86.94275024414063,True,True,True,110.9000015258789,70.0,-13.23,37.47,False,False
UNICHEMLAB.NS,539.7000122070312,540.4899993896485,544.0249975585938,427.0534992980957,False,False,True,687.2000122070312,278.20001220703125,-21.46,94.0,False,False
UNIDT.NS,230.9499969482422,223.71850128173827,225.7167999267578,206.50000022888185,True,True,True,254.97000122070312,146.0,-9.42,58.18,False,False
UNIECOM.NS,83.33000183105469,86.15650024414063,86.27639999389649,97.29575008392334,False,False,False,153.0,78.51000213623047,-45.54,6.14,False,False
UNIENTER.NS,91.31999969482422,94.40449981689453,98.3433999633789,111.68619995117187,False,False,False,158.0,87.51000213623047,-42.2,4.35,False,False
UNIINFO.NS,10.9399995803833,11.249500036239624,11.830599994659424,13.198749995231628,False,False,False,19.799999237060547,9.359999656677246,-44.75,16.88,False,False
UNIMECH.NS,1610.0,1513.1600036621094,1370.6580053710939,1052.1932537841797,True,True,True,1652.800048828125,695.0,-2.59,131.65,False,False
UNIONBANK.NS,178.10000610351562,185.25449905395507,177.6229998779297,172.9263999938965,False,True,True,205.49000549316406,127.87000274658203,-13.33,39.28,False,False
UNIPARTS.NS,897.4500122070312,852.4075012207031,772.2799987792969,579.626251525879,True,True,True,915.9500122070312,399.79998779296875,-2.02,124.47,False,False
UNITDSPR.NS,1395.0,1491.7849975585937,1473.12400390625,1376.0835034179688,False,False,True,1563.4000244140625,1210.800048828125,-10.77,15.21,False,False
UNITECH.NS,4.170000076293945,3.9665000319480894,4.204800033569336,4.827949997186661,True,False,False,7.929999828338623,3.0999999046325684,-47.41,34.52,False,False
UNITEDPOLY.NS,43.279998779296875,38.303999710083005,33.51159984588623,30.793199939727785,True,True,True,51.15999984741211,20.600000381469727,-15.4,110.1,False,False
UNITEDTEA.NS,432.95001220703125,448.9999969482422,463.06299743652346,487.88725036621094,False,False,False,590.0,412.0,-26.62,5.08,False,False
UNIVAFOODS.NS,9.029999732971191,9.029999732971191,8.92899980545044,9.913249869346618,False,True,False,14.239999771118164,7.789999961853027,-36.59,15.92,False,False
UNIVASTU.NS,153.0,163.44699935913087,138.44399948120116,86.85914995193481,False,True,True,178.97999572753906,56.02000045776367,-14.52,173.12,False,False
UNIVCABLES.NS,1492.5,1609.914990234375,1437.8619995117188,1024.4809982299805,False,True,True,1774.9000244140625,576.0,-15.91,159.11,False,False
UNIVPHOTO.NS,540.1500244140625,476.70500030517576,451.88300170898435,370.25015174865723,True,True,True,580.0,180.60000610351562,-6.87,199.09,False,False
UNOMINDA.NS,1201.5999755859375,1255.0150024414063,1212.71400390625,1169.069006652832,False,False,True,1382.0,994.0,-13.05,20.89,False,False
UPL.NS,572.9500122070312,574.0174987792968,586.02,654.8879995727539,False,False,False,812.2000122070312,557.9500122070312,-29.46,2.69,False,False
URAVIDEF.NS,114.0,111.54999923706055,113.46219985961915,142.1880502319336,True,True,False,399.5,101.0,-71.46,12.87,False,False
URJA.NS,9.020000457763672,9.19199995994568,9.353400077819824,10.120800032615662,False,False,False,14.449999809265137,8.0,-37.58,12.75,False,False
USHAMART.NS,494.5,496.8800018310547,501.64100036621096,458.3514994812012,False,False,True,529.2999877929688,379.04998779296875,-6.57,30.46,False,False
USK.NS,20.639999389648438,21.21300001144409,21.854799880981446,22.951949996948244,False,False,False,35.16999816894531,18.969999313354492,-41.31,8.8,False,False
UTIAMC.NS,910.0,892.3325042724609,915.7399975585937,988.5109976196289,True,False,False,1418.0,866.0,-35.83,5.08,False,False
UTKARSHBNK.NS,14.520000457763672,14.669000101089477,14.591200046539306,14.066000046730041,False,False,True,22.59000015258789,10.119999885559082,-35.72,43.48,False,False
UTTAMSUGAR.NS,279.8500061035156,299.0339981079102,262.7527993774414,240.40060012817383,False,True,True,359.29998779296875,181.10000610351562,-22.11,54.53,False,False
UYFINCORP.NS,19.739999771118164,19.93449993133545,18.937399978637696,15.269050002098083,False,True,True,22.34000015258789,11.5,-11.64,71.65,False,False
V2RETAIL.NS,218.0,219.67099990844727,220.92720001220704,215.75814987182616,False,False,True,259.25,158.55999755859375,-15.91,37.49,False,False
VADILALIND.NS,6960.5,7495.65,7136.04,5483.122504882813,False,False,True,8447.0,3996.0,-17.6,74.19,False,False
VAIBHAVGBL.NS,212.5800018310547,220.27250137329102,239.43060089111327,229.3941498565674,False,False,False,293.25,174.1300048828125,-27.51,22.08,False,False
VAISHALI.NS,8.770000457763672,8.250000023841858,7.9480000019073485,7.6846999835968015,True,True,True,12.699999809265137,4.75,-30.94,84.63,False,False
VAKRANGEE.NS,5.369999885559082,5.770000028610229,5.902199983596802,6.564549989700318,False,False,False,9.770000457763672,4.610000133514404,-45.04,16.49,False,False
VALIANTLAB.NS,127.91000366210938,101.75800018310547,79.15080017089844,69.44295000076293,True,True,True,125.81999969482422,49.5099983215332,1.66,158.35,True,False
VALIANTORG.NS,396.29998779296875,317.1599975585938,294.57299865722655,270.87595039367676,True,True,True,397.0,195.0,-0.18,103.23,False,False
VARDHACRLC.NS,44.060001373291016,44.04650020599365,44.18740013122559,39.90250005722046,True,False,True,48.54999923706055,27.010000228881836,-9.25,63.12,False,False
VARDMNPOLY.NS,5.940000057220459,6.02649998664856,6.210600004196167,6.687999985218048,False,False,False,9.489999771118164,5.099999904632568,-37.41,16.47,False,False
VARROC.NS,872.0,837.6825103759766,750.6360070800781,613.9637522888183,True,True,True,896.0,462.0,-2.68,88.74,False,False
VASCONEQ.NS,30.079999923706055,30.678999996185304,31.89759994506836,37.25859994888306,False,False,False,74.58999633789062,26.75,-59.67,12.45,False,False
VASWANI.NS,45.880001068115234,47.55299949645996,50.816999740600586,54.9733498954773,False,False,False,69.98999786376953,44.5,-34.45,3.1,False,False
VBL.NS,416.5,418.7550018310547,441.3700012207031,469.08150009155275,False,False,False,555.7999877929688,381.0,-25.06,9.32,False,False
VCL.NS,1.649999976158142,1.884500002861023,1.4790000009536743,1.6867499989271164,False,True,False,2.6600000858306885,0.8700000047683716,-37.97,89.66,False,False
VEDL.NS,263.70001220703125,273.0750030517578,270.44500030517577,480.96725059509276,False,False,False,795.0,249.6999969482422,-66.83,5.61,False,False
VEEDOL.NS,1428.5,1482.6650024414062,1456.5480126953125,1462.6775036621093,False,False,False,2035.0,1238.199951171875,-29.8,15.37,False,False
VENKEYS.NS,1787.199951171875,1611.5049926757813,1546.6959912109376,1471.4754986572266,True,True,True,1800.0,1165.0,-0.71,53.41,False,False
VENTIVE.NS,574.7000122070312,582.5850006103516,602.275,659.3135015869141,False,False,False,793.9500122070312,542.5999755859375,-27.62,5.92,False,False
VENUSPIPES.NS,2020.0999755859375,1667.3850036621093,1684.4260083007812,1348.079500427246,True,True,True,1998.0,890.0,1.11,126.98,True,False
VENUSREM.NS,1616.300048828125,1682.604998779297,1670.3239990234374,1155.493751525879,False,False,True,2044.300048828125,424.0,-20.94,281.2,False,False
VERANDA.NS,225.24000549316406,241.94149932861328,241.8119989013672,207.78554992675782,False,False,True,272.5,130.02000427246094,-17.34,73.23,False,False
VERTOZ.NS,38.380001068115234,37.95150032043457,37.183400344848636,48.8529501247406,True,True,False,86.75,27.020000457763672,-55.76,42.04,False,False
VESUVIUS.NS,413.04998779296875,424.2649948120117,444.4049987792969,471.8494985961914,False,False,False,607.9000244140625,403.95001220703125,-32.05,2.25,False,False
VETO.NS,125.80999755859375,125.91899948120117,124.53299942016602,113.8129500579834,False,True,True,153.9499969482422,82.31999969482422,-18.28,52.83,False,False
VGL.NS,66.81999969482422,57.52799987792969,60.20959976196289,64.54072505950927,True,True,True,92.5,43.70000076293945,-27.76,52.91,False,False
VGUARD.NS,323.70001220703125,333.9825012207031,318.1710009765625,320.82325119018554,False,True,True,392.20001220703125,288.79998779296875,-17.47,12.08,False,False
VHL.NS,3447.89990234375,3490.714978027344,3499.85998046875,3436.8689904785156,False,False,True,4275.0,2870.0,-19.35,20.14,False,False
VHLTD.NS,118.9800033569336,118.27917518615723,124.67460159301758,134.5665009689331,True,False,False,155.36000061035156,111.55000305175781,-23.42,6.66,False,False
VIDHIING.NS,334.45001220703125,339.0125015258789,320.7929998779297,313.1987503051758,False,True,True,391.6000061035156,258.6000061035156,-14.59,29.33,False,False
VIJAYA.NS,1502.0,1492.8800109863282,1421.836005859375,1167.4642510986328,True,True,True,1578.0,848.0,-4.82,77.12,False,False
VIJIFIN.NS,15.619999885559082,14.72950005531311,11.479200010299683,5.268250007629394,True,True,True,17.239999771118164,2.009999990463257,-9.4,677.11,False,False
VIKASECO.NS,1.0499999523162842,1.0820000052452088,1.1178000140190125,1.3521500039100647,False,False,False,2.1500000953674316,0.9900000095367432,-51.16,6.06,False,False
VIKASLIFE.NS,1.2200000286102295,1.2580000102519988,1.2963999962806703,1.512300005555153,False,False,False,2.369999885559082,1.0499999523162842,-48.52,16.19,False,False
VIKRAMSOLR.NS,166.86000061035156,170.83099975585938,176.69840026855468,203.00265007019044,False,False,False,407.95001220703125,155.3800048828125,-59.1,7.39,False,False
VIKRAN.NS,57.08000183105469,59.7564998626709,67.08339981079102,75.01975017547608,False,False,False,118.4000015258789,51.099998474121094,-51.79,11.7,False,False
VIMTALABS.NS,629.5999755859375,631.1450042724609,608.1480041503906,532.1304998779297,False,True,True,857.2000122070312,376.04998779296875,-26.55,67.42,False,False
VINATIORGA.NS,1294.300048828125,1323.425,1322.007998046875,1402.56849609375,False,False,False,1849.9000244140625,1203.0,-30.03,7.59,False,False
VINCOFE.NS,174.35000610351562,168.5259994506836,160.57579956054687,150.12574974060058,True,True,True,189.39999389648438,120.23999786376953,-7.95,45.0,False,False
VINDHYATEL.NS,2813.5,2600.439990234375,2281.33798828125,1663.927244873047,True,True,True,2952.60009765625,963.9000244140625,-4.71,191.89,False,False
VINEETLAB.NS,37.02000045776367,37.68550033569336,37.19460021972656,35.17663837432861,False,False,True,49.9900016784668,27.959999084472656,-25.95,32.4,False,False
VINNY.NS,0.9700000286102295,1.0384999692440033,1.0547999835014343,1.138599995970726,False,False,False,1.5299999713897705,0.9399999976158142,-36.6,3.19,False,False
VINYLINDIA.NS,219.92999267578125,231.8640007019043,241.52140014648438,237.036650390625,False,False,False,325.0,161.0,-32.33,36.6,False,False
VIPCLOTHNG.NS,21.3799991607666,20.54349994659424,21.50179988861084,24.42149998664856,True,False,False,41.20000076293945,14.050000190734863,-48.11,52.17,False,False
VIPIND.NS,300.1000061035156,306.50999755859374,303.95499816894534,330.49049987792966,False,False,False,454.29998779296875,278.25,-33.94,7.85,False,False
VIPULLTD.NS,12.970000267028809,14.78799991607666,14.301599941253663,11.534199981689452,False,False,True,18.600000381469727,7.380000114440918,-30.27,75.75,False,False
VIRINCHI.NS,14.25,14.813499975204468,15.267799968719482,18.123100023269654,False,False,False,32.689998626708984,13.75,-56.41,3.64,False,False
VISACHROME.NS,35.029998779296875,37.61800003051758,38.40580017089844,41.561950035095215,False,False,False,73.68000030517578,27.049999237060547,-52.46,29.5,False,False
VISAKAIND.NS,90.44999694824219,91.9784999847412,87.93800003051757,72.30320003509522,False,True,True,104.41000366210938,50.20000076293945,-13.37,80.18,False,False
VISHNU.NS,713.9500122070312,660.1549987792969,629.9909985351562,566.5470011901856,True,True,True,742.0,443.70001220703125,-3.78,60.91,False,False
VISHWARAJ.NS,5.380000114440918,5.824499988555909,5.533199987411499,5.846099994182587,False,False,False,9.5,4.139999866485596,-43.37,29.95,False,False
VITAL.NS,55.650001525878906,53.946000480651854,51.721800079345705,53.27585006713867,True,True,True,69.4000015258789,35.400001525878906,-19.81,57.2,False,False
VIVIANA.NS,752.1500244140625,732.5350036621094,736.2480017089844,758.2227532958984,True,True,False,1860.0,565.0,-59.56,33.12,False,False
VIVIDHA.NS,0.5099999904632568,0.5199999928474426,0.5221999907493591,0.5687499980628491,False,False,False,0.9100000262260437,0.4300000071525574,-43.96,18.6,False,False
VIVIMEDLAB.NS,6.03000020980835,6.283500003814697,5.643199996948242,7.310999994277954,False,True,False,29.399999618530273,4.75,-79.49,26.95,False,False
VIYASH.NS,257.6000061035156,263.9500022888184,266.0869995117188,230.32574951171875,False,False,True,298.0,178.1300048828125,-13.56,44.61,False,False
VLEGOV.NS,10.239999771118164,10.249499940872193,10.639799938201904,14.243599939346314,False,False,False,38.900001525878906,8.420000076293945,-73.68,21.62,False,False
VLSFINANCE.NS,244.0,247.52949981689454,253.1158004760742,256.50735000610354,False,False,False,339.0,198.80999755859375,-28.02,22.73,False,False
VMART.NS,808.9500122070312,828.6025024414063,796.0360021972656,687.3650019836426,False,True,True,888.0,457.8999938964844,-8.9,76.67,False,False
VMM.NS,101.70999908447266,106.25750045776367,109.37400009155273,118.74824993133545,False,False,False,153.8800048828125,98.7699966430664,-33.9,2.98,False,False
VOLTAMP.NS,11217.0,10823.875,10109.7,9136.8075,True,True,True,12863.0,6666.0,-12.8,68.27,False,False
VOLTAS.NS,1165.0,1199.7850036621094,1268.1760034179688,1348.0155029296875,False,False,False,1582.5,1131.4000244140625,-26.38,2.97,False,False
VPRPL.NS,36.16999816894531,34.30399990081787,30.942999992370606,41.91990005493164,True,True,False,124.77999877929688,23.940000534057617,-71.01,51.09,False,False
VRAJ.NS,125.5,123.20000038146972,124.65519989013671,124.3540998840332,True,True,True,159.99000549316406,93.0,-21.56,34.95,False,False
VRLLOG.NS,288.29998779296875,294.070002746582,270.85000091552735,261.18380027770996,False,True,True,310.20001220703125,225.0,-7.06,28.13,False,False
VSSL.NS,397.45001220703125,360.89000091552737,325.83300048828124,280.876050491333,True,True,True,423.8500061035156,206.39999389648438,-6.23,92.56,False,False
VSTIND.NS,203.92999267578125,209.67600021362304,223.1988003540039,239.64114936828614,False,False,False,286.7799987792969,200.0,-28.89,1.96,False,False
VSTL.NS,119.70999908447266,113.87450065612794,111.96580032348633,118.95615020751953,True,True,True,164.69000244140625,100.80000305175781,-27.31,18.76,False,False
VSTTILLERS.NS,4042.89990234375,4291.7750244140625,4417.02798828125,5076.404501953125,False,False,False,6374.0,4062.10009765625,-36.57,-0.47,False,True
VTL.NS,566.2000122070312,592.1650024414063,609.1699975585938,549.3027497863769,False,False,True,688.0,385.5,-17.7,46.87,False,False
WAAREEENER.NS,2625.0,2628.5550048828127,2701.8279931640627,2920.672509765625,False,False,False,3865.0,2403.0,-32.08,9.24,False,False
WAAREEINDO.NS,251.9499969482422,276.1174995422363,321.22700164794924,399.3542510223389,False,False,False,725.0,257.5,-65.25,-2.16,False,True
WAAREERTL.NS,831.9500122070312,865.0174987792968,917.3210034179688,936.7347491455079,False,False,False,1358.0,779.5,-38.74,6.73,False,False
WABAG.NS,2277.89990234375,2047.4449951171875,2032.685986328125,1548.8180004882813,True,True,True,2253.5,1033.0,1.08,120.51,True,False
WALCHANNAG.NS,210.10000610351562,217.24650039672852,229.79560028076173,206.12820037841797,False,False,True,315.79998779296875,131.14999389648438,-33.47,60.2,False,False
WANBURY.NS,239.35000610351562,254.5199996948242,280.8979998779297,256.28615066528323,False,False,False,358.8500061035156,161.5,-33.3,48.2,False,False
WCIL.NS,87.51000213623047,85.40249977111816,89.03399993896484,102.10074989318848,True,False,False,147.2899932861328,77.0199966430664,-40.59,13.62,False,False
WEALTH.NS,845.25,855.6524993896485,912.9809997558593,923.6527493286133,False,False,False,1294.800048828125,774.9500122070312,-34.72,9.07,False,False
WEBELSOLAR.NS,75.83999633789062,78.42800025939941,89.68820007324219,88.79789999008179,False,False,False,137.89999389648438,50.400001525878906,-45.0,50.48,False,False
WEIZMANIND.NS,71.70999908447266,74.91399993896485,77.11360046386719,84.50410018920898,False,False,False,117.9000015258789,65.20999908447266,-39.18,9.97,False,False
WEL.NS,72.33999633789062,110.09200019836426,111.4063996887207,121.85720001220703,False,False,False,183.52999877929688,68.04000091552734,-60.58,6.32,False,False
WELCORP.NS,2676.60009765625,2394.540002441406,1969.786005859375,1248.4582528686524,True,True,True,2784.800048828125,710.0,-3.89,276.99,False,False
WELENT.NS,786.2000122070312,697.0599975585938,638.677998046875,535.6024995422363,True,True,True,825.0,412.0,-4.7,90.83,False,False
WELINV.NS,2322.0,2146.0550170898437,1962.8040063476562,1572.0335009765624,True,True,True,2367.10009765625,980.3499755859375,-1.91,136.85,False,False
WELSPUNLIV.NS,207.67999267578125,195.5614990234375,176.33599884033202,144.20924999237062,True,True,True,216.0,107.0999984741211,-3.85,93.91,False,False
WENDT.NS,8812.5,8223.25,8049.23,7415.25,True,True,True,10050.0,5841.5,-12.31,50.86,False,False
WESTLIFE.NS,569.5999755859375,566.4375,534.9559997558594,502.7607502746582,True,True,True,767.2000122070312,398.3999938964844,-25.76,42.97,False,False
WEWIN.NS,42.459999084472656,44.670999908447264,45.623600006103516,47.76775005340576,False,False,False,78.0,35.380001068115234,-45.56,20.01,False,False
WHEELS.NS,2230.10009765625,1687.59501953125,1538.8100048828126,1205.2647485351563,True,True,True,2498.0,705.8499755859375,-10.72,215.95,False,False
WHIRLPOOL.NS,762.3499755859375,788.4125061035156,790.61900390625,851.490499572754,False,False,False,1437.0,751.0,-46.95,1.51,False,False
WILLAMAGOR.NS,24.18000030517578,24.48100004196167,25.39220001220703,27.269249963760377,False,False,False,37.5,21.110000610351562,-35.52,14.54,False,False
WINDLAS.NS,1129.25,1039.9724975585937,935.5420007324219,834.3329995727539,True,True,True,1181.9000244140625,697.4000244140625,-4.45,61.92,False,False
WINDMACHIN.NS,300.6499938964844,308.0299987792969,301.8449987792969,279.0010996246338,False,False,True,343.8999938964844,200.64999389648438,-12.58,49.84,False,False
WIPL.NS,169.5800018310547,166.14750061035156,167.91620056152342,156.86975036621095,True,True,True,193.1999969482422,133.10000610351562,-12.23,27.41,False,False
WIPRO.NS,167.39999389648438,176.89049835205077,178.7547998046875,206.83235008239745,False,False,False,273.1000061035156,166.0,-38.7,0.84,False,True
WOCKPHARMA.NS,2179.39990234375,1984.104998779297,1935.9259936523438,1605.2674926757813,True,True,True,2422.300048828125,1086.699951171875,-10.03,100.55,False,False
WONDERLA.NS,520.9500122070312,513.100001525879,491.6890014648437,506.0275001525879,True,True,True,659.0,455.0,-20.95,14.49,False,False
WORTHPERI.NS,145.82000732421875,154.45700149536134,148.57160064697266,138.76770042419435,False,False,True,169.8000030517578,109.0,-14.12,33.78,False,False
WSI.NS,61.91999816894531,60.532000350952146,61.29140007019043,71.33370010375977,True,True,False,95.0,53.79999923706055,-34.82,15.09,False,False
WSTCSTPAPR.NS,713.7999877929688,641.0899963378906,593.0419982910156,484.52925048828126,True,True,True,714.7999877929688,375.0,-0.14,90.35,False,False
XCHANGING.NS,62.34000015258789,61.776500129699706,64.059400100708,67.73645009994507,True,False,False,103.0,47.5,-39.48,31.24,False,False
XELPMOC.NS,76.02999877929688,79.51599998474121,81.07020004272461,105.01000007629395,False,False,False,155.5,74.0,-51.11,2.74,False,False
XPROINDIA.NS,1294.699951171875,1208.1149963378907,1271.20599609375,1100.105999145508,True,True,True,1574.800048828125,788.0499877929688,-17.79,64.29,False,False
XTGLOBAL.NS,29.530000686645508,30.13350009918213,30.16679992675781,31.237500038146973,False,False,False,46.25,25.200000762939453,-36.15,17.18,False,False
YASHO.NS,4187.5,4260.924987792969,3754.753994140625,2205.7594946289064,False,True,True,4994.0,1130.0,-16.15,270.58,False,False
YATHARTH.NS,966.2999877929688,931.6474975585937,879.8739990234375,763.5114990234375,True,True,True,1024.8499755859375,538.25,-5.71,79.53,False,False
YATRA.NS,115.41999816894531,113.36849937438964,111.4361994934082,125.08979969024658,True,True,False,202.0,89.9000015258789,-42.86,28.39,False,False
YESBANK.NS,23.479999542236328,22.53799991607666,22.918800048828125,21.86005003929138,True,True,True,25.780000686645508,17.200000762939453,-8.92,36.51,False,False
YUKEN.NS,1113.75,969.1599914550782,839.0899963378906,775.4384997558594,True,True,True,1134.699951171875,584.0999755859375,-1.85,90.68,False,False
ZAGGLE.NS,187.0,185.32799835205077,197.91479949951173,247.7107497406006,True,False,False,405.3999938964844,154.36000061035156,-53.87,21.15,False,False
ZEEL.NS,79.36000061035156,96.32250022888184,99.78100006103516,92.92334991455078,False,False,False,121.80000305175781,68.0,-34.84,16.71,False,False
ZEELEARN.NS,6.78000020980835,7.42550003528595,7.99100004196167,6.830600001811981,False,False,False,10.449999809265137,4.170000076293945,-35.12,62.59,False,False
ZEEMEDIA.NS,7.429999828338623,8.693999910354615,8.171399984359741,8.359050009250641,False,False,False,13.260000228881836,6.650000095367432,-43.97,11.73,False,False
ZENITHEXPO.NS,205.0,206.96650085449218,205.8702005004883,207.8087995147705,False,False,False,324.0,174.0,-36.73,17.82,False,False
ZENITHSTL.NS,5.849999904632568,5.548000001907349,5.55460000038147,5.962800011634827,True,True,False,10.329999923706055,4.409999847412109,-43.37,32.65,False,False
ZENSARTECH.NS,425.25,464.60250091552734,488.45800354003904,562.0387510681153,False,False,False,868.9500122070312,423.0,-51.06,0.53,False,True
ZENTEC.NS,1722.5999755859375,1841.6299987792968,1793.5379931640625,1567.0609954833985,False,False,True,2043.699951171875,1223.0,-15.71,40.85,False,False
ZFCVINDIA.NS,2548.199951171875,2580.4349731445313,2488.9619970703125,2451.9869970703126,False,True,True,3044.0,2050.333251953125,-16.29,24.28,False,False
ZIMLAB.NS,139.22000122070312,124.66750068664551,119.40220016479492,91.85340030670166,True,True,True,144.49000549316406,59.310001373291016,-3.65,134.73,False,False
ZODIAC.NS,221.61000061035156,241.05750045776367,250.82199951171876,274.89945037841795,False,False,False,415.0,205.5500030517578,-46.6,7.81,False,False
ZODIACLOTH.NS,69.54000091552734,73.03449935913086,75.6313996887207,78.42839986801147,False,False,False,119.44999694824219,58.5,-41.78,18.87,False,False
ZOTA.NS,1087.199951171875,1091.3550048828124,1227.3380004882813,1298.9149975585938,False,False,False,1740.0,1022.0,-37.52,6.38,False,False
ZUARI.NS,220.4199981689453,227.4984992980957,228.75080047607423,241.99925018310546,False,False,False,345.6000061035156,175.10000610351562,-36.22,25.88,False,False
ZUARIIND.NS,273.1499938964844,272.3250015258789,265.92000061035156,269.14570022583007,True,True,True,416.0,210.0,-34.34,30.07,False,False
ZYDUSLIFE.NS,1119.0999755859375,1137.5400024414062,1137.0719995117188,997.6897503662109,False,False,True,1205.0,835.5,-7.13,33.94,False,False
ZYDUSWELL.NS,552.0,528.4400009155273,546.9560009765624,481.05224975585935,True,True,True,611.8499755859375,367.54998779296875,-9.78,50.18,False,False
