Open,High,Low,Close,Volume,Previous_Close,Daily_Return_Pct,SMA20,SMA50,SMA100,SMA200,EMA9,EMA20,EMA50,RSI14,ATR14,ATR_Pct,Average_Volume_20,Volume_Ratio,52W_High,52W_Low,Distance_From_52W_High_Pct,Distance_From_52W_Low_Pct,Distance_From_200DMA_Pct,Above_200DMA,Support,Resistance,Trend,Momentum,Breakout_Status,symbol,yahoo_symbol,company_name,fundamental_score,fundamental_status,sector_adjustment,sector_score,sector_index,technical_score,setup,market_adjustment,overall_score,entry_low,entry_high,entry_price,stop_loss,target_1,target_2,risk_points,reward_1_points,reward_2_points,risk_reward_1,risk_reward_2,trade_plan_type,trade_plan_status,trade_plan_reason,invalidation,risk_reward,setup_reasons,trade_plan_quality,technical_rank,rank
22.229999542236328,23.950000762939453,22.06999969482422,23.479999542236328,234792571.0,22.299999237060547,5.291481370164042,22.53799991607666,22.918800048828125,22.875400047302247,21.86005003929138,22.628107024290582,22.610860024480466,22.76650184775195,60.94525675412156,0.4907142094203404,2.0899242716663307,59106615.9,3.97235685760179,25.780000686645508,17.200000762939453,-8.921648887312173,36.51161919032167,7.410548008962657,True,21.81999969482422,23.020000457763672,Uptrend,Strong Positive,Confirmed Breakout,YESBANK,YESBANK.NS,Yes Bank Limited,,Unavailable,0,60,,95.0,Strong Breakout Watch,-8,87.0,24.04,24.22,24.04,23.48,25.03,25.76,0.56,0.98,1.72,1.74,3.04,Breakout Trade,Strong Setup,Confirmed breakout above resistance. Entry requires breakout confirmation.,Below ₹23.48,1.74,Price is in an uptrend | Strong positive momentum | Confirmed price breakout | Volume is more than 2x average | RSI supports positive momentum | Price is above 200 DMA,Acceptable,1,1
16.700000762939453,17.110000610351562,15.8100004196167,17.09000015258789,30391.0,16.299999237060547,4.846631610455265,15.636000061035157,15.550000038146973,15.839000053405762,15.167300014495849,15.954956793404552,15.699113910921286,15.677726540424764,59.90098783970908,0.8657144137791225,5.065619696018726,13206.3,2.301250160908052,21.299999237060547,10.65999984741211,-19.76525462567879,60.31895306956096,12.676614402395012,True,14.600000381469727,16.5,Strong Uptrend,Positive,Confirmed Breakout,ORTINGLOBE,ORTINGLOBE.NS,ORTIN GLOBAL LIMITED,,Unavailable,0,60,,94.0,Strong Breakout Watch,-8,86.0,18.09,18.39,18.09,17.09,19.82,21.12,1.0,1.73,3.03,1.74,3.04,Breakout Trade,Strong Setup,Confirmed breakout above resistance. Entry requires breakout confirmation.,Below ₹17.09,1.74,Strong price trend | Positive momentum | Confirmed price breakout | Volume is more than 2x average | RSI supports positive momentum | Price is above 200 DMA,Acceptable,2,2
1745.0,1840.0,1726.800048828125,1807.5,9269434.0,1739.0,3.9390454284071286,1658.5049987792968,1482.93,1299.0995007324218,1243.6140002441407,1709.898100672839,1651.0619400660223,1509.3681288749394,66.01569914954028,63.142857142857146,3.493380754791543,4232476.7,2.1900732495467725,1840.0,930.5999755859375,-1.766304347826087,94.22953443147645,45.34252586776602,True,1546.300048828125,1758.9000244140625,Strong Uptrend,Strong Positive,Confirmed Breakout,PAYTM,PAYTM.NS,One 97 Communications Limited,,Unavailable,0,60,,94.0,Strong Breakout Watch,-8,86.0,1849.47,1871.57,1849.47,1776.86,1975.76,2070.47,72.61,126.29,221.0,1.74,3.04,Breakout Trade,Strong Setup,Confirmed breakout above resistance. Entry requires breakout confirmation.,Below ₹1776.86,1.74,Strong price trend | Strong positive momentum | Confirmed price breakout | Volume is more than 2x average | RSI supports positive momentum | Price is above 200 DMA | Price is near 52-week high,Acceptable,2,2
19.90999984741211,21.0,19.200000762939453,20.799999237060547,34488169.0,19.760000228881836,5.263152814434768,17.669999885559083,14.805399990081787,12.777900009155273,11.379349973201752,18.878793237318355,17.643199809841633,15.4413987265967,63.860104331017006,1.2942859104701452,6.222528643962842,12303356.25,2.803151294590856,21.0,6.610000133514404,-0.9523845854259673,214.6747173513536,82.78723552790207,True,13.399999618530273,20.280000686645508,Strong Uptrend,Strong Positive,Confirmed Breakout,SUBEXLTD,SUBEXLTD.NS,Subex Limited,,Unavailable,0,60,,94.0,Strong Breakout Watch,-8,86.0,21.19,21.65,21.19,19.71,23.78,25.72,1.49,2.59,4.53,1.74,3.04,Breakout Trade,Strong Setup,Confirmed breakout above resistance. Entry requires breakout confirmation.,Below ₹19.71,1.74,Strong price trend | Strong positive momentum | Confirmed price breakout | Volume is more than 2x average | RSI supports positive momentum | Price is above 200 DMA | Price is near 52-week high,Acceptable,2,2
2195.0,2319.0,2164.60009765625,2277.89990234375,2231415.0,2211.800048828125,2.988509451866883,2047.4449951171875,2032.685986328125,1835.87,1548.8180004882813,2113.735354345975,2062.621187199891,1991.750121758362,69.97690213776362,89.02143205915179,3.9080484602311496,847596.05,2.6326396872661215,2319.0,1033.0,-1.7723198644351013,120.51305927819458,47.0734393340998,True,1876.4000244140625,2224.300048828125,Strong Uptrend,Strong Positive,Confirmed Breakout,WABAG,WABAG.NS,VA Tech Wabag Limited,,Unavailable,0,60,,94.0,Strong Breakout Watch,-8,86.0,2332.35,2363.51,2332.35,2229.98,2510.4,2643.93,102.37,178.04,311.58,1.74,3.04,Breakout Trade,Strong Setup,Confirmed breakout above resistance. Entry requires breakout confirmation.,Below ₹2229.98,1.74,Strong price trend | Strong positive momentum | Confirmed price breakout | Volume is more than 2x average | RSI supports positive momentum | Price is above 200 DMA | Price is near 52-week high,Acceptable,2,2
853.0,899.0,841.5,890.3499755859375,1308518.0,855.1500244140625,4.116231090093647,830.7425109863282,770.2320056152344,639.7655038452149,561.6462518310547,855.057715765249,834.8914343271267,769.5698681292912,67.71451325663335,36.178575788225444,4.063410656513625,779703.3,1.6782255506677988,926.0,399.79998779296875,-3.849894645147138,122.69885011777282,58.525045379232445,True,770.0999755859375,888.2999877929688,Strong Uptrend,Strong Positive,Confirmed Breakout,BLUESTONE,BLUESTONE.NS,BlueStone Jewellery and Lifestyle Limited,,Unavailable,0,60,,92.0,Strong Breakout Watch,-8,84.0,931.43,944.09,931.43,889.82,1003.78,1058.05,41.61,72.36,126.63,1.74,3.04,Breakout Trade,Strong Setup,Confirmed breakout above resistance. Entry requires breakout confirmation.,Below ₹889.82,1.74,Strong price trend | Strong positive momentum | Confirmed price breakout | Strong volume confirmation | RSI supports positive momentum | Price is above 200 DMA,Acceptable,6,6
15.350000381469727,16.399999618530273,15.0,16.290000915527344,42406012.0,15.359999656677246,6.054695830971646,15.29700002670288,16.26859998703003,15.311099996566773,15.778249988555908,15.567109056706336,15.584754524294393,15.745845745252526,69.02356696938034,0.5614287512642997,3.4464623677777433,11742551.9,3.611311439040776,20.5,12.920000076293945,-20.536580899866618,26.08359767285753,3.2433947195830517,True,14.84000015258789,16.25,Uptrend,Positive,Confirmed Breakout,CCAVENUE,CCAVENUE.NS,AvenuesAI Limited,,Unavailable,0,60,,92.0,Strong Breakout Watch,-8,84.0,16.94,17.13,16.94,16.29,18.06,18.9,0.65,1.12,1.97,1.74,3.04,Breakout Trade,Strong Setup,Confirmed breakout above resistance. Entry requires breakout confirmation.,Below ₹16.29,1.74,Price is in an uptrend | Positive momentum | Confirmed price breakout | Volume is more than 2x average | RSI supports positive momentum | Price is above 200 DMA,Acceptable,6,6
8.220000267028809,9.420000076293945,8.220000267028809,8.770000457763672,392962.0,8.569999694824219,2.3337312725955073,8.250000023841858,7.9480000019073485,7.636599993705749,7.6846999835968015,8.37998681814722,8.245270729996694,7.988393020115381,68.0555647537998,0.5107141562870571,5.823422230667568,130533.8,3.010423353951237,12.699999809265137,4.75,-30.94487724822153,84.63158858449835,14.122873716390663,True,7.75,8.850000381469727,Strong Uptrend,Strong Positive,Near Breakout,VAISHALI,VAISHALI.NS,Vaishali Pharma Limited,,Unavailable,0,60,,89.0,Momentum Watch,-5,84.0,8.51,8.9,8.77,8.13,9.66,10.3,0.64,0.89,1.53,1.4,2.4,Momentum Trade,Watch,Positive trend and momentum. Prefer entry near current price or on a controlled pullback.,Below ₹8.13,1.4,Strong price trend | Strong positive momentum | Price is close to resistance | Volume is more than 2x average | RSI supports positive momentum | Price is above 200 DMA,Poor,13,6
8660.0,8900.0,8461.0,8812.5,28678.0,8669.5,1.6494607532153038,8223.25,8049.23,7633.06,7415.25,8410.95802205382,8269.901666214662,8042.886923468023,63.43283582089552,314.4642857142857,3.56838905775076,13988.55,2.0501052646628852,9950.0,5841.5,-11.4321608040201,50.86022425746811,18.84292505310003,True,7888.0,8939.0,Strong Uptrend,Strong Positive,Near Breakout,WENDT,WENDT.NS,Wendt (India) Limited,,Unavailable,0,60,,89.0,Momentum Watch,-5,84.0,8655.27,8891.12,8812.5,8419.42,9362.81,9755.89,393.08,550.31,943.39,1.4,2.4,Momentum Trade,Watch,Positive trend and momentum. Prefer entry near current price or on a controlled pullback.,Below ₹8419.42,1.4,Strong price trend | Strong positive momentum | Price is close to resistance | Volume is more than 2x average | RSI supports positive momentum | Price is above 200 DMA,Poor,13,6
431.0,511.79998779296875,428.20001220703125,478.5,10362562.0,435.79998779296875,9.798075585838784,411.1374984741211,395.68000061035156,371.2825,336.4334999084473,436.95887574026113,418.3872240839383,397.8318250913918,59.324570975355,26.189285278320312,5.47320486485273,2767523.6,3.7443445830055433,511.79998779296875,248.5500030517578,-6.50644560125295,92.5165938945322,42.22721581834534,True,334.45001220703125,464.79998779296875,Strong Uptrend,Positive,Confirmed Breakout,QUADFUTURE,QUADFUTURE.NS,Quadrant Future Tek Limited,,Unavailable,0,60,,91.0,Strong Breakout Watch,-8,83.0,508.62,517.78,508.62,478.5,561.0,600.28,30.12,52.38,91.66,1.74,3.04,Breakout Trade,Strong Setup,Confirmed breakout above resistance. Entry requires breakout confirmation.,Below ₹478.50,1.74,Strong price trend | Positive momentum | Confirmed price breakout | Volume is more than 2x average | RSI supports positive momentum | Price is above 200 DMA,Acceptable,8,10
132.5,137.3300018310547,131.27000427246094,135.4600067138672,6244729.0,131.86000061035156,2.730172976529621,123.19600067138671,129.7838005065918,126.9423999786377,126.69904979705811,127.55688082515886,126.13194265359628,127.32396695880314,76.70086698413748,3.8842855181012834,2.8674777244814984,1529790.25,4.082081840958262,152.60000610351562,89.73999786376953,-11.231978180932433,50.94719181908523,6.914777128038496,True,117.37999725341797,133.9600067138672,Uptrend,Strong Positive,Confirmed Breakout,JAMNAAUTO,JAMNAAUTO.NS,Jamna Auto Industries Limited,,Unavailable,0,60,,90.0,Strong Breakout Watch,-8,82.0,139.93,141.29,139.93,135.46,147.7,153.52,4.47,7.77,13.59,1.74,3.04,Breakout Trade,Strong Setup,Confirmed breakout above resistance. Entry requires breakout confirmation.,Below ₹135.46,1.74,Price is in an uptrend | Strong positive momentum | Confirmed price breakout | Volume is more than 2x average | RSI indicates overbought conditions | Price is above 200 DMA,Acceptable,9,11
194.4199981689453,220.22000122070312,193.2100067138672,209.6999969482422,18106631.0,194.67999267578125,7.715227469458119,194.7275016784668,202.7738003540039,202.0400003051758,205.7530004119873,196.64999687253882,196.48258366399713,199.22725441976976,67.66860546198839,6.896427699497768,3.2887113971679898,1499999.95,12.071087735702925,324.75,151.4600067138672,-35.427252671826885,38.45238852022494,1.9183178511864518,True,184.05999755859375,207.8000030517578,Sideways,Strong Positive,Confirmed Breakout,MOBIKWIK,MOBIKWIK.NS,One Mobikwik Systems Limited,,Unavailable,0,60,,90.0,Strong Breakout Watch,-8,82.0,217.63,220.04,217.63,209.7,231.42,241.77,7.93,13.79,24.14,1.74,3.04,Breakout Trade,Strong Setup,Confirmed breakout above resistance. Entry requires breakout confirmation.,Below ₹209.70,1.74,Strong positive momentum | Confirmed price breakout | Volume is more than 2x average | RSI supports positive momentum | Price is above 200 DMA | Price is near 200 DMA,Acceptable,9,11
125.5,137.1199951171875,125.37000274658203,136.10000610351562,41161986.0,126.7300033569336,7.393673556680591,122.87200012207032,128.27039947509766,120.33819953918457,116.14624961853028,126.6909811147472,124.75533038358193,124.0262232311066,65.96859797691175,5.664999825613839,4.162380287701916,21789036.55,1.889114551051593,,,,,17.179854322047667,True,112.38999938964844,130.6999969482422,Uptrend,Strong Positive,Confirmed Breakout,PWL,PWL.NS,Physicswallah Limited,,Unavailable,0,60,,90.0,Strong Breakout Watch,-8,82.0,142.61,144.6,142.61,136.1,153.94,162.44,6.51,11.33,19.83,1.74,3.04,Breakout Trade,Strong Setup,Confirmed breakout above resistance. Entry requires breakout confirmation.,Below ₹136.10,1.74,Price is in an uptrend | Strong positive momentum | Confirmed price breakout | Strong volume confirmation | RSI supports positive momentum | Price is above 200 DMA,Acceptable,9,11
57.959999084472656,69.33000183105469,54.619998931884766,66.81999969482422,2056842.0,57.779998779296875,15.645554009195406,57.52799987792969,60.20959976196289,62.903800086975096,64.54072505950927,58.2775877672018,58.19028664656456,60.00127431754437,68.02812327232328,4.505714961460659,6.743063427175779,143265.9,14.35681484568205,92.5,43.70000076293945,-27.762162492081927,52.90617512183681,3.5315293300677375,True,51.349998474121094,63.75,Sideways,Strong Positive,Confirmed Breakout,VGL,VGL.NS,VARVEE GLOBAL LIMITED,,Unavailable,0,60,,90.0,Strong Breakout Watch,-8,82.0,72.0,73.58,72.0,66.82,81.01,87.77,5.18,9.01,15.77,1.74,3.04,Breakout Trade,Strong Setup,Confirmed breakout above resistance. Entry requires breakout confirmation.,Below ₹66.82,1.74,Strong positive momentum | Confirmed price breakout | Volume is more than 2x average | RSI supports positive momentum | Price is above 200 DMA,Acceptable,9,11
3164.5,3172.0,3143.10009765625,3155.10009765625,31176.0,3179.699951171875,-0.7736532972728694,3139.139990234375,3066.9139990234376,3068.7830053710936,3066.6345068359374,3160.4865575203885,3136.492261956289,3101.070097803015,61.22450828372259,57.614222935267854,1.8260664052486413,18084.9,1.723869084153078,3745.0,2667.0,-15.751666284212282,18.301465978862016,2.884777779129238,True,3066.699951171875,3214.0,Strong Uptrend,Positive,Near Breakout,JSWDULUX,JSWDULUX.NS,JSW Dulux Limited,,Unavailable,0,60,,87.0,Momentum Watch,-5,82.0,3126.29,3169.5,3155.1,3083.08,3255.92,3327.94,72.02,100.82,172.84,1.4,2.4,Momentum Trade,Watch,Positive trend and momentum. Prefer entry near current price or on a controlled pullback.,Below ₹3083.08,1.4,Strong price trend | Positive momentum | Price is close to resistance | Strong volume confirmation | RSI supports positive momentum | Price is above 200 DMA | Price is near 200 DMA,Poor,24,11
946.2999877929688,948.5,915.0999755859375,943.75,86523.0,946.25,-0.26420079260237594,901.3025024414062,884.6720007324219,866.6709979248047,875.894997253418,909.87631741082,900.2063491408927,885.8171531801634,59.31329020254556,27.310721261160715,2.893851259460738,55328.15,1.5638151646133116,1189.9000244140625,700.0,-20.686613947694735,34.82142857142857,7.746933474829509,True,865.0,959.0,Strong Uptrend,Positive,Near Breakout,SHARDAMOTR,SHARDAMOTR.NS,Sharda Motor Industries Limited,,Unavailable,0,60,,87.0,Momentum Watch,-5,82.0,930.09,950.58,943.75,909.61,991.54,1025.68,34.14,47.79,81.93,1.4,2.4,Momentum Trade,Watch,Positive trend and momentum. Prefer entry near current price or on a controlled pullback.,Below ₹909.61,1.4,Strong price trend | Positive momentum | Price is close to resistance | Strong volume confirmation | RSI supports positive momentum | Price is above 200 DMA,Poor,24,11
56.31999969482422,65.19999694824219,55.5099983215332,64.02999877929688,484603.0,56.040000915527344,14.2576690457471,55.87449989318848,50.81599990844727,48.51569995880127,46.49834999084473,58.62481538678511,56.252313352013786,52.383751916861804,72.890244632694,4.073571613856724,6.361973592874487,66101.35,7.33121184363103,68.06999969482422,33.77000045776367,-5.9350682145434615,89.60615312806866,37.70380839729589,True,50.79999923706055,62.88999938964844,Strong Uptrend,Strong Positive,Confirmed Breakout,AMDIND,AMDIND.NS,AMD Industries Limited,,Unavailable,0,60,,89.0,Strong Breakout Watch,-8,81.0,68.68,70.11,68.68,64.0,76.83,82.94,4.68,8.15,14.26,1.74,3.04,Breakout Trade,Strong Setup,Confirmed breakout above resistance. Entry requires breakout confirmation.,Below ₹64.00,1.74,Strong price trend | Strong positive momentum | Confirmed price breakout | Volume is more than 2x average | RSI indicates overbought conditions | Price is above 200 DMA,Acceptable,13,17
367.0,393.3500061035156,362.25,392.3500061035156,996485.0,374.6499938964844,4.724412784034837,313.09849853515624,251.79140014648436,219.21690032958983,177.4087001800537,352.6155427663136,320.56537119518237,272.06472501764756,77.54081273175639,18.714283534458705,4.769793103946384,294394.65,3.384861103963676,393.3500061035156,104.0,-0.2542265118808301,277.2596212533804,121.15601191222079,True,261.0,376.54998779296875,Strong Uptrend,Strong Positive,Confirmed Breakout,BIRLACABLE,BIRLACABLE.NS,Birla Cable Limited,,Unavailable,0,60,,89.0,Strong Breakout Watch,-8,81.0,396.16,402.71,396.16,374.64,433.59,461.66,21.52,37.43,65.5,1.74,3.04,Breakout Trade,Strong Setup,Confirmed breakout above resistance. Entry requires breakout confirmation.,Below ₹374.64,1.74,Strong price trend | Strong positive momentum | Confirmed price breakout | Volume is more than 2x average | RSI indicates overbought conditions | Price is above 200 DMA | Price is near 52-week high,Acceptable,13,17
373.0,384.0,366.1000061035156,380.20001220703125,1713956.0,373.5,1.7938453030873491,330.2124984741211,303.40399993896483,287.8768006896973,280.756900100708,346.5588638285342,331.4698775080063,310.2117420568693,74.17763789439763,16.932141985212052,4.453482756857975,774426.6,2.2131936067278684,559.7999877929688,175.0,-32.08288308365578,117.25714983258928,35.419650263503,True,308.3500061035156,378.6000061035156,Strong Uptrend,Strong Positive,Confirmed Breakout,ELLEN,ELLEN.NS,Ellenbarrie Industrial Gases Limited,,Unavailable,0,60,,89.0,Strong Breakout Watch,-8,81.0,399.67,405.6,399.67,380.2,433.54,458.93,19.47,33.86,59.26,1.74,3.04,Breakout Trade,Strong Setup,Confirmed breakout above resistance. Entry requires breakout confirmation.,Below ₹380.20,1.74,Strong price trend | Strong positive momentum | Confirmed price breakout | Volume is more than 2x average | RSI indicates overbought conditions | Price is above 200 DMA,Acceptable,13,17
25.299999237060547,26.040000915527344,24.5,26.030000686645508,2686464.0,24.799999237060547,4.9596834170336335,22.276500034332276,21.248200035095216,20.665100040435792,16.846399993896483,23.461079819068456,22.452039803903897,21.50181985995511,74.62515201593814,1.2285714830671037,4.719828853855593,1018187.0,2.638478000603033,26.040000915527344,8.460000038146973,-0.03840333536959639,207.68322185902684,54.51372813227917,True,20.15999984741211,24.81999969482422,Strong Uptrend,Strong Positive,Confirmed Breakout,GAYAPROJ,GAYAPROJ.NS,Gayatri Projects Limited,,Unavailable,0,60,,89.0,Strong Breakout Watch,-8,81.0,26.22,26.65,26.22,24.81,28.68,30.52,1.41,2.46,4.3,1.74,3.04,Breakout Trade,Strong Setup,Confirmed breakout above resistance. Entry requires breakout confirmation.,Below ₹24.81,1.74,Strong price trend | Strong positive momentum | Confirmed price breakout | Volume is more than 2x average | RSI indicates overbought conditions | Price is above 200 DMA | Price is near 52-week high,Acceptable,13,17
895.9500122070312,914.8499755859375,881.25,909.2999877929688,7851231.0,899.25,1.1175966408639049,855.3824981689453,858.7089978027344,809.0344989013672,700.7679992675781,877.7564241414095,863.3788491395584,844.0907868252835,66.10978754955465,26.02500261579241,2.862092044998227,1241126.85,6.325889251368625,914.8499755859375,510.54998779296875,-0.6066555108572996,78.10204867964772,29.75763572870651,True,816.0,905.8499755859375,Uptrend,Strong Positive,Confirmed Breakout,GRANULES,GRANULES.NS,Granules India Limited,,Unavailable,0,60,,89.0,Strong Breakout Watch,-8,81.0,918.75,927.86,918.75,888.82,970.8,1009.84,29.93,52.05,91.09,1.74,3.04,Breakout Trade,Strong Setup,Confirmed breakout above resistance. Entry requires breakout confirmation.,Below ₹888.82,1.74,Price is in an uptrend | Strong positive momentum | Confirmed price breakout | Volume is more than 2x average | RSI supports positive momentum | Price is above 200 DMA | Price is near 52-week high,Acceptable,13,17
720.9500122070312,738.0,707.25,728.9000244140625,1045480.0,718.9500122070312,1.3839643978149185,652.4875030517578,612.9759973144531,621.522998046875,590.0922482299804,685.8495874427737,659.2320491101968,631.3723168843941,78.05745149538865,25.160714285714285,3.451874529149606,435022.8,2.403276334022033,738.0,500.70001220703125,-1.2330590224847562,45.576194656187525,23.523063826112764,True,606.4000244140625,724.0,Strong Uptrend,Strong Positive,Confirmed Breakout,MAHSEAMLES,MAHSEAMLES.NS,Maharashtra Seamless Limited,,Unavailable,0,60,,89.0,Strong Breakout Watch,-8,81.0,741.77,750.58,741.77,712.84,792.1,829.84,28.93,50.32,88.06,1.74,3.04,Breakout Trade,Strong Setup,Confirmed breakout above resistance. Entry requires breakout confirmation.,Below ₹712.84,1.74,Strong price trend | Strong positive momentum | Confirmed price breakout | Volume is more than 2x average | RSI indicates overbought conditions | Price is above 200 DMA | Price is near 52-week high,Acceptable,13,17
1586.0,1856.0,1551.0,1756.699951171875,1142834.0,1588.199951171875,10.60949535199709,1527.3999938964844,1415.3059985351563,1357.8590026855468,1270.6015002441407,1602.819060987977,1540.7922273791748,1452.4353819518371,76.27484069931405,89.13573346819196,5.07404428449665,107700.25,10.611247420502737,1856.0,890.0,-5.350218148067079,97.38201698560394,38.25734904565535,True,1337.0,1669.9000244140625,Strong Uptrend,Strong Positive,Confirmed Breakout,RACLGEAR,RACLGEAR.NS,RACL Geartech Limited,,Unavailable,0,60,,89.0,Strong Breakout Watch,-8,81.0,1859.21,1890.4,1859.21,1756.7,2037.48,2171.18,102.51,178.27,311.98,1.74,3.04,Breakout Trade,Strong Setup,Confirmed breakout above resistance. Entry requires breakout confirmation.,Below ₹1756.70,1.74,Strong price trend | Strong positive momentum | Confirmed price breakout | Volume is more than 2x average | RSI indicates overbought conditions | Price is above 200 DMA,Acceptable,13,17
11463.0,12300.0,11250.0,12097.0,62178.0,11543.0,4.799445551416448,11612.85,11015.02,10945.59,10198.3275,11679.916570096302,11524.555032286036,11178.284001399972,59.860078705728036,413.2142857142857,3.415840999539437,17162.85,3.6228248804831367,12875.0,6621.5,-6.042718446601942,82.6927433361021,18.617488995131808,True,10612.0,12213.0,Strong Uptrend,Positive,Near Breakout,DYNAMATECH,DYNAMATECH.NS,Dynamatic Technologies Limited,,Unavailable,0,60,,86.0,Momentum Watch,-5,81.0,11890.39,12200.3,12097.0,11580.48,12820.12,13336.64,516.52,723.12,1239.64,1.4,2.4,Momentum Trade,Watch,Positive trend and momentum. Prefer entry near current price or on a controlled pullback.,Below ₹11580.48,1.4,Strong price trend | Positive momentum | Price is close to resistance | Volume is more than 2x average | RSI supports positive momentum | Price is above 200 DMA,Poor,30,17
1406.4000244140625,1498.0,1340.0999755859375,1424.0,3358636.0,1418.4000244140625,0.3948093266743058,1292.3649963378907,1146.6610009765625,1110.626000366211,958.983501586914,1327.7811382778693,1276.5935539502034,1191.538737288556,62.804635457457586,66.24288504464286,4.6518879947080665,1225988.9,2.7395321442143565,1498.0,700.7999877929688,-4.939919893190922,103.19635057138157,48.49056293915197,True,1186.5,1429.0,Strong Uptrend,Strong Positive,Near Breakout,FINCABLES,FINCABLES.NS,Finolex Cables Limited,,Unavailable,0,60,,86.0,Momentum Watch,-5,81.0,1390.88,1440.56,1424.0,1341.2,1539.93,1622.73,82.8,115.93,198.73,1.4,2.4,Momentum Trade,Watch,Positive trend and momentum. Prefer entry near current price or on a controlled pullback.,Below ₹1341.20,1.4,Strong price trend | Strong positive momentum | Price is close to resistance | Volume is more than 2x average | RSI supports positive momentum | Price is above 200 DMA,Poor,30,17
518.2999877929688,519.0,498.20001220703125,514.6500244140625,700202.0,515.9500122070312,-0.251960027563114,477.7250015258789,448.4090008544922,411.5989010620117,339.40845016479494,487.98361926718195,475.79718138599713,451.5887923519305,62.39882492748989,18.553573608398438,3.6050855393472454,440852.2,1.5882919490931426,519.0,212.5500030517578,-0.8381455849590559,142.1312712419678,51.631470626079434,True,441.20001220703125,518.0,Strong Uptrend,Strong Positive,Near Breakout,NRBBEARING,NRBBEARING.NS,NRB Bearing Limited,,Unavailable,0,60,,84.0,52W High Watch,-3,81.0,521.78,528.28,521.78,500.45,558.89,586.72,21.34,37.11,64.94,1.74,3.04,52W High Breakout,Watch,Stock is near its rolling 52-week high. Entry requires breakout confirmation.,Below ₹500.45,1.74,Strong price trend | Strong positive momentum | Price is close to resistance | Strong volume confirmation | RSI supports positive momentum | Price is above 200 DMA | Price is near 52-week high,Acceptable,41,17
76.0,90.9000015258789,74.2699966430664,87.41000366210938,38898608.0,76.25,14.636070376536892,79.23200035095215,75.23359977722168,61.5614998626709,53.80369995117187,78.75529867101814,78.27157448393224,73.64033490302586,54.59267419650467,4.800000326974051,5.4913626883358235,4175245.2,9.31648469412048,90.9000015258789,36.2599983215332,-3.839381523856126,141.06455518008244,62.46095294828425,True,70.73999786376953,87.2699966430664,Strong Uptrend,Positive,Confirmed Breakout,FILATEX,FILATEX.NS,Filatex India Limited,,Unavailable,0,60,,88.0,Strong Breakout Watch,-8,80.0,91.62,93.3,91.62,86.1,101.22,108.42,5.52,9.6,16.8,1.74,3.04,Breakout Trade,Strong Setup,Confirmed breakout above resistance. Entry requires breakout confirmation.,Below ₹86.10,1.74,Strong price trend | Positive momentum | Confirmed price breakout | Volume is more than 2x average | RSI supports positive momentum | Price is above 200 DMA,Acceptable,22,27
760.0,812.7999877929688,743.0499877929688,804.9000244140625,4284956.0,762.75,5.526060231276642,757.5349975585938,656.758994140625,636.3507482910156,517.2344982910156,761.7559380815349,740.304252556464,686.9536979892773,54.46686797716371,36.65714372907366,4.554248057795589,2119138.45,2.022027395142587,812.7999877929688,262.6000061035156,-0.9719443279468255,206.51180719956832,55.616074928009816,True,717.2000122070312,798.8499755859375,Strong Uptrend,Positive,Confirmed Breakout,TDPOWERSYS,TDPOWERSYS.NS,TD Power Systems Limited,,Unavailable,0,60,,88.0,Strong Breakout Watch,-8,80.0,818.3,831.13,818.3,776.14,891.61,946.6,42.16,73.31,128.3,1.74,3.04,Breakout Trade,Strong Setup,Confirmed breakout above resistance. Entry requires breakout confirmation.,Below ₹776.14,1.74,Strong price trend | Positive momentum | Confirmed price breakout | Volume is more than 2x average | RSI supports positive momentum | Price is above 200 DMA | Price is near 52-week high,Acceptable,22,27
1086.0,1116.9000244140625,1067.0999755859375,1109.9000244140625,578949.0,1088.5,1.9660105111678927,1034.610009765625,1054.3239978027343,1065.4574993896485,961.5510009765625,1064.065011978245,1047.8129584297526,1048.9879360971954,72.11327799836707,34.992885044642854,3.1527961325270053,216925.0,2.6688901694133915,1224.9000244140625,708.0,-9.388521324833093,56.76554017147776,15.42809723944284,True,990.2999877929688,1098.9000244140625,Uptrend,Strong Positive,Confirmed Breakout,ABSLAMC,ABSLAMC.NS,Aditya Birla Sun Life AMC Limited,,Unavailable,0,60,,87.0,Strong Breakout Watch,-8,79.0,1150.14,1162.39,1150.14,1109.9,1220.13,1272.62,40.24,69.99,122.48,1.74,3.04,Breakout Trade,Strong Setup,Confirmed breakout above resistance. Entry requires breakout confirmation.,Below ₹1109.90,1.74,Price is in an uptrend | Strong positive momentum | Confirmed price breakout | Volume is more than 2x average | RSI indicates overbought conditions | Price is above 200 DMA,Acceptable,24,29
342.6499938964844,348.20001220703125,332.8999938964844,346.0,3747104.0,342.6499938964844,0.9776758100651373,326.9800033569336,327.92900146484374,315.885500793457,263.32985038757323,333.0836685431187,329.05303166043717,324.81495320763514,68.28193832599119,10.328574044363839,2.9851370070415717,1942597.95,1.928913803291103,,,,,31.394142931669723,True,314.3500061035156,344.8999938964844,Uptrend,Strong Positive,Confirmed Breakout,EMMVEE,EMMVEE.NS,Emmvee Photovoltaic Power Limited,,Unavailable,0,60,,87.0,Strong Breakout Watch,-8,79.0,357.88,361.49,357.88,346.0,378.54,394.03,11.88,20.66,36.15,1.74,3.04,Breakout Trade,Strong Setup,Confirmed breakout above resistance. Entry requires breakout confirmation.,Below ₹346.00,1.74,Price is in an uptrend | Strong positive momentum | Confirmed price breakout | Strong volume confirmation | RSI supports positive momentum | Price is above 200 DMA,Acceptable,24,29
396.0,425.0,389.0,417.3999938964844,3638335.0,398.04998779296875,4.861200024349666,376.77999725341795,353.53099731445315,344.5339990234375,365.7012498474121,387.78899839621505,376.9224895480016,360.6426911182166,64.30527897963552,16.064285278320312,3.8486548905662588,805736.35,4.515540350140589,540.0,292.54998779296875,-22.703704833984375,42.67646942848934,14.136879234250207,True,349.29998779296875,403.5,Sideways,Strong Positive,Confirmed Breakout,HERITGFOOD,HERITGFOOD.NS,Heritage Foods Limited,,Unavailable,0,60,,87.0,Strong Breakout Watch,-8,79.0,435.87,441.5,435.87,417.4,468.0,492.1,18.47,32.13,56.22,1.74,3.04,Breakout Trade,Strong Setup,Confirmed breakout above resistance. Entry requires breakout confirmation.,Below ₹417.40,1.74,Strong positive momentum | Confirmed price breakout | Volume is more than 2x average | RSI supports positive momentum | Price is above 200 DMA,Acceptable,24,29
1690.0,1795.0,1676.199951171875,1787.199951171875,254979.0,1706.699951171875,4.716704886803691,1611.5049926757813,1546.6959912109376,1520.1829968261718,1471.4754986572266,1690.789820334797,1637.0176019231687,1569.7036490576616,78.00239595985363,67.10716901506696,3.7548775094283373,131176.35,1.943787885544917,1800.0,1165.0,-0.7111138237847222,53.40772113063304,21.456317336086002,True,1499.0,1747.4000244140625,Strong Uptrend,Strong Positive,Confirmed Breakout,VENKEYS,VENKEYS.NS,Venky's (India) Limited,,Unavailable,0,60,,87.0,Strong Breakout Watch,-8,79.0,1810.07,1833.55,1810.07,1732.89,1944.28,2044.94,77.17,134.21,234.88,1.74,3.04,Breakout Trade,Strong Setup,Confirmed breakout above resistance. Entry requires breakout confirmation.,Below ₹1732.89,1.74,Strong price trend | Strong positive momentum | Confirmed price breakout | Strong volume confirmation | RSI indicates overbought conditions | Price is above 200 DMA | Price is near 52-week high,Acceptable,24,29
525.75,556.8499755859375,521.0,551.0499877929688,1960216.0,530.6500244140625,3.844334766861013,528.7574951171875,541.1689990234376,505.76499938964844,490.6472512817383,533.5589370854132,532.6396392404608,527.5271716686888,61.40151644760266,19.17142813546317,3.47907241813894,598476.65,3.275342488299251,666.0,338.1499938964844,-17.259761592647337,62.96022408377095,12.310827453621283,True,489.5,555.0,Uptrend,Strong Positive,Near Breakout,FIVESTAR,FIVESTAR.NS,Five-Star Business Finance Limited,,Unavailable,0,60,,84.0,Momentum Watch,-5,79.0,541.46,555.84,551.05,527.09,584.6,608.56,23.96,33.55,57.51,1.4,2.4,Momentum Trade,Watch,Positive trend and momentum. Prefer entry near current price or on a controlled pullback.,Below ₹527.09,1.4,Price is in an uptrend | Strong positive momentum | Price is close to resistance | Volume is more than 2x average | RSI supports positive momentum | Price is above 200 DMA,Poor,41,29
367.8500061035156,404.3500061035156,363.0,404.3500061035156,870661.0,367.6000061035156,9.997279485803713,326.99000244140626,379.3400018310547,365.4210009765625,369.38224990844725,352.7876277506357,347.507902875248,360.7269500807121,88.81310610154597,15.350003923688616,3.7962170624424174,343863.05,2.5319992944865697,661.9500122070312,250.0,-38.915326135374215,61.74000244140625,9.4665502210069,True,303.5,396.6000061035156,Uptrend,Strong Positive,Confirmed Breakout,HLEGLAS,HLEGLAS.NS,HLE Glascoat Limited,,Unavailable,0,60,,86.0,Strong Breakout Watch,-8,78.0,422.0,427.38,422.0,404.35,452.7,475.73,17.65,30.7,53.73,1.74,3.04,Breakout Trade,Strong Setup,Confirmed breakout above resistance. Entry requires breakout confirmation.,Below ₹404.35,1.74,Price is in an uptrend | Strong positive momentum | Confirmed price breakout | Volume is more than 2x average | RSI indicates overbought conditions | Price is above 200 DMA,Acceptable,30,34
260.0,276.9800109863281,251.5,263.0199890136719,5002402.0,254.25,3.4493565442170526,239.45449829101562,237.2223992919922,228.59829971313476,221.93624969482423,251.25268428556134,244.0315065552188,236.43365568586552,62.490648114102505,18.550000871930802,7.052696238599024,1716078.85,2.9150187358815125,332.20001220703125,162.19000244140625,-20.82481055125474,62.167818641406136,18.511504711528772,True,215.25999450683594,287.79998779296875,Strong Uptrend,Strong Positive,No Breakout,INDOCO,INDOCO.NS,Indoco Remedies Limited,,Unavailable,0,60,,83.0,Momentum Watch,-5,78.0,253.74,267.66,263.02,239.83,295.48,318.67,23.19,32.46,55.65,1.4,2.4,Momentum Trade,Watch,Positive trend and momentum. Prefer entry near current price or on a controlled pullback.,Below ₹239.83,1.4,Strong price trend | Strong positive momentum | Volume is more than 2x average | RSI supports positive momentum | Price is above 200 DMA,Poor,43,34
508.0,511.95001220703125,485.3999938964844,489.79998779296875,5273521.0,500.29998779296875,-2.0987408067547397,483.66499786376954,461.18699829101564,461.64699920654294,457.1234996032715,491.33993397146605,483.4656220825964,469.5201144718149,58.52196534892453,13.957144601004464,2.8495600140569914,2478915.85,2.127349744445742,531.0,392.45001220703125,-7.758947684939972,24.805700740960088,7.1482844828709355,True,458.70001220703125,514.4500122070312,Strong Uptrend,Positive,No Breakout,OIL,OIL.NS,Oil India Limited,,Unavailable,0,60,,83.0,Momentum Watch,-5,78.0,482.82,493.29,489.8,472.35,514.45,531.67,17.45,24.65,41.87,1.41,2.4,Momentum Trade,Watch,Positive trend and momentum. Prefer entry near current price or on a controlled pullback.,Below ₹472.35,1.41,Strong price trend | Positive momentum | Volume is more than 2x average | RSI supports positive momentum | Price is above 200 DMA,Poor,43,34
232.02999877929688,239.8000030517578,222.83999633789062,239.07000732421875,2135648.0,231.5399932861328,3.252144016770564,212.5780014038086,203.0944009399414,196.8363003540039,193.24550025939942,220.75343532115906,214.3502841536207,205.9145931895171,76.43997435056383,9.304285321916852,3.8918664143840895,883570.75,2.4170650737363135,240.8000030517578,150.52000427246094,-0.7184367548231365,58.8293918006212,23.7131043172067,True,197.0,240.8000030517578,Strong Uptrend,Strong Positive,Near Breakout,KROSS,KROSS.NS,Kross Limited,,Unavailable,0,60,,81.0,52W High Watch,-3,78.0,242.2,245.45,242.2,231.5,260.8,274.76,10.7,18.61,32.56,1.74,3.04,52W High Breakout,Watch,Stock is near its rolling 52-week high. Entry requires breakout confirmation.,Below ₹231.50,1.74,Strong price trend | Strong positive momentum | Price is close to resistance | Volume is more than 2x average | RSI indicates overbought conditions | Price is above 200 DMA | Price is near 52-week high,Acceptable,45,34
17.729999542236328,20.0,17.540000915527344,19.56999969482422,150749037.0,17.540000915527344,11.57353861652204,15.60450005531311,15.216200008392335,14.838100004196168,13.974454984664916,16.741060455006792,15.956355421172308,15.360971100760363,83.71334295705454,0.8635715757097516,4.41273167693582,12998039.95,11.597828409505697,20.0,10.199999809265137,-2.1500015258789062,91.86274569385652,40.04123750299858,True,14.100000381469727,18.0,Strong Uptrend,Strong Positive,Confirmed Breakout,AHCL,AHCL.NS,Anlon Healthcare Limited,,Unavailable,0,60,,85.0,Strong Breakout Watch,-8,77.0,20.13,20.43,20.13,19.14,21.86,23.15,0.99,1.73,3.02,1.74,3.04,Breakout Trade,Strong Setup,Confirmed breakout above resistance. Entry requires breakout confirmation.,Below ₹19.14,1.74,Strong price trend | Strong positive momentum | Confirmed price breakout | Volume is more than 2x average | RSI indicates overbought conditions | Price is above 200 DMA | Price is near 52-week high,Acceptable,33,38
64.5,73.19000244140625,61.84000015258789,68.41999816894531,1282661.0,61.84000015258789,10.640358991140886,52.325,48.34000015258789,47.10939998626709,46.72754991531372,56.024558042295986,52.92333747559034,49.8083379582373,83.29365240353205,3.6307144165039062,5.30651054321692,108627.3,11.807906483913344,73.19000244140625,36.029998779296875,-6.517289402032281,89.89730915078462,46.423252006462384,True,47.369998931884766,61.84000015258789,Strong Uptrend,Strong Positive,Confirmed Breakout,DIGJAMLMTD,DIGJAMLMTD.NS,Digjam Limited,,Unavailable,0,60,,85.0,Strong Breakout Watch,-8,77.0,72.6,73.87,72.6,68.42,79.86,85.3,4.18,7.26,12.71,1.74,3.04,Breakout Trade,Strong Setup,Confirmed breakout above resistance. Entry requires breakout confirmation.,Below ₹68.42,1.74,Strong price trend | Strong positive momentum | Confirmed price breakout | Volume is more than 2x average | RSI indicates overbought conditions | Price is above 200 DMA,Acceptable,33,38
171.0,206.3800048828125,170.9600067138672,202.1699981689453,276696049.0,173.1699981689453,16.746549810381993,165.68150100708007,157.59340057373046,159.61630050659178,183.83519996643065,174.62877874932425,167.89803469742407,162.06830793254784,76.75338863645594,9.49142565046038,4.694774564190666,32836037.4,8.426596840214344,,,,,9.973497026610083,True,155.10000610351562,176.6999969482422,Sideways,Strong Positive,Confirmed Breakout,PINELABS,PINELABS.NS,Pine Labs Limited,,Unavailable,0,60,,85.0,Strong Breakout Watch,-8,77.0,213.09,216.41,213.09,202.17,232.07,246.31,10.92,18.98,33.22,1.74,3.04,Breakout Trade,Strong Setup,Confirmed breakout above resistance. Entry requires breakout confirmation.,Below ₹202.17,1.74,Strong positive momentum | Confirmed price breakout | Volume is more than 2x average | RSI indicates overbought conditions | Price is above 200 DMA,Acceptable,33,38
853.8499755859375,1024.5,835.0499877929688,1002.7999877929688,16245056.0,853.8499755859375,17.444517944129156,695.7974975585937,644.2329968261719,587.8264984130859,496.88800003051756,805.9068546404013,729.2174817078741,657.9695633891705,82.65092360615722,53.167872837611604,5.301941911130964,3259520.55,4.983878994105437,1024.5,320.0,-2.118107584873719,213.37499618530273,101.81610095864247,True,611.0,869.0,Strong Uptrend,Strong Positive,Confirmed Breakout,RAYMOND,RAYMOND.NS,Raymond Limited,,Unavailable,0,60,,85.0,Strong Breakout Watch,-8,77.0,1032.48,1051.08,1032.48,971.33,1138.81,1218.56,61.14,106.34,186.09,1.74,3.04,Breakout Trade,Strong Setup,Confirmed breakout above resistance. Entry requires breakout confirmation.,Below ₹971.33,1.74,Strong price trend | Strong positive momentum | Confirmed price breakout | Volume is more than 2x average | RSI indicates overbought conditions | Price is above 200 DMA | Price is near 52-week high,Acceptable,33,38
468.1499938964844,468.1499938964844,443.0,468.1499938964844,2933978.0,445.8999938964844,4.989908119434805,363.0925018310547,313.6170001220703,239.02099990844727,186.3643997192383,413.6108795709933,375.6118771050868,318.9293348966037,85.28079628769122,21.364288330078125,4.563556255177933,1425162.5,2.058697166112636,468.1499938964844,104.55999755859375,0.0,347.73336345397354,151.201406814693,True,292.1499938964844,445.8999938964844,Strong Uptrend,Strong Positive,Confirmed Breakout,SETL,SETL.NS,Standard Engineering Technology Limited,,Unavailable,0,60,,85.0,Strong Breakout Watch,-8,77.0,492.72,500.2,492.72,468.15,535.45,567.49,24.57,42.73,74.78,1.74,3.04,Breakout Trade,Strong Setup,Confirmed breakout above resistance. Entry requires breakout confirmation.,Below ₹468.15,1.74,Strong price trend | Strong positive momentum | Confirmed price breakout | Volume is more than 2x average | RSI indicates overbought conditions | Price is above 200 DMA | Price is near 52-week high,Acceptable,33,38
2970.0,3022.5,2752.0,3022.5,47215.0,2878.60009765625,4.998954264641098,2310.9550170898438,2251.3340161132815,1875.3390063476563,1570.6,2590.507522035552,2420.2661350925855,2227.123717319627,92.17156285485734,138.78571428571428,4.591752333687817,10351.1,4.561350967530021,3022.5,1050.0,0.0,187.85714285714286,92.44237870877373,True,2050.0,2878.60009765625,Strong Uptrend,Strong Positive,Confirmed Breakout,SPECTRUM,SPECTRUM.NS,Spectrum Electrical Industries Limited,,Unavailable,0,60,,85.0,Strong Breakout Watch,-8,77.0,3182.1,3230.68,3182.1,3022.5,3459.67,3667.85,159.6,277.57,485.75,1.74,3.04,Breakout Trade,Strong Setup,Confirmed breakout above resistance. Entry requires breakout confirmation.,Below ₹3022.50,1.74,Strong price trend | Strong positive momentum | Confirmed price breakout | Volume is more than 2x average | RSI indicates overbought conditions | Price is above 200 DMA | Price is near 52-week high,Acceptable,33,38
36.0,36.599998474121094,35.56999969482422,36.599998474121094,5579818.0,34.86000061035156,4.991387932600455,28.172000122070312,26.26219997406006,26.97650001525879,24.159450035095215,31.831096221532405,29.348149615333835,27.40213096404273,88.39971956238938,1.4307141985212053,3.9090553501875855,2650478.9,2.105211250691337,36.599998474121094,15.75,0.0,132.38094269283235,51.49350842404989,True,24.600000381469727,34.86000061035156,Strong Uptrend,Strong Positive,Confirmed Breakout,STLNETWORK,STLNETWORK.NS,STL Networks Limited,,Unavailable,0,60,,85.0,Strong Breakout Watch,-8,77.0,38.25,38.75,38.25,36.6,41.11,43.25,1.65,2.86,5.01,1.74,3.04,Breakout Trade,Strong Setup,Confirmed breakout above resistance. Entry requires breakout confirmation.,Below ₹36.60,1.74,Strong price trend | Strong positive momentum | Confirmed price breakout | Volume is more than 2x average | RSI indicates overbought conditions | Price is above 200 DMA | Price is near 52-week high,Acceptable,33,38
364.0,396.29998779296875,358.6000061035156,396.29998779296875,133752.0,377.45001220703125,4.9940323158867095,317.1599975585938,294.57299865722655,290.33070098876954,270.87595039367676,345.61714014116836,324.14120708803006,304.09542214424573,82.9577237163173,17.524998256138392,4.422154629309158,58619.45,2.2817000159503373,397.0,195.0,-0.1763254929549748,103.2307629707532,46.30312776642125,True,284.45001220703125,377.45001220703125,Strong Uptrend,Strong Positive,Confirmed Breakout,VALIANTORG,VALIANTORG.NS,Valiant Organics Limited,,Unavailable,0,60,,85.0,Strong Breakout Watch,-8,77.0,399.63,405.76,399.63,379.48,434.68,460.97,20.15,35.05,61.34,1.74,3.04,Breakout Trade,Strong Setup,Confirmed breakout above resistance. Entry requires breakout confirmation.,Below ₹379.48,1.74,Strong price trend | Strong positive momentum | Confirmed price breakout | Volume is more than 2x average | RSI indicates overbought conditions | Price is above 200 DMA | Price is near 52-week high,Acceptable,33,38
431.75,431.75,410.6000061035156,422.54998779296875,540725.0,432.20001220703125,-2.2327681956288314,389.3574981689453,386.9910003662109,353.46240005493166,256.07465000152587,401.94667306136887,393.28266823408165,379.84462523550025,62.14810949637147,15.985715593610491,3.7831537227360665,196857.8,2.7467796551622543,432.29998779296875,88.25,-2.255378273262718,378.81018446795326,65.01047166927727,True,357.29998779296875,432.20001220703125,Strong Uptrend,Strong Positive,No Breakout,BHAGYANGR,BHAGYANGR.NS,Bhagyanagar India Limited,,Unavailable,0,60,,80.0,52W High Watch,-3,77.0,434.7,440.29,434.7,416.31,466.67,490.65,18.38,31.97,55.95,1.74,3.04,52W High Breakout,Watch,Stock is near its rolling 52-week high. Entry requires breakout confirmation.,Below ₹416.31,1.74,Strong price trend | Strong positive momentum | Volume is more than 2x average | RSI supports positive momentum | Price is above 200 DMA | Price is near 52-week high,Acceptable,54,38
219.5,230.5399932861328,215.0500030517578,230.3000030517578,20834.0,219.57000732421875,4.886822138551494,219.44200057983397,211.04779998779296,185.64600006103515,155.95580032348633,217.4802053124224,216.99050151834206,207.9613247400918,53.4435737409997,11.547855922154017,5.014266508523989,5688.65,3.662380353862516,233.0,103.5,-1.1587969734945012,122.51208024324427,47.67004662479074,True,203.61000061035156,233.0,Strong Uptrend,Positive,Near Breakout,SMARTLINK,SMARTLINK.NS,Smartlink Holdings Limited,,Unavailable,0,60,,80.0,52W High Watch,-3,77.0,234.73,238.77,234.73,221.45,257.83,275.15,13.28,23.1,40.42,1.74,3.04,52W High Breakout,Watch,Stock is near its rolling 52-week high. Entry requires breakout confirmation.,Below ₹221.45,1.74,Strong price trend | Positive momentum | Price is close to resistance | Volume is more than 2x average | RSI supports positive momentum | Price is above 200 DMA | Price is near 52-week high,Acceptable,54,38
880.0,945.0,861.2999877929688,908.9000244140625,1336886.0,886.3499755859375,2.544147283720277,808.8749969482421,784.2150012207031,728.5800036621093,692.523752746582,856.5111347136668,828.9472494318026,787.4001818359652,72.45545037902228,40.84285627092634,4.4936577372474344,436135.0,3.065303174475793,967.4000244140625,467.0,-6.047136502341153,94.62527289380354,31.24459930931206,True,739.0999755859375,912.0,Strong Uptrend,Strong Positive,Near Breakout,63MOONS,63MOONS.NS,63 moons technologies limited,,Unavailable,0,60,,81.0,Momentum Watch,-5,76.0,888.48,919.11,908.9,857.85,980.38,1031.43,51.05,71.47,122.53,1.4,2.4,Momentum Trade,Watch,Positive trend and momentum. Prefer entry near current price or on a controlled pullback.,Below ₹857.85,1.4,Strong price trend | Strong positive momentum | Price is close to resistance | Volume is more than 2x average | RSI indicates overbought conditions | Price is above 200 DMA,Poor,45,48
250.14999389648438,265.8999938964844,239.1999969482422,260.5,4219.0,250.14999389648438,4.137520030401687,252.81049728393555,248.8013995361328,244.3052998352051,233.83989990234375,255.9326014000989,253.58532870510518,249.1689163040023,64.09533253077299,10.293572562081474,3.9514673942731187,2410.8,1.7500414800066366,299.79998779296875,200.25,-13.108735621466378,30.087390761548065,11.40100560631015,True,232.22000122070312,269.05999755859375,Strong Uptrend,Strong Positive,No Breakout,ASPINWALL,ASPINWALL.NS,Aspinwall and Company Limited,,Unavailable,0,60,,81.0,Momentum Watch,-5,76.0,255.35,263.07,260.5,247.63,278.51,291.38,12.87,18.01,30.88,1.4,2.4,Momentum Trade,Watch,Positive trend and momentum. Prefer entry near current price or on a controlled pullback.,Below ₹247.63,1.4,Strong price trend | Strong positive momentum | Strong volume confirmation | RSI supports positive momentum | Price is above 200 DMA,Poor,45,48
12.010000228881836,12.010000228881836,12.0,12.010000228881836,964628.0,11.779999732971191,1.9524660536866856,11.42800006866455,11.577200031280517,11.61620002746582,10.4832000041008,11.506220995361488,11.520509814482049,11.564978444193676,60.49382231533075,0.2014286858694894,1.677174704668952,259047.4,3.7237509428776354,14.260000228881836,4.550000190734863,-15.778400868766523,163.95603792144283,14.564257327760465,True,10.890000343322754,12.180000305175781,Uptrend,Positive,Near Breakout,KESORAMIND,KESORAMIND.NS,Kesoram Industries Limited,,Unavailable,0,60,,81.0,Momentum Watch,-5,76.0,11.91,12.06,12.01,11.76,12.36,12.61,0.25,0.35,0.6,1.4,2.4,Momentum Trade,Watch,Positive trend and momentum. Prefer entry near current price or on a controlled pullback.,Below ₹11.76,1.4,Price is in an uptrend | Positive momentum | Price is close to resistance | Volume is more than 2x average | RSI supports positive momentum | Price is above 200 DMA,Poor,45,48
3575.0,4055.0,3562.300048828125,3828.300048828125,639315.0,3576.800048828125,7.031424641206874,3719.3950073242186,3819.61599609375,3600.1210009765623,3335.083504638672,3705.83998169677,3724.2993560036793,3723.301274948467,59.986069518343555,111.57142857142857,2.9143856842041815,35477.5,18.02029455288563,4574.7998046875,2463.0,-16.317648590753308,55.432401495254766,14.788731481639136,True,3550.800048828125,3850.0,Uptrend,Positive,Near Breakout,KIRLOSIND,KIRLOSIND.NS,Kirloskar Industries Limited,,Unavailable,0,60,,81.0,Momentum Watch,-5,76.0,3772.51,3856.19,3828.3,3688.84,4023.55,4163.01,139.46,195.25,334.71,1.4,2.4,Momentum Trade,Watch,Positive trend and momentum. Prefer entry near current price or on a controlled pullback.,Below ₹3688.84,1.4,Price is in an uptrend | Positive momentum | Price is close to resistance | Volume is more than 2x average | RSI supports positive momentum | Price is above 200 DMA,Poor,45,48
243.2100067138672,258.54998779296875,235.10000610351562,255.3000030517578,170916.0,246.24000549316406,3.6793361584152695,240.31700134277344,232.53880126953126,214.9917007446289,224.60788375854492,246.64090301778015,242.13026050835356,232.67826535690023,59.464095501594215,10.129283360072545,3.967600171951037,127349.55,1.34210132662424,371.95001220703125,161.25,-31.361743601810886,58.32558328791182,13.664756009280222,True,224.0,257.25,Strong Uptrend,Positive,Near Breakout,TIL,TIL.NS,TIL Limited,,Unavailable,0,60,,81.0,Momentum Watch,-5,76.0,250.24,257.83,255.3,242.64,273.03,285.69,12.66,17.73,30.39,1.4,2.4,Momentum Trade,Watch,Positive trend and momentum. Prefer entry near current price or on a controlled pullback.,Below ₹242.64,1.4,Strong price trend | Positive momentum | Price is close to resistance | Volume is above average | RSI supports positive momentum | Price is above 200 DMA,Poor,45,48
710.0,733.0,690.5999755859375,723.1500244140625,479794.0,707.5499877929688,2.2047963946341564,595.6200012207031,469.0200006103516,354.35289978027345,290.71794982910154,649.9983834239763,597.4919973892636,495.28446973704695,73.13649339892817,34.960719517299104,4.834504367973476,362887.2,1.32215740869339,733.0,180.0,-1.3437893023107095,301.75001356336804,148.74625899060104,True,486.20001220703125,717.0,Strong Uptrend,Strong Positive,Breakout - Volume Confirmation Required,KABRAEXTRU,KABRAEXTRU.NS,Kabra Extrusion Technik Limited,,Unavailable,0,60,,79.0,52W High Watch,-3,76.0,738.24,750.48,738.24,698.04,808.17,860.61,40.2,69.92,122.36,1.74,3.04,52W High Breakout,Watch,Stock is near its rolling 52-week high. Entry requires breakout confirmation.,Below ₹698.04,1.74,Strong price trend | Strong positive momentum | Breakout requires volume confirmation | Volume is above average | RSI indicates overbought conditions | Price is above 200 DMA | Price is near 52-week high,Acceptable,59,48
213.6999969482422,215.0,206.25,209.27000427246094,2083473.0,207.8800048828125,0.6686546839519414,183.8380012512207,174.06200073242186,158.0265005493164,150.9760004043579,197.07817248114037,188.76403729456197,176.22488256757052,79.6982573755388,9.12571280343192,4.360736186324447,1590314.2,1.3101014881210267,215.0,102.19999694824219,-2.6651142918786337,104.765176635419,38.61143738870723,True,163.5,207.8800048828125,Strong Uptrend,Strong Positive,Breakout - Volume Confirmation Required,LOTUSDEV,LOTUSDEV.NS,Sri Lotus Developers and Realty Limited,,Unavailable,0,60,,79.0,52W High Watch,-3,76.0,216.37,219.56,216.37,205.87,234.62,248.31,10.49,18.25,31.94,1.74,3.04,52W High Breakout,Watch,Stock is near its rolling 52-week high. Entry requires breakout confirmation.,Below ₹205.87,1.74,Strong price trend | Strong positive momentum | Breakout requires volume confirmation | Volume is above average | RSI indicates overbought conditions | Price is above 200 DMA | Price is near 52-week high,Acceptable,59,48
9.569999694824219,9.569999694824219,9.050000190734863,9.109999656677246,1429459.0,9.680000305175781,-5.888436265789809,8.881500053405762,8.50980001449585,8.256099996566773,7.931100008487701,9.480772797985045,9.108638596709042,8.65953504496653,63.26530271788815,0.5364286558968681,5.8883499024469055,702231.0,2.035596548714027,10.989999771118164,6.019999980926514,-17.106461816146513,51.32889843091267,14.864264060822721,True,7.949999809265137,10.989999771118164,Strong Uptrend,Positive,No Breakout,IVC,IVC.NS,IL&FS Investment Managers Limited,,Unavailable,0,60,,80.0,Momentum Watch,-5,75.0,8.84,9.24,9.11,8.44,10.99,11.79,0.67,1.88,2.68,2.8,4.0,Momentum Trade,Watch,Positive trend and momentum. Prefer entry near current price or on a controlled pullback.,Below ₹8.44,2.8,Strong price trend | Positive momentum | Volume is more than 2x average | RSI supports positive momentum | Price is above 200 DMA,Strong,54,56
60.900001525878906,63.5,59.31999969482422,62.970001220703125,304379.0,60.5099983215332,4.0654486323039585,55.913500022888186,49.25520004272461,48.36590003967285,43.376800050735476,59.45215474217495,56.31670739769092,51.69952626896009,69.9669924523002,3.775000435965402,5.994918791146961,145051.45,2.0984209396045332,65.0,27.0,-3.1230750450721154,133.22222674334492,45.16977081539106,True,48.25,64.5,Strong Uptrend,Strong Positive,No Breakout,PLAZACABLE,PLAZACABLE.NS,Plaza Wires Limited,,Unavailable,0,60,,80.0,Momentum Watch,-5,75.0,61.08,63.91,62.97,58.25,69.58,74.3,4.72,6.61,11.33,1.4,2.4,Momentum Trade,Watch,Positive trend and momentum. Prefer entry near current price or on a controlled pullback.,Below ₹58.25,1.4,Strong price trend | Strong positive momentum | Volume is more than 2x average | RSI supports positive momentum | Price is above 200 DMA,Poor,54,56
8.550000190734863,8.850000381469727,8.359999656677246,8.779999732971191,739713.0,8.789999961853027,-0.11376824715852996,7.57449996471405,6.646799983978272,6.665399985313416,6.103799992799759,8.090663009110648,7.599057836255658,7.020125685235473,66.09195008557035,0.5371428898402623,6.11780075371928,472525.1,1.5654469995350513,9.010000228881836,3.819999933242798,-2.552724640043524,129.8429289635576,43.844813777128415,True,6.449999809265137,9.010000228881836,Strong Uptrend,Strong Positive,No Breakout,AKSHOPTFBR,AKSHOPTFBR.NS,Aksh Optifibre Limited,,Unavailable,0,60,,78.0,52W High Watch,-3,75.0,9.09,9.28,9.09,8.47,10.16,10.97,0.62,1.07,1.88,1.74,3.04,52W High Breakout,Watch,Stock is near its rolling 52-week high. Entry requires breakout confirmation.,Below ₹8.47,1.74,Strong price trend | Strong positive momentum | Strong volume confirmation | RSI supports positive momentum | Price is above 200 DMA | Price is near 52-week high,Acceptable,67,56
356.79998779296875,369.04998779296875,341.0,369.04998779296875,1300799.0,351.5,4.992884151626953,347.4824966430664,310.6131997680664,250.74539962768554,193.21024971008302,345.67930161470576,341.6715734575612,311.8285269533527,56.199127042770456,16.846426827566965,4.564808937757653,1042369.1,1.2479255188972889,379.0,115.56999969482422,-2.6253330361560026,219.33026630396068,91.00952891823172,True,316.0,376.29998779296875,Strong Uptrend,Positive,Near Breakout,DIACABS,DIACABS.NS,Diamond Power Infrastructure Limited,,Unavailable,0,60,,78.0,52W High Watch,-3,75.0,381.53,387.42,381.53,362.15,415.22,440.49,19.37,33.69,58.96,1.74,3.04,52W High Breakout,Watch,Stock is near its rolling 52-week high. Entry requires breakout confirmation.,Below ₹362.15,1.74,Strong price trend | Positive momentum | Price is close to resistance | Volume is above average | RSI supports positive momentum | Price is above 200 DMA | Price is near 52-week high,Acceptable,67,56
601.0,636.9000244140625,599.0,632.5,563681.0,611.4500122070312,3.442634291066371,609.4350067138672,621.4110021972656,602.0434991455078,560.059499206543,611.8750353813725,611.6650979244552,611.5877386743956,58.33020391561315,18.317875453404017,2.8961067910520186,304683.5,1.8500542366094652,711.7000122070312,382.1000061035156,-11.128285913811705,65.53258044927848,12.934429448315065,True,584.2999877929688,643.9000244140625,Uptrend,Positive,Near Breakout,ABDL,ABDL.NS,Allied Blenders and Distillers Limited,,Unavailable,0,60,,79.0,Momentum Watch,-5,74.0,623.34,637.08,632.5,609.6,664.56,687.45,22.9,32.06,54.95,1.4,2.4,Momentum Trade,Watch,Positive trend and momentum. Prefer entry near current price or on a controlled pullback.,Below ₹609.60,1.4,Price is in an uptrend | Positive momentum | Price is close to resistance | Strong volume confirmation | RSI supports positive momentum | Price is above 200 DMA,Poor,59,60
366.20001220703125,368.8999938964844,355.70001220703125,363.0,205568.0,366.20001220703125,-0.8738427363082946,342.70999908447266,349.0439990234375,342.72049926757813,330.7162495422363,346.4259088746724,344.2413648075726,345.54040726678113,56.80086870471345,13.589281354631696,3.7436036789619003,139551.45,1.47306244399467,458.79998779296875,259.6499938964844,-20.880555872246017,39.80358503097772,9.76176722566536,True,315.0,369.3999938964844,Uptrend,Positive,Near Breakout,EVEREADY,EVEREADY.NS,Eveready Industries India Limited,,Unavailable,0,60,,79.0,Momentum Watch,-5,74.0,356.21,366.4,363.0,346.01,386.78,403.77,16.99,23.78,40.77,1.4,2.4,Momentum Trade,Watch,Positive trend and momentum. Prefer entry near current price or on a controlled pullback.,Below ₹346.01,1.4,Price is in an uptrend | Positive momentum | Price is close to resistance | Volume is above average | RSI supports positive momentum | Price is above 200 DMA,Poor,59,60
434.70001220703125,457.0,408.95001220703125,413.3999938964844,164355.0,440.25,-6.09880888211598,373.7175003051758,378.6820007324219,386.46900054931643,377.70125061035156,402.6869610069948,386.59744270969,380.92431540882615,67.19692139104565,21.217860630580358,5.132525627441911,108644.45,1.5127786094917872,494.8999938964844,272.8500061035156,-16.467973531041693,51.51181405495222,9.451581965493874,True,347.0,484.0,Uptrend,Strong Positive,No Breakout,GOACARBON,GOACARBON.NS,Goa Carbon Limited,,Unavailable,0,60,,79.0,Momentum Watch,-5,74.0,402.79,418.7,413.4,386.88,484.0,515.83,26.52,70.6,102.43,2.66,3.86,Momentum Trade,Watch,Positive trend and momentum. Prefer entry near current price or on a controlled pullback.,Below ₹386.88,2.66,Price is in an uptrend | Strong positive momentum | Strong volume confirmation | RSI supports positive momentum | Price is above 200 DMA,Strong,59,60
336.6000061035156,340.95001220703125,336.6000061035156,339.04998779296875,422556.0,337.29998779296875,0.5188259897222824,336.43999633789065,336.97099853515624,337.85999908447263,328.0308988189697,338.11868287770733,337.25390681340525,336.5761006916337,56.64061149582589,4.171439034598214,1.2303315690267433,289661.1,1.4587944325282203,411.29998779296875,240.39999389648438,-17.566253864409944,41.03577221343974,3.3591619001965216,True,332.8999938964844,342.79998779296875,Uptrend,Positive,Near Breakout,IIFLCAPS,IIFLCAPS.NS,IIFL Capital Services Limited,,Unavailable,0,60,,79.0,Momentum Watch,-5,74.0,336.96,340.09,339.05,333.84,346.35,351.56,5.21,7.3,12.51,1.4,2.4,Momentum Trade,Watch,Positive trend and momentum. Prefer entry near current price or on a controlled pullback.,Below ₹333.84,1.4,Price is in an uptrend | Positive momentum | Price is close to resistance | Volume is above average | RSI supports positive momentum | Price is above 200 DMA,Poor,59,60
435.0,455.8999938964844,433.8500061035156,452.3500061035156,7424.0,435.0,3.988507150233467,424.24749755859375,422.2899981689453,421.68519927978514,359.9029496765137,433.1029788715723,426.9237595500619,421.65581573157425,76.6004441779676,13.735715593610491,3.0365237997735792,4780.5,1.5529756301642088,489.8999938964844,215.0,-7.664827160806833,110.39535167605379,25.68666261560089,True,405.70001220703125,452.70001220703125,Strong Uptrend,Strong Positive,Near Breakout,SOFTTECH,SOFTTECH.NS,Softtech Engineers Limited,,Unavailable,0,60,,79.0,Momentum Watch,-5,74.0,445.48,455.78,452.35,435.18,476.39,493.56,17.17,24.04,41.21,1.4,2.4,Momentum Trade,Watch,Positive trend and momentum. Prefer entry near current price or on a controlled pullback.,Below ₹435.18,1.4,Strong price trend | Strong positive momentum | Price is close to resistance | Strong volume confirmation | RSI indicates overbought conditions | Price is above 200 DMA,Poor,59,60
1.0,1.0099999904632568,0.9800000190734863,1.0099999904632568,6790419.0,0.9700000286102295,4.123707285899503,0.8330000072717667,0.8405999994277954,0.8871000033617019,0.9574999994039536,0.8964637652864345,0.8577716660636608,0.8538720597900521,88.88889624748916,0.027857133320399692,2.758132037963927,3221502.95,2.107841931356915,1.5099999904632568,0.75,-33.11258299058689,34.66666539510091,5.483027790285602,True,0.7799999713897705,0.9700000286102295,Sideways,Strong Positive,Confirmed Breakout,RCOM,RCOM.NS,Reliance Communications Limited,,Unavailable,0,60,,81.0,Strong Breakout Watch,-8,73.0,1.04,1.05,1.04,1.01,1.1,1.14,0.03,0.06,0.1,1.74,3.04,Breakout Trade,Strong Setup,Confirmed breakout above resistance. Entry requires breakout confirmation.,Below ₹1.01,1.74,Strong positive momentum | Confirmed price breakout | Volume is more than 2x average | RSI indicates overbought conditions | Price is above 200 DMA,Acceptable,45,67
246.85000610351562,255.0,242.41000366210938,251.13999938964844,179922.0,246.9600067138672,1.692578782857046,233.55299911499023,230.4343994140625,234.28109970092774,241.52574981689452,241.52133294704493,236.5665923047616,233.3689664244175,83.651903015971,7.748571123395648,3.085359218852905,59715.05,3.0130092832543887,293.1099853515625,209.9600067138672,-14.318852328273412,19.613255552949763,3.980631290884171,True,225.10000610351562,250.19000244140625,Sideways,Strong Positive,Confirmed Breakout,SESHAPAPER,SESHAPAPER.NS,Seshasayee Paper and Boards Limited,,Unavailable,0,60,,81.0,Strong Breakout Watch,-8,73.0,260.05,262.76,260.05,251.14,275.55,287.17,8.91,15.5,27.12,1.74,3.04,Breakout Trade,Strong Setup,Confirmed breakout above resistance. Entry requires breakout confirmation.,Below ₹251.14,1.74,Strong positive momentum | Confirmed price breakout | Volume is more than 2x average | RSI indicates overbought conditions | Price is above 200 DMA,Acceptable,45,67
257.0,257.0,239.08999633789062,244.1300048828125,47854.0,258.17999267578125,-5.441935158241529,230.51449966430664,224.26179931640624,219.28419982910157,204.16915000915526,241.96797214272243,234.2774110807317,226.19621622650718,65.80368161779502,12.925713675362724,5.2946026366432655,35484.35,1.3485945212466905,265.0,147.25999450683594,-7.875469855542453,65.78162025632818,19.57242554610495,True,210.41000366210938,265.0,Strong Uptrend,Strong Positive,No Breakout,JAYAGROGN,JAYAGROGN.NS,Jayant Agro Organics Limited,,Unavailable,0,60,,78.0,Momentum Watch,-5,73.0,237.67,247.36,244.13,227.97,266.75,282.91,16.16,22.62,38.78,1.4,2.4,Momentum Trade,Watch,Positive trend and momentum. Prefer entry near current price or on a controlled pullback.,Below ₹227.97,1.4,Strong price trend | Strong positive momentum | Volume is above average | RSI supports positive momentum | Price is above 200 DMA,Poor,67,67
339.25,344.1000061035156,335.75,343.1499938964844,2957954.0,342.45001220703125,0.20440404862065442,336.6675033569336,333.8060009765625,310.723000793457,287.6391508483887,338.28386966216607,336.7998475858827,329.67532987437335,53.26686831477383,8.300003051757812,2.4187682352871076,2188729.25,1.351448106247038,355.79998779296875,233.4199981689453,-3.5553665909187986,47.00968065646132,19.298778655258523,True,326.3999938964844,348.0,Strong Uptrend,Positive,Near Breakout,JSWINFRA,JSWINFRA.NS,JSW Infrastructure Limited,,Unavailable,0,60,,78.0,Momentum Watch,-5,73.0,339.0,345.22,343.15,332.77,357.67,368.05,10.38,14.53,24.9,1.4,2.4,Momentum Trade,Watch,Positive trend and momentum. Prefer entry near current price or on a controlled pullback.,Below ₹332.77,1.4,Strong price trend | Positive momentum | Price is close to resistance | Volume is above average | RSI supports positive momentum | Price is above 200 DMA,Poor,67,67
180.99000549316406,180.99000549316406,166.38999938964844,169.63999938964844,85705.0,175.13999938964844,-3.140344877907475,157.60899810791017,150.1867988586426,125.8707999420166,98.62484998703003,163.49573837246794,158.93903171567976,147.85907713914685,69.5167404332818,8.35214124407087,4.923450409173088,43710.9,1.9607237554019705,180.99000549316406,56.0,-6.271067881670578,202.92857033865795,72.00533071731665,True,145.64999389648438,175.13999938964844,Strong Uptrend,Strong Positive,No Breakout,KANORICHEM,KANORICHEM.NS,Kanoria Chemicals & Industries Limited,,Unavailable,0,60,,78.0,Momentum Watch,-5,73.0,165.46,171.73,169.64,159.2,184.26,194.7,10.44,14.62,25.06,1.4,2.4,Momentum Trade,Watch,Positive trend and momentum. Prefer entry near current price or on a controlled pullback.,Below ₹159.20,1.4,Strong price trend | Strong positive momentum | Strong volume confirmation | RSI supports positive momentum | Price is above 200 DMA,Poor,67,67
123.9000015258789,129.8000030517578,121.52999877929688,128.52999877929688,734495.0,124.37000274658203,3.3448548209742412,123.35499954223633,122.10419982910156,114.21869987487793,118.46815006256104,124.30259009459789,123.0693863936003,120.50717897578303,56.775291754005025,4.967143467494419,3.8645790980078245,565944.4,1.297821835501862,182.82000732421875,94.19999694824219,-29.695879209020198,36.44373985480824,8.493294367661134,True,115.11000061035156,133.27999877929688,Strong Uptrend,Positive,No Breakout,MANAKCOAT,MANAKCOAT.NS,Manaksia Coated Metals & Industries Limited,,Unavailable,0,60,,78.0,Momentum Watch,-5,73.0,126.05,129.77,128.53,122.32,137.22,143.43,6.21,8.69,14.9,1.4,2.4,Momentum Trade,Watch,Positive trend and momentum. Prefer entry near current price or on a controlled pullback.,Below ₹122.32,1.4,Strong price trend | Positive momentum | Volume is above average | RSI supports positive momentum | Price is above 200 DMA,Poor,67,67
2390.0,2411.0,2274.39990234375,2373.0,409164.0,2388.89990234375,-0.6655742389269026,2224.859997558594,2139.976005859375,1978.4110009765625,1617.869499206543,2258.5654479991163,2212.8104543484897,2125.23540049405,62.40235012327807,92.83572823660714,3.91216722446722,228050.0,1.7941854856391142,2483.89990234375,966.7000122070312,-4.464749253345815,145.47429089012894,46.674376466321796,True,2049.5,2483.89990234375,Strong Uptrend,Strong Positive,No Breakout,NEOGEN,NEOGEN.NS,Neogen Chemicals Limited,,Unavailable,0,60,,78.0,Momentum Watch,-5,73.0,2326.58,2396.21,2373.0,2256.96,2535.46,2651.51,116.04,162.46,278.51,1.4,2.4,Momentum Trade,Watch,Positive trend and momentum. Prefer entry near current price or on a controlled pullback.,Below ₹2256.96,1.4,Strong price trend | Strong positive momentum | Strong volume confirmation | RSI supports positive momentum | Price is above 200 DMA,Poor,67,67
31.0,36.689998626708984,29.969999313354492,33.22999954223633,438095.0,30.579999923706055,8.665793411189494,31.264000129699706,32.84460010528564,31.813300094604493,31.164950075149537,31.262390493816774,31.549950540567785,32.04283766688402,69.43941547532123,1.9378570829119002,5.831649442091702,34324.7,12.763257945444535,40.79999923706055,25.299999237060547,-18.553921167596577,31.34387566921176,6.626192123225732,True,29.600000381469727,35.54999923706055,Uptrend,Positive,No Breakout,NIBL,NIBL.NS,NRB Industrial Bearings Limited,,Unavailable,0,60,,78.0,Momentum Watch,-5,73.0,32.26,33.71,33.23,30.81,36.62,39.04,2.42,3.39,5.81,1.4,2.4,Momentum Trade,Watch,Positive trend and momentum. Prefer entry near current price or on a controlled pullback.,Below ₹30.81,1.4,Price is in an uptrend | Positive momentum | Volume is more than 2x average | RSI supports positive momentum | Price is above 200 DMA,Poor,67,67
5.659999847412109,5.829999923706055,5.380000114440918,5.829999923706055,760515.0,5.559999942779541,4.856114814841805,5.308499979972839,4.996800003051757,4.610199997425079,4.714374997615814,5.480481602365034,5.360390474818449,5.077129561586698,67.85714772282947,0.27357132094247,4.692475549271779,433256.55,1.7553456491309827,6.831500053405762,3.200500011444092,-14.660032523902583,82.1590346152041,23.664322983522563,True,4.880000114440918,5.96999979019165,Strong Uptrend,Strong Positive,No Breakout,SIKKO,SIKKO.NS,Sikko Industries Limited,,Unavailable,0,60,,78.0,Momentum Watch,-5,73.0,5.69,5.9,5.83,5.49,6.31,6.65,0.34,0.48,0.82,1.4,2.4,Momentum Trade,Watch,Positive trend and momentum. Prefer entry near current price or on a controlled pullback.,Below ₹5.49,1.4,Strong price trend | Strong positive momentum | Strong volume confirmation | RSI supports positive momentum | Price is above 200 DMA,Poor,67,67
84.5,87.58999633789062,84.29000091552734,86.0,3491875.0,85.63999938964844,0.420365031430725,80.98400001525879,79.0518002319336,72.73270000457764,73.68274999618531,83.08089119830481,81.47162521932084,78.6435732742877,67.40530196646446,3.1642853873116628,3.6794016131530967,2422969.75,1.4411550123562211,95.0,54.439998626708984,-9.473684210526317,57.97208333838433,16.716599210062572,True,77.66000366210938,95.0,Strong Uptrend,Strong Positive,No Breakout,SMCGLOBAL,SMCGLOBAL.NS,SMC Global Securities Limited,,Unavailable,0,60,,78.0,Momentum Watch,-5,73.0,84.42,86.79,86.0,82.04,95.0,95.49,3.96,9.0,9.49,2.28,2.4,Momentum Trade,Watch,Positive trend and momentum. Prefer entry near current price or on a controlled pullback.,Below ₹82.04,2.28,Strong price trend | Strong positive momentum | Volume is above average | RSI supports positive momentum | Price is above 200 DMA,Strong,67,67
125.30000305175781,126.5,124.0,125.5,31941.0,126.30999755859375,-0.6412774714986469,123.20000038146972,124.65519989013671,124.14919982910156,124.3540998840332,124.09419103712855,123.80864985043007,123.82010721870768,59.46453745929973,3.9021432059151784,3.1092774549124926,15466.5,2.065173116089613,159.99000549316406,93.0,-21.55760004310877,34.946236559139784,0.9214815732134356,True,119.48999786376953,129.49000549316406,Uptrend,Positive,No Breakout,VRAJ,VRAJ.NS,Vraj Iron and Steel Limited,,Unavailable,0,60,,78.0,Momentum Watch,-5,73.0,123.55,126.48,125.5,120.62,132.33,137.21,4.88,6.83,11.71,1.4,2.4,Momentum Trade,Watch,Positive trend and momentum. Prefer entry near current price or on a controlled pullback.,Below ₹120.62,1.4,Price is in an uptrend | Positive momentum | Volume is more than 2x average | RSI supports positive momentum | Price is above 200 DMA | Price is near 200 DMA,Poor,67,67
707.2000122070312,759.5499877929688,697.4000244140625,749.1500244140625,1159874.0,707.25,5.924358347693537,635.3399978637696,575.095,561.7759991455079,535.4977503967285,685.294429763832,643.3756499259839,596.0650332218083,79.37362159475663,35.15000261579241,4.691984445076206,918755.35,1.2624405398020269,759.5499877929688,422.0,-1.3692269825618084,77.52370246778733,39.89788451194196,True,501.95001220703125,749.7999877929688,Strong Uptrend,Strong Positive,Near Breakout,SOLARA,SOLARA.NS,Solara Active Pharma Sciences Limited,,Unavailable,0,60,,76.0,52W High Watch,-3,73.0,764.82,777.12,764.82,724.4,835.12,887.85,40.42,70.3,123.03,1.74,3.04,52W High Breakout,Watch,Stock is near its rolling 52-week high. Entry requires breakout confirmation.,Below ₹724.40,1.74,Strong price trend | Strong positive momentum | Price is close to resistance | Volume is above average | RSI indicates overbought conditions | Price is above 200 DMA | Price is near 52-week high,Acceptable,86,67
1085.699951171875,1124.8499755859375,1060.550048828125,1113.75,35432.0,1085.699951171875,2.583591239720384,969.1599914550782,839.0899963378906,773.2919989013672,775.4384997558594,1035.9960716248643,973.217043701645,876.4770778251901,75.3699587091405,51.38927786690848,4.614076576153399,29114.65,1.2169818287357053,1134.699951171875,584.0999755859375,-1.846298763848424,90.67797407160414,43.62841158269227,True,812.0,1134.699951171875,Strong Uptrend,Strong Positive,Near Breakout,YUKEN,YUKEN.NS,Yuken India Limited,,Unavailable,0,60,,76.0,52W High Watch,-3,73.0,1142.41,1160.39,1142.41,1083.31,1245.19,1322.27,59.1,102.78,179.86,1.74,3.04,52W High Breakout,Watch,Stock is near its rolling 52-week high. Entry requires breakout confirmation.,Below ₹1083.31,1.74,Strong price trend | Strong positive momentum | Price is close to resistance | Volume is above average | RSI indicates overbought conditions | Price is above 200 DMA | Price is near 52-week high,Acceptable,86,67
417.8500061035156,469.0,414.54998779296875,463.45001220703125,10401534.0,417.45001220703125,11.019283424331693,376.9125015258789,381.56099975585937,385.7770001220703,368.42050018310545,406.93287573127196,389.1526744553819,382.3194672036209,91.94474483361198,20.046432495117188,4.325478901090652,926456.55,11.227222690583815,469.0,242.25,-1.183366267157516,91.31063455398606,25.79376337003397,True,349.25,444.0,Uptrend,Strong Positive,Confirmed Breakout,SMSPHARMA,SMSPHARMA.NS,SMS Pharmaceuticals Limited,,Unavailable,0,60,,80.0,Strong Breakout Watch,-8,72.0,472.01,479.02,472.01,448.95,512.1,542.17,23.05,40.09,70.16,1.74,3.04,Breakout Trade,Strong Setup,Confirmed breakout above resistance. Entry requires breakout confirmation.,Below ₹448.95,1.74,Price is in an uptrend | Strong positive momentum | Confirmed price breakout | Volume is more than 2x average | RSI indicates overbought conditions | Price is above 200 DMA | Price is near 52-week high,Acceptable,54,90
188.00999450683594,206.63999938964844,186.9600067138672,206.63999938964844,41410.0,196.8000030517578,4.9999980616376005,202.24700012207032,177.31780029296874,160.89910018920898,155.02650047302245,208.69020496104935,204.33434621463513,186.73502180337252,58.45140887772728,12.230712890625,5.918850622701702,18099.3,2.287933787494544,284.20001220703125,92.31666564941406,-27.29064373188086,123.83823975444892,33.29333937045668,True,157.10000610351562,246.5,Strong Uptrend,Positive,No Breakout,UEL,UEL.NS,Ujaas Energy Limited,,Unavailable,0,60,,77.0,Momentum Watch,-5,72.0,200.52,209.7,206.64,191.35,246.5,264.85,15.29,39.86,58.21,2.61,3.81,Momentum Trade,Watch,Positive trend and momentum. Prefer entry near current price or on a controlled pullback.,Below ₹191.35,2.61,Strong price trend | Positive momentum | Volume is more than 2x average | RSI supports positive momentum | Price is above 200 DMA,Strong,82,90
1629.9000244140625,1691.5,1600.0999755859375,1674.699951171875,352268.0,1640.300048828125,2.0971713296189964,1648.3400024414063,1554.6319995117187,1364.3239990234374,1176.8775033569336,1648.9963037631244,1634.2668874364902,1544.7189085896152,57.09648452653543,58.385716029575896,3.4863389103654274,232744.0,1.513542776612931,1717.0,726.4500122070312,-2.463602144911182,130.53202877428015,42.300277335147385,True,1572.199951171875,1717.0,Strong Uptrend,Positive,No Breakout,AETHER,AETHER.NS,Aether Industries Limited,,Unavailable,0,60,,75.0,52W High Watch,-3,72.0,1725.76,1746.19,1725.76,1658.61,1842.53,1930.11,67.14,116.77,204.35,1.74,3.04,52W High Breakout,Watch,Stock is near its rolling 52-week high. Entry requires breakout confirmation.,Below ₹1658.61,1.74,Strong price trend | Positive momentum | Strong volume confirmation | RSI supports positive momentum | Price is above 200 DMA | Price is near 52-week high,Acceptable,104,90
970.0,981.9000244140625,931.0,968.75,204430.0,968.2000122070312,0.056805183436736684,900.2725006103516,894.4460021972657,863.7015008544922,789.9702496337891,933.6553974845219,912.2938894255869,887.7362467497567,66.54121283173092,43.96429007393973,4.538249297955069,138541.4,1.475587802635169,992.5999755859375,574.0,-2.4027781757559206,68.77177700348433,22.631200409013992,True,816.0,992.5999755859375,Strong Uptrend,Strong Positive,No Breakout,KSL,KSL.NS,Kalyani Steels Limited,,Unavailable,0,60,,75.0,52W High Watch,-3,72.0,999.19,1014.58,999.19,948.64,1087.12,1153.07,50.56,87.93,153.88,1.74,3.04,52W High Breakout,Watch,Stock is near its rolling 52-week high. Entry requires breakout confirmation.,Below ₹948.64,1.74,Strong price trend | Strong positive momentum | Volume is above average | RSI supports positive momentum | Price is above 200 DMA | Price is near 52-week high,Acceptable,104,90
81.72000122070312,84.5999984741211,81.19999694824219,84.2300033569336,16781160.0,83.05000305175781,1.4208311400547347,71.80400009155274,71.35100006103515,62.732399787902835,49.338699865341184,77.5775697266003,73.89255627812966,69.74176446820893,80.66525731818581,2.9535718645368303,3.5065555583807297,12873213.45,1.3035719531241052,84.5999984741211,30.0,-0.4373464821050564,180.7666778564453,70.71792241550816,True,65.0,83.5,Strong Uptrend,Strong Positive,Breakout - Volume Confirmation Required,PAISALO,PAISALO.NS,Paisalo Digital Limited,,Unavailable,0,60,,75.0,52W High Watch,-3,72.0,85.04,86.08,85.04,81.65,90.95,95.38,3.4,5.91,10.34,1.74,3.04,52W High Breakout,Watch,Stock is near its rolling 52-week high. Entry requires breakout confirmation.,Below ₹81.65,1.74,Strong price trend | Strong positive momentum | Breakout requires volume confirmation | Volume is above average | RSI indicates overbought conditions | Price is above 200 DMA | Price is near 52-week high,Acceptable,104,90
870.0,897.4500122070312,830.0,897.4000244140625,2409510.0,854.75,4.989765944903479,711.977505493164,625.8870037841797,559.2561999511719,352.3013998413086,800.2501003209892,735.3393947675986,652.051658456534,85.69541211744804,45.092860630580354,5.024833898352381,1650444.1,1.4599161522647146,897.4500122070312,84.5999984741211,-0.0055699807553424375,960.7565491724857,154.72508051863812,True,601.0,897.2999877929688,Strong Uptrend,Strong Positive,Breakout - Volume Confirmation Required,STLTECH,STLTECH.NS,Sterlite Technologies Limited,,Unavailable,0,60,,75.0,52W High Watch,-3,72.0,904.21,920.0,904.21,852.36,994.4,1062.04,51.86,90.19,157.83,1.74,3.04,52W High Breakout,Watch,Stock is near its rolling 52-week high. Entry requires breakout confirmation.,Below ₹852.36,1.74,Strong price trend | Strong positive momentum | Breakout requires volume confirmation | Volume is above average | RSI indicates overbought conditions | Price is above 200 DMA | Price is near 52-week high,Acceptable,104,90
1560.9000244140625,1614.9000244140625,1531.0,1610.0,296742.0,1568.0999755859375,2.6720250664123757,1513.1600036621094,1370.6580053710939,1211.9100091552734,1052.1932537841797,1550.6560170177395,1503.8612848766438,1389.6325704029334,62.81873341658114,65.84286934988839,4.089619214278782,224684.6,1.3207046677876455,1652.800048828125,695.0,-2.5895478922856556,131.65467625899282,53.013716274048136,True,1421.199951171875,1652.800048828125,Strong Uptrend,Strong Positive,No Breakout,UNIMECH,UNIMECH.NS,Unimech Aerospace and Manufacturing Limited,,Unavailable,0,60,,75.0,52W High Watch,-3,72.0,1662.68,1685.72,1662.68,1586.96,1794.36,1893.13,75.72,131.69,230.45,1.74,3.04,52W High Breakout,Watch,Stock is near its rolling 52-week high. Entry requires breakout confirmation.,Below ₹1586.96,1.74,Strong price trend | Strong positive momentum | Volume is above average | RSI supports positive momentum | Price is above 200 DMA | Price is near 52-week high,Acceptable,104,90
877.4000244140625,889.8499755859375,866.0,872.0,482620.0,884.4000244140625,-1.402083228375961,837.6825103759766,750.6360070800781,663.510004272461,613.9637522888183,851.5186630220543,829.3507536840106,765.0175172642181,61.78474734533123,37.89644077845982,4.345922107621539,392861.65,1.2284731787895304,896.0,462.0,-2.6785714285714284,88.74458874458875,42.02792864387168,True,795.5999755859375,896.0,Strong Uptrend,Strong Positive,No Breakout,VARROC,VARROC.NS,Varroc Engineering Limited,,Unavailable,0,60,,75.0,52W High Watch,-3,72.0,901.68,914.95,901.68,858.1,977.48,1034.32,43.58,75.79,132.64,1.74,3.04,52W High Breakout,Watch,Stock is near its rolling 52-week high. Entry requires breakout confirmation.,Below ₹858.10,1.74,Strong price trend | Strong positive momentum | Volume is above average | RSI supports positive momentum | Price is above 200 DMA | Price is near 52-week high,Acceptable,104,90
35.0,38.25,33.11000061035156,36.459999084472656,385169.0,34.880001068115234,4.529810687998359,30.444000148773192,28.602000045776368,28.915100040435792,30.303849954605102,32.367598169997024,30.879950447934306,29.54515689016542,74.09439679213712,2.648571559361049,7.2643215191110775,86132.15,4.471837751640938,79.48999786376953,22.799999237060547,-54.13259521410727,59.91228203730942,20.3147426452065,True,25.700000762939453,34.880001068115234,Sideways,Strong Positive,Confirmed Breakout,MANGALAM,MANGALAM.NS,Mangalam Drugs And Organics Limited,,Unavailable,0,60,,79.0,Strong Breakout Watch,-8,71.0,39.51,40.43,39.51,36.46,44.8,48.78,3.05,5.3,9.27,1.74,3.04,Breakout Trade,Strong Setup,Confirmed breakout above resistance. Entry requires breakout confirmation.,Below ₹36.46,1.74,Strong positive momentum | Confirmed price breakout | Volume is more than 2x average | RSI indicates overbought conditions | Price is above 200 DMA,Acceptable,59,98
1208.300048828125,1237.699951171875,1181.0,1226.699951171875,1813.0,1228.9000244140625,-0.17902784591744547,1213.5999938964844,1217.7279931640626,1217.7539978027344,1211.1357479858398,1221.6994954364018,1218.784042578242,1219.4761710839568,55.10850298131982,40.642857142857146,3.3131864971569245,929.9,1.949672007742768,1457.5999755859375,950.0,-15.841110612069235,29.12631064967105,1.2850915524472821,True,1140.4000244140625,1260.4000244140625,Uptrend,Positive,No Breakout,APOLSINHOT,APOLSINHOT.NS,Apollo Sindoori Hotels Limited,,Unavailable,0,60,,76.0,Momentum Watch,-5,71.0,1206.38,1236.86,1226.7,1175.9,1297.82,1348.63,50.8,71.12,121.93,1.4,2.4,Momentum Trade,Watch,Positive trend and momentum. Prefer entry near current price or on a controlled pullback.,Below ₹1175.90,1.4,Price is in an uptrend | Positive momentum | Strong volume confirmation | RSI supports positive momentum | Price is above 200 DMA | Price is near 200 DMA,Poor,86,98
210.10000610351562,222.0,205.25,217.22999572753906,61940.0,213.61000061035156,1.6946749247900517,199.16799850463866,189.9373992919922,186.14379974365235,181.8809999847412,208.4986536643236,201.71983000414582,193.71052985445633,78.12225638896457,8.595714024135045,3.956964596600291,36300.65,1.7063055344739004,295.0,125.0,-26.36271331269862,73.78399658203125,19.435232787241898,True,184.00999450683594,228.1999969482422,Strong Uptrend,Strong Positive,No Breakout,CHEMCON,CHEMCON.NS,Chemcon Speciality Chemicals Limited,,Unavailable,0,60,,76.0,Momentum Watch,-5,71.0,212.93,219.38,217.23,206.49,232.27,243.02,10.74,15.04,25.79,1.4,2.4,Momentum Trade,Watch,Positive trend and momentum. Prefer entry near current price or on a controlled pullback.,Below ₹206.49,1.4,Strong price trend | Strong positive momentum | Strong volume confirmation | RSI indicates overbought conditions | Price is above 200 DMA,Poor,86,98
140.77999877929688,142.6199951171875,135.8000030517578,140.52999877929688,16480.0,140.77999877929688,-0.177582044443636,135.17250137329103,138.31260131835938,139.3071002960205,134.27525005340576,137.76395667911137,136.67411319470258,137.51461063901294,64.30375991433459,3.6678575788225447,2.6100175127610545,11493.0,1.4339162968763595,274.79998779296875,95.30000305175781,-48.86098798331439,47.4606445741397,4.658154591708745,True,131.0,144.72999572753906,Uptrend,Strong Positive,No Breakout,CYBERTECH,CYBERTECH.NS,Cybertech Systems And Software Limited,,Unavailable,0,60,,76.0,Momentum Watch,-5,71.0,138.7,141.45,140.53,135.95,146.95,151.53,4.58,6.42,11.0,1.4,2.4,Momentum Trade,Watch,Positive trend and momentum. Prefer entry near current price or on a controlled pullback.,Below ₹135.95,1.4,Price is in an uptrend | Strong positive momentum | Volume is above average | RSI supports positive momentum | Price is above 200 DMA,Poor,86,98
485.5,489.04998779296875,468.04998779296875,472.1000061035156,142861.0,483.1000061035156,-2.2769612628907754,457.8675018310547,463.5440008544922,446.2570007324219,435.59274978637694,466.8690465030613,463.1272954154979,458.7049882689788,60.381537278412544,19.396432059151785,4.108543064686765,102758.1,1.390265098323149,551.9500122070312,352.6000061035156,-14.466890902715415,33.89109413824497,8.381052332721916,True,425.04998779296875,492.70001220703125,Uptrend,Strong Positive,No Breakout,SANATHAN,SANATHAN.NS,Sanathan Textiles Limited,,Unavailable,0,60,,76.0,Momentum Watch,-5,71.0,462.4,476.95,472.1,447.85,506.04,530.29,24.25,33.94,58.19,1.4,2.4,Momentum Trade,Watch,Positive trend and momentum. Prefer entry near current price or on a controlled pullback.,Below ₹447.85,1.4,Price is in an uptrend | Strong positive momentum | Volume is above average | RSI supports positive momentum | Price is above 200 DMA,Poor,86,98
524.4000244140625,528.0999755859375,518.5,523.7999877929688,18998.0,517.0999755859375,1.2956899097586128,495.13000030517577,493.7290020751953,500.2685009765625,487.8840000915527,514.1307901842601,503.3530405521543,496.65917358423684,71.63605825900348,16.307146344866073,3.113239160920227,15424.8,1.231652922566257,636.5,382.3999938964844,-17.706207730876866,36.97698644178361,7.361583428576529,True,466.0,542.0,Strong Uptrend,Strong Positive,No Breakout,SRHHYPOLTD,SRHHYPOLTD.NS,Sree Rayalaseema Hi-Strength Hypo Limited,,Unavailable,0,60,,76.0,Momentum Watch,-5,71.0,515.65,527.88,523.8,503.42,552.34,572.72,20.38,28.54,48.92,1.4,2.4,Momentum Trade,Watch,Positive trend and momentum. Prefer entry near current price or on a controlled pullback.,Below ₹503.42,1.4,Strong price trend | Strong positive momentum | Volume is above average | RSI indicates overbought conditions | Price is above 200 DMA,Poor,86,98
170.0,170.8000030517578,166.0500030517578,168.44000244140625,26257.0,169.83999633789062,-0.824301652538395,151.59499893188476,148.39979949951172,143.5684992980957,146.05849941253663,159.1599912928575,154.4323998876332,149.45378141255964,75.2801746604838,7.321427481515067,4.3466085106843355,17153.45,1.5307124805797083,179.3699951171875,119.05000305175781,-6.093545728559771,41.486768688427325,15.323656698439656,True,142.2100067138672,172.5,Strong Uptrend,Strong Positive,No Breakout,STARPAPER,STARPAPER.NS,Star Paper Mills Limited,,Unavailable,0,60,,76.0,Momentum Watch,-5,71.0,164.78,170.27,168.44,159.29,181.25,190.4,9.15,12.81,21.96,1.4,2.4,Momentum Trade,Watch,Positive trend and momentum. Prefer entry near current price or on a controlled pullback.,Below ₹159.29,1.4,Strong price trend | Strong positive momentum | Strong volume confirmation | RSI indicates overbought conditions | Price is above 200 DMA,Poor,86,98
14.539999961853027,17.200000762939453,14.010000228881836,17.200000762939453,1455188.0,14.34000015258789,19.944216038487482,13.940999984741211,14.191600017547607,14.956699962615966,14.917149982452393,14.64861064340341,14.236363035453188,14.29879123200203,82.48588615749672,0.9121429579598563,5.3031564970929255,89258.4,16.303093042223477,21.0,12.130000114440918,-18.09523446219308,41.79720198405139,15.30353172806108,True,13.0,15.25,Sideways,Strong Positive,Confirmed Breakout,ASHOKAMET,ASHOKAMET.NS,Ashoka Metcast Limited,,Unavailable,0,60,,78.0,Strong Breakout Watch,-8,70.0,18.25,18.57,18.25,17.2,20.07,21.44,1.05,1.82,3.19,1.74,3.04,Breakout Trade,Strong Setup,Confirmed breakout above resistance. Entry requires breakout confirmation.,Below ₹17.20,1.74,Strong positive momentum | Confirmed price breakout | Volume is more than 2x average | RSI indicates overbought conditions | Price is above 200 DMA,Acceptable,67,107
1948.0,2044.4000244140625,1909.4000244140625,2020.0999755859375,301736.0,1949.0999755859375,3.6427069359875164,1667.3850036621093,1684.4260083007812,1568.2460021972656,1348.079500427246,1822.3883959381365,1727.065981002558,1656.209943212551,85.54993629647717,90.99286760602679,4.504374471844344,170549.1,1.7692031209780643,2044.4000244140625,890.0,-1.1886151701201209,126.97752534673454,49.85021098130402,True,1527.0999755859375,1998.0,Uptrend,Strong Positive,Confirmed Breakout,VENUSPIPES,VENUSPIPES.NS,Venus Pipes & Tubes Limited,,Unavailable,0,60,,78.0,Strong Breakout Watch,-8,70.0,2058.05,2089.9,2058.05,1953.41,2240.03,2376.52,104.64,181.99,318.48,1.74,3.04,Breakout Trade,Strong Setup,Confirmed breakout above resistance. Entry requires breakout confirmation.,Below ₹1953.41,1.74,Price is in an uptrend | Strong positive momentum | Confirmed price breakout | Strong volume confirmation | RSI indicates overbought conditions | Price is above 200 DMA | Price is near 52-week high,Acceptable,67,107
105.5999984741211,114.94999694824219,104.12999725341797,107.41999816894531,316936.0,106.20999908447266,1.1392515722651542,89.95950012207031,87.81859985351562,85.54029983520508,78.92889995574951,98.73890138243799,93.22028718244012,88.9449857381352,76.18375184489443,6.645713261195591,6.186662981266779,113189.45,2.8000489444908516,124.5999984741211,60.0,-13.788122404145934,79.03333028157552,36.09716875462469,True,82.05000305175781,124.5999984741211,Strong Uptrend,Strong Positive,No Breakout,BALPHARMA,BALPHARMA.NS,Bal Pharma Limited,,Unavailable,0,60,,75.0,Momentum Watch,-5,70.0,104.1,109.08,107.42,99.11,124.6,127.36,8.31,17.18,19.94,2.07,2.4,Momentum Trade,Watch,Positive trend and momentum. Prefer entry near current price or on a controlled pullback.,Below ₹99.11,2.07,Strong price trend | Strong positive momentum | Volume is more than 2x average | RSI indicates overbought conditions | Price is above 200 DMA,Strong,104,107
741.0,808.4000244140625,740.0,800.7999877929688,1663788.0,744.8499755859375,7.511581397719458,753.6375030517578,790.1550024414063,851.8940026855469,685.6965014648438,759.6143603759622,758.9912781624885,786.5624070404458,58.58310926483272,30.042859758649552,3.7516059211550026,414230.9,4.016571433951451,1103.0,443.04998779296875,-27.398006546421687,80.7470962322138,16.78636044988286,True,709.1500244140625,841.0,Uptrend,Positive,No Breakout,BBOX,BBOX.NS,Black Box Limited,,Unavailable,0,60,,75.0,Momentum Watch,-5,70.0,785.78,808.31,800.8,763.25,853.37,890.93,37.55,52.58,90.13,1.4,2.4,Momentum Trade,Watch,Positive trend and momentum. Prefer entry near current price or on a controlled pullback.,Below ₹763.25,1.4,Price is in an uptrend | Positive momentum | Volume is more than 2x average | RSI supports positive momentum | Price is above 200 DMA,Poor,104,107
1660.0,1677.5,1563.0999755859375,1572.9000244140625,2916939.0,1626.4000244140625,-3.2894736348318854,1432.2400024414062,1313.7580029296876,1206.489501953125,1062.1260006713867,1506.9788757255792,1441.9673358872085,1339.695476265377,67.71705944538444,64.12144252232143,4.076638154176899,2165394.9,1.3470702272366117,1677.5,716.7999877929688,-6.235467993200447,119.43360089291166,48.089776864497004,True,1309.0999755859375,1663.300048828125,Strong Uptrend,Strong Positive,No Breakout,CHENNPETRO,CHENNPETRO.NS,Chennai Petroleum Corporation Limited,,Unavailable,0,60,,75.0,Momentum Watch,-5,70.0,1540.84,1588.93,1572.9,1492.75,1685.11,1765.26,80.15,112.21,192.36,1.4,2.4,Momentum Trade,Watch,Positive trend and momentum. Prefer entry near current price or on a controlled pullback.,Below ₹1492.75,1.4,Strong price trend | Strong positive momentum | Volume is above average | RSI supports positive momentum | Price is above 200 DMA,Poor,104,107
430.0,461.0,426.6499938964844,445.70001220703125,1336559.0,435.45001220703125,2.3538867178000578,390.5975051879883,405.36000366210936,395.9155017089844,379.86625045776367,420.07644975623725,404.4457821441339,398.6708706094256,81.55258537087386,17.23571559361049,3.8671113128900614,616829.55,2.1668206395105423,486.0,312.70001220703125,-8.292178558224023,42.53277736105231,17.330774100076958,True,360.75,454.0,Uptrend,Strong Positive,Near Breakout,IONEXCHANG,IONEXCHANG.NS,ION Exchange (India) Limited,,Unavailable,0,60,,75.0,Momentum Watch,-5,70.0,437.08,450.01,445.7,424.16,475.86,497.41,21.54,30.16,51.71,1.4,2.4,Momentum Trade,Watch,Positive trend and momentum. Prefer entry near current price or on a controlled pullback.,Below ₹424.16,1.4,Price is in an uptrend | Strong positive momentum | Price is close to resistance | Volume is more than 2x average | RSI indicates overbought conditions | Price is above 200 DMA,Poor,104,107
83.80000305175781,84.9000015258789,83.05000305175781,84.19999694824219,21676225.0,84.3499984741211,-0.17783228048893207,83.03899917602538,81.50139953613281,82.34029991149902,73.64999988555908,84.25982613721595,83.35176609484846,82.35680170682627,61.36364086741297,2.497858319963728,2.9665776846751712,16537423.0,1.3107377733519907,94.5,53.52000045776367,-10.899474128844245,57.32435767576314,14.324503841243988,True,79.5999984741211,87.5,Strong Uptrend,Positive,No Breakout,MAHABANK,MAHABANK.NS,Bank of Maharashtra,,Unavailable,0,60,,75.0,Momentum Watch,-5,70.0,82.95,84.82,84.2,81.08,88.57,91.69,3.12,4.37,7.49,1.4,2.4,Momentum Trade,Watch,Positive trend and momentum. Prefer entry near current price or on a controlled pullback.,Below ₹81.08,1.4,Strong price trend | Positive momentum | Volume is above average | RSI supports positive momentum | Price is above 200 DMA,Poor,104,107
873.0,904.0,819.0999755859375,866.0999755859375,4525404.0,876.4500122070312,-1.1809043843847733,738.8975006103516,624.5159985351562,586.2009982299804,494.76799911499023,806.8468189527226,746.7059756160776,660.9385372981767,72.44561565291761,51.37500435965402,5.931763746430958,1542131.75,2.9345119183234507,944.0,302.04998779296875,-8.25212123030323,186.74060936548693,75.0517368009173,True,570.7999877929688,944.0,Strong Uptrend,Strong Positive,No Breakout,MANINDS,MANINDS.NS,Man Industries (India) Limited,,Unavailable,0,60,,75.0,Momentum Watch,-5,70.0,840.41,878.94,866.1,801.88,956.01,1020.22,64.22,89.91,154.13,1.4,2.4,Momentum Trade,Watch,Positive trend and momentum. Prefer entry near current price or on a controlled pullback.,Below ₹801.88,1.4,Strong price trend | Strong positive momentum | Volume is more than 2x average | RSI indicates overbought conditions | Price is above 200 DMA,Poor,104,107
1773.5,1854.0999755859375,1725.9000244140625,1845.199951171875,171393.0,1743.5,5.833091549863778,1698.0899841308594,1453.8019946289062,1221.1599963378906,1005.8894989013672,1746.9479725119813,1673.3319576450247,1490.4340845054317,60.86542819160167,105.95000348772321,5.741925335540738,137824.4,1.2435606467359916,1943.699951171875,561.2999877929688,-5.067654600732661,228.73685930890542,83.4396276317829,True,1389.5999755859375,1943.699951171875,Strong Uptrend,Strong Positive,No Breakout,RPEL,RPEL.NS,Raghav Productivity Enhancers Limited,,Unavailable,0,60,,75.0,Momentum Watch,-5,70.0,1792.22,1871.69,1845.2,1712.76,2030.61,2163.05,132.44,185.41,317.85,1.4,2.4,Momentum Trade,Watch,Positive trend and momentum. Prefer entry near current price or on a controlled pullback.,Below ₹1712.76,1.4,Strong price trend | Strong positive momentum | Volume is above average | RSI supports positive momentum | Price is above 200 DMA,Poor,104,107
1590.0,1616.0999755859375,1571.4000244140625,1585.0,1170229.0,1591.0999755859375,-0.38338103698927206,1516.7699951171876,1396.1299975585937,1275.407498779297,1102.0807482910157,1583.8910441726498,1529.5003087658067,1421.398002770271,67.72045990352183,57.207144601004465,3.609283571041291,847907.85,1.380137004274698,1697.0,783.8499755859375,-6.599882144961697,102.20706121923307,43.81886286080597,True,1409.0,1697.0,Strong Uptrend,Strong Positive,No Breakout,SAILIFE,SAILIFE.NS,Sai Life Sciences Limited,,Unavailable,0,60,,75.0,Momentum Watch,-5,70.0,1556.4,1599.3,1585.0,1513.49,1697.0,1756.62,71.51,112.0,171.62,1.57,2.4,Momentum Trade,Watch,Positive trend and momentum. Prefer entry near current price or on a controlled pullback.,Below ₹1513.49,1.57,Strong price trend | Strong positive momentum | Volume is above average | RSI supports positive momentum | Price is above 200 DMA,Acceptable,104,107
197.0,204.8699951171875,192.3000030517578,198.92999267578125,15203480.0,196.32000732421875,1.329454591580248,175.68400115966796,175.12800048828126,157.14700004577637,152.28670001983642,182.82607106594298,177.68147094506162,170.9318720643619,77.15721553708491,7.637857709612165,3.8394701607718082,5373587.2,2.829298089737894,212.3300018310547,115.36000061035156,-6.310935355209701,72.4427805333513,30.62860555115399,True,165.99000549316406,212.3300018310547,Strong Uptrend,Strong Positive,No Breakout,SHAREINDIA,SHAREINDIA.NS,Share India Securities Limited,,Unavailable,0,60,,75.0,Momentum Watch,-5,70.0,195.11,200.84,198.93,189.38,212.33,221.84,9.55,13.4,22.91,1.4,2.4,Momentum Trade,Watch,Positive trend and momentum. Prefer entry near current price or on a controlled pullback.,Below ₹189.38,1.4,Strong price trend | Strong positive momentum | Volume is more than 2x average | RSI indicates overbought conditions | Price is above 200 DMA,Poor,104,107
2197.39990234375,2231.89990234375,2158.0,2192.60009765625,19444.0,2197.39990234375,-0.21843109587746934,2099.2050231933595,2024.5920092773438,1867.6640002441407,1776.507496948242,2139.8469104422284,2107.3519054137055,2023.2001857484765,72.40690118645085,60.914271763392854,2.7781751824469194,9248.0,2.1025086505190314,2286.60009765625,1443.5999755859375,-4.1109068479595265,51.884187776208826,23.421944541342434,True,1995.0,2246.39990234375,Strong Uptrend,Strong Positive,No Breakout,THEJO,THEJO.NS,Thejo Engineering Limited,,Unavailable,0,60,,75.0,Momentum Watch,-5,70.0,2162.14,2207.83,2192.6,2116.46,2299.2,2375.34,76.14,106.6,182.74,1.4,2.4,Momentum Trade,Watch,Positive trend and momentum. Prefer entry near current price or on a controlled pullback.,Below ₹2116.46,1.4,Strong price trend | Strong positive momentum | Volume is more than 2x average | RSI indicates overbought conditions | Price is above 200 DMA,Poor,104,107
133.0,146.0,126.41000366210938,128.89999389648438,5650401.0,133.13999938964844,-3.184621836113455,123.11949882507324,107.96819946289062,99.09169975280761,96.85014995574952,130.9601309462203,124.11037897413453,112.32019662060699,60.51574054840183,8.821428571428571,6.8436221793096355,3337228.1,1.6931419821138387,146.99000549316406,78.66999816894531,-12.306967086630243,63.84898550482892,33.09219857210166,True,108.30000305175781,146.99000549316406,Strong Uptrend,Positive,No Breakout,TNPETRO,TNPETRO.NS,Tamilnadu PetroProducts Limited,,Unavailable,0,60,,75.0,Momentum Watch,-5,70.0,124.49,131.11,128.9,117.87,146.99,155.36,11.03,18.09,26.46,1.64,2.4,Momentum Trade,Watch,Positive trend and momentum. Prefer entry near current price or on a controlled pullback.,Below ₹117.87,1.64,Strong price trend | Positive momentum | Strong volume confirmation | RSI supports positive momentum | Price is above 200 DMA,Acceptable,104,107
95.70999908447266,100.30000305175781,94.91999816894531,98.88999938964844,369808.0,95.70999908447266,3.3225371806441473,88.0400001525879,83.6333999633789,84.46020004272461,77.17160009384155,94.74560625133056,90.27135373959797,85.86508488006056,73.30698796304598,4.388572147914341,4.437832111437677,234225.8,1.578852543144265,101.29000091552734,50.310001373291016,-2.3694357825906542,96.56131323850046,28.14299466305878,True,74.5999984741211,101.29000091552734,Strong Uptrend,Strong Positive,No Breakout,AAREYDRUGS,AAREYDRUGS.NS,Aarey Drugs & Pharmaceuticals Limited,,Unavailable,0,60,,73.0,52W High Watch,-3,70.0,101.95,103.48,101.95,96.9,110.73,117.31,5.05,8.78,15.36,1.74,3.04,52W High Breakout,Watch,Stock is near its rolling 52-week high. Entry requires breakout confirmation.,Below ₹96.90,1.74,Strong price trend | Strong positive momentum | Strong volume confirmation | RSI indicates overbought conditions | Price is above 200 DMA | Price is near 52-week high,Acceptable,131,107
22.979999542236328,25.149999618530273,22.309999465942383,24.899999618530273,17663.0,22.8700008392334,8.876251442083106,23.179000091552734,23.271600074768067,25.940000076293945,26.165200033187865,23.363468579982523,23.217866815517606,23.725770934933678,64.62765478504912,1.5314284733363561,6.150315248184525,4935.8,3.5785485635560597,42.75,19.299999237060547,-41.754386857239126,29.015547164978152,-4.835431844789321,False,22.0,24.799999237060547,Downtrend,Strong Positive,Confirmed Breakout,NAGREEKCAP,NAGREEKCAP.NS,Nagreeka Capital & Infrastructure Limited,,Unavailable,0,60,,77.0,Strong Breakout Watch,-8,69.0,26.39,26.93,26.39,24.63,29.46,31.75,1.76,3.06,5.36,1.74,3.04,Breakout Trade,Strong Setup,Confirmed breakout above resistance. Entry requires breakout confirmation.,Below ₹24.63,1.74,Price trend is weak | Strong positive momentum | Confirmed price breakout | Volume is more than 2x average | RSI supports positive momentum | Price is below 200 DMA,Acceptable,82,129
289.6000061035156,298.3999938964844,281.29998779296875,295.1000061035156,1776446.0,291.8500061035156,1.1135857228138146,277.49999847412107,282.38919860839843,246.64409927368163,232.54409980773926,287.8395446396908,282.44834748828714,272.7519407253964,71.75441367402391,11.307146344866071,3.8316320267712,938501.85,1.892852954951554,311.489990234375,158.0,-5.26180122787478,86.77215576171875,26.900663722492112,True,258.29998779296875,300.70001220703125,Uptrend,Strong Positive,Near Breakout,AEGISVOPAK,AEGISVOPAK.NS,Aegis Vopak Terminals Limited,,Unavailable,0,60,,74.0,Momentum Watch,-5,69.0,289.45,297.93,295.1,280.97,314.89,329.02,14.13,19.79,33.92,1.4,2.4,Momentum Trade,Watch,Positive trend and momentum. Prefer entry near current price or on a controlled pullback.,Below ₹280.97,1.4,Price is in an uptrend | Strong positive momentum | Price is close to resistance | Strong volume confirmation | RSI indicates overbought conditions | Price is above 200 DMA,Poor,125,129
5.179999828338623,5.179999828338623,5.179999828338623,5.179999828338623,85364.0,5.079999923706055,1.9685020892601601,4.302999973297119,3.2636000061035157,2.6566000068187714,2.188500003218651,4.787722044403476,4.340786985476073,3.5685186530550213,,0.09642853055681501,1.8615547056445068,32985.95,2.587889692429656,5.179999828338623,1.2999999523162842,0.0,298.46153987229934,136.6917898432872,True,3.5,5.079999923706055,Strong Uptrend,Insufficient Data,Confirmed Breakout,IMPEXFERRO,IMPEXFERRO.NS,Impex Ferro Tech Limited,,Unavailable,0,60,,76.0,Strong Breakout Watch,-8,68.0,5.29,5.32,5.29,5.18,5.48,5.63,0.11,0.19,0.34,1.74,3.04,Breakout Trade,Strong Setup,Confirmed breakout above resistance. Entry requires breakout confirmation.,Below ₹5.18,1.74,Strong price trend | Confirmed price breakout | Volume is more than 2x average | Price is above 200 DMA | Price is near 52-week high,Acceptable,86,137
3.3299999237060547,3.3299999237060547,3.319999933242798,3.3299999237060547,2178546.0,3.2699999809265137,1.8348606461624728,2.7795000076293945,2.266599998474121,1.686199998855591,1.422499998807907,3.0852680056881874,2.832618148765642,2.36228866312997,,0.060714278902326314,1.8232516604611695,475284.4,4.583668220543321,3.3299999237060547,0.6800000071525574,0.0,389.70586598228846,134.09489817199884,True,2.319999933242798,3.2699999809265137,Strong Uptrend,Insufficient Data,Confirmed Breakout,SUPREMEENG,SUPREMEENG.NS,Supreme Engineering Limited,,Unavailable,0,60,,76.0,Strong Breakout Watch,-8,68.0,3.4,3.42,3.4,3.33,3.52,3.61,0.07,0.12,0.21,1.74,3.04,Breakout Trade,Strong Setup,Confirmed breakout above resistance. Entry requires breakout confirmation.,Below ₹3.33,1.74,Strong price trend | Confirmed price breakout | Volume is more than 2x average | Price is above 200 DMA | Price is near 52-week high,Acceptable,86,137
234.0,238.8000030517578,221.4199981689453,223.8699951171875,1450380.0,231.72999572753906,-3.39187880519064,205.44599990844728,205.61799957275392,181.83979934692383,167.80274971008302,216.83845245072993,210.08576767826858,199.9978678305402,69.32677105806617,12.446427481515068,5.559667553930053,861090.35,1.6843528672688064,248.8800048828125,103.52999877929688,-10.049023334518656,116.23683739669404,33.41259038005828,True,185.0,235.0,Uptrend,Strong Positive,No Breakout,IKIO,IKIO.NS,IKIO Technologies Limited,,Unavailable,0,60,,73.0,Momentum Watch,-5,68.0,217.65,226.98,223.87,208.31,245.65,261.21,15.56,21.78,37.34,1.4,2.4,Momentum Trade,Watch,Positive trend and momentum. Prefer entry near current price or on a controlled pullback.,Below ₹208.31,1.4,Price is in an uptrend | Strong positive momentum | Strong volume confirmation | RSI supports positive momentum | Price is above 200 DMA,Poor,131,137
595.2999877929688,634.0,561.6500244140625,627.9000244140625,40702.0,595.2999877929688,5.476236736028839,532.7074981689453,491.8089990234375,478.02099975585935,463.85624984741213,577.5019163867763,545.2775776248419,509.01116818513526,70.54828818986432,34.82143293108259,5.5456970181800695,26752.5,1.5214279039342118,650.0,357.29998779296875,-3.3999962439903846,75.73468957907947,35.36521812967129,True,487.0,650.0,Strong Uptrend,Strong Positive,No Breakout,NRAIL,NRAIL.NS,N R Agarwal Industries Limited,,Unavailable,0,60,,73.0,Momentum Watch,-5,68.0,610.49,636.61,627.9,584.37,688.84,732.36,43.53,60.94,104.46,1.4,2.4,Momentum Trade,Watch,Positive trend and momentum. Prefer entry near current price or on a controlled pullback.,Below ₹584.37,1.4,Strong price trend | Strong positive momentum | Strong volume confirmation | RSI indicates overbought conditions | Price is above 200 DMA,Poor,131,137
21.43000030517578,24.670000076293945,21.43000030517578,23.709999084472656,1605579.0,21.700000762939453,9.262664750528483,21.48400001525879,22.8553999710083,23.367299995422364,22.44955002784729,21.69875722670382,21.829991689106766,22.506764476944287,70.9774373550666,1.1157142094203405,4.705669559266267,233689.5,6.870565429768988,26.899999618530273,16.100000381469727,-11.858738212992986,47.267071569523985,5.614584947412555,True,19.260000228881836,26.600000381469727,Uptrend,Positive,No Breakout,PRIMO,PRIMO.NS,Primo Chemicals Limited,,Unavailable,0,60,,73.0,Momentum Watch,-5,68.0,23.15,23.99,23.71,22.32,26.6,27.06,1.39,2.89,3.35,2.07,2.4,Momentum Trade,Watch,Positive trend and momentum. Prefer entry near current price or on a controlled pullback.,Below ₹22.32,2.07,Price is in an uptrend | Positive momentum | Volume is more than 2x average | RSI indicates overbought conditions | Price is above 200 DMA,Strong,131,137
365.0,365.79998779296875,333.2699890136719,333.2699890136719,129115.0,370.29998779296875,-9.999999999999998,269.0599983215332,238.30279907226563,216.7695997619629,211.55229988098145,304.05042432998926,276.8116912365487,247.59683255273896,73.41541502104627,21.912858145577566,6.57510693069895,84677.65,1.524782513449535,400.0,165.25,-16.68250274658203,101.67624146061837,57.53550739045066,True,236.5,400.0,Strong Uptrend,Strong Positive,No Breakout,SREEL,SREEL.NS,Sreeleathers Limited,,Unavailable,0,60,,73.0,Momentum Watch,-5,68.0,322.31,338.75,333.27,305.88,400.0,432.87,27.39,66.73,99.6,2.44,3.64,Momentum Trade,Watch,Positive trend and momentum. Prefer entry near current price or on a controlled pullback.,Below ₹305.88,2.44,Strong price trend | Strong positive momentum | Strong volume confirmation | RSI indicates overbought conditions | Price is above 200 DMA,Strong,131,137
15.0,16.8700008392334,15.0,16.8700008392334,1521669.0,15.34000015258789,9.973928757669492,10.898500108718872,10.64080005645752,11.106700019836426,11.768250007629394,12.852701947454614,11.559838991741318,10.981309913116391,95.8500619952038,0.8907142366681781,5.279870731225486,310728.55,4.897100700917248,17.739999771118164,8.399999618530273,-4.90416540647976,100.83335244466475,43.35182230405135,True,9.670000076293945,15.550000190734863,Sideways,Strong Positive,Confirmed Breakout,ANMOL,ANMOL.NS,Anmol India Limited,,Unavailable,0,60,,75.0,Strong Breakout Watch,-8,67.0,17.87,18.19,17.87,16.85,19.66,20.99,1.02,1.78,3.12,1.74,3.04,Breakout Trade,Strong Setup,Confirmed breakout above resistance. Entry requires breakout confirmation.,Below ₹16.85,1.74,Strong positive momentum | Confirmed price breakout | Volume is more than 2x average | RSI indicates overbought conditions | Price is above 200 DMA,Acceptable,104,150
17200.0,17558.0,16686.0,17500.0,169196.0,17342.0,0.911082920078421,17206.05,15662.2,14710.125,12012.6225,17413.491060721135,17098.784430489828,16101.469957374857,57.5374531835206,642.2142857142857,3.6697959183673468,138164.8,1.2245955554526191,18465.0,6801.0,-5.226103438938532,157.3151007204823,45.68009608226681,True,16199.0,18395.0,Strong Uptrend,Positive,No Breakout,APARINDS,APARINDS.NS,Apar Industries Limited,,Unavailable,0,60,,72.0,Momentum Watch,-5,67.0,17178.89,17660.55,17500.0,16697.23,18623.88,19426.64,802.77,1123.88,1926.64,1.4,2.4,Momentum Trade,Watch,Positive trend and momentum. Prefer entry near current price or on a controlled pullback.,Below ₹16697.23,1.4,Strong price trend | Positive momentum | Volume is above average | RSI supports positive momentum | Price is above 200 DMA,Poor,143,150
15.079999923706055,15.199999809265137,14.84000015258789,14.970000267028809,547907103.0,14.899999618530273,0.469803022085169,14.633500003814698,13.890400009155274,13.633500022888184,12.044850044250488,14.985441261211687,14.63529155392626,14.10185573978041,59.259262166358816,0.5878572463989258,3.926902043506787,446336858.9,1.2275640966563248,15.789999961853027,7.300000190734863,-5.193158307822998,105.06849145057127,24.285484767613337,True,13.489999771118164,15.789999961853027,Strong Uptrend,Positive,No Breakout,IDEA,IDEA.NS,Vodafone Idea Limited,,Unavailable,0,60,,72.0,Momentum Watch,-5,67.0,14.68,15.12,14.97,14.24,16.0,16.73,0.73,1.03,1.76,1.4,2.4,Momentum Trade,Watch,Positive trend and momentum. Prefer entry near current price or on a controlled pullback.,Below ₹14.24,1.4,Strong price trend | Positive momentum | Volume is above average | RSI supports positive momentum | Price is above 200 DMA,Poor,143,150
82.0,82.0,79.0999984741211,80.1500015258789,9000.0,81.6500015258789,-1.837109579874996,78.916499710083,76.88859954833984,79.2891999053955,71.08179996490479,79.84881263147345,78.93270595458334,78.04774190667155,51.99517696159651,4.1435699462890625,5.1697690173482815,6540.9,1.3759574370499474,91.69999694824219,49.560001373291016,-12.595415274530916,61.72316243936491,12.75741689919411,True,73.69999694824219,88.8499984741211,Strong Uptrend,Positive,No Breakout,MITCON,MITCON.NS,MITCON Consultancy & Engineering Services Limited,,Unavailable,0,60,,72.0,Momentum Watch,-5,67.0,78.08,81.19,80.15,74.97,88.85,92.58,5.18,8.7,12.43,1.68,2.4,Momentum Trade,Watch,Positive trend and momentum. Prefer entry near current price or on a controlled pullback.,Below ₹74.97,1.68,Strong price trend | Positive momentum | Volume is above average | RSI supports positive momentum | Price is above 200 DMA,Acceptable,143,150
15.619999885559082,15.619999885559082,15.619999885559082,15.619999885559082,428405.0,15.930000305175781,-1.946016407268858,14.72950005531311,11.479200010299683,7.876800019741058,5.268250007629394,15.756094027015893,14.685689962683176,11.947520224656651,75.32133795836734,0.3250000136239188,2.0806659155253007,143020.05,2.99541917374522,17.239999771118164,2.009999990463257,-9.396751201082012,677.1144258542532,196.49314028260716,True,12.149999618530273,17.239999771118164,Strong Uptrend,Positive,No Breakout,VIJIFIN,VIJIFIN.NS,Viji Finance Limited,,Unavailable,0,60,,72.0,Momentum Watch,-5,67.0,15.46,15.7,15.62,15.21,17.24,17.73,0.41,1.62,2.11,3.99,5.19,Momentum Trade,Watch,Positive trend and momentum. Prefer entry near current price or on a controlled pullback.,Below ₹15.21,3.99,Strong price trend | Positive momentum | Volume is more than 2x average | RSI indicates overbought conditions | Price is above 200 DMA,Strong,143,150
411.0,423.5,409.54998779296875,422.25,7751875.0,413.20001220703125,2.190219633496593,393.4825012207031,394.96800048828123,384.9586996459961,311.6111999511719,406.8619066485016,398.9172082929368,392.6286273240543,73.75160256347637,11.525002615792411,2.7294263151669416,5853739.3,1.3242603749025859,466.5,179.5,-9.485530546623794,135.23676880222843,35.50539905695453,True,374.3500061035156,427.95001220703125,Uptrend,Strong Positive,Near Breakout,APOLLO,APOLLO.NS,Apollo Micro Systems Limited,,Unavailable,0,60,,71.0,Momentum Watch,-5,66.0,416.49,425.13,422.25,407.84,442.42,456.83,14.41,20.17,34.58,1.4,2.4,Momentum Trade,Watch,Positive trend and momentum. Prefer entry near current price or on a controlled pullback.,Below ₹407.84,1.4,Price is in an uptrend | Strong positive momentum | Price is close to resistance | Volume is above average | RSI indicates overbought conditions | Price is above 200 DMA,Poor,188,189
287.95001220703125,318.25,287.95001220703125,317.04998779296875,395692.0,303.1000061035156,4.602435304699037,251.06949844360352,226.87220001220703,205.6804000854492,185.0292504119873,294.723596676264,266.1339202484001,235.71704699822655,80.01841660236775,17.49356951032366,5.517606113817871,153598.65,2.576142433543524,342.0,127.51000213623047,-7.295325206734284,148.64715118915578,71.35127937178756,True,194.0,342.0,Strong Uptrend,Strong Positive,No Breakout,BHAGERIA,BHAGERIA.NS,Bhageria Industries Limited,,Unavailable,0,60,,71.0,Momentum Watch,-5,66.0,308.3,321.42,317.05,295.18,347.66,369.53,21.87,30.61,52.48,1.4,2.4,Momentum Trade,Watch,Positive trend and momentum. Prefer entry near current price or on a controlled pullback.,Below ₹295.18,1.4,Strong price trend | Strong positive momentum | Volume is more than 2x average | RSI indicates overbought conditions | Price is above 200 DMA,Poor,188,189
1172.0,1189.5999755859375,1162.0,1178.9000244140625,1152599.0,1179.0,-0.00847969346373656,1163.3500061035156,1124.1320068359375,1080.0555059814453,977.3585034179688,1164.3720071089188,1156.3955515819716,1123.4110981039264,52.618749010316506,29.350010463169642,2.4896097934816144,799291.4,1.4420260245512462,1211.5,729.5999755859375,-2.6908770603332646,61.581697349605136,20.62104338288078,True,1125.4000244140625,1211.5,Strong Uptrend,Positive,No Breakout,PNBHOUSING,PNBHOUSING.NS,PNB Housing Finance Limited,,Unavailable,0,60,,69.0,52W High Watch,-3,66.0,1215.9,1226.18,1215.9,1182.15,1274.6,1318.63,33.75,58.7,102.73,1.74,3.04,52W High Breakout,Watch,Stock is near its rolling 52-week high. Entry requires breakout confirmation.,Below ₹1182.15,1.74,Strong price trend | Positive momentum | Volume is above average | RSI supports positive momentum | Price is above 200 DMA | Price is near 52-week high,Acceptable,207,189
30.56999969482422,33.0,28.559999465942383,32.16999816894531,1909923.0,30.56999969482422,5.233884494908869,27.76900005340576,25.15800006866455,24.34989999771118,23.755350008010865,29.924732545248723,28.18581149963707,26.103876899584897,74.63263256588982,2.0142854963030135,6.261378958508816,1544957.3,1.2362302828693064,33.220001220703125,18.270000457763672,-3.160755608592324,76.08099268150244,35.422118209568914,True,24.299999237060547,33.220001220703125,Strong Uptrend,Strong Positive,No Breakout,MUKKA,MUKKA.NS,Mukka Proteins Limited,,Unavailable,0,60,,70.0,Momentum Watch,-5,65.0,31.16,32.67,32.17,29.65,35.69,38.21,2.52,3.52,6.04,1.4,2.4,Momentum Trade,Watch,Positive trend and momentum. Prefer entry near current price or on a controlled pullback.,Below ₹29.65,1.4,Strong price trend | Strong positive momentum | Volume is above average | RSI indicates overbought conditions | Price is above 200 DMA,Poor,196,210
13.829999923706055,13.920000076293945,13.220000267028809,13.699999809265137,420161544.0,13.829999923706055,-0.9399863713526413,11.346999979019165,10.352000007629394,9.67189998626709,9.694499974250794,12.792246354265714,11.7645136903548,10.674563983369667,70.87379120205895,0.838571412222726,6.120959298522112,315891012.9,1.3300838796987504,15.380000114440918,7.46999979019165,-10.92327888605384,83.40027033539782,41.31724014289755,True,9.449999809265137,14.4399995803833,Strong Uptrend,Strong Positive,No Breakout,PCJEWELLER,PCJEWELLER.NS,PC Jeweller Limited,,Unavailable,0,60,,70.0,Momentum Watch,-5,65.0,13.28,13.91,13.7,12.65,15.17,16.22,1.05,1.47,2.52,1.4,2.4,Momentum Trade,Watch,Positive trend and momentum. Prefer entry near current price or on a controlled pullback.,Below ₹12.65,1.4,Strong price trend | Strong positive momentum | Volume is above average | RSI indicates overbought conditions | Price is above 200 DMA,Poor,196,210
793.0,810.0,775.0,785.0499877929688,4356.0,793.0999755859375,-1.0150029051534726,785.6374969482422,752.8969946289062,695.79099609375,658.4039968872071,793.2863432396606,784.9063244732292,754.9520011880963,52.14592387104549,22.171430315290177,2.8242061855986127,2455.55,1.773940665024129,897.4500122070312,445.1499938964844,-12.524377166996253,76.35628407433497,19.2353010468522,True,743.5,838.0,Uptrend,Positive,No Breakout,SVLL,SVLL.NS,Shree Vasu Logistics Limited,,Unavailable,0,60,,70.0,Momentum Watch,-5,65.0,773.96,790.59,785.05,757.34,838.0,851.56,27.71,52.95,66.51,1.91,2.4,Momentum Trade,Watch,Positive trend and momentum. Prefer entry near current price or on a controlled pullback.,Below ₹757.34,1.91,Price is in an uptrend | Positive momentum | Strong volume confirmation | RSI supports positive momentum | Price is above 200 DMA,Acceptable,196,210
209.89999389648438,225.75999450683594,200.0,221.14999389648438,431750.0,210.16000366210938,5.22934432949691,207.39249954223632,220.6941989135742,230.00629959106445,234.9700498199463,211.10295448196905,210.65624898498265,217.48502927220713,70.55051367402692,9.67499760219029,4.374857729690443,153400.3,2.814531653458305,314.70001220703125,186.0,-29.726728529328195,18.897846180905578,-5.881624459820307,False,197.1300048828125,219.7899932861328,Downtrend,Strong Positive,Confirmed Breakout,ALLTIME,ALLTIME.NS,All Time Plastics Limited,,Unavailable,0,60,,72.0,Strong Breakout Watch,-8,64.0,232.28,235.66,232.28,221.15,251.63,266.14,11.13,19.35,33.86,1.74,3.04,Breakout Trade,Strong Setup,Confirmed breakout above resistance. Entry requires breakout confirmation.,Below ₹221.15,1.74,Price trend is weak | Strong positive momentum | Confirmed price breakout | Volume is more than 2x average | RSI indicates overbought conditions | Price is below 200 DMA,Acceptable,143,231
28.59000015258789,32.38999938964844,28.43000030517578,31.899999618530273,1039887.0,28.610000610351562,11.499471995775966,29.5210000038147,29.813200073242186,30.95860004425049,33.4475001335144,29.888158935879876,29.759323171407463,30.01706050052726,74.39799411549839,1.0749999455043249,3.3699058255783556,213049.95,4.880953973469602,55.900001525878906,25.389999389648438,-42.933812615797216,25.640017272060188,-4.626655232250179,False,27.600000381469727,31.299999237060547,Downtrend,Strong Positive,Confirmed Breakout,TRACXN,TRACXN.NS,Tracxn Technologies Limited,,Unavailable,0,60,,72.0,Strong Breakout Watch,-8,64.0,33.14,33.51,33.14,31.9,35.29,36.9,1.24,2.15,3.76,1.74,3.04,Breakout Trade,Strong Setup,Confirmed breakout above resistance. Entry requires breakout confirmation.,Below ₹31.90,1.74,Price trend is weak | Strong positive momentum | Confirmed price breakout | Volume is more than 2x average | RSI indicates overbought conditions | Price is below 200 DMA,Acceptable,143,231
159.0,174.0,157.80999755859375,172.39999389648438,7456837.0,166.11000061035156,3.7866433465902016,114.05600090026856,85.37420066833496,77.2234001159668,64.7287001800537,153.37410608030063,126.65953739781307,97.94040192465572,86.12636085367092,13.839286259242467,8.027428508815442,4531235.65,1.6456519978165336,189.67999267578125,42.810001373291016,-9.110079843177484,302.70962010303515,166.34243143601674,True,67.0,189.67999267578125,Strong Uptrend,Strong Positive,No Breakout,BODALCHEM,BODALCHEM.NS,Bodal Chemicals Limited,,Unavailable,0,60,,69.0,Momentum Watch,-5,64.0,165.48,175.86,172.4,155.1,196.62,213.92,17.3,24.22,41.52,1.4,2.4,Momentum Trade,Watch,Positive trend and momentum. Prefer entry near current price or on a controlled pullback.,Below ₹155.10,1.4,Strong price trend | Strong positive momentum | Strong volume confirmation | RSI indicates overbought conditions | Price is above 200 DMA,Poor,207,231
248.0500030517578,277.45001220703125,247.5,264.6000061035156,72663.0,251.6999969482422,5.125152686404721,259.9424987792969,228.82199981689453,214.07429946899413,199.82315032958985,256.1322813481829,252.50307113586422,235.55794224300053,51.88131037311291,14.957146780831474,5.6527386378744096,55409.35,1.311385172358095,283.1400146484375,151.25,-6.548000136237256,74.94215279571281,32.41709264771491,True,233.5500030517578,283.1400146484375,Strong Uptrend,Positive,No Breakout,KANPRPLA,KANPRPLA.NS,Kanpur Plastipack Limited,,Unavailable,0,60,,69.0,Momentum Watch,-5,64.0,257.12,268.34,264.6,245.9,290.78,309.47,18.7,26.18,44.87,1.4,2.4,Momentum Trade,Watch,Positive trend and momentum. Prefer entry near current price or on a controlled pullback.,Below ₹245.90,1.4,Strong price trend | Positive momentum | Volume is above average | RSI supports positive momentum | Price is above 200 DMA,Poor,207,231
3288.0,3449.89990234375,3249.10009765625,3385.0,39123.0,3318.800048828125,1.994695377784228,3359.8250244140627,3198.02,3012.9839990234377,2741.56,3345.7862265877775,3335.4756299136106,3217.9905912616177,51.329001662488125,187.335693359375,5.534289316377401,29874.05,1.309598129480268,4105.5,2121.0,-17.549628547071002,59.594530881659594,23.469849282890035,True,3200.0,4105.5,Strong Uptrend,Positive,No Breakout,PRUDENT,PRUDENT.NS,Prudent Corporate Advisory Services Limited,,Unavailable,0,60,,69.0,Momentum Watch,-5,64.0,3291.33,3431.83,3385.0,3200.0,4105.5,4386.5,185.0,720.5,1001.5,3.89,5.41,Momentum Trade,Watch,Positive trend and momentum. Prefer entry near current price or on a controlled pullback.,Below ₹3200.00,3.89,Strong price trend | Positive momentum | Volume is above average | RSI supports positive momentum | Price is above 200 DMA,Strong,207,231
609.9000244140625,613.4500122070312,598.0999755859375,600.7000122070312,862249.0,614.7999877929688,-2.2934248317984074,552.1549987792969,527.4289996337891,465.6485000610352,403.3,589.9137485634337,564.9029032553643,525.1246265211697,85.72007514298588,16.724993024553573,2.7842504885432406,646015.35,1.3347190589201945,616.9000244140625,213.14999389648438,-2.626035267613772,181.82032812947645,48.946196927109156,True,470.0,616.9000244140625,Strong Uptrend,Strong Positive,No Breakout,GCSL,GCSL.NS,Gretex Corporate Services Limited,,Unavailable,0,60,,66.0,52W High Watch,-3,63.0,619.41,625.26,619.41,600.18,652.86,677.95,19.23,33.45,58.54,1.74,3.04,52W High Breakout,Watch,Stock is near its rolling 52-week high. Entry requires breakout confirmation.,Below ₹600.18,1.74,Strong price trend | Strong positive momentum | Volume is above average | RSI indicates overbought conditions | Price is above 200 DMA | Price is near 52-week high,Acceptable,355,309
170.0,176.38999938964844,169.0,175.55999755859375,1243946.0,170.6300048828125,2.88928824632404,173.22700042724608,173.81419982910157,163.9081996154785,154.57389961242677,174.27559433807406,173.94032725202618,171.38056208511045,51.80796241160578,7.165002005440848,4.081226990818056,916468.9,1.357324836663852,241.0,107.5999984741211,-27.153527983986,63.15985134592519,13.576740962598985,True,162.0,186.0,Uptrend,Positive,No Breakout,LXCHEM,LXCHEM.NS,Laxmi Organic Industries Limited,,Unavailable,0,60,,67.0,Momentum Watch,-5,62.0,171.98,177.35,175.56,166.6,188.1,197.06,8.96,12.54,21.5,1.4,2.4,Momentum Trade,Watch,Positive trend and momentum. Prefer entry near current price or on a controlled pullback.,Below ₹166.60,1.4,Price is in an uptrend | Positive momentum | Volume is above average | RSI supports positive momentum | Price is above 200 DMA,Poor,304,318
232.0,233.0,225.85000610351562,230.9499969482422,15876.0,230.47000122070312,0.20826820193375895,223.71850128173827,225.7167999267578,224.47300048828126,206.50000022888185,227.2619213349562,225.60948305857178,224.65212252501453,54.98736461514255,11.254284449986049,4.873039445204334,11394.45,1.3933099008727932,254.97000122070312,146.0,-9.42071779325487,58.184929416604234,11.840192102789487,True,204.1999969482422,239.97000122070312,Uptrend,Positive,No Breakout,UNIDT,UNIDT.NS,United Drilling Tools Limited,,Unavailable,0,60,,67.0,Momentum Watch,-5,62.0,225.32,233.76,230.95,216.88,250.64,264.71,14.07,19.69,33.76,1.4,2.4,Momentum Trade,Watch,Positive trend and momentum. Prefer entry near current price or on a controlled pullback.,Below ₹216.88,1.4,Price is in an uptrend | Positive momentum | Volume is above average | RSI supports positive momentum | Price is above 200 DMA,Poor,304,318
248.5,299.45001220703125,244.10000610351562,293.20001220703125,23945553.0,249.60000610351562,17.467950736120397,263.10000076293943,275.4010000610352,300.73109970092776,342.73539947509767,263.3758549773874,264.3294856447263,275.389707404047,57.64300078791961,12.628570556640625,4.307152125124563,1456754.95,16.437598513051217,639.4000244140625,229.0500030517578,-54.14451032032478,28.006988998283326,-14.452953311484693,False,247.0500030517578,284.6000061035156,Downtrend,Positive,Confirmed Breakout,AWFIS,AWFIS.NS,Awfis Space Solutions Limited,,Unavailable,0,60,,69.0,Strong Breakout Watch,-8,61.0,307.72,312.14,307.72,293.2,332.98,351.92,14.52,25.26,44.2,1.74,3.04,Breakout Trade,Strong Setup,Confirmed breakout above resistance. Entry requires breakout confirmation.,Below ₹293.20,1.74,Price trend is weak | Positive momentum | Confirmed price breakout | Volume is more than 2x average | RSI supports positive momentum | Price is below 200 DMA,Acceptable,207,380
1500.0,1565.0999755859375,1489.0,1558.0,1336366.0,1514.0,2.9062087186261465,1493.2350036621094,1580.2619995117188,1624.145001220703,1714.209998779297,1497.7874750439269,1507.206988740506,1557.0332993626535,56.837735436377265,41.935703822544646,2.691636959085022,513687.55,2.6015152596164732,2032.9000244140625,1432.300048828125,-23.36071713860802,8.776090685378374,-9.112652410762704,False,1432.300048828125,1535.4000244140625,Downtrend,Positive,Confirmed Breakout,BLUESTARCO,BLUESTARCO.NS,Blue Star Limited,,Unavailable,0,60,,69.0,Strong Breakout Watch,-8,61.0,1586.55,1601.23,1586.55,1538.33,1670.42,1733.33,48.23,83.87,146.77,1.74,3.04,Breakout Trade,Strong Setup,Confirmed breakout above resistance. Entry requires breakout confirmation.,Below ₹1538.33,1.74,Price trend is weak | Positive momentum | Confirmed price breakout | Volume is more than 2x average | RSI supports positive momentum | Price is below 200 DMA,Acceptable,207,380
357.6000061035156,382.79998779296875,353.1499938964844,373.3999938964844,522110.0,363.1000061035156,2.8366806994853944,285.92749938964846,240.74320037841798,225.48689956665038,198.11949996948243,337.0679624529947,300.4844624313764,258.5288295878895,80.93838525268501,30.837139674595424,8.258473534722187,396848.15,1.315641763732551,394.8999938964844,127.01000213623047,-5.444416392074147,193.99258925763726,88.47210595322595,True,210.00999450683594,394.8999938964844,Strong Uptrend,Strong Positive,No Breakout,CORDSCABLE,CORDSCABLE.NS,Cords Cable Industries Limited,,Unavailable,0,60,,66.0,Momentum Watch,-5,61.0,357.98,381.11,373.4,334.85,427.36,465.91,38.55,53.96,92.51,1.4,2.4,Momentum Trade,Watch,Positive trend and momentum. Prefer entry near current price or on a controlled pullback.,Below ₹334.85,1.4,Strong price trend | Strong positive momentum | Volume is above average | RSI indicates overbought conditions | Price is above 200 DMA,Poor,355,380
83.0199966430664,87.63999938964844,80.0,86.5,1794174.0,82.93000030517578,4.304835019518749,67.51749992370605,58.82620002746582,50.35120002746582,45.4884001159668,77.1287996497188,70.22819925391306,61.189436612656955,81.96413919428127,5.975714002336774,6.908339887094536,1385508.75,1.2949568164040826,90.0,29.0,-3.888888888888889,198.27586206896552,90.15836956120555,True,54.099998474121094,90.0,Strong Uptrend,Strong Positive,No Breakout,INDORAMA,INDORAMA.NS,Indo Rama Synthetics (India) Limited,,Unavailable,0,60,,66.0,Momentum Watch,-5,61.0,83.51,87.99,86.5,79.03,96.96,104.43,7.47,10.46,17.93,1.4,2.4,Momentum Trade,Watch,Positive trend and momentum. Prefer entry near current price or on a controlled pullback.,Below ₹79.03,1.4,Strong price trend | Strong positive momentum | Volume is above average | RSI indicates overbought conditions | Price is above 200 DMA,Poor,355,380
179.00999450683594,187.5,175.10000610351562,186.67999267578125,631557.0,179.6999969482422,3.884249218740643,171.95149917602538,182.93719970703125,197.1172004699707,219.66330032348634,174.30087829186647,174.4311898273382,182.52581976993295,62.83612728468548,7.365001133510044,3.945254672417574,328364.2,1.92334304409555,363.45001220703125,159.9499969482422,-48.63668003691161,16.71146998282754,-15.015392921408512,False,159.9499969482422,181.69000244140625,Downtrend,Positive,Confirmed Breakout,CRIZAC,CRIZAC.NS,Crizac Limited,,Unavailable,0,60,,67.0,Strong Breakout Watch,-8,59.0,195.15,197.73,195.15,186.68,209.88,220.93,8.47,14.73,25.78,1.74,3.04,Breakout Trade,Strong Setup,Confirmed breakout above resistance. Entry requires breakout confirmation.,Below ₹186.68,1.74,Price trend is weak | Positive momentum | Confirmed price breakout | Strong volume confirmation | RSI supports positive momentum | Price is below 200 DMA,Acceptable,304,464
1311.0999755859375,1364.5999755859375,1287.699951171875,1353.5999755859375,1216825.0,1307.5999755859375,3.5178954465326706,1308.2349853515625,1313.19599609375,1080.7344995117187,885.9019998168945,1304.0136813137274,1301.3060501817574,1254.98601765593,51.45677555019095,56.16428920200893,4.149253118721202,904017.2,1.34601974387213,1497.800048828125,576.0999755859375,-9.627458174741633,134.95921419007584,52.793421379081494,True,1180.0,1449.0,Uptrend,Positive,No Breakout,AEGISLOG,AEGISLOG.NS,Aegis Logistics Limited,,Unavailable,0,60,,64.0,Momentum Watch,-5,59.0,1325.52,1367.64,1353.6,1283.39,1451.89,1522.09,70.21,98.29,168.49,1.4,2.4,Momentum Trade,Watch,Positive trend and momentum. Prefer entry near current price or on a controlled pullback.,Below ₹1283.39,1.4,Price is in an uptrend | Positive momentum | Volume is above average | RSI supports positive momentum | Price is above 200 DMA,Poor,445,464
1900.0,1924.5999755859375,1893.9000244140625,1909.0,224876.0,1916.699951171875,-0.4017296065128573,1909.1899963378905,1840.7999975585938,1715.7499975585938,1564.4507495117186,1912.616797456878,1905.368396945536,1841.4826576145279,53.28598314430118,49.2071533203125,2.5776402996496857,187158.95,1.2015241590102956,1988.9000244140625,1272.5999755859375,-4.017297170962696,50.007860806460236,22.023655944159238,True,1855.699951171875,1977.0,Uptrend,Positive,No Breakout,LALPATHLAB,LALPATHLAB.NS,Dr. Lal Path Labs Ltd.,,Unavailable,0,60,,64.0,Momentum Watch,-5,59.0,1884.4,1921.3,1909.0,1855.7,1995.11,2056.62,53.3,86.11,147.62,1.62,2.77,Momentum Trade,Watch,Positive trend and momentum. Prefer entry near current price or on a controlled pullback.,Below ₹1855.70,1.62,Price is in an uptrend | Positive momentum | Volume is above average | RSI supports positive momentum | Price is above 200 DMA,Acceptable,445,464
12.489999771118164,12.529999732971191,12.010000228881836,12.140000343322754,11073848.0,12.170000076293945,-0.24650561037898866,11.020500040054321,11.401199970245361,11.398900012969971,9.87630001783371,11.559197083024463,11.274991771819321,11.272726435551471,82.35296474728213,0.5971427645002093,4.918803522346273,7114971.15,1.5564150249576205,13.949999809265137,7.0,-12.974906743297874,73.42857633318219,22.920530172245304,True,10.25,12.899999618530273,Uptrend,Strong Positive,No Breakout,STEELXIND,STEELXIND.NS,STEEL EXCHANGE INDIA LIMITED,,Unavailable,0,60,,64.0,Momentum Watch,-5,59.0,11.84,12.29,12.14,11.39,13.19,13.93,0.75,1.04,1.79,1.4,2.4,Momentum Trade,Watch,Positive trend and momentum. Prefer entry near current price or on a controlled pullback.,Below ₹11.39,1.4,Price is in an uptrend | Strong positive momentum | Strong volume confirmation | RSI indicates overbought conditions | Price is above 200 DMA,Poor,445,464
72.52999877929688,72.52999877929688,72.52999877929688,72.52999877929688,27101.0,71.11000061035156,1.9969036095586867,60.50049991607666,60.96119995117188,63.92389995574951,81.5889002418518,65.81538711806125,62.60199845712368,61.98385290353446,89.16875930492957,2.3092858450753346,3.1839044311889637,12625.8,2.1464778469483123,,,,,-11.103105245568782,False,55.209999084472656,71.11000061035156,Downtrend,Strong Positive,Confirmed Breakout,SYSTMTXC,SYSTMTXC.NS,Systematix Corporate Services Limited,,Unavailable,0,60,,63.0,Strong Breakout Watch,-8,55.0,75.19,75.99,75.19,72.53,79.8,83.27,2.66,4.62,8.08,1.74,3.04,Breakout Trade,Strong Setup,Confirmed breakout above resistance. Entry requires breakout confirmation.,Below ₹72.53,1.74,Price trend is weak | Strong positive momentum | Confirmed price breakout | Volume is more than 2x average | RSI indicates overbought conditions | Price is below 200 DMA,Acceptable,493,607
