Open,High,Low,Close,Volume,Previous_Close,Daily_Return_Pct,SMA20,SMA50,SMA100,SMA200,EMA9,EMA20,EMA50,RSI14,ATR14,ATR_Percent,Average_Volume_20,Volume_Ratio,52W_High,52W_Low,Distance_From_52W_High_Pct,Distance_From_52W_Low_Pct,Distance_From_200DMA_Pct,Above_200DMA,Support,Resistance,Trend,Momentum,Breakout_Status,symbol,yahoo_symbol,company_name,fundamental_score,fundamental_status,sector_adjustment,sector_score,sector_index,technical_score,setup,market_adjustment,overall_score,risk_reward,setup_reasons,technical_rank,rank
22.229999542236328,23.950000762939453,22.06999969482422,23.479999542236328,234792571.0,22.299999237060547,5.291481370164042,22.53799991607666,22.918800048828125,22.875400047302247,21.86005003929138,22.628107024290582,22.610860024480466,22.76650184775195,60.94525675412156,0.4907142094203404,2.0899242716663307,59106615.9,3.97235685760179,25.780000686645508,17.200000762939453,-8.921648887312173,36.51161919032167,7.410548008962657,True,21.81999969482422,23.020000457763672,Uptrend,Strong Positive,Confirmed Breakout,YESBANK,YESBANK.NS,Yes Bank Limited,,Unavailable,0,60,,95.0,Strong Breakout Watch,-8,87.0,-0.2771079076843177,Price is in an uptrend | Strong positive momentum | Confirmed price breakout | Volume is more than 2x average | RSI supports positive momentum | Price is above 200 DMA,1,1
16.700000762939453,17.110000610351562,15.8100004196167,17.09000015258789,30391.0,16.299999237060547,4.846631610455265,15.636000061035157,15.550000038146973,15.839000053405762,15.167300014495849,15.954956793404552,15.699113910921286,15.677726540424764,59.90098783970908,0.8657144137791225,5.065619696018726,13206.3,2.301250160908052,21.299999237060547,10.65999984741211,-19.76525462567879,60.31895306956096,12.676614402395012,True,14.600000381469727,16.5,Strong Uptrend,Positive,Confirmed Breakout,ORTINGLOBE,ORTINGLOBE.NS,ORTIN GLOBAL LIMITED,,Unavailable,0,60,,94.0,Strong Breakout Watch,-8,86.0,-0.23694787422528318,Strong price trend | Positive momentum | Confirmed price breakout | Volume is more than 2x average | RSI supports positive momentum | Price is above 200 DMA,2,2
1745.0,1840.0,1726.800048828125,1807.5,9269434.0,1739.0,3.9390454284071286,1658.5049987792968,1482.93,1299.0995007324218,1243.6140002441407,1709.898100672839,1651.0619400660223,1509.3681288749394,66.01569914954028,63.142857142857146,3.493380754791543,4232476.7,2.1900732495467725,1840.0,930.5999755859375,-1.766304347826087,94.22953443147645,45.34252586776602,True,1546.300048828125,1758.9000244140625,Strong Uptrend,Strong Positive,Confirmed Breakout,PAYTM,PAYTM.NS,One 97 Communications Limited,,Unavailable,0,60,,94.0,Strong Breakout Watch,-8,86.0,-0.18606425984343966,Strong price trend | Strong positive momentum | Confirmed price breakout | Volume is more than 2x average | RSI supports positive momentum | Price is above 200 DMA | Price is near 52-week high,2,2
19.90999984741211,21.0,19.200000762939453,20.799999237060547,34488169.0,19.760000228881836,5.263152814434768,17.669999885559083,14.805399990081787,12.777900009155273,11.379349973201752,18.878793237318355,17.643199809841633,15.4413987265967,63.860104331017006,1.2942859104701452,6.222528643962842,12303356.25,2.803151294590856,21.0,6.610000133514404,-0.9523845854259673,214.6747173513536,82.78723552790207,True,13.399999618530273,20.280000686645508,Strong Uptrend,Strong Positive,Confirmed Breakout,SUBEXLTD,SUBEXLTD.NS,Subex Limited,,Unavailable,0,60,,94.0,Strong Breakout Watch,-8,86.0,-0.07027007800283061,Strong price trend | Strong positive momentum | Confirmed price breakout | Volume is more than 2x average | RSI supports positive momentum | Price is above 200 DMA | Price is near 52-week high,2,2
2195.0,2319.0,2164.60009765625,2277.89990234375,2231415.0,2211.800048828125,2.988509451866883,2047.4449951171875,2032.685986328125,1835.87,1548.8180004882813,2113.735354345975,2062.621187199891,1991.750121758362,69.97690213776362,89.02143205915179,3.9080484602311496,847596.05,2.6326396872661215,2319.0,1033.0,-1.7723198644351013,120.51305927819458,47.0734393340998,True,1876.4000244140625,2224.300048828125,Strong Uptrend,Strong Positive,Confirmed Breakout,WABAG,WABAG.NS,VA Tech Wabag Limited,,Unavailable,0,60,,94.0,Strong Breakout Watch,-8,86.0,-0.13349905308068774,Strong price trend | Strong positive momentum | Confirmed price breakout | Volume is more than 2x average | RSI supports positive momentum | Price is above 200 DMA | Price is near 52-week high,2,2
853.0,899.0,841.5,890.3499755859375,1308518.0,855.1500244140625,4.116231090093647,830.7425109863282,770.2320056152344,639.7655038452149,561.6462518310547,855.057715765249,834.8914343271267,769.5698681292912,67.71451325663335,36.178575788225444,4.063410656513625,779703.3,1.6782255506677988,926.0,399.79998779296875,-3.849894645147138,122.69885011777282,58.525045379232445,True,770.0999755859375,888.2999877929688,Strong Uptrend,Strong Positive,Confirmed Breakout,BLUESTONE,BLUESTONE.NS,BlueStone Jewellery and Lifestyle Limited,,Unavailable,0,60,,92.0,Strong Breakout Watch,-8,84.0,-0.017047715534043658,Strong price trend | Strong positive momentum | Confirmed price breakout | Strong volume confirmation | RSI supports positive momentum | Price is above 200 DMA,6,6
15.350000381469727,16.399999618530273,15.0,16.290000915527344,42406012.0,15.359999656677246,6.054695830971646,15.29700002670288,16.26859998703003,15.311099996566773,15.778249988555908,15.567109056706336,15.584754524294393,15.745845745252526,69.02356696938034,0.5614287512642997,3.4464623677777433,11742551.9,3.611311439040776,20.5,12.920000076293945,-20.536580899866618,26.08359767285753,3.2433947195830517,True,14.84000015258789,16.25,Uptrend,Positive,Confirmed Breakout,CCAVENUE,CCAVENUE.NS,AvenuesAI Limited,,Unavailable,0,60,,92.0,Strong Breakout Watch,-8,84.0,-0.02758682377949483,Price is in an uptrend | Positive momentum | Confirmed price breakout | Volume is more than 2x average | RSI supports positive momentum | Price is above 200 DMA,6,6
8.220000267028809,9.420000076293945,8.220000267028809,8.770000457763672,392962.0,8.569999694824219,2.3337312725955073,8.250000023841858,7.9480000019073485,7.636599993705749,7.6846999835968015,8.37998681814722,8.245270729996694,7.988393020115381,68.0555647537998,0.5107141562870571,5.823422230667568,130533.8,3.010423353951237,12.699999809265137,4.75,-30.94487724822153,84.63158858449835,14.122873716390663,True,7.75,8.850000381469727,Strong Uptrend,Strong Positive,Near Breakout,VAISHALI,VAISHALI.NS,Vaishali Pharma Limited,,Unavailable,0,60,,89.0,Momentum Watch,-5,84.0,0.07843126255203133,Strong price trend | Strong positive momentum | Price is close to resistance | Volume is more than 2x average | RSI supports positive momentum | Price is above 200 DMA,13,6
8660.0,8900.0,8461.0,8812.5,28678.0,8669.5,1.6494607532153038,8223.25,8049.23,7633.06,7415.25,8410.95802205382,8269.901666214662,8042.886923468023,63.43283582089552,314.4642857142857,3.56838905775076,13988.55,2.0501052646628852,9950.0,5841.5,-11.4321608040201,50.86022425746811,18.84292505310003,True,7888.0,8939.0,Strong Uptrend,Strong Positive,Near Breakout,WENDT,WENDT.NS,Wendt (India) Limited,,Unavailable,0,60,,89.0,Momentum Watch,-5,84.0,0.1368307193077339,Strong price trend | Strong positive momentum | Price is close to resistance | Volume is more than 2x average | RSI supports positive momentum | Price is above 200 DMA,13,6
431.0,511.79998779296875,428.20001220703125,478.5,10362562.0,435.79998779296875,9.798075585838784,411.1374984741211,395.68000061035156,371.2825,336.4334999084473,436.95887574026113,418.3872240839383,397.8318250913918,59.324570975355,26.189285278320312,5.47320486485273,2767523.6,3.7443445830055433,511.79998779296875,248.5500030517578,-6.50644560125295,92.5165938945322,42.22721581834534,True,334.45001220703125,464.79998779296875,Strong Uptrend,Positive,Confirmed Breakout,QUADFUTURE,QUADFUTURE.NS,Quadrant Future Tek Limited,,Unavailable,0,60,,91.0,Strong Breakout Watch,-8,83.0,-0.09510595881980327,Strong price trend | Positive momentum | Confirmed price breakout | Volume is more than 2x average | RSI supports positive momentum | Price is above 200 DMA,8,10
132.5,137.3300018310547,131.27000427246094,135.4600067138672,6244729.0,131.86000061035156,2.730172976529621,123.19600067138671,129.7838005065918,126.9423999786377,126.69904979705811,127.55688082515886,126.13194265359628,127.32396695880314,76.70086698413748,3.8842855181012834,2.8674777244814984,1529790.25,4.082081840958262,152.60000610351562,89.73999786376953,-11.231978180932433,50.94719181908523,6.914777128038496,True,117.37999725341797,133.9600067138672,Uptrend,Strong Positive,Confirmed Breakout,JAMNAAUTO,JAMNAAUTO.NS,Jamna Auto Industries Limited,,Unavailable,0,60,,90.0,Strong Breakout Watch,-8,82.0,-0.08296455835829694,Price is in an uptrend | Strong positive momentum | Confirmed price breakout | Volume is more than 2x average | RSI indicates overbought conditions | Price is above 200 DMA,9,11
194.4199981689453,220.22000122070312,193.2100067138672,209.6999969482422,18106631.0,194.67999267578125,7.715227469458119,194.7275016784668,202.7738003540039,202.0400003051758,205.7530004119873,196.64999687253882,196.48258366399713,199.22725441976976,67.66860546198839,6.896427699497768,3.2887113971679898,1499999.95,12.071087735702925,324.75,151.4600067138672,-35.427252671826885,38.45238852022494,1.9183178511864518,True,184.05999755859375,207.8000030517578,Sideways,Strong Positive,Confirmed Breakout,MOBIKWIK,MOBIKWIK.NS,One Mobikwik Systems Limited,,Unavailable,0,60,,90.0,Strong Breakout Watch,-8,82.0,-0.07410272783592398,Strong positive momentum | Confirmed price breakout | Volume is more than 2x average | RSI supports positive momentum | Price is above 200 DMA | Price is near 200 DMA,9,11
125.5,137.1199951171875,125.37000274658203,136.10000610351562,41161986.0,126.7300033569336,7.393673556680591,122.87200012207032,128.27039947509766,120.33819953918457,116.14624961853028,126.6909811147472,124.75533038358193,124.0262232311066,65.96859797691175,5.664999825613839,4.162380287701916,21789036.55,1.889114551051593,,,,,17.179854322047667,True,112.38999938964844,130.6999969482422,Uptrend,Strong Positive,Confirmed Breakout,PWL,PWL.NS,Physicswallah Limited,,Unavailable,0,60,,90.0,Strong Breakout Watch,-8,82.0,-0.22775232501790704,Price is in an uptrend | Strong positive momentum | Confirmed price breakout | Strong volume confirmation | RSI supports positive momentum | Price is above 200 DMA,9,11
57.959999084472656,69.33000183105469,54.619998931884766,66.81999969482422,2056842.0,57.779998779296875,15.645554009195406,57.52799987792969,60.20959976196289,62.903800086975096,64.54072505950927,58.2775877672018,58.19028664656456,60.00127431754437,68.02812327232328,4.505714961460659,6.743063427175779,143265.9,14.35681484568205,92.5,43.70000076293945,-27.762162492081927,52.90617512183681,3.5315293300677375,True,51.349998474121094,63.75,Sideways,Strong Positive,Confirmed Breakout,VGL,VGL.NS,VARVEE GLOBAL LIMITED,,Unavailable,0,60,,90.0,Strong Breakout Watch,-8,82.0,-0.19844857482724132,Strong positive momentum | Confirmed price breakout | Volume is more than 2x average | RSI supports positive momentum | Price is above 200 DMA,9,11
3164.5,3172.0,3143.10009765625,3155.10009765625,31176.0,3179.699951171875,-0.7736532972728694,3139.139990234375,3066.9139990234376,3068.7830053710936,3066.6345068359374,3160.4865575203885,3136.492261956289,3101.070097803015,61.22450828372259,57.614222935267854,1.8260664052486413,18084.9,1.723869084153078,3745.0,2667.0,-15.751666284212282,18.301465978862016,2.884777779129238,True,3066.699951171875,3214.0,Strong Uptrend,Positive,Near Breakout,JSWDULUX,JSWDULUX.NS,JSW Dulux Limited,,Unavailable,0,60,,87.0,Momentum Watch,-5,82.0,0.6662873839712555,Strong price trend | Positive momentum | Price is close to resistance | Strong volume confirmation | RSI supports positive momentum | Price is above 200 DMA | Price is near 200 DMA,24,11
946.2999877929688,948.5,915.0999755859375,943.75,86523.0,946.25,-0.26420079260237594,901.3025024414062,884.6720007324219,866.6709979248047,875.894997253418,909.87631741082,900.2063491408927,885.8171531801634,59.31329020254556,27.310721261160715,2.893851259460738,55328.15,1.5638151646133116,1189.9000244140625,700.0,-20.686613947694735,34.82142857142857,7.746933474829509,True,865.0,959.0,Strong Uptrend,Positive,Near Breakout,SHARDAMOTR,SHARDAMOTR.NS,Sharda Motor Industries Limited,,Unavailable,0,60,,87.0,Momentum Watch,-5,82.0,0.19365079365079366,Strong price trend | Positive momentum | Price is close to resistance | Strong volume confirmation | RSI supports positive momentum | Price is above 200 DMA,24,11
56.31999969482422,65.19999694824219,55.5099983215332,64.02999877929688,484603.0,56.040000915527344,14.2576690457471,55.87449989318848,50.81599990844727,48.51569995880127,46.49834999084473,58.62481538678511,56.252313352013786,52.383751916861804,72.890244632694,4.073571613856724,6.361973592874487,66101.35,7.33121184363103,68.06999969482422,33.77000045776367,-5.9350682145434615,89.60615312806866,37.70380839729589,True,50.79999923706055,62.88999938964844,Strong Uptrend,Strong Positive,Confirmed Breakout,AMDIND,AMDIND.NS,AMD Industries Limited,,Unavailable,0,60,,89.0,Strong Breakout Watch,-8,81.0,-0.08616775730105113,Strong price trend | Strong positive momentum | Confirmed price breakout | Volume is more than 2x average | RSI indicates overbought conditions | Price is above 200 DMA,13,17
367.0,393.3500061035156,362.25,392.3500061035156,996485.0,374.6499938964844,4.724412784034837,313.09849853515624,251.79140014648436,219.21690032958983,177.4087001800537,352.6155427663136,320.56537119518237,272.06472501764756,77.54081273175639,18.714283534458705,4.769793103946384,294394.65,3.384861103963676,393.3500061035156,104.0,-0.2542265118808301,277.2596212533804,121.15601191222079,True,261.0,376.54998779296875,Strong Uptrend,Strong Positive,Confirmed Breakout,BIRLACABLE,BIRLACABLE.NS,Birla Cable Limited,,Unavailable,0,60,,89.0,Strong Breakout Watch,-8,81.0,-0.1202894372010538,Strong price trend | Strong positive momentum | Confirmed price breakout | Volume is more than 2x average | RSI indicates overbought conditions | Price is above 200 DMA | Price is near 52-week high,13,17
373.0,384.0,366.1000061035156,380.20001220703125,1713956.0,373.5,1.7938453030873491,330.2124984741211,303.40399993896483,287.8768006896973,280.756900100708,346.5588638285342,331.4698775080063,310.2117420568693,74.17763789439763,16.932141985212052,4.453482756857975,774426.6,2.2131936067278684,559.7999877929688,175.0,-32.08288308365578,117.25714983258928,35.419650263503,True,308.3500061035156,378.6000061035156,Strong Uptrend,Strong Positive,Confirmed Breakout,ELLEN,ELLEN.NS,Ellenbarrie Industrial Gases Limited,,Unavailable,0,60,,89.0,Strong Breakout Watch,-8,81.0,-0.022268698226837542,Strong price trend | Strong positive momentum | Confirmed price breakout | Volume is more than 2x average | RSI indicates overbought conditions | Price is above 200 DMA,13,17
25.299999237060547,26.040000915527344,24.5,26.030000686645508,2686464.0,24.799999237060547,4.9596834170336335,22.276500034332276,21.248200035095216,20.665100040435792,16.846399993896483,23.461079819068456,22.452039803903897,21.50181985995511,74.62515201593814,1.2285714830671037,4.719828853855593,1018187.0,2.638478000603033,26.040000915527344,8.460000038146973,-0.03840333536959639,207.68322185902684,54.51372813227917,True,20.15999984741211,24.81999969482422,Strong Uptrend,Strong Positive,Confirmed Breakout,GAYAPROJ,GAYAPROJ.NS,Gayatri Projects Limited,,Unavailable,0,60,,89.0,Strong Breakout Watch,-8,81.0,-0.20613301853962102,Strong price trend | Strong positive momentum | Confirmed price breakout | Volume is more than 2x average | RSI indicates overbought conditions | Price is above 200 DMA | Price is near 52-week high,13,17
895.9500122070312,914.8499755859375,881.25,909.2999877929688,7851231.0,899.25,1.1175966408639049,855.3824981689453,858.7089978027344,809.0344989013672,700.7679992675781,877.7564241414095,863.3788491395584,844.0907868252835,66.10978754955465,26.02500261579241,2.862092044998227,1241126.85,6.325889251368625,914.8499755859375,510.54998779296875,-0.6066555108572996,78.10204867964772,29.75763572870651,True,816.0,905.8499755859375,Uptrend,Strong Positive,Confirmed Breakout,GRANULES,GRANULES.NS,Granules India Limited,,Unavailable,0,60,,89.0,Strong Breakout Watch,-8,81.0,-0.036977627635780344,Price is in an uptrend | Strong positive momentum | Confirmed price breakout | Volume is more than 2x average | RSI supports positive momentum | Price is above 200 DMA | Price is near 52-week high,13,17
720.9500122070312,738.0,707.25,728.9000244140625,1045480.0,718.9500122070312,1.3839643978149185,652.4875030517578,612.9759973144531,621.522998046875,590.0922482299804,685.8495874427737,659.2320491101968,631.3723168843941,78.05745149538865,25.160714285714285,3.451874529149606,435022.8,2.403276334022033,738.0,500.70001220703125,-1.2330590224847562,45.576194656187525,23.523063826112764,True,606.4000244140625,724.0,Strong Uptrend,Strong Positive,Confirmed Breakout,MAHSEAMLES,MAHSEAMLES.NS,Maharashtra Seamless Limited,,Unavailable,0,60,,89.0,Strong Breakout Watch,-8,81.0,-0.04000019929846939,Strong price trend | Strong positive momentum | Confirmed price breakout | Volume is more than 2x average | RSI indicates overbought conditions | Price is above 200 DMA | Price is near 52-week high,13,17
1586.0,1856.0,1551.0,1756.699951171875,1142834.0,1588.199951171875,10.60949535199709,1527.3999938964844,1415.3059985351563,1357.8590026855468,1270.6015002441407,1602.819060987977,1540.7922273791748,1452.4353819518371,76.27484069931405,89.13573346819196,5.07404428449665,107700.25,10.611247420502737,1856.0,890.0,-5.350218148067079,97.38201698560394,38.25734904565535,True,1337.0,1669.9000244140625,Strong Uptrend,Strong Positive,Confirmed Breakout,RACLGEAR,RACLGEAR.NS,RACL Geartech Limited,,Unavailable,0,60,,89.0,Strong Breakout Watch,-8,81.0,-0.2068142407819016,Strong price trend | Strong positive momentum | Confirmed price breakout | Volume is more than 2x average | RSI indicates overbought conditions | Price is above 200 DMA,13,17
11463.0,12300.0,11250.0,12097.0,62178.0,11543.0,4.799445551416448,11612.85,11015.02,10945.59,10198.3275,11679.916570096302,11524.555032286036,11178.284001399972,59.860078705728036,413.2142857142857,3.415840999539437,17162.85,3.6228248804831367,12875.0,6621.5,-6.042718446601942,82.6927433361021,18.617488995131808,True,10612.0,12213.0,Strong Uptrend,Positive,Near Breakout,DYNAMATECH,DYNAMATECH.NS,Dynamatic Technologies Limited,,Unavailable,0,60,,86.0,Momentum Watch,-5,81.0,0.07811447811447811,Strong price trend | Positive momentum | Price is close to resistance | Volume is more than 2x average | RSI supports positive momentum | Price is above 200 DMA,30,17
1406.4000244140625,1498.0,1340.0999755859375,1424.0,3358636.0,1418.4000244140625,0.3948093266743058,1292.3649963378907,1146.6610009765625,1110.626000366211,958.983501586914,1327.7811382778693,1276.5935539502034,1191.538737288556,62.804635457457586,66.24288504464286,4.6518879947080665,1225988.9,2.7395321442143565,1498.0,700.7999877929688,-4.939919893190922,103.19635057138157,48.49056293915197,True,1186.5,1429.0,Strong Uptrend,Strong Positive,Near Breakout,FINCABLES,FINCABLES.NS,Finolex Cables Limited,,Unavailable,0,60,,86.0,Momentum Watch,-5,81.0,0.021052631578947368,Strong price trend | Strong positive momentum | Price is close to resistance | Volume is more than 2x average | RSI supports positive momentum | Price is above 200 DMA,30,17
518.2999877929688,519.0,498.20001220703125,514.6500244140625,700202.0,515.9500122070312,-0.251960027563114,477.7250015258789,448.4090008544922,411.5989010620117,339.40845016479494,487.98361926718195,475.79718138599713,451.5887923519305,62.39882492748989,18.553573608398438,3.6050855393472454,440852.2,1.5882919490931426,519.0,212.5500030517578,-0.8381455849590559,142.1312712419678,51.631470626079434,True,441.20001220703125,518.0,Strong Uptrend,Strong Positive,Near Breakout,NRBBEARING,NRBBEARING.NS,NRB Bearing Limited,,Unavailable,0,60,,84.0,52W High Watch,-3,81.0,0.04560891802842767,Strong price trend | Strong positive momentum | Price is close to resistance | Strong volume confirmation | RSI supports positive momentum | Price is above 200 DMA | Price is near 52-week high,41,17
76.0,90.9000015258789,74.2699966430664,87.41000366210938,38898608.0,76.25,14.636070376536892,79.23200035095215,75.23359977722168,61.5614998626709,53.80369995117187,78.75529867101814,78.27157448393224,73.64033490302586,54.59267419650467,4.800000326974051,5.4913626883358235,4175245.2,9.31648469412048,90.9000015258789,36.2599983215332,-3.839381523856126,141.06455518008244,62.46095294828425,True,70.73999786376953,87.2699966430664,Strong Uptrend,Positive,Confirmed Breakout,FILATEX,FILATEX.NS,Filatex India Limited,,Unavailable,0,60,,88.0,Strong Breakout Watch,-8,80.0,-0.008398738472959138,Strong price trend | Positive momentum | Confirmed price breakout | Volume is more than 2x average | RSI supports positive momentum | Price is above 200 DMA,22,27
760.0,812.7999877929688,743.0499877929688,804.9000244140625,4284956.0,762.75,5.526060231276642,757.5349975585938,656.758994140625,636.3507482910156,517.2344982910156,761.7559380815349,740.304252556464,686.9536979892773,54.46686797716371,36.65714372907366,4.554248057795589,2119138.45,2.022027395142587,812.7999877929688,262.6000061035156,-0.9719443279468255,206.51180719956832,55.616074928009816,True,717.2000122070312,798.8499755859375,Strong Uptrend,Positive,Confirmed Breakout,TDPOWERSYS,TDPOWERSYS.NS,TD Power Systems Limited,,Unavailable,0,60,,88.0,Strong Breakout Watch,-8,80.0,-0.06898572389981884,Strong price trend | Positive momentum | Confirmed price breakout | Volume is more than 2x average | RSI supports positive momentum | Price is above 200 DMA | Price is near 52-week high,22,27
1086.0,1116.9000244140625,1067.0999755859375,1109.9000244140625,578949.0,1088.5,1.9660105111678927,1034.610009765625,1054.3239978027343,1065.4574993896485,961.5510009765625,1064.065011978245,1047.8129584297526,1048.9879360971954,72.11327799836707,34.992885044642854,3.1527961325270053,216925.0,2.6688901694133915,1224.9000244140625,708.0,-9.388521324833093,56.76554017147776,15.42809723944284,True,990.2999877929688,1098.9000244140625,Uptrend,Strong Positive,Confirmed Breakout,ABSLAMC,ABSLAMC.NS,Aditya Birla Sun Life AMC Limited,,Unavailable,0,60,,87.0,Strong Breakout Watch,-8,79.0,-0.09197321598528624,Price is in an uptrend | Strong positive momentum | Confirmed price breakout | Volume is more than 2x average | RSI indicates overbought conditions | Price is above 200 DMA,24,29
342.6499938964844,348.20001220703125,332.8999938964844,346.0,3747104.0,342.6499938964844,0.9776758100651373,326.9800033569336,327.92900146484374,315.885500793457,263.32985038757323,333.0836685431187,329.05303166043717,324.81495320763514,68.28193832599119,10.328574044363839,2.9851370070415717,1942597.95,1.928913803291103,,,,,31.394142931669723,True,314.3500061035156,344.8999938964844,Uptrend,Strong Positive,Confirmed Breakout,EMMVEE,EMMVEE.NS,Emmvee Photovoltaic Power Limited,,Unavailable,0,60,,87.0,Strong Breakout Watch,-8,79.0,-0.03475533382765713,Price is in an uptrend | Strong positive momentum | Confirmed price breakout | Strong volume confirmation | RSI supports positive momentum | Price is above 200 DMA,24,29
396.0,425.0,389.0,417.3999938964844,3638335.0,398.04998779296875,4.861200024349666,376.77999725341795,353.53099731445315,344.5339990234375,365.7012498474121,387.78899839621505,376.9224895480016,360.6426911182166,64.30527897963552,16.064285278320312,3.8486548905662588,805736.35,4.515540350140589,540.0,292.54998779296875,-22.703704833984375,42.67646942848934,14.136879234250207,True,349.29998779296875,403.5,Sideways,Strong Positive,Confirmed Breakout,HERITGFOOD,HERITGFOOD.NS,Heritage Foods Limited,,Unavailable,0,60,,87.0,Strong Breakout Watch,-8,79.0,-0.20411149266793965,Strong positive momentum | Confirmed price breakout | Volume is more than 2x average | RSI supports positive momentum | Price is above 200 DMA,24,29
1690.0,1795.0,1676.199951171875,1787.199951171875,254979.0,1706.699951171875,4.716704886803691,1611.5049926757813,1546.6959912109376,1520.1829968261718,1471.4754986572266,1690.789820334797,1637.0176019231687,1569.7036490576616,78.00239595985363,67.10716901506696,3.7548775094283373,131176.35,1.943787885544917,1800.0,1165.0,-0.7111138237847222,53.40772113063304,21.456317336086002,True,1499.0,1747.4000244140625,Strong Uptrend,Strong Positive,Confirmed Breakout,VENKEYS,VENKEYS.NS,Venky's (India) Limited,,Unavailable,0,60,,87.0,Strong Breakout Watch,-8,79.0,-0.13809831193925795,Strong price trend | Strong positive momentum | Confirmed price breakout | Strong volume confirmation | RSI indicates overbought conditions | Price is above 200 DMA | Price is near 52-week high,24,29
525.75,556.8499755859375,521.0,551.0499877929688,1960216.0,530.6500244140625,3.844334766861013,528.7574951171875,541.1689990234376,505.76499938964844,490.6472512817383,533.5589370854132,532.6396392404608,527.5271716686888,61.40151644760266,19.17142813546317,3.47907241813894,598476.65,3.275342488299251,666.0,338.1499938964844,-17.259761592647337,62.96022408377095,12.310827453621283,True,489.5,555.0,Uptrend,Strong Positive,Near Breakout,FIVESTAR,FIVESTAR.NS,Five-Star Business Finance Limited,,Unavailable,0,60,,84.0,Momentum Watch,-5,79.0,0.06417567815476456,Price is in an uptrend | Strong positive momentum | Price is close to resistance | Volume is more than 2x average | RSI supports positive momentum | Price is above 200 DMA,41,29
367.8500061035156,404.3500061035156,363.0,404.3500061035156,870661.0,367.6000061035156,9.997279485803713,326.99000244140626,379.3400018310547,365.4210009765625,369.38224990844725,352.7876277506357,347.507902875248,360.7269500807121,88.81310610154597,15.350003923688616,3.7962170624424174,343863.05,2.5319992944865697,661.9500122070312,250.0,-38.915326135374215,61.74000244140625,9.4665502210069,True,303.5,396.6000061035156,Uptrend,Strong Positive,Confirmed Breakout,HLEGLAS,HLEGLAS.NS,HLE Glascoat Limited,,Unavailable,0,60,,86.0,Strong Breakout Watch,-8,78.0,-0.07684679753063332,Price is in an uptrend | Strong positive momentum | Confirmed price breakout | Volume is more than 2x average | RSI indicates overbought conditions | Price is above 200 DMA,30,34
260.0,276.9800109863281,251.5,263.0199890136719,5002402.0,254.25,3.4493565442170526,239.45449829101562,237.2223992919922,228.59829971313476,221.93624969482423,251.25268428556134,244.0315065552188,236.43365568586552,62.490648114102505,18.550000871930802,7.052696238599024,1716078.85,2.9150187358815125,332.20001220703125,162.19000244140625,-20.82481055125474,62.167818641406136,18.511504711528772,True,215.25999450683594,287.79998779296875,Strong Uptrend,Strong Positive,No Breakout,INDOCO,INDOCO.NS,Indoco Remedies Limited,,Unavailable,0,60,,83.0,Momentum Watch,-5,78.0,0.5188442552218068,Strong price trend | Strong positive momentum | Volume is more than 2x average | RSI supports positive momentum | Price is above 200 DMA,43,34
508.0,511.95001220703125,485.3999938964844,489.79998779296875,5273521.0,500.29998779296875,-2.0987408067547397,483.66499786376954,461.18699829101564,461.64699920654294,457.1234996032715,491.33993397146605,483.4656220825964,469.5201144718149,58.52196534892453,13.957144601004464,2.8495600140569914,2478915.85,2.127349744445742,531.0,392.45001220703125,-7.758947684939972,24.805700740960088,7.1482844828709355,True,458.70001220703125,514.4500122070312,Strong Uptrend,Positive,No Breakout,OIL,OIL.NS,Oil India Limited,,Unavailable,0,60,,83.0,Momentum Watch,-5,78.0,0.792605908835778,Strong price trend | Positive momentum | Volume is more than 2x average | RSI supports positive momentum | Price is above 200 DMA,43,34
232.02999877929688,239.8000030517578,222.83999633789062,239.07000732421875,2135648.0,231.5399932861328,3.252144016770564,212.5780014038086,203.0944009399414,196.8363003540039,193.24550025939942,220.75343532115906,214.3502841536207,205.9145931895171,76.43997435056383,9.304285321916852,3.8918664143840895,883570.75,2.4170650737363135,240.8000030517578,150.52000427246094,-0.7184367548231365,58.8293918006212,23.7131043172067,True,197.0,240.8000030517578,Strong Uptrend,Strong Positive,Near Breakout,KROSS,KROSS.NS,Kross Limited,,Unavailable,0,60,,81.0,52W High Watch,-3,78.0,0.04112183090928875,Strong price trend | Strong positive momentum | Price is close to resistance | Volume is more than 2x average | RSI indicates overbought conditions | Price is above 200 DMA | Price is near 52-week high,45,34
17.729999542236328,20.0,17.540000915527344,19.56999969482422,150749037.0,17.540000915527344,11.57353861652204,15.60450005531311,15.216200008392335,14.838100004196168,13.974454984664916,16.741060455006792,15.956355421172308,15.360971100760363,83.71334295705454,0.8635715757097516,4.41273167693582,12998039.95,11.597828409505697,20.0,10.199999809265137,-2.1500015258789062,91.86274569385652,40.04123750299858,True,14.100000381469727,18.0,Strong Uptrend,Strong Positive,Confirmed Breakout,AHCL,AHCL.NS,Anlon Healthcare Limited,,Unavailable,0,60,,85.0,Strong Breakout Watch,-8,77.0,-0.28702008992783806,Strong price trend | Strong positive momentum | Confirmed price breakout | Volume is more than 2x average | RSI indicates overbought conditions | Price is above 200 DMA | Price is near 52-week high,33,38
64.5,73.19000244140625,61.84000015258789,68.41999816894531,1282661.0,61.84000015258789,10.640358991140886,52.325,48.34000015258789,47.10939998626709,46.72754991531372,56.024558042295986,52.92333747559034,49.8083379582373,83.29365240353205,3.6307144165039062,5.30651054321692,108627.3,11.807906483913344,73.19000244140625,36.029998779296875,-6.517289402032281,89.89730915078462,46.423252006462384,True,47.369998931884766,61.84000015258789,Strong Uptrend,Strong Positive,Confirmed Breakout,DIGJAMLMTD,DIGJAMLMTD.NS,Digjam Limited,,Unavailable,0,60,,85.0,Strong Breakout Watch,-8,77.0,-0.31258899072892615,Strong price trend | Strong positive momentum | Confirmed price breakout | Volume is more than 2x average | RSI indicates overbought conditions | Price is above 200 DMA,33,38
171.0,206.3800048828125,170.9600067138672,202.1699981689453,276696049.0,173.1699981689453,16.746549810381993,165.68150100708007,157.59340057373046,159.61630050659178,183.83519996643065,174.62877874932425,167.89803469742407,162.06830793254784,76.75338863645594,9.49142565046038,4.694774564190666,32836037.4,8.426596840214344,,,,,9.973497026610083,True,155.10000610351562,176.6999969482422,Sideways,Strong Positive,Confirmed Breakout,PINELABS,PINELABS.NS,Pine Labs Limited,,Unavailable,0,60,,85.0,Strong Breakout Watch,-8,77.0,-0.5411091037639973,Strong positive momentum | Confirmed price breakout | Volume is more than 2x average | RSI indicates overbought conditions | Price is above 200 DMA,33,38
853.8499755859375,1024.5,835.0499877929688,1002.7999877929688,16245056.0,853.8499755859375,17.444517944129156,695.7974975585937,644.2329968261719,587.8264984130859,496.88800003051756,805.9068546404013,729.2174817078741,657.9695633891705,82.65092360615722,53.167872837611604,5.301941911130964,3259520.55,4.983878994105437,1024.5,320.0,-2.118107584873719,213.37499618530273,101.81610095864247,True,611.0,869.0,Strong Uptrend,Strong Positive,Confirmed Breakout,RAYMOND,RAYMOND.NS,Raymond Limited,,Unavailable,0,60,,85.0,Strong Breakout Watch,-8,77.0,-0.34150074518039564,Strong price trend | Strong positive momentum | Confirmed price breakout | Volume is more than 2x average | RSI indicates overbought conditions | Price is above 200 DMA | Price is near 52-week high,33,38
468.1499938964844,468.1499938964844,443.0,468.1499938964844,2933978.0,445.8999938964844,4.989908119434805,363.0925018310547,313.6170001220703,239.02099990844727,186.3643997192383,413.6108795709933,375.6118771050868,318.9293348966037,85.28079628769122,21.364288330078125,4.563556255177933,1425162.5,2.058697166112636,468.1499938964844,104.55999755859375,0.0,347.73336345397354,151.201406814693,True,292.1499938964844,445.8999938964844,Strong Uptrend,Strong Positive,Confirmed Breakout,SETL,SETL.NS,Standard Engineering Technology Limited,,Unavailable,0,60,,85.0,Strong Breakout Watch,-8,77.0,-0.12642045454545456,Strong price trend | Strong positive momentum | Confirmed price breakout | Volume is more than 2x average | RSI indicates overbought conditions | Price is above 200 DMA | Price is near 52-week high,33,38
2970.0,3022.5,2752.0,3022.5,47215.0,2878.60009765625,4.998954264641098,2310.9550170898438,2251.3340161132815,1875.3390063476563,1570.6,2590.507522035552,2420.2661350925855,2227.123717319627,92.17156285485734,138.78571428571428,4.591752333687817,10351.1,4.561350967530021,3022.5,1050.0,0.0,187.85714285714286,92.44237870877373,True,2050.0,2878.60009765625,Strong Uptrend,Strong Positive,Confirmed Breakout,SPECTRUM,SPECTRUM.NS,Spectrum Electrical Industries Limited,,Unavailable,0,60,,85.0,Strong Breakout Watch,-8,77.0,-0.14796905125321336,Strong price trend | Strong positive momentum | Confirmed price breakout | Volume is more than 2x average | RSI indicates overbought conditions | Price is above 200 DMA | Price is near 52-week high,33,38
36.0,36.599998474121094,35.56999969482422,36.599998474121094,5579818.0,34.86000061035156,4.991387932600455,28.172000122070312,26.26219997406006,26.97650001525879,24.159450035095215,31.831096221532405,29.348149615333835,27.40213096404273,88.39971956238938,1.4307141985212053,3.9090553501875855,2650478.9,2.105211250691337,36.599998474121094,15.75,0.0,132.38094269283235,51.49350842404989,True,24.600000381469727,34.86000061035156,Strong Uptrend,Strong Positive,Confirmed Breakout,STLNETWORK,STLNETWORK.NS,STL Networks Limited,,Unavailable,0,60,,85.0,Strong Breakout Watch,-8,77.0,-0.14499984502789895,Strong price trend | Strong positive momentum | Confirmed price breakout | Volume is more than 2x average | RSI indicates overbought conditions | Price is above 200 DMA | Price is near 52-week high,33,38
364.0,396.29998779296875,358.6000061035156,396.29998779296875,133752.0,377.45001220703125,4.9940323158867095,317.1599975585938,294.57299865722655,290.33070098876954,270.87595039367676,345.61714014116836,324.14120708803006,304.09542214424573,82.9577237163173,17.524998256138392,4.422154629309158,58619.45,2.2817000159503373,397.0,195.0,-0.1763254929549748,103.2307629707532,46.30312776642125,True,284.45001220703125,377.45001220703125,Strong Uptrend,Strong Positive,Confirmed Breakout,VALIANTORG,VALIANTORG.NS,Valiant Organics Limited,,Unavailable,0,60,,85.0,Strong Breakout Watch,-8,77.0,-0.16852909879675862,Strong price trend | Strong positive momentum | Confirmed price breakout | Volume is more than 2x average | RSI indicates overbought conditions | Price is above 200 DMA | Price is near 52-week high,33,38
431.75,431.75,410.6000061035156,422.54998779296875,540725.0,432.20001220703125,-2.2327681956288314,389.3574981689453,386.9910003662109,353.46240005493166,256.07465000152587,401.94667306136887,393.28266823408165,379.84462523550025,62.14810949637147,15.985715593610491,3.7831537227360665,196857.8,2.7467796551622543,432.29998779296875,88.25,-2.255378273262718,378.81018446795326,65.01047166927727,True,357.29998779296875,432.20001220703125,Strong Uptrend,Strong Positive,No Breakout,BHAGYANGR,BHAGYANGR.NS,Bhagyanagar India Limited,,Unavailable,0,60,,80.0,52W High Watch,-3,77.0,0.1478930944683908,Strong price trend | Strong positive momentum | Volume is more than 2x average | RSI supports positive momentum | Price is above 200 DMA | Price is near 52-week high,54,38
219.5,230.5399932861328,215.0500030517578,230.3000030517578,20834.0,219.57000732421875,4.886822138551494,219.44200057983397,211.04779998779296,185.64600006103515,155.95580032348633,217.4802053124224,216.99050151834206,207.9613247400918,53.4435737409997,11.547855922154017,5.014266508523989,5688.65,3.662380353862516,233.0,103.5,-1.1587969734945012,122.51208024324427,47.67004662479074,True,203.61000061035156,233.0,Strong Uptrend,Positive,Near Breakout,SMARTLINK,SMARTLINK.NS,Smartlink Holdings Limited,,Unavailable,0,60,,80.0,52W High Watch,-3,77.0,0.10116136010738894,Strong price trend | Positive momentum | Price is close to resistance | Volume is more than 2x average | RSI supports positive momentum | Price is above 200 DMA | Price is near 52-week high,54,38
880.0,945.0,861.2999877929688,908.9000244140625,1336886.0,886.3499755859375,2.544147283720277,808.8749969482421,784.2150012207031,728.5800036621093,692.523752746582,856.5111347136668,828.9472494318026,787.4001818359652,72.45545037902228,40.84285627092634,4.4936577372474344,436135.0,3.065303174475793,967.4000244140625,467.0,-6.047136502341153,94.62527289380354,31.24459930931206,True,739.0999755859375,912.0,Strong Uptrend,Strong Positive,Near Breakout,63MOONS,63MOONS.NS,63 moons technologies limited,,Unavailable,0,60,,81.0,Momentum Watch,-5,76.0,0.018256623642525317,Strong price trend | Strong positive momentum | Price is close to resistance | Volume is more than 2x average | RSI indicates overbought conditions | Price is above 200 DMA,45,48
250.14999389648438,265.8999938964844,239.1999969482422,260.5,4219.0,250.14999389648438,4.137520030401687,252.81049728393555,248.8013995361328,244.3052998352051,233.83989990234375,255.9326014000989,253.58532870510518,249.1689163040023,64.09533253077299,10.293572562081474,3.9514673942731187,2410.8,1.7500414800066366,299.79998779296875,200.25,-13.108735621466378,30.087390761548065,11.40100560631015,True,232.22000122070312,269.05999755859375,Strong Uptrend,Strong Positive,No Breakout,ASPINWALL,ASPINWALL.NS,Aspinwall and Company Limited,,Unavailable,0,60,,81.0,Momentum Watch,-5,76.0,0.3026873383339862,Strong price trend | Strong positive momentum | Strong volume confirmation | RSI supports positive momentum | Price is above 200 DMA,45,48
12.010000228881836,12.010000228881836,12.0,12.010000228881836,964628.0,11.779999732971191,1.9524660536866856,11.42800006866455,11.577200031280517,11.61620002746582,10.4832000041008,11.506220995361488,11.520509814482049,11.564978444193676,60.49382231533075,0.2014286858694894,1.677174704668952,259047.4,3.7237509428776354,14.260000228881836,4.550000190734863,-15.778400868766523,163.95603792144283,14.564257327760465,True,10.890000343322754,12.180000305175781,Uptrend,Positive,Near Breakout,KESORAMIND,KESORAMIND.NS,Kesoram Industries Limited,,Unavailable,0,60,,81.0,Momentum Watch,-5,76.0,0.1517857979146887,Price is in an uptrend | Positive momentum | Price is close to resistance | Volume is more than 2x average | RSI supports positive momentum | Price is above 200 DMA,45,48
3575.0,4055.0,3562.300048828125,3828.300048828125,639315.0,3576.800048828125,7.031424641206874,3719.3950073242186,3819.61599609375,3600.1210009765623,3335.083504638672,3705.83998169677,3724.2993560036793,3723.301274948467,59.986069518343555,111.57142857142857,2.9143856842041815,35477.5,18.02029455288563,4574.7998046875,2463.0,-16.317648590753308,55.432401495254766,14.788731481639136,True,3550.800048828125,3850.0,Uptrend,Positive,Near Breakout,KIRLOSIND,KIRLOSIND.NS,Kirloskar Industries Limited,,Unavailable,0,60,,81.0,Momentum Watch,-5,76.0,0.078198022240991,Price is in an uptrend | Positive momentum | Price is close to resistance | Volume is more than 2x average | RSI supports positive momentum | Price is above 200 DMA,45,48
243.2100067138672,258.54998779296875,235.10000610351562,255.3000030517578,170916.0,246.24000549316406,3.6793361584152695,240.31700134277344,232.53880126953126,214.9917007446289,224.60788375854492,246.64090301778015,242.13026050835356,232.67826535690023,59.464095501594215,10.129283360072545,3.967600171951037,127349.55,1.34210132662424,371.95001220703125,161.25,-31.361743601810886,58.32558328791182,13.664756009280222,True,224.0,257.25,Strong Uptrend,Positive,Near Breakout,TIL,TIL.NS,TIL Limited,,Unavailable,0,60,,81.0,Momentum Watch,-5,76.0,0.06230021591428169,Strong price trend | Positive momentum | Price is close to resistance | Volume is above average | RSI supports positive momentum | Price is above 200 DMA,45,48
710.0,733.0,690.5999755859375,723.1500244140625,479794.0,707.5499877929688,2.2047963946341564,595.6200012207031,469.0200006103516,354.35289978027345,290.71794982910154,649.9983834239763,597.4919973892636,495.28446973704695,73.13649339892817,34.960719517299104,4.834504367973476,362887.2,1.32215740869339,733.0,180.0,-1.3437893023107095,301.75001356336804,148.74625899060104,True,486.20001220703125,717.0,Strong Uptrend,Strong Positive,Breakout - Volume Confirmation Required,KABRAEXTRU,KABRAEXTRU.NS,Kabra Extrusion Technik Limited,,Unavailable,0,60,,79.0,52W High Watch,-3,76.0,-0.025954944491368145,Strong price trend | Strong positive momentum | Breakout requires volume confirmation | Volume is above average | RSI indicates overbought conditions | Price is above 200 DMA | Price is near 52-week high,59,48
213.6999969482422,215.0,206.25,209.27000427246094,2083473.0,207.8800048828125,0.6686546839519414,183.8380012512207,174.06200073242186,158.0265005493164,150.9760004043579,197.07817248114037,188.76403729456197,176.22488256757052,79.6982573755388,9.12571280343192,4.360736186324447,1590314.2,1.3101014881210267,215.0,102.19999694824219,-2.6651142918786337,104.765176635419,38.61143738870723,True,163.5,207.8800048828125,Strong Uptrend,Strong Positive,Breakout - Volume Confirmation Required,LOTUSDEV,LOTUSDEV.NS,Sri Lotus Developers and Realty Limited,,Unavailable,0,60,,79.0,52W High Watch,-3,76.0,-0.030369221321763725,Strong price trend | Strong positive momentum | Breakout requires volume confirmation | Volume is above average | RSI indicates overbought conditions | Price is above 200 DMA | Price is near 52-week high,59,48
9.569999694824219,9.569999694824219,9.050000190734863,9.109999656677246,1429459.0,9.680000305175781,-5.888436265789809,8.881500053405762,8.50980001449585,8.256099996566773,7.931100008487701,9.480772797985045,9.108638596709042,8.65953504496653,63.26530271788815,0.5364286558968681,5.8883499024469055,702231.0,2.035596548714027,10.989999771118164,6.019999980926514,-17.106461816146513,51.32889843091267,14.864264060822721,True,7.949999809265137,10.989999771118164,Strong Uptrend,Positive,No Breakout,IVC,IVC.NS,IL&FS Investment Managers Limited,,Unavailable,0,60,,80.0,Momentum Watch,-5,75.0,1.6206899670160184,Strong price trend | Positive momentum | Volume is more than 2x average | RSI supports positive momentum | Price is above 200 DMA,54,56
60.900001525878906,63.5,59.31999969482422,62.970001220703125,304379.0,60.5099983215332,4.0654486323039585,55.913500022888186,49.25520004272461,48.36590003967285,43.376800050735476,59.45215474217495,56.31670739769092,51.69952626896009,69.9669924523002,3.775000435965402,5.994918791146961,145051.45,2.0984209396045332,65.0,27.0,-3.1230750450721154,133.22222674334492,45.16977081539106,True,48.25,64.5,Strong Uptrend,Strong Positive,No Breakout,PLAZACABLE,PLAZACABLE.NS,Plaza Wires Limited,,Unavailable,0,60,,80.0,Momentum Watch,-5,75.0,0.10394012584353522,Strong price trend | Strong positive momentum | Volume is more than 2x average | RSI supports positive momentum | Price is above 200 DMA,54,56
8.550000190734863,8.850000381469727,8.359999656677246,8.779999732971191,739713.0,8.789999961853027,-0.11376824715852996,7.57449996471405,6.646799983978272,6.665399985313416,6.103799992799759,8.090663009110648,7.599057836255658,7.020125685235473,66.09195008557035,0.5371428898402623,6.11780075371928,472525.1,1.5654469995350513,9.010000228881836,3.819999933242798,-2.552724640043524,129.8429289635576,43.844813777128415,True,6.449999809265137,9.010000228881836,Strong Uptrend,Strong Positive,No Breakout,AKSHOPTFBR,AKSHOPTFBR.NS,Aksh Optifibre Limited,,Unavailable,0,60,,78.0,52W High Watch,-3,75.0,0.09871266242138327,Strong price trend | Strong positive momentum | Strong volume confirmation | RSI supports positive momentum | Price is above 200 DMA | Price is near 52-week high,67,56
356.79998779296875,369.04998779296875,341.0,369.04998779296875,1300799.0,351.5,4.992884151626953,347.4824966430664,310.6131997680664,250.74539962768554,193.21024971008302,345.67930161470576,341.6715734575612,311.8285269533527,56.199127042770456,16.846426827566965,4.564808937757653,1042369.1,1.2479255188972889,379.0,115.56999969482422,-2.6253330361560026,219.33026630396068,91.00952891823172,True,316.0,376.29998779296875,Strong Uptrend,Positive,Near Breakout,DIACABS,DIACABS.NS,Diamond Power Infrastructure Limited,,Unavailable,0,60,,78.0,52W High Watch,-3,75.0,0.1366635564233045,Strong price trend | Positive momentum | Price is close to resistance | Volume is above average | RSI supports positive momentum | Price is above 200 DMA | Price is near 52-week high,67,56
601.0,636.9000244140625,599.0,632.5,563681.0,611.4500122070312,3.442634291066371,609.4350067138672,621.4110021972656,602.0434991455078,560.059499206543,611.8750353813725,611.6650979244552,611.5877386743956,58.33020391561315,18.317875453404017,2.8961067910520186,304683.5,1.8500542366094652,711.7000122070312,382.1000061035156,-11.128285913811705,65.53258044927848,12.934429448315065,True,584.2999877929688,643.9000244140625,Uptrend,Positive,Near Breakout,ABDL,ABDL.NS,Allied Blenders and Distillers Limited,,Unavailable,0,60,,79.0,Momentum Watch,-5,74.0,0.23651496943810948,Price is in an uptrend | Positive momentum | Price is close to resistance | Strong volume confirmation | RSI supports positive momentum | Price is above 200 DMA,59,60
366.20001220703125,368.8999938964844,355.70001220703125,363.0,205568.0,366.20001220703125,-0.8738427363082946,342.70999908447266,349.0439990234375,342.72049926757813,330.7162495422363,346.4259088746724,344.2413648075726,345.54040726678113,56.80086870471345,13.589281354631696,3.7436036789619003,139551.45,1.47306244399467,458.79998779296875,259.6499938964844,-20.880555872246017,39.80358503097772,9.76176722566536,True,315.0,369.3999938964844,Uptrend,Positive,Near Breakout,EVEREADY,EVEREADY.NS,Eveready Industries India Limited,,Unavailable,0,60,,79.0,Momentum Watch,-5,74.0,0.1333332061767578,Price is in an uptrend | Positive momentum | Price is close to resistance | Volume is above average | RSI supports positive momentum | Price is above 200 DMA,59,60
434.70001220703125,457.0,408.95001220703125,413.3999938964844,164355.0,440.25,-6.09880888211598,373.7175003051758,378.6820007324219,386.46900054931643,377.70125061035156,402.6869610069948,386.59744270969,380.92431540882615,67.19692139104565,21.217860630580358,5.132525627441911,108644.45,1.5127786094917872,494.8999938964844,272.8500061035156,-16.467973531041693,51.51181405495222,9.451581965493874,True,347.0,484.0,Uptrend,Strong Positive,No Breakout,GOACARBON,GOACARBON.NS,Goa Carbon Limited,,Unavailable,0,60,,79.0,Momentum Watch,-5,74.0,1.0632532017032854,Price is in an uptrend | Strong positive momentum | Strong volume confirmation | RSI supports positive momentum | Price is above 200 DMA,59,60
336.6000061035156,340.95001220703125,336.6000061035156,339.04998779296875,422556.0,337.29998779296875,0.5188259897222824,336.43999633789065,336.97099853515624,337.85999908447263,328.0308988189697,338.11868287770733,337.25390681340525,336.5761006916337,56.64061149582589,4.171439034598214,1.2303315690267433,289661.1,1.4587944325282203,411.29998779296875,240.39999389648438,-17.566253864409944,41.03577221343974,3.3591619001965216,True,332.8999938964844,342.79998779296875,Uptrend,Positive,Near Breakout,IIFLCAPS,IIFLCAPS.NS,IIFL Capital Services Limited,,Unavailable,0,60,,79.0,Momentum Watch,-5,74.0,0.609756702708872,Price is in an uptrend | Positive momentum | Price is close to resistance | Volume is above average | RSI supports positive momentum | Price is above 200 DMA,59,60
435.0,455.8999938964844,433.8500061035156,452.3500061035156,7424.0,435.0,3.988507150233467,424.24749755859375,422.2899981689453,421.68519927978514,359.9029496765137,433.1029788715723,426.9237595500619,421.65581573157425,76.6004441779676,13.735715593610491,3.0365237997735792,4780.5,1.5529756301642088,489.8999938964844,215.0,-7.664827160806833,110.39535167605379,25.68666261560089,True,405.70001220703125,452.70001220703125,Strong Uptrend,Strong Positive,Near Breakout,SOFTTECH,SOFTTECH.NS,Softtech Engineers Limited,,Unavailable,0,60,,79.0,Momentum Watch,-5,74.0,0.0075028113463912385,Strong price trend | Strong positive momentum | Price is close to resistance | Strong volume confirmation | RSI indicates overbought conditions | Price is above 200 DMA,59,60
3297.199951171875,3319.800048828125,3210.10009765625,3302.39990234375,43706.0,3297.199951171875,0.15770809319668455,3174.540002441406,3185.4000048828125,3375.843996582031,3284.987001953125,3197.5709228781498,3186.7870820505145,3233.3334770436823,69.18151020730613,83.73573521205357,2.535602522051475,33932.55,1.2880258041320207,3925.0,2800.5,-15.86242287022293,17.9217961915283,0.5300751686466956,True,3069.5,3324.699951171875,Sideways,Strong Positive,Near Breakout,TIMKEN,TIMKEN.NS,Timken India Limited,,Unavailable,0,60,,77.0,200 DMA Recovery Watch,-3,74.0,0.09574949840559019,Strong positive momentum | Price is close to resistance | Volume is above average | RSI supports positive momentum | Price is above 200 DMA | Price is near 200 DMA,82,60
436.0,439.95001220703125,425.1000061035156,437.25,91968.0,441.1499938964844,-0.884051671867303,414.82750244140624,437.92000061035156,421.86500061035156,422.3497496032715,422.1094401890283,420.39816161524027,424.6903972596593,64.67155691090414,12.185712541852679,2.7868982371304014,62240.05,1.4776337743944614,701.5,331.70001220703125,-37.66928011404134,31.820917669152664,3.527941098751649,True,397.20001220703125,444.29998779296875,Sideways,Strong Positive,Near Breakout,TSFINV,TSFINV.NS,TSF INVESTMENTS LIMITED,,Unavailable,0,60,,77.0,200 DMA Recovery Watch,-3,74.0,0.17602971140496723,Strong positive momentum | Price is close to resistance | Volume is above average | RSI supports positive momentum | Price is above 200 DMA,82,60
1.0,1.0099999904632568,0.9800000190734863,1.0099999904632568,6790419.0,0.9700000286102295,4.123707285899503,0.8330000072717667,0.8405999994277954,0.8871000033617019,0.9574999994039536,0.8964637652864345,0.8577716660636608,0.8538720597900521,88.88889624748916,0.027857133320399692,2.758132037963927,3221502.95,2.107841931356915,1.5099999904632568,0.75,-33.11258299058689,34.66666539510091,5.483027790285602,True,0.7799999713897705,0.9700000286102295,Sideways,Strong Positive,Confirmed Breakout,RCOM,RCOM.NS,Reliance Communications Limited,,Unavailable,0,60,,81.0,Strong Breakout Watch,-8,73.0,-0.17391286319957708,Strong positive momentum | Confirmed price breakout | Volume is more than 2x average | RSI indicates overbought conditions | Price is above 200 DMA,45,67
246.85000610351562,255.0,242.41000366210938,251.13999938964844,179922.0,246.9600067138672,1.692578782857046,233.55299911499023,230.4343994140625,234.28109970092774,241.52574981689452,241.52133294704493,236.5665923047616,233.3689664244175,83.651903015971,7.748571123395648,3.085359218852905,59715.05,3.0130092832543887,293.1099853515625,209.9600067138672,-14.318852328273412,19.613255552949763,3.980631290884171,True,225.10000610351562,250.19000244140625,Sideways,Strong Positive,Confirmed Breakout,SESHAPAPER,SESHAPAPER.NS,Seshasayee Paper and Boards Limited,,Unavailable,0,60,,81.0,Strong Breakout Watch,-8,73.0,-0.036482227080607325,Strong positive momentum | Confirmed price breakout | Volume is more than 2x average | RSI indicates overbought conditions | Price is above 200 DMA,45,67
257.0,257.0,239.08999633789062,244.1300048828125,47854.0,258.17999267578125,-5.441935158241529,230.51449966430664,224.26179931640624,219.28419982910157,204.16915000915526,241.96797214272243,234.2774110807317,226.19621622650718,65.80368161779502,12.925713675362724,5.2946026366432655,35484.35,1.3485945212466905,265.0,147.25999450683594,-7.875469855542453,65.78162025632818,19.57242554610495,True,210.41000366210938,265.0,Strong Uptrend,Strong Positive,No Breakout,JAYAGROGN,JAYAGROGN.NS,Jayant Agro Organics Limited,,Unavailable,0,60,,78.0,Momentum Watch,-5,73.0,0.6189203547351568,Strong price trend | Strong positive momentum | Volume is above average | RSI supports positive momentum | Price is above 200 DMA,67,67
339.25,344.1000061035156,335.75,343.1499938964844,2957954.0,342.45001220703125,0.20440404862065442,336.6675033569336,333.8060009765625,310.723000793457,287.6391508483887,338.28386966216607,336.7998475858827,329.67532987437335,53.26686831477383,8.300003051757812,2.4187682352871076,2188729.25,1.351448106247038,355.79998779296875,233.4199981689453,-3.5553665909187986,47.00968065646132,19.298778655258523,True,326.3999938964844,348.0,Strong Uptrend,Positive,Near Breakout,JSWINFRA,JSWINFRA.NS,JSW Infrastructure Limited,,Unavailable,0,60,,78.0,Momentum Watch,-5,73.0,0.2895526031949627,Strong price trend | Positive momentum | Price is close to resistance | Volume is above average | RSI supports positive momentum | Price is above 200 DMA,67,67
180.99000549316406,180.99000549316406,166.38999938964844,169.63999938964844,85705.0,175.13999938964844,-3.140344877907475,157.60899810791017,150.1867988586426,125.8707999420166,98.62484998703003,163.49573837246794,158.93903171567976,147.85907713914685,69.5167404332818,8.35214124407087,4.923450409173088,43710.9,1.9607237554019705,180.99000549316406,56.0,-6.271067881670578,202.92857033865795,72.00533071731665,True,145.64999389648438,175.13999938964844,Strong Uptrend,Strong Positive,No Breakout,KANORICHEM,KANORICHEM.NS,Kanoria Chemicals & Industries Limited,,Unavailable,0,60,,78.0,Momentum Watch,-5,73.0,0.22926214008442897,Strong price trend | Strong positive momentum | Strong volume confirmation | RSI supports positive momentum | Price is above 200 DMA,67,67
123.9000015258789,129.8000030517578,121.52999877929688,128.52999877929688,734495.0,124.37000274658203,3.3448548209742412,123.35499954223633,122.10419982910156,114.21869987487793,118.46815006256104,124.30259009459789,123.0693863936003,120.50717897578303,56.775291754005025,4.967143467494419,3.8645790980078245,565944.4,1.297821835501862,182.82000732421875,94.19999694824219,-29.695879209020198,36.44373985480824,8.493294367661134,True,115.11000061035156,133.27999877929688,Strong Uptrend,Positive,No Breakout,MANAKCOAT,MANAKCOAT.NS,Manaksia Coated Metals & Industries Limited,,Unavailable,0,60,,78.0,Momentum Watch,-5,73.0,0.35394937765280676,Strong price trend | Positive momentum | Volume is above average | RSI supports positive momentum | Price is above 200 DMA,67,67
2390.0,2411.0,2274.39990234375,2373.0,409164.0,2388.89990234375,-0.6655742389269026,2224.859997558594,2139.976005859375,1978.4110009765625,1617.869499206543,2258.5654479991163,2212.8104543484897,2125.23540049405,62.40235012327807,92.83572823660714,3.91216722446722,228050.0,1.7941854856391142,2483.89990234375,966.7000122070312,-4.464749253345815,145.47429089012894,46.674376466321796,True,2049.5,2483.89990234375,Strong Uptrend,Strong Positive,No Breakout,NEOGEN,NEOGEN.NS,Neogen Chemicals Limited,,Unavailable,0,60,,78.0,Momentum Watch,-5,73.0,0.3428126811244204,Strong price trend | Strong positive momentum | Strong volume confirmation | RSI supports positive momentum | Price is above 200 DMA,67,67
31.0,36.689998626708984,29.969999313354492,33.22999954223633,438095.0,30.579999923706055,8.665793411189494,31.264000129699706,32.84460010528564,31.813300094604493,31.164950075149537,31.262390493816774,31.549950540567785,32.04283766688402,69.43941547532123,1.9378570829119002,5.831649442091702,34324.7,12.763257945444535,40.79999923706055,25.299999237060547,-18.553921167596577,31.34387566921176,6.626192123225732,True,29.600000381469727,35.54999923706055,Uptrend,Positive,No Breakout,NIBL,NIBL.NS,NRB Industrial Bearings Limited,,Unavailable,0,60,,78.0,Momentum Watch,-5,73.0,0.639118520990035,Price is in an uptrend | Positive momentum | Volume is more than 2x average | RSI supports positive momentum | Price is above 200 DMA,67,67
5.659999847412109,5.829999923706055,5.380000114440918,5.829999923706055,760515.0,5.559999942779541,4.856114814841805,5.308499979972839,4.996800003051757,4.610199997425079,4.714374997615814,5.480481602365034,5.360390474818449,5.077129561586698,67.85714772282947,0.27357132094247,4.692475549271779,433256.55,1.7553456491309827,6.831500053405762,3.200500011444092,-14.660032523902583,82.1590346152041,23.664322983522563,True,4.880000114440918,5.96999979019165,Strong Uptrend,Strong Positive,No Breakout,SIKKO,SIKKO.NS,Sikko Industries Limited,,Unavailable,0,60,,78.0,Momentum Watch,-5,73.0,0.1473683100988107,Strong price trend | Strong positive momentum | Strong volume confirmation | RSI supports positive momentum | Price is above 200 DMA,67,67
84.5,87.58999633789062,84.29000091552734,86.0,3491875.0,85.63999938964844,0.420365031430725,80.98400001525879,79.0518002319336,72.73270000457764,73.68274999618531,83.08089119830481,81.47162521932084,78.6435732742877,67.40530196646446,3.1642853873116628,3.6794016131530967,2422969.75,1.4411550123562211,95.0,54.439998626708984,-9.473684210526317,57.97208333838433,16.716599210062572,True,77.66000366210938,95.0,Strong Uptrend,Strong Positive,No Breakout,SMCGLOBAL,SMCGLOBAL.NS,SMC Global Securities Limited,,Unavailable,0,60,,78.0,Momentum Watch,-5,73.0,1.0791371644986003,Strong price trend | Strong positive momentum | Volume is above average | RSI supports positive momentum | Price is above 200 DMA,67,67
125.30000305175781,126.5,124.0,125.5,31941.0,126.30999755859375,-0.6412774714986469,123.20000038146972,124.65519989013671,124.14919982910156,124.3540998840332,124.09419103712855,123.80864985043007,123.82010721870768,59.46453745929973,3.9021432059151784,3.1092774549124926,15466.5,2.065173116089613,159.99000549316406,93.0,-21.55760004310877,34.946236559139784,0.9214815732134356,True,119.48999786376953,129.49000549316406,Uptrend,Positive,No Breakout,VRAJ,VRAJ.NS,Vraj Iron and Steel Limited,,Unavailable,0,60,,78.0,Momentum Watch,-5,73.0,0.6638941888407768,Price is in an uptrend | Positive momentum | Volume is more than 2x average | RSI supports positive momentum | Price is above 200 DMA | Price is near 200 DMA,67,67
575.0,634.4000244140625,575.0,628.1500244140625,4433382.0,585.9000244140625,7.211127878387225,595.1325012207031,575.5889990234375,558.5364978027344,586.1267486572266,592.9738874718707,588.7062366241139,577.9616042906086,60.17131684467517,18.29642595563616,2.912747790259666,771097.3,5.7494456276788934,748.0,496.0,-16.022724008815175,26.643150083480343,7.169656708742292,True,558.1500244140625,641.9000244140625,Sideways,Strong Positive,No Breakout,BLACKBUCK,BLACKBUCK.NS,BLACKBUCK LIMITED,,Unavailable,0,60,,76.0,Neutral Watch,-3,73.0,0.19642857142857142,Strong positive momentum | Volume is more than 2x average | RSI supports positive momentum | Price is above 200 DMA,86,67
72.41000366210938,73.80000305175781,68.19999694824219,69.33000183105469,1320997.0,74.7699966430664,-7.275638700347842,60.234500312805174,59.39060028076172,61.45980014801025,64.7741001701355,65.23445883604704,62.040184109743684,60.61689822780714,65.49886600123631,5.049285616193499,7.282973435508831,470689.5,2.8065146981183986,162.8699951171875,51.5099983215332,-57.43230557527145,34.595232168881715,7.033523659846558,True,54.15999984741211,75.81999969482422,Sideways,Strong Positive,No Breakout,KAVDEFENCE,KAVDEFENCE.NS,Kavveri Defence & Wireless Technologies Limited,,Unavailable,0,60,,76.0,Neutral Watch,-3,73.0,0.42781786520315085,Strong positive momentum | Volume is more than 2x average | RSI supports positive momentum | Price is above 200 DMA,86,67
10.789999961853027,11.479999542236328,10.1899995803833,11.199999809265137,371208.0,10.6899995803833,4.770816173068071,10.234999990463256,10.285599994659425,11.192899990081788,10.907349996566772,10.514457753609332,10.351839565011108,10.460975949173298,69.93242122118639,0.8292858260018485,7.404337858254484,75707.6,4.903180129868071,14.300000190734863,9.020000457763672,-21.67832405679444,24.168505996306255,2.6830514542072987,True,9.359999656677246,11.880000114440918,Sideways,Strong Positive,No Breakout,LIBAS,LIBAS.NS,Libas Consumer Products Limited,,Unavailable,0,60,,76.0,200 DMA Recovery Watch,-3,73.0,0.3695653526003172,Strong positive momentum | Volume is more than 2x average | RSI supports positive momentum | Price is above 200 DMA | Price is near 200 DMA,86,67
129.0,131.5,121.06999969482422,125.43000030517578,55538.0,126.45999908447266,-0.8144858348518969,122.40100021362305,126.08199905395507,126.40069953918457,114.61169982910157,124.40685118540469,123.99049764620308,125.01387284640737,62.857146365920016,6.1471437726702005,4.900856061320239,16285.0,3.4103776481424624,140.0,80.0,-10.407142639160156,56.78750038146973,9.439089108882834,True,113.94999694824219,130.89999389648438,Sideways,Strong Positive,No Breakout,NDLVENTURE,NDLVENTURE.NS,NDL Ventures Limited,,Unavailable,0,60,,76.0,Neutral Watch,-3,73.0,0.4764801386582238,Strong positive momentum | Volume is more than 2x average | RSI supports positive momentum | Price is above 200 DMA,86,67
707.2000122070312,759.5499877929688,697.4000244140625,749.1500244140625,1159874.0,707.25,5.924358347693537,635.3399978637696,575.095,561.7759991455079,535.4977503967285,685.294429763832,643.3756499259839,596.0650332218083,79.37362159475663,35.15000261579241,4.691984445076206,918755.35,1.2624405398020269,759.5499877929688,422.0,-1.3692269825618084,77.52370246778733,39.89788451194196,True,501.95001220703125,749.7999877929688,Strong Uptrend,Strong Positive,Near Breakout,SOLARA,SOLARA.NS,Solara Active Pharma Sciences Limited,,Unavailable,0,60,,76.0,52W High Watch,-3,73.0,0.0026293015647665197,Strong price trend | Strong positive momentum | Price is close to resistance | Volume is above average | RSI indicates overbought conditions | Price is above 200 DMA | Price is near 52-week high,86,67
1085.699951171875,1124.8499755859375,1060.550048828125,1113.75,35432.0,1085.699951171875,2.583591239720384,969.1599914550782,839.0899963378906,773.2919989013672,775.4384997558594,1035.9960716248643,973.217043701645,876.4770778251901,75.3699587091405,51.38927786690848,4.614076576153399,29114.65,1.2169818287357053,1134.699951171875,584.0999755859375,-1.846298763848424,90.67797407160414,43.62841158269227,True,812.0,1134.699951171875,Strong Uptrend,Strong Positive,Near Breakout,YUKEN,YUKEN.NS,Yuken India Limited,,Unavailable,0,60,,76.0,52W High Watch,-3,73.0,0.0694281728976802,Strong price trend | Strong positive momentum | Price is close to resistance | Volume is above average | RSI indicates overbought conditions | Price is above 200 DMA | Price is near 52-week high,86,67
417.8500061035156,469.0,414.54998779296875,463.45001220703125,10401534.0,417.45001220703125,11.019283424331693,376.9125015258789,381.56099975585937,385.7770001220703,368.42050018310545,406.93287573127196,389.1526744553819,382.3194672036209,91.94474483361198,20.046432495117188,4.325478901090652,926456.55,11.227222690583815,469.0,242.25,-1.183366267157516,91.31063455398606,25.79376337003397,True,349.25,444.0,Uptrend,Strong Positive,Confirmed Breakout,SMSPHARMA,SMSPHARMA.NS,SMS Pharmaceuticals Limited,,Unavailable,0,60,,80.0,Strong Breakout Watch,-8,72.0,-0.17031532511371938,Price is in an uptrend | Strong positive momentum | Confirmed price breakout | Volume is more than 2x average | RSI indicates overbought conditions | Price is above 200 DMA | Price is near 52-week high,54,90
188.00999450683594,206.63999938964844,186.9600067138672,206.63999938964844,41410.0,196.8000030517578,4.9999980616376005,202.24700012207032,177.31780029296874,160.89910018920898,155.02650047302245,208.69020496104935,204.33434621463513,186.73502180337252,58.45140887772728,12.230712890625,5.918850622701702,18099.3,2.287933787494544,284.20001220703125,92.31666564941406,-27.29064373188086,123.83823975444892,33.29333937045668,True,157.10000610351562,246.5,Strong Uptrend,Positive,No Breakout,UEL,UEL.NS,Ujaas Energy Limited,,Unavailable,0,60,,77.0,Momentum Watch,-5,72.0,0.8046024629056446,Strong price trend | Positive momentum | Volume is more than 2x average | RSI supports positive momentum | Price is above 200 DMA,82,90
1629.9000244140625,1691.5,1600.0999755859375,1674.699951171875,352268.0,1640.300048828125,2.0971713296189964,1648.3400024414063,1554.6319995117187,1364.3239990234374,1176.8775033569336,1648.9963037631244,1634.2668874364902,1544.7189085896152,57.09648452653543,58.385716029575896,3.4863389103654274,232744.0,1.513542776612931,1717.0,726.4500122070312,-2.463602144911182,130.53202877428015,42.300277335147385,True,1572.199951171875,1717.0,Strong Uptrend,Positive,No Breakout,AETHER,AETHER.NS,Aether Industries Limited,,Unavailable,0,60,,75.0,52W High Watch,-3,72.0,0.4126834032012195,Strong price trend | Positive momentum | Strong volume confirmation | RSI supports positive momentum | Price is above 200 DMA | Price is near 52-week high,104,90
970.0,981.9000244140625,931.0,968.75,204430.0,968.2000122070312,0.056805183436736684,900.2725006103516,894.4460021972657,863.7015008544922,789.9702496337891,933.6553974845219,912.2938894255869,887.7362467497567,66.54121283173092,43.96429007393973,4.538249297955069,138541.4,1.475587802635169,992.5999755859375,574.0,-2.4027781757559206,68.77177700348433,22.631200409013992,True,816.0,992.5999755859375,Strong Uptrend,Strong Positive,No Breakout,KSL,KSL.NS,Kalyani Steels Limited,,Unavailable,0,60,,75.0,52W High Watch,-3,72.0,0.15613731971153846,Strong price trend | Strong positive momentum | Volume is above average | RSI supports positive momentum | Price is above 200 DMA | Price is near 52-week high,104,90
81.72000122070312,84.5999984741211,81.19999694824219,84.2300033569336,16781160.0,83.05000305175781,1.4208311400547347,71.80400009155274,71.35100006103515,62.732399787902835,49.338699865341184,77.5775697266003,73.89255627812966,69.74176446820893,80.66525731818581,2.9535718645368303,3.5065555583807297,12873213.45,1.3035719531241052,84.5999984741211,30.0,-0.4373464821050564,180.7666778564453,70.71792241550816,True,65.0,83.5,Strong Uptrend,Strong Positive,Breakout - Volume Confirmation Required,PAISALO,PAISALO.NS,Paisalo Digital Limited,,Unavailable,0,60,,75.0,52W High Watch,-3,72.0,-0.03796168640139019,Strong price trend | Strong positive momentum | Breakout requires volume confirmation | Volume is above average | RSI indicates overbought conditions | Price is above 200 DMA | Price is near 52-week high,104,90
870.0,897.4500122070312,830.0,897.4000244140625,2409510.0,854.75,4.989765944903479,711.977505493164,625.8870037841797,559.2561999511719,352.3013998413086,800.2501003209892,735.3393947675986,652.051658456534,85.69541211744804,45.092860630580354,5.024833898352381,1650444.1,1.4599161522647146,897.4500122070312,84.5999984741211,-0.0055699807553424375,960.7565491724857,154.72508051863812,True,601.0,897.2999877929688,Strong Uptrend,Strong Positive,Breakout - Volume Confirmation Required,STLTECH,STLTECH.NS,Sterlite Technologies Limited,,Unavailable,0,60,,75.0,52W High Watch,-3,72.0,-0.00033750544147729774,Strong price trend | Strong positive momentum | Breakout requires volume confirmation | Volume is above average | RSI indicates overbought conditions | Price is above 200 DMA | Price is near 52-week high,104,90
1560.9000244140625,1614.9000244140625,1531.0,1610.0,296742.0,1568.0999755859375,2.6720250664123757,1513.1600036621094,1370.6580053710939,1211.9100091552734,1052.1932537841797,1550.6560170177395,1503.8612848766438,1389.6325704029334,62.81873341658114,65.84286934988839,4.089619214278782,224684.6,1.3207046677876455,1652.800048828125,695.0,-2.5895478922856556,131.65467625899282,53.013716274048136,True,1421.199951171875,1652.800048828125,Strong Uptrend,Strong Positive,No Breakout,UNIMECH,UNIMECH.NS,Unimech Aerospace and Manufacturing Limited,,Unavailable,0,60,,75.0,52W High Watch,-3,72.0,0.22669511524908673,Strong price trend | Strong positive momentum | Volume is above average | RSI supports positive momentum | Price is above 200 DMA | Price is near 52-week high,104,90
877.4000244140625,889.8499755859375,866.0,872.0,482620.0,884.4000244140625,-1.402083228375961,837.6825103759766,750.6360070800781,663.510004272461,613.9637522888183,851.5186630220543,829.3507536840106,765.0175172642181,61.78474734533123,37.89644077845982,4.345922107621539,392861.65,1.2284731787895304,896.0,462.0,-2.6785714285714284,88.74458874458875,42.02792864387168,True,795.5999755859375,896.0,Strong Uptrend,Strong Positive,No Breakout,VARROC,VARROC.NS,Varroc Engineering Limited,,Unavailable,0,60,,75.0,52W High Watch,-3,72.0,0.31413602527046397,Strong price trend | Strong positive momentum | Volume is above average | RSI supports positive momentum | Price is above 200 DMA | Price is near 52-week high,104,90
35.0,38.25,33.11000061035156,36.459999084472656,385169.0,34.880001068115234,4.529810687998359,30.444000148773192,28.602000045776368,28.915100040435792,30.303849954605102,32.367598169997024,30.879950447934306,29.54515689016542,74.09439679213712,2.648571559361049,7.2643215191110775,86132.15,4.471837751640938,79.48999786376953,22.799999237060547,-54.13259521410727,59.91228203730942,20.3147426452065,True,25.700000762939453,34.880001068115234,Sideways,Strong Positive,Confirmed Breakout,MANGALAM,MANGALAM.NS,Mangalam Drugs And Organics Limited,,Unavailable,0,60,,79.0,Strong Breakout Watch,-8,71.0,-0.14683998725125139,Strong positive momentum | Confirmed price breakout | Volume is more than 2x average | RSI indicates overbought conditions | Price is above 200 DMA,59,98
1208.300048828125,1237.699951171875,1181.0,1226.699951171875,1813.0,1228.9000244140625,-0.17902784591744547,1213.5999938964844,1217.7279931640626,1217.7539978027344,1211.1357479858398,1221.6994954364018,1218.784042578242,1219.4761710839568,55.10850298131982,40.642857142857146,3.3131864971569245,929.9,1.949672007742768,1457.5999755859375,950.0,-15.841110612069235,29.12631064967105,1.2850915524472821,True,1140.4000244140625,1260.4000244140625,Uptrend,Positive,No Breakout,APOLSINHOT,APOLSINHOT.NS,Apollo Sindoori Hotels Limited,,Unavailable,0,60,,76.0,Momentum Watch,-5,71.0,0.3904994419840191,Price is in an uptrend | Positive momentum | Strong volume confirmation | RSI supports positive momentum | Price is above 200 DMA | Price is near 200 DMA,86,98
210.10000610351562,222.0,205.25,217.22999572753906,61940.0,213.61000061035156,1.6946749247900517,199.16799850463866,189.9373992919922,186.14379974365235,181.8809999847412,208.4986536643236,201.71983000414582,193.71052985445633,78.12225638896457,8.595714024135045,3.956964596600291,36300.65,1.7063055344739004,295.0,125.0,-26.36271331269862,73.78399658203125,19.435232787241898,True,184.00999450683594,228.1999969482422,Strong Uptrend,Strong Positive,No Breakout,CHEMCON,CHEMCON.NS,Chemcon Speciality Chemicals Limited,,Unavailable,0,60,,76.0,Momentum Watch,-5,71.0,0.33022278198672916,Strong price trend | Strong positive momentum | Strong volume confirmation | RSI indicates overbought conditions | Price is above 200 DMA,86,98
140.77999877929688,142.6199951171875,135.8000030517578,140.52999877929688,16480.0,140.77999877929688,-0.177582044443636,135.17250137329103,138.31260131835938,139.3071002960205,134.27525005340576,137.76395667911137,136.67411319470258,137.51461063901294,64.30375991433459,3.6678575788225447,2.6100175127610545,11493.0,1.4339162968763595,274.79998779296875,95.30000305175781,-48.86098798331439,47.4606445741397,4.658154591708745,True,131.0,144.72999572753906,Uptrend,Strong Positive,No Breakout,CYBERTECH,CYBERTECH.NS,Cybertech Systems And Software Limited,,Unavailable,0,60,,76.0,Momentum Watch,-5,71.0,0.44071327242625985,Price is in an uptrend | Strong positive momentum | Volume is above average | RSI supports positive momentum | Price is above 200 DMA,86,98
485.5,489.04998779296875,468.04998779296875,472.1000061035156,142861.0,483.1000061035156,-2.2769612628907754,457.8675018310547,463.5440008544922,446.2570007324219,435.59274978637694,466.8690465030613,463.1272954154979,458.7049882689788,60.381537278412544,19.396432059151785,4.108543064686765,102758.1,1.390265098323149,551.9500122070312,352.6000061035156,-14.466890902715415,33.89109413824497,8.381052332721916,True,425.04998779296875,492.70001220703125,Uptrend,Strong Positive,No Breakout,SANATHAN,SANATHAN.NS,Sanathan Textiles Limited,,Unavailable,0,60,,76.0,Momentum Watch,-5,71.0,0.43783205284954935,Price is in an uptrend | Strong positive momentum | Volume is above average | RSI supports positive momentum | Price is above 200 DMA,86,98
524.4000244140625,528.0999755859375,518.5,523.7999877929688,18998.0,517.0999755859375,1.2956899097586128,495.13000030517577,493.7290020751953,500.2685009765625,487.8840000915527,514.1307901842601,503.3530405521543,496.65917358423684,71.63605825900348,16.307146344866073,3.113239160920227,15424.8,1.231652922566257,636.5,382.3999938964844,-17.706207730876866,36.97698644178361,7.361583428576529,True,466.0,542.0,Strong Uptrend,Strong Positive,No Breakout,SRHHYPOLTD,SRHHYPOLTD.NS,Sree Rayalaseema Hi-Strength Hypo Limited,,Unavailable,0,60,,76.0,Momentum Watch,-5,71.0,0.31487917042856617,Strong price trend | Strong positive momentum | Volume is above average | RSI indicates overbought conditions | Price is above 200 DMA,86,98
170.0,170.8000030517578,166.0500030517578,168.44000244140625,26257.0,169.83999633789062,-0.824301652538395,151.59499893188476,148.39979949951172,143.5684992980957,146.05849941253663,159.1599912928575,154.4323998876332,149.45378141255964,75.2801746604838,7.321427481515067,4.3466085106843355,17153.45,1.5307124805797083,179.3699951171875,119.05000305175781,-6.093545728559771,41.486768688427325,15.323656698439656,True,142.2100067138672,172.5,Strong Uptrend,Strong Positive,No Breakout,STARPAPER,STARPAPER.NS,Star Paper Mills Limited,,Unavailable,0,60,,76.0,Momentum Watch,-5,71.0,0.1547845299239271,Strong price trend | Strong positive momentum | Strong volume confirmation | RSI indicates overbought conditions | Price is above 200 DMA,86,98
37.79999923706055,37.79999923706055,32.36000061035156,34.5099983215332,173376.0,36.790000915527344,-6.197343129262755,32.24750013351441,32.71399993896485,33.55769990921021,33.32464998245239,33.203131881470256,32.70784632398362,32.84469960716838,67.12327756529518,2.2278575897216797,6.455687331435085,112079.95,1.5468957650320152,46.34000015258789,25.600000381469727,-25.528704773631798,34.804678934742824,3.556971610219385,True,30.1200008392334,37.75,Sideways,Strong Positive,No Breakout,BIOFILCHEM,BIOFILCHEM.NS,Biofil Chemicals & Pharmaceuticals Limited,,Unavailable,0,60,,74.0,200 DMA Recovery Watch,-3,71.0,0.7380418078894763,Strong positive momentum | Strong volume confirmation | RSI supports positive momentum | Price is above 200 DMA,125,98
29.780000686645508,29.780000686645508,28.020000457763672,28.799999237060547,5955.0,29.489999771118164,-2.3397780244589494,28.011000061035155,28.851400032043458,29.664400005340575,28.380700016021727,28.68639257860127,28.415413744430182,28.67075673985033,61.4084456341049,1.1357142584664481,3.943452390807647,3003.65,1.9825878514474056,38.79999923706055,20.0,-25.773196383077018,43.999996185302734,1.4774097214026194,True,26.510000228881836,29.700000762939453,Sideways,Strong Positive,No Breakout,DAMODARIND,DAMODARIND.NS,Damodar Industries Limited,,Unavailable,0,60,,74.0,200 DMA Recovery Watch,-3,71.0,0.3930139369775091,Strong positive momentum | Strong volume confirmation | RSI supports positive momentum | Price is above 200 DMA | Price is near 200 DMA,125,98
14.539999961853027,17.200000762939453,14.010000228881836,17.200000762939453,1455188.0,14.34000015258789,19.944216038487482,13.940999984741211,14.191600017547607,14.956699962615966,14.917149982452393,14.64861064340341,14.236363035453188,14.29879123200203,82.48588615749672,0.9121429579598563,5.3031564970929255,89258.4,16.303093042223477,21.0,12.130000114440918,-18.09523446219308,41.79720198405139,15.30353172806108,True,13.0,15.25,Sideways,Strong Positive,Confirmed Breakout,ASHOKAMET,ASHOKAMET.NS,Ashoka Metcast Limited,,Unavailable,0,60,,78.0,Strong Breakout Watch,-8,70.0,-0.46428581159940235,Strong positive momentum | Confirmed price breakout | Volume is more than 2x average | RSI indicates overbought conditions | Price is above 200 DMA,67,107
1948.0,2044.4000244140625,1909.4000244140625,2020.0999755859375,301736.0,1949.0999755859375,3.6427069359875164,1667.3850036621093,1684.4260083007812,1568.2460021972656,1348.079500427246,1822.3883959381365,1727.065981002558,1656.209943212551,85.54993629647717,90.99286760602679,4.504374471844344,170549.1,1.7692031209780643,2044.4000244140625,890.0,-1.1886151701201209,126.97752534673454,49.85021098130402,True,1527.0999755859375,1998.0,Uptrend,Strong Positive,Confirmed Breakout,VENUSPIPES,VENUSPIPES.NS,Venus Pipes & Tubes Limited,,Unavailable,0,60,,78.0,Strong Breakout Watch,-8,70.0,-0.044827536685471604,Price is in an uptrend | Strong positive momentum | Confirmed price breakout | Strong volume confirmation | RSI indicates overbought conditions | Price is above 200 DMA | Price is near 52-week high,67,107
105.5999984741211,114.94999694824219,104.12999725341797,107.41999816894531,316936.0,106.20999908447266,1.1392515722651542,89.95950012207031,87.81859985351562,85.54029983520508,78.92889995574951,98.73890138243799,93.22028718244012,88.9449857381352,76.18375184489443,6.645713261195591,6.186662981266779,113189.45,2.8000489444908516,124.5999984741211,60.0,-13.788122404145934,79.03333028157552,36.09716875462469,True,82.05000305175781,124.5999984741211,Strong Uptrend,Strong Positive,No Breakout,BALPHARMA,BALPHARMA.NS,Bal Pharma Limited,,Unavailable,0,60,,75.0,Momentum Watch,-5,70.0,0.6771779113799192,Strong price trend | Strong positive momentum | Volume is more than 2x average | RSI indicates overbought conditions | Price is above 200 DMA,104,107
741.0,808.4000244140625,740.0,800.7999877929688,1663788.0,744.8499755859375,7.511581397719458,753.6375030517578,790.1550024414063,851.8940026855469,685.6965014648438,759.6143603759622,758.9912781624885,786.5624070404458,58.58310926483272,30.042859758649552,3.7516059211550026,414230.9,4.016571433951451,1103.0,443.04998779296875,-27.398006546421687,80.7470962322138,16.78636044988286,True,709.1500244140625,841.0,Uptrend,Positive,No Breakout,BBOX,BBOX.NS,Black Box Limited,,Unavailable,0,60,,75.0,Momentum Watch,-5,70.0,0.43862551303848646,Price is in an uptrend | Positive momentum | Volume is more than 2x average | RSI supports positive momentum | Price is above 200 DMA,104,107
1660.0,1677.5,1563.0999755859375,1572.9000244140625,2916939.0,1626.4000244140625,-3.2894736348318854,1432.2400024414062,1313.7580029296876,1206.489501953125,1062.1260006713867,1506.9788757255792,1441.9673358872085,1339.695476265377,67.71705944538444,64.12144252232143,4.076638154176899,2165394.9,1.3470702272366117,1677.5,716.7999877929688,-6.235467993200447,119.43360089291166,48.089776864497004,True,1309.0999755859375,1663.300048828125,Strong Uptrend,Strong Positive,No Breakout,CHENNPETRO,CHENNPETRO.NS,Chennai Petroleum Corporation Limited,,Unavailable,0,60,,75.0,Momentum Watch,-5,70.0,0.34268388052104304,Strong price trend | Strong positive momentum | Volume is above average | RSI supports positive momentum | Price is above 200 DMA,104,107
430.0,461.0,426.6499938964844,445.70001220703125,1336559.0,435.45001220703125,2.3538867178000578,390.5975051879883,405.36000366210936,395.9155017089844,379.86625045776367,420.07644975623725,404.4457821441339,398.6708706094256,81.55258537087386,17.23571559361049,3.8671113128900614,616829.55,2.1668206395105423,486.0,312.70001220703125,-8.292178558224023,42.53277736105231,17.330774100076958,True,360.75,454.0,Uptrend,Strong Positive,Near Breakout,IONEXCHANG,IONEXCHANG.NS,ION Exchange (India) Limited,,Unavailable,0,60,,75.0,Momentum Watch,-5,70.0,0.09770437434124073,Price is in an uptrend | Strong positive momentum | Price is close to resistance | Volume is more than 2x average | RSI indicates overbought conditions | Price is above 200 DMA,104,107
83.80000305175781,84.9000015258789,83.05000305175781,84.19999694824219,21676225.0,84.3499984741211,-0.17783228048893207,83.03899917602538,81.50139953613281,82.34029991149902,73.64999988555908,84.25982613721595,83.35176609484846,82.35680170682627,61.36364086741297,2.497858319963728,2.9665776846751712,16537423.0,1.3107377733519907,94.5,53.52000045776367,-10.899474128844245,57.32435767576314,14.324503841243988,True,79.5999984741211,87.5,Strong Uptrend,Positive,No Breakout,MAHABANK,MAHABANK.NS,Bank of Maharashtra,,Unavailable,0,60,,75.0,Momentum Watch,-5,70.0,0.7173922057416189,Strong price trend | Positive momentum | Volume is above average | RSI supports positive momentum | Price is above 200 DMA,104,107
873.0,904.0,819.0999755859375,866.0999755859375,4525404.0,876.4500122070312,-1.1809043843847733,738.8975006103516,624.5159985351562,586.2009982299804,494.76799911499023,806.8468189527226,746.7059756160776,660.9385372981767,72.44561565291761,51.37500435965402,5.931763746430958,1542131.75,2.9345119183234507,944.0,302.04998779296875,-8.25212123030323,186.74060936548693,75.0517368009173,True,570.7999877929688,944.0,Strong Uptrend,Strong Positive,No Breakout,MANINDS,MANINDS.NS,Man Industries (India) Limited,,Unavailable,0,60,,75.0,Momentum Watch,-5,70.0,0.2637996194861927,Strong price trend | Strong positive momentum | Volume is more than 2x average | RSI indicates overbought conditions | Price is above 200 DMA,104,107
1773.5,1854.0999755859375,1725.9000244140625,1845.199951171875,171393.0,1743.5,5.833091549863778,1698.0899841308594,1453.8019946289062,1221.1599963378906,1005.8894989013672,1746.9479725119813,1673.3319576450247,1490.4340845054317,60.86542819160167,105.95000348772321,5.741925335540738,137824.4,1.2435606467359916,1943.699951171875,561.2999877929688,-5.067654600732661,228.73685930890542,83.4396276317829,True,1389.5999755859375,1943.699951171875,Strong Uptrend,Strong Positive,No Breakout,RPEL,RPEL.NS,Raghav Productivity Enhancers Limited,,Unavailable,0,60,,75.0,Momentum Watch,-5,70.0,0.21619843125171645,Strong price trend | Strong positive momentum | Volume is above average | RSI supports positive momentum | Price is above 200 DMA,104,107
1590.0,1616.0999755859375,1571.4000244140625,1585.0,1170229.0,1591.0999755859375,-0.38338103698927206,1516.7699951171876,1396.1299975585937,1275.407498779297,1102.0807482910157,1583.8910441726498,1529.5003087658067,1421.398002770271,67.72045990352183,57.207144601004465,3.609283571041291,847907.85,1.380137004274698,1697.0,783.8499755859375,-6.599882144961697,102.20706121923307,43.81886286080597,True,1409.0,1697.0,Strong Uptrend,Strong Positive,No Breakout,SAILIFE,SAILIFE.NS,Sai Life Sciences Limited,,Unavailable,0,60,,75.0,Momentum Watch,-5,70.0,0.6363636363636364,Strong price trend | Strong positive momentum | Volume is above average | RSI supports positive momentum | Price is above 200 DMA,104,107
197.0,204.8699951171875,192.3000030517578,198.92999267578125,15203480.0,196.32000732421875,1.329454591580248,175.68400115966796,175.12800048828126,157.14700004577637,152.28670001983642,182.82607106594298,177.68147094506162,170.9318720643619,77.15721553708491,7.637857709612165,3.8394701607718082,5373587.2,2.829298089737894,212.3300018310547,115.36000061035156,-6.310935355209701,72.4427805333513,30.62860555115399,True,165.99000549316406,212.3300018310547,Strong Uptrend,Strong Positive,No Breakout,SHAREINDIA,SHAREINDIA.NS,Share India Securities Limited,,Unavailable,0,60,,75.0,Momentum Watch,-5,70.0,0.40680067909512657,Strong price trend | Strong positive momentum | Volume is more than 2x average | RSI indicates overbought conditions | Price is above 200 DMA,104,107
2197.39990234375,2231.89990234375,2158.0,2192.60009765625,19444.0,2197.39990234375,-0.21843109587746934,2099.2050231933595,2024.5920092773438,1867.6640002441407,1776.507496948242,2139.8469104422284,2107.3519054137055,2023.2001857484765,72.40690118645085,60.914271763392854,2.7781751824469194,9248.0,2.1025086505190314,2286.60009765625,1443.5999755859375,-4.1109068479595265,51.884187776208826,23.421944541342434,True,1995.0,2246.39990234375,Strong Uptrend,Strong Positive,No Breakout,THEJO,THEJO.NS,Thejo Engineering Limited,,Unavailable,0,60,,75.0,Momentum Watch,-5,70.0,0.2722660834970409,Strong price trend | Strong positive momentum | Volume is more than 2x average | RSI indicates overbought conditions | Price is above 200 DMA,104,107
133.0,146.0,126.41000366210938,128.89999389648438,5650401.0,133.13999938964844,-3.184621836113455,123.11949882507324,107.96819946289062,99.09169975280761,96.85014995574952,130.9601309462203,124.11037897413453,112.32019662060699,60.51574054840183,8.821428571428571,6.8436221793096355,3337228.1,1.6931419821138387,146.99000549316406,78.66999816894531,-12.306967086630243,63.84898550482892,33.09219857210166,True,108.30000305175781,146.99000549316406,Strong Uptrend,Positive,No Breakout,TNPETRO,TNPETRO.NS,Tamilnadu PetroProducts Limited,,Unavailable,0,60,,75.0,Momentum Watch,-5,70.0,0.8781562930311005,Strong price trend | Positive momentum | Strong volume confirmation | RSI supports positive momentum | Price is above 200 DMA,104,107
95.70999908447266,100.30000305175781,94.91999816894531,98.88999938964844,369808.0,95.70999908447266,3.3225371806441473,88.0400001525879,83.6333999633789,84.46020004272461,77.17160009384155,94.74560625133056,90.27135373959797,85.86508488006056,73.30698796304598,4.388572147914341,4.437832111437677,234225.8,1.578852543144265,101.29000091552734,50.310001373291016,-2.3694357825906542,96.56131323850046,28.14299466305878,True,74.5999984741211,101.29000091552734,Strong Uptrend,Strong Positive,No Breakout,AAREYDRUGS,AAREYDRUGS.NS,Aarey Drugs & Pharmaceuticals Limited,,Unavailable,0,60,,73.0,52W High Watch,-3,70.0,0.09880615213747107,Strong price trend | Strong positive momentum | Strong volume confirmation | RSI indicates overbought conditions | Price is above 200 DMA | Price is near 52-week high,131,107
236.0,242.49000549316406,229.41000366210938,240.44000244140625,1131348.0,239.02999877929688,0.5898856500481608,230.70999984741212,243.76779998779296,229.4756996154785,223.48754943847655,235.7870393972779,234.99417069118834,236.24225821361023,58.72915067362858,9.319286891392299,3.8759302931147452,546233.0,2.0711820779777126,,,,,7.585412720092717,True,218.3000030517578,250.89999389648438,Sideways,Positive,No Breakout,EPACKPEB,EPACKPEB.NS,EPack Prefab Technologies Limited,,Unavailable,0,60,,73.0,Neutral Watch,-3,70.0,0.47244768488876726,Positive momentum | Volume is more than 2x average | RSI supports positive momentum | Price is above 200 DMA,131,107
1548.0999755859375,1624.699951171875,1530.0,1592.199951171875,919086.0,1541.9000244140625,3.262204161189186,1538.6299987792968,1592.3039965820312,1664.072999267578,1584.1214971923828,1554.1364110598508,1553.2652455169164,1581.8488560584592,58.44517996161747,56.7357177734375,3.5633538194546137,305350.65,3.00993628145216,1925.0,1057.0,-17.288314224837663,50.63386482231551,0.5099642921209054,True,1478.0,1645.699951171875,Sideways,Positive,No Breakout,ONESOURCE,ONESOURCE.NS,Onesource Specialty Pharma Limited,,Unavailable,0,60,,73.0,200 DMA Recovery Watch,-3,70.0,0.468476557572959,Positive momentum | Volume is more than 2x average | RSI supports positive momentum | Price is above 200 DMA | Price is near 200 DMA,131,107
278.1499938964844,284.8999938964844,274.0,283.04998779296875,90543.0,276.75,2.2764183533762417,281.7200012207031,281.3500006103516,283.7030010986328,282.23900115966796,282.0839487067919,282.6243194823795,282.9721228270247,55.9369152330292,10.196428571428571,3.6023419929933174,29144.35,3.10670850439279,325.0,248.0,-12.907696063701923,14.133059593939013,0.28734038526518,True,272.0,296.8500061035156,Sideways,Positive,No Breakout,PRIMESECU,PRIMESECU.NS,Prime Securities Limited,,Unavailable,0,60,,73.0,200 DMA Recovery Watch,-3,70.0,1.2488718149831808,Positive momentum | Volume is more than 2x average | RSI supports positive momentum | Price is above 200 DMA | Price is near 200 DMA,131,107
22.979999542236328,25.149999618530273,22.309999465942383,24.899999618530273,17663.0,22.8700008392334,8.876251442083106,23.179000091552734,23.271600074768067,25.940000076293945,26.165200033187865,23.363468579982523,23.217866815517606,23.725770934933678,64.62765478504912,1.5314284733363561,6.150315248184525,4935.8,3.5785485635560597,42.75,19.299999237060547,-41.754386857239126,29.015547164978152,-4.835431844789321,False,22.0,24.799999237060547,Downtrend,Strong Positive,Confirmed Breakout,NAGREEKCAP,NAGREEKCAP.NS,Nagreeka Capital & Infrastructure Limited,,Unavailable,0,60,,77.0,Strong Breakout Watch,-8,69.0,-0.034482894697898954,Price trend is weak | Strong positive momentum | Confirmed price breakout | Volume is more than 2x average | RSI supports positive momentum | Price is below 200 DMA,82,129
289.6000061035156,298.3999938964844,281.29998779296875,295.1000061035156,1776446.0,291.8500061035156,1.1135857228138146,277.49999847412107,282.38919860839843,246.64409927368163,232.54409980773926,287.8395446396908,282.44834748828714,272.7519407253964,71.75441367402391,11.307146344866071,3.8316320267712,938501.85,1.892852954951554,311.489990234375,158.0,-5.26180122787478,86.77215576171875,26.900663722492112,True,258.29998779296875,300.70001220703125,Uptrend,Strong Positive,Near Breakout,AEGISVOPAK,AEGISVOPAK.NS,Aegis Vopak Terminals Limited,,Unavailable,0,60,,74.0,Momentum Watch,-5,69.0,0.1521740031827828,Price is in an uptrend | Strong positive momentum | Price is close to resistance | Strong volume confirmation | RSI indicates overbought conditions | Price is above 200 DMA,125,129
5.179999828338623,5.179999828338623,5.179999828338623,5.179999828338623,85364.0,5.079999923706055,1.9685020892601601,4.302999973297119,3.2636000061035157,2.6566000068187714,2.188500003218651,4.787722044403476,4.340786985476073,3.5685186530550213,,0.09642853055681501,1.8615547056445068,32985.95,2.587889692429656,5.179999828338623,1.2999999523162842,0.0,298.46153987229934,136.6917898432872,True,3.5,5.079999923706055,Strong Uptrend,Insufficient Data,Confirmed Breakout,IMPEXFERRO,IMPEXFERRO.NS,Impex Ferro Tech Limited,,Unavailable,0,60,,76.0,Strong Breakout Watch,-8,68.0,-0.059523758839582594,Strong price trend | Confirmed price breakout | Volume is more than 2x average | Price is above 200 DMA | Price is near 52-week high,86,137
3.3299999237060547,3.3299999237060547,3.319999933242798,3.3299999237060547,2178546.0,3.2699999809265137,1.8348606461624728,2.7795000076293945,2.266599998474121,1.686199998855591,1.422499998807907,3.0852680056881874,2.832618148765642,2.36228866312997,,0.060714278902326314,1.8232516604611695,475284.4,4.583668220543321,3.3299999237060547,0.6800000071525574,0.0,389.70586598228846,134.09489817199884,True,2.319999933242798,3.2699999809265137,Strong Uptrend,Insufficient Data,Confirmed Breakout,SUPREMEENG,SUPREMEENG.NS,Supreme Engineering Limited,,Unavailable,0,60,,76.0,Strong Breakout Watch,-8,68.0,-0.05940588450106899,Strong price trend | Confirmed price breakout | Volume is more than 2x average | Price is above 200 DMA | Price is near 52-week high,86,137
234.0,238.8000030517578,221.4199981689453,223.8699951171875,1450380.0,231.72999572753906,-3.39187880519064,205.44599990844728,205.61799957275392,181.83979934692383,167.80274971008302,216.83845245072993,210.08576767826858,199.9978678305402,69.32677105806617,12.446427481515068,5.559667553930053,861090.35,1.6843528672688064,248.8800048828125,103.52999877929688,-10.049023334518656,116.23683739669404,33.41259038005828,True,185.0,235.0,Uptrend,Strong Positive,No Breakout,IKIO,IKIO.NS,IKIO Technologies Limited,,Unavailable,0,60,,73.0,Momentum Watch,-5,68.0,0.2863392405699337,Price is in an uptrend | Strong positive momentum | Strong volume confirmation | RSI supports positive momentum | Price is above 200 DMA,131,137
595.2999877929688,634.0,561.6500244140625,627.9000244140625,40702.0,595.2999877929688,5.476236736028839,532.7074981689453,491.8089990234375,478.02099975585935,463.85624984741213,577.5019163867763,545.2775776248419,509.01116818513526,70.54828818986432,34.82143293108259,5.5456970181800695,26752.5,1.5214279039342118,650.0,357.29998779296875,-3.3999962439903846,75.73468957907947,35.36521812967129,True,487.0,650.0,Strong Uptrend,Strong Positive,No Breakout,NRAIL,NRAIL.NS,N R Agarwal Industries Limited,,Unavailable,0,60,,73.0,Momentum Watch,-5,68.0,0.1568486285069218,Strong price trend | Strong positive momentum | Strong volume confirmation | RSI indicates overbought conditions | Price is above 200 DMA,131,137
21.43000030517578,24.670000076293945,21.43000030517578,23.709999084472656,1605579.0,21.700000762939453,9.262664750528483,21.48400001525879,22.8553999710083,23.367299995422364,22.44955002784729,21.69875722670382,21.829991689106766,22.506764476944287,70.9774373550666,1.1157142094203405,4.705669559266267,233689.5,6.870565429768988,26.899999618530273,16.100000381469727,-11.858738212992986,47.267071569523985,5.614584947412555,True,19.260000228881836,26.600000381469727,Uptrend,Positive,No Breakout,PRIMO,PRIMO.NS,Primo Chemicals Limited,,Unavailable,0,60,,73.0,Momentum Watch,-5,68.0,0.6494386607237382,Price is in an uptrend | Positive momentum | Volume is more than 2x average | RSI indicates overbought conditions | Price is above 200 DMA,131,137
365.0,365.79998779296875,333.2699890136719,333.2699890136719,129115.0,370.29998779296875,-9.999999999999998,269.0599983215332,238.30279907226563,216.7695997619629,211.55229988098145,304.05042432998926,276.8116912365487,247.59683255273896,73.41541502104627,21.912858145577566,6.57510693069895,84677.65,1.524782513449535,400.0,165.25,-16.68250274658203,101.67624146061837,57.53550739045066,True,236.5,400.0,Strong Uptrend,Strong Positive,No Breakout,SREEL,SREEL.NS,Sreeleathers Limited,,Unavailable,0,60,,73.0,Momentum Watch,-5,68.0,0.6895734066571028,Strong price trend | Strong positive momentum | Strong volume confirmation | RSI indicates overbought conditions | Price is above 200 DMA,131,137
102.0,109.5,100.0,103.58000183105469,16966.0,102.37000274658203,1.181985984183287,100.33249969482422,93.67780014038085,93.26279983520507,93.99964977264405,102.91819634144463,100.56441555399032,96.17822543415028,67.8828641239514,6.044285365513393,5.8353787011627904,10646.85,1.5935229668869195,129.39999389648438,76.0,-19.95362695772985,36.289476093493015,10.19190186514794,True,87.54000091552734,109.55000305175781,Sideways,Strong Positive,No Breakout,GILLANDERS,GILLANDERS.NS,Gillanders Arbuthnot & Company Limited,,Unavailable,0,60,,71.0,Neutral Watch,-3,68.0,0.37219456857536287,Strong positive momentum | Strong volume confirmation | RSI supports positive momentum | Price is above 200 DMA,188,137
37.5,39.81999969482422,37.0,37.90999984741211,620683.0,36.61000061035156,3.550940222309018,35.24149990081787,34.78519996643067,35.86910007476806,37.13745004653931,36.028390522604845,35.52854868001531,35.273816056426,76.86565942610204,1.7692857469831194,4.667068726205489,85157.15,7.288677462784981,53.0,26.520000457763672,-28.47169840110923,42.948714905900545,2.0802446045828966,True,33.599998474121094,39.939998626708984,Sideways,Strong Positive,No Breakout,HPAL,HPAL.NS,HP Adhesives Limited,,Unavailable,0,60,,71.0,200 DMA Recovery Watch,-3,68.0,0.4709972465152176,Strong positive momentum | Volume is more than 2x average | RSI indicates overbought conditions | Price is above 200 DMA | Price is near 200 DMA,188,137
412.6000061035156,420.0,409.25,419.0,15197483.0,416.54998779296875,0.5881676338564512,412.1425018310547,396.7459997558594,392.6270001220703,400.5447001647949,418.0699956865499,413.00153991127195,403.114517743576,65.71170661179153,7.264288766043527,1.7337204692227988,12249727.2,1.2406384854023524,453.20001220703125,345.5,-7.546339648245192,21.273516642547033,4.6075506248396465,True,386.75,429.1000061035156,Sideways,Strong Positive,No Breakout,KOTAKBANK,KOTAKBANK.NS,Kotak Mahindra Bank Limited,,Unavailable,0,60,,71.0,200 DMA Recovery Watch,-3,68.0,0.31317848382994184,Strong positive momentum | Volume is above average | RSI supports positive momentum | Price is above 200 DMA,188,137
129.25,136.0,127.11000061035156,134.1699981689453,1711893.0,130.30999755859375,2.9621676637787697,130.22499961853026,134.35940017700196,130.01509963989258,124.82809970855713,131.2686016541501,131.7117157186918,132.61877357047663,62.56282067572482,4.427143096923828,3.29965205138426,1036785.1,1.6511550947250304,157.99000549316406,78.91999816894531,-15.076907713158727,70.00760425985494,7.483810521989209,True,123.4800033569336,137.5,Sideways,Positive,No Breakout,RICOAUTO,RICOAUTO.NS,Rico Auto Industries Limited,,Unavailable,0,60,,71.0,Neutral Watch,-3,68.0,0.31150640291358794,Positive momentum | Strong volume confirmation | RSI supports positive momentum | Price is above 200 DMA,188,137
91.4000015258789,92.73999786376953,88.19999694824219,90.30000305175781,31154.0,91.4000015258789,-1.2034994045483027,84.53500061035156,80.86120025634766,80.07450004577636,83.51259998321534,86.58619908576675,84.78243381679721,82.27288641123202,64.722222590152,3.969286782400949,4.395666277138273,25923.85,1.2017505115945355,105.56999969482422,71.26000213623047,-14.4643333212163,26.719057458246837,8.127400020962861,True,77.0,93.0,Sideways,Strong Positive,No Breakout,STEELCITY,STEELCITY.NS,Steel City Securities Limited,,Unavailable,0,60,,71.0,Neutral Watch,-3,68.0,0.2030072427603946,Strong positive momentum | Volume is above average | RSI supports positive momentum | Price is above 200 DMA,188,137
15.0,16.8700008392334,15.0,16.8700008392334,1521669.0,15.34000015258789,9.973928757669492,10.898500108718872,10.64080005645752,11.106700019836426,11.768250007629394,12.852701947454614,11.559838991741318,10.981309913116391,95.8500619952038,0.8907142366681781,5.279870731225486,310728.55,4.897100700917248,17.739999771118164,8.399999618530273,-4.90416540647976,100.83335244466475,43.35182230405135,True,9.670000076293945,15.550000190734863,Sideways,Strong Positive,Confirmed Breakout,ANMOL,ANMOL.NS,Anmol India Limited,,Unavailable,0,60,,75.0,Strong Breakout Watch,-8,67.0,-0.1833334039758678,Strong positive momentum | Confirmed price breakout | Volume is more than 2x average | RSI indicates overbought conditions | Price is above 200 DMA,104,150
17200.0,17558.0,16686.0,17500.0,169196.0,17342.0,0.911082920078421,17206.05,15662.2,14710.125,12012.6225,17413.491060721135,17098.784430489828,16101.469957374857,57.5374531835206,642.2142857142857,3.6697959183673468,138164.8,1.2245955554526191,18465.0,6801.0,-5.226103438938532,157.3151007204823,45.68009608226681,True,16199.0,18395.0,Strong Uptrend,Positive,No Breakout,APARINDS,APARINDS.NS,Apar Industries Limited,,Unavailable,0,60,,72.0,Momentum Watch,-5,67.0,0.6879323597232898,Strong price trend | Positive momentum | Volume is above average | RSI supports positive momentum | Price is above 200 DMA,143,150
15.079999923706055,15.199999809265137,14.84000015258789,14.970000267028809,547907103.0,14.899999618530273,0.469803022085169,14.633500003814698,13.890400009155274,13.633500022888184,12.044850044250488,14.985441261211687,14.63529155392626,14.10185573978041,59.259262166358816,0.5878572463989258,3.926902043506787,446336858.9,1.2275640966563248,15.789999961853027,7.300000190734863,-5.193158307822998,105.06849145057127,24.285484767613337,True,13.489999771118164,15.789999961853027,Strong Uptrend,Positive,No Breakout,IDEA,IDEA.NS,Vodafone Idea Limited,,Unavailable,0,60,,72.0,Momentum Watch,-5,67.0,0.5540536622048041,Strong price trend | Positive momentum | Volume is above average | RSI supports positive momentum | Price is above 200 DMA,143,150
82.0,82.0,79.0999984741211,80.1500015258789,9000.0,81.6500015258789,-1.837109579874996,78.916499710083,76.88859954833984,79.2891999053955,71.08179996490479,79.84881263147345,78.93270595458334,78.04774190667155,51.99517696159651,4.1435699462890625,5.1697690173482815,6540.9,1.3759574370499474,91.69999694824219,49.560001373291016,-12.595415274530916,61.72316243936491,12.75741689919411,True,73.69999694824219,88.8499984741211,Strong Uptrend,Positive,No Breakout,MITCON,MITCON.NS,MITCON Consultancy & Engineering Services Limited,,Unavailable,0,60,,72.0,Momentum Watch,-5,67.0,1.3488357788778291,Strong price trend | Positive momentum | Volume is above average | RSI supports positive momentum | Price is above 200 DMA,143,150
15.619999885559082,15.619999885559082,15.619999885559082,15.619999885559082,428405.0,15.930000305175781,-1.946016407268858,14.72950005531311,11.479200010299683,7.876800019741058,5.268250007629394,15.756094027015893,14.685689962683176,11.947520224656651,75.32133795836734,0.3250000136239188,2.0806659155253007,143020.05,2.99541917374522,17.239999771118164,2.009999990463257,-9.396751201082012,677.1144258542532,196.49314028260716,True,12.149999618530273,17.239999771118164,Strong Uptrend,Positive,No Breakout,VIJIFIN,VIJIFIN.NS,Viji Finance Limited,,Unavailable,0,60,,72.0,Momentum Watch,-5,67.0,0.466858720718834,Strong price trend | Positive momentum | Volume is more than 2x average | RSI indicates overbought conditions | Price is above 200 DMA,143,150
171.75,178.5399932861328,170.85000610351562,176.52000427246094,25334991.0,174.0,1.4482783175062908,169.832999420166,180.11719940185546,191.14579956054686,174.3953998565674,170.68975922439697,171.0134348194771,177.64581177349478,54.69872910877802,4.865711757114956,2.7564647854895052,7956326.5,3.184257332828159,220.75999450683594,134.25,-20.039858368906188,31.48603670201932,1.2182686112368433,True,159.24000549316406,180.74000549316406,Sideways,Positive,No Breakout,BANDHANBNK,BANDHANBNK.NS,Bandhan Bank Limited,,Unavailable,0,60,,70.0,200 DMA Recovery Watch,-3,67.0,0.2442130508573356,Positive momentum | Volume is more than 2x average | RSI supports positive momentum | Price is above 200 DMA | Price is near 200 DMA,196,150
5.78000020980835,6.0,5.440000057220459,6.0,7383.0,5.71999979019165,4.895108742634546,4.844000029563904,5.041800003051758,5.197800006866455,5.152050006389618,5.371534318546621,5.084279837702156,5.019510901145823,78.51852989982177,0.38214281627110075,6.369046937851679,3456.3,2.1360992969360297,6.670000076293945,4.099999904632568,-10.04497854018343,46.34146681858776,16.45849695866203,True,4.099999904632568,6.019999980926514,Sideways,Strong Positive,Near Breakout,LAKPRE,LAKPRE.NS,Lakshmi Precision Screws Limited,,Unavailable,0,60,,74.0,Pre-Breakout Watch,-8,66.0,0.010526305222445779,Strong positive momentum | Price is close to resistance | Volume is more than 2x average | RSI indicates overbought conditions | Price is above 200 DMA,125,189
301.0,330.0,289.45001220703125,323.04998779296875,191712.0,307.5,5.056906599339439,257.39049911499023,247.95279998779296,252.16809982299804,291.2107006072998,288.1786053182031,268.4389631245215,254.94600769949986,76.66802445512128,19.803571428571427,6.130187951365233,82185.4,2.3326770934983587,447.6499938964844,212.39999389648438,-27.83424724726533,52.095102201561716,10.933419383034444,True,215.0,326.8500061035156,Sideways,Strong Positive,Near Breakout,MEDICAMEQ,MEDICAMEQ.NS,Medicamen Biotech Limited,,Unavailable,0,60,,74.0,Pre-Breakout Watch,-8,66.0,0.035169076722414566,Strong positive momentum | Price is close to resistance | Volume is more than 2x average | RSI indicates overbought conditions | Price is above 200 DMA,125,189
3437.89990234375,3570.5,3418.0,3556.10009765625,107650.0,3495.60009765625,1.7307471767312288,3450.17001953125,3561.60001953125,3460.0680102539063,3197.4700085449217,3472.9988024214254,3476.855126933389,3494.8605296393025,57.28454113454805,89.69287109375,2.522225714424199,68122.35,1.5802449563175667,3785.300048828125,2261.0,-6.0550008774821436,57.279968936587785,11.216057950596094,True,3303.300048828125,3580.60009765625,Sideways,Positive,Near Breakout,PRIVISCL,PRIVISCL.NS,Privi Speciality Chemicals Limited,,Unavailable,0,60,,74.0,Pre-Breakout Watch,-8,66.0,0.09691453824305701,Positive momentum | Price is close to resistance | Strong volume confirmation | RSI supports positive momentum | Price is above 200 DMA,125,189
411.0,423.5,409.54998779296875,422.25,7751875.0,413.20001220703125,2.190219633496593,393.4825012207031,394.96800048828123,384.9586996459961,311.6111999511719,406.8619066485016,398.9172082929368,392.6286273240543,73.75160256347637,11.525002615792411,2.7294263151669416,5853739.3,1.3242603749025859,466.5,179.5,-9.485530546623794,135.23676880222843,35.50539905695453,True,374.3500061035156,427.95001220703125,Uptrend,Strong Positive,Near Breakout,APOLLO,APOLLO.NS,Apollo Micro Systems Limited,,Unavailable,0,60,,71.0,Momentum Watch,-5,66.0,0.1189981823243949,Price is in an uptrend | Strong positive momentum | Price is close to resistance | Volume is above average | RSI indicates overbought conditions | Price is above 200 DMA,188,189
287.95001220703125,318.25,287.95001220703125,317.04998779296875,395692.0,303.1000061035156,4.602435304699037,251.06949844360352,226.87220001220703,205.6804000854492,185.0292504119873,294.723596676264,266.1339202484001,235.71704699822655,80.01841660236775,17.49356951032366,5.517606113817871,153598.65,2.576142433543524,342.0,127.51000213623047,-7.295325206734284,148.64715118915578,71.35127937178756,True,194.0,342.0,Strong Uptrend,Strong Positive,No Breakout,BHAGERIA,BHAGERIA.NS,Bhageria Industries Limited,,Unavailable,0,60,,71.0,Momentum Watch,-5,66.0,0.20276322374781194,Strong price trend | Strong positive momentum | Volume is more than 2x average | RSI indicates overbought conditions | Price is above 200 DMA,188,189
754.5499877929688,766.5,741.0,756.0999755859375,1619515.0,762.1500244140625,-0.7938133745749365,728.6250061035156,726.6460034179687,723.8510046386718,748.9362521362305,746.3303543482309,735.6683722028531,728.1269547543066,70.40623936492568,21.442853655133927,2.8359812653765597,862033.75,1.8787141454728427,884.0,652.25,-14.46832855362698,15.921805379216176,0.9565197878021771,True,696.0499877929688,794.0,Sideways,Strong Positive,No Breakout,JSL,JSL.NS,Jindal Stainless Limited,,Unavailable,0,60,,69.0,200 DMA Recovery Watch,-3,66.0,0.6311412509312818,Strong positive momentum | Strong volume confirmation | RSI indicates overbought conditions | Price is above 200 DMA | Price is near 200 DMA,207,189
1172.0,1189.5999755859375,1162.0,1178.9000244140625,1152599.0,1179.0,-0.00847969346373656,1163.3500061035156,1124.1320068359375,1080.0555059814453,977.3585034179688,1164.3720071089188,1156.3955515819716,1123.4110981039264,52.618749010316506,29.350010463169642,2.4896097934816144,799291.4,1.4420260245512462,1211.5,729.5999755859375,-2.6908770603332646,61.581697349605136,20.62104338288078,True,1125.4000244140625,1211.5,Strong Uptrend,Positive,No Breakout,PNBHOUSING,PNBHOUSING.NS,PNB Housing Finance Limited,,Unavailable,0,60,,69.0,52W High Watch,-3,66.0,0.6093453380549065,Strong price trend | Positive momentum | Volume is above average | RSI supports positive momentum | Price is above 200 DMA | Price is near 52-week high,207,189
4.099999904632568,4.099999904632568,3.890000104904175,4.010000228881836,4826620.0,3.990000009536743,0.5012586290047416,3.5170000314712526,3.497400016784668,3.6446000218391417,3.802650017738342,3.71979903273988,3.585993742965449,3.5504839754592012,71.63119811862484,0.1864285809653146,4.649091529286498,2662196.3,1.813021827128225,8.25,2.5,-51.39393661961411,60.40000915527344,5.4527818804323465,True,3.299999952316284,4.170000076293945,Sideways,Strong Positive,No Breakout,SARVESHWAR,SARVESHWAR.NS,Sarveshwar Foods Limited,,Unavailable,0,60,,69.0,Neutral Watch,-3,66.0,0.22535180998248128,Strong positive momentum | Strong volume confirmation | RSI indicates overbought conditions | Price is above 200 DMA,207,189
30.56999969482422,33.0,28.559999465942383,32.16999816894531,1909923.0,30.56999969482422,5.233884494908869,27.76900005340576,25.15800006866455,24.34989999771118,23.755350008010865,29.924732545248723,28.18581149963707,26.103876899584897,74.63263256588982,2.0142854963030135,6.261378958508816,1544957.3,1.2362302828693064,33.220001220703125,18.270000457763672,-3.160755608592324,76.08099268150244,35.422118209568914,True,24.299999237060547,33.220001220703125,Strong Uptrend,Strong Positive,No Breakout,MUKKA,MUKKA.NS,Mukka Proteins Limited,,Unavailable,0,60,,70.0,Momentum Watch,-5,65.0,0.13341844908057057,Strong price trend | Strong positive momentum | Volume is above average | RSI indicates overbought conditions | Price is above 200 DMA,196,210
13.829999923706055,13.920000076293945,13.220000267028809,13.699999809265137,420161544.0,13.829999923706055,-0.9399863713526413,11.346999979019165,10.352000007629394,9.67189998626709,9.694499974250794,12.792246354265714,11.7645136903548,10.674563983369667,70.87379120205895,0.838571412222726,6.120959298522112,315891012.9,1.3300838796987504,15.380000114440918,7.46999979019165,-10.92327888605384,83.40027033539782,41.31724014289755,True,9.449999809265137,14.4399995803833,Strong Uptrend,Strong Positive,No Breakout,PCJEWELLER,PCJEWELLER.NS,PC Jeweller Limited,,Unavailable,0,60,,70.0,Momentum Watch,-5,65.0,0.1741175932042739,Strong price trend | Strong positive momentum | Volume is above average | RSI indicates overbought conditions | Price is above 200 DMA,196,210
793.0,810.0,775.0,785.0499877929688,4356.0,793.0999755859375,-1.0150029051534726,785.6374969482422,752.8969946289062,695.79099609375,658.4039968872071,793.2863432396606,784.9063244732292,754.9520011880963,52.14592387104549,22.171430315290177,2.8242061855986127,2455.55,1.773940665024129,897.4500122070312,445.1499938964844,-12.524377166996253,76.35628407433497,19.2353010468522,True,743.5,838.0,Uptrend,Positive,No Breakout,SVLL,SVLL.NS,Shree Vasu Logistics Limited,,Unavailable,0,60,,70.0,Momentum Watch,-5,65.0,1.2743688992368767,Price is in an uptrend | Positive momentum | Strong volume confirmation | RSI supports positive momentum | Price is above 200 DMA,196,210
76.0,79.44000244140625,74.5199966430664,79.0,273519.0,76.47000122070312,3.308485339231182,77.44099998474121,76.30499954223633,72.76809978485107,76.90024997711181,78.12538706711125,77.67786143301645,76.03386523820583,58.26559229335916,2.7650015694754466,3.50000198667778,201608.45,1.3566842064407518,120.0,56.970001220703125,-34.166666666666664,38.6694721910785,2.7304853020804822,True,73.0,81.0,Sideways,Positive,No Breakout,ARIHANTCAP,ARIHANTCAP.NS,Arihant Capital Markets Limited,,Unavailable,0,60,,68.0,200 DMA Recovery Watch,-3,65.0,0.3333333333333333,Positive momentum | Volume is above average | RSI supports positive momentum | Price is above 200 DMA | Price is near 200 DMA,291,210
35.0,38.95000076293945,35.0,38.45000076293945,215183.0,39.04999923706055,-1.5364877998554793,35.01749973297119,32.145000038146975,31.53800006866455,33.45925002098083,37.365092571950065,35.55325953687394,33.31973169386915,72.76597457755055,1.9571426936558314,5.090097931915386,94759.15,2.270841391042448,43.54999923706055,26.0,-11.710674083734665,47.884618318997894,14.91590737637317,True,31.350000381469727,39.95000076293945,Sideways,Strong Positive,No Breakout,DOLLEX,DOLLEX.NS,Dollex Agrotech Limited,,Unavailable,0,60,,68.0,Neutral Watch,-3,65.0,0.21126759428278993,Strong positive momentum | Volume is more than 2x average | RSI indicates overbought conditions | Price is above 200 DMA,291,210
69.44999694824219,73.4000015258789,68.91000366210938,70.94999694824219,221417.0,70.51000213623047,0.6240175842877171,60.687499809265134,58.55819999694824,59.07589996337891,59.51309984207153,65.13764705064442,62.014534273405715,59.76085322886595,78.84431425164797,3.0764288221086775,4.336052085178979,85592.2,2.5868829169013066,73.4000015258789,42.099998474121094,-3.33788082657316,68.52731477378843,19.21744479202137,True,56.0,73.0999984741211,Sideways,Strong Positive,No Breakout,MANAKSIA,MANAKSIA.NS,Manaksia Limited,,Unavailable,0,60,,68.0,Neutral Watch,-3,65.0,0.1438128404522318,Strong positive momentum | Volume is more than 2x average | RSI indicates overbought conditions | Price is above 200 DMA,291,210
263.29998779296875,273.20001220703125,261.0,268.5,2611943.0,264.8500061035156,1.3781362327240476,241.93699951171874,230.24739990234374,228.2043002319336,237.65375053405762,256.03813112476774,246.33319255865263,235.52950932875584,69.04892571275107,11.546429225376674,4.3003460802147755,1854257.3,1.4086195049629844,376.95001220703125,177.83999633789062,-28.770396258129722,50.97841066632621,12.979491969566823,True,205.0,275.0,Sideways,Strong Positive,No Breakout,PARAGMILK,PARAGMILK.NS,Parag Milk Foods Limited,,Unavailable,0,60,,68.0,Neutral Watch,-3,65.0,0.10236220472440945,Strong positive momentum | Volume is above average | RSI supports positive momentum | Price is above 200 DMA,291,210
71.0,72.69999694824219,61.369998931884766,62.59000015258789,560099.0,67.83999633789062,-7.738791964483727,58.409999465942384,56.52099975585938,57.951499977111816,63.315149974823,59.75990263961244,58.56840111765532,57.71422464653458,61.77146293448224,3.2328570229666576,5.165133431994391,63036.8,8.885270191380272,91.9000015258789,46.150001525878906,-31.893363315165303,35.622964427184584,-1.1453022262814871,False,55.0,69.98999786376953,Downtrend,Strong Positive,No Breakout,SSDL,SSDL.NS,Saraswati Saree Depot Limited,,Unavailable,0,60,,68.0,200 DMA Recovery Watch,-3,65.0,0.9749667407659449,Price trend is weak | Strong positive momentum | Volume is more than 2x average | RSI supports positive momentum | Price is below 200 DMA | Price is near 200 DMA,291,210
209.89999389648438,225.75999450683594,200.0,221.14999389648438,431750.0,210.16000366210938,5.22934432949691,207.39249954223632,220.6941989135742,230.00629959106445,234.9700498199463,211.10295448196905,210.65624898498265,217.48502927220713,70.55051367402692,9.67499760219029,4.374857729690443,153400.3,2.814531653458305,314.70001220703125,186.0,-29.726728529328195,18.897846180905578,-5.881624459820307,False,197.1300048828125,219.7899932861328,Downtrend,Strong Positive,Confirmed Breakout,ALLTIME,ALLTIME.NS,All Time Plastics Limited,,Unavailable,0,60,,72.0,Strong Breakout Watch,-8,64.0,-0.056619535070456,Price trend is weak | Strong positive momentum | Confirmed price breakout | Volume is more than 2x average | RSI indicates overbought conditions | Price is below 200 DMA,143,231
28.59000015258789,32.38999938964844,28.43000030517578,31.899999618530273,1039887.0,28.610000610351562,11.499471995775966,29.5210000038147,29.813200073242186,30.95860004425049,33.4475001335144,29.888158935879876,29.759323171407463,30.01706050052726,74.39799411549839,1.0749999455043249,3.3699058255783556,213049.95,4.880953973469602,55.900001525878906,25.389999389648438,-42.933812615797216,25.640017272060188,-4.626655232250179,False,27.600000381469727,31.299999237060547,Downtrend,Strong Positive,Confirmed Breakout,TRACXN,TRACXN.NS,Tracxn Technologies Limited,,Unavailable,0,60,,72.0,Strong Breakout Watch,-8,64.0,-0.13953499719220488,Price trend is weak | Strong positive momentum | Confirmed price breakout | Volume is more than 2x average | RSI indicates overbought conditions | Price is below 200 DMA,143,231
159.0,174.0,157.80999755859375,172.39999389648438,7456837.0,166.11000061035156,3.7866433465902016,114.05600090026856,85.37420066833496,77.2234001159668,64.7287001800537,153.37410608030063,126.65953739781307,97.94040192465572,86.12636085367092,13.839286259242467,8.027428508815442,4531235.65,1.6456519978165336,189.67999267578125,42.810001373291016,-9.110079843177484,302.70962010303515,166.34243143601674,True,67.0,189.67999267578125,Strong Uptrend,Strong Positive,No Breakout,BODALCHEM,BODALCHEM.NS,Bodal Chemicals Limited,,Unavailable,0,60,,69.0,Momentum Watch,-5,64.0,0.16394686698243965,Strong price trend | Strong positive momentum | Strong volume confirmation | RSI indicates overbought conditions | Price is above 200 DMA,207,231
248.0500030517578,277.45001220703125,247.5,264.6000061035156,72663.0,251.6999969482422,5.125152686404721,259.9424987792969,228.82199981689453,214.07429946899413,199.82315032958985,256.1322813481829,252.50307113586422,235.55794224300053,51.88131037311291,14.957146780831474,5.6527386378744096,55409.35,1.311385172358095,283.1400146484375,151.25,-6.548000136237256,74.94215279571281,32.41709264771491,True,233.5500030517578,283.1400146484375,Strong Uptrend,Positive,No Breakout,KANPRPLA,KANPRPLA.NS,Kanpur Plastipack Limited,,Unavailable,0,60,,69.0,Momentum Watch,-5,64.0,0.5971016657878325,Strong price trend | Positive momentum | Volume is above average | RSI supports positive momentum | Price is above 200 DMA,207,231
3288.0,3449.89990234375,3249.10009765625,3385.0,39123.0,3318.800048828125,1.994695377784228,3359.8250244140627,3198.02,3012.9839990234377,2741.56,3345.7862265877775,3335.4756299136106,3217.9905912616177,51.329001662488125,187.335693359375,5.534289316377401,29874.05,1.309598129480268,4105.5,2121.0,-17.549628547071002,59.594530881659594,23.469849282890035,True,3200.0,4105.5,Strong Uptrend,Positive,No Breakout,PRUDENT,PRUDENT.NS,Prudent Corporate Advisory Services Limited,,Unavailable,0,60,,69.0,Momentum Watch,-5,64.0,3.8945945945945946,Strong price trend | Positive momentum | Volume is above average | RSI supports positive momentum | Price is above 200 DMA,207,231
679.9500122070312,730.0,674.7000122070312,690.8499755859375,3431057.0,664.5999755859375,3.9497443521355757,667.1799957275391,694.6830017089844,638.2520007324218,584.1272497558593,658.3321457294785,666.0169355186654,667.7040514300627,52.1538946324741,28.8607177734375,4.177566590917163,650569.7,5.273926836740168,822.0,368.0,-15.954990804630476,87.73097162661345,18.27045834185681,True,627.0999755859375,736.5999755859375,Sideways,Positive,No Breakout,ITDC,ITDC.NS,India Tourism Development Corporation Limited,,Unavailable,0,60,,67.0,Neutral Watch,-3,64.0,0.7176470588235294,Positive momentum | Volume is more than 2x average | RSI supports positive momentum | Price is above 200 DMA,304,231
546.0,572.3499755859375,546.0,562.9000244140625,11556446.0,552.2999877929688,1.919253459239112,527.7600021362305,531.2130010986328,541.9285025024415,533.1897512817383,550.2010465822982,537.9814640023203,533.4714059493731,80.93896086703111,17.289293561662948,3.07146790047839,3972038.3,2.9094497905521206,598.2000122070312,458.8999938964844,-5.901034281616123,22.66289646999598,5.572176333266631,True,485.45001220703125,579.4000244140625,Sideways,Strong Positive,No Breakout,LICHSGFIN,LICHSGFIN.NS,LIC Housing Finance Limited,,Unavailable,0,60,,67.0,Neutral Watch,-3,64.0,0.2130406378231927,Strong positive momentum | Volume is more than 2x average | RSI indicates overbought conditions | Price is above 200 DMA,304,231
15.0,17.0,15.0,15.539999961853027,1482517.0,14.75,5.35593194476629,12.644499969482421,11.371999988555908,11.473400020599366,12.559350023269653,13.257174774182683,12.525618476139657,11.827960710829625,72.11093655656603,0.9414286613464355,6.058099508734988,481899.35,3.0764038175191564,20.280000686645508,9.65999984741211,-23.37278384765439,60.869567363566325,23.732517471532365,True,10.020000457763672,15.600000381469727,Sideways,Strong Positive,Near Breakout,OSWALSEEDS,OSWALSEEDS.NS,ShreeOswal Seeds And Chemicals Limited,,Unavailable,0,60,,71.0,Pre-Breakout Watch,-8,63.0,0.010869642211425815,Strong positive momentum | Price is close to resistance | Volume is more than 2x average | RSI indicates overbought conditions | Price is above 200 DMA,188,309
609.9000244140625,613.4500122070312,598.0999755859375,600.7000122070312,862249.0,614.7999877929688,-2.2934248317984074,552.1549987792969,527.4289996337891,465.6485000610352,403.3,589.9137485634337,564.9029032553643,525.1246265211697,85.72007514298588,16.724993024553573,2.7842504885432406,646015.35,1.3347190589201945,616.9000244140625,213.14999389648438,-2.626035267613772,181.82032812947645,48.946196927109156,True,470.0,616.9000244140625,Strong Uptrend,Strong Positive,No Breakout,GCSL,GCSL.NS,Gretex Corporate Services Limited,,Unavailable,0,60,,66.0,52W High Watch,-3,63.0,0.12394805427692027,Strong price trend | Strong positive momentum | Volume is above average | RSI indicates overbought conditions | Price is above 200 DMA | Price is near 52-week high,355,309
372.0,390.8500061035156,372.0,388.0,16707001.0,372.0,4.3010752688172005,377.3125,385.8669989013672,400.27449920654294,415.56999938964844,377.9347474545086,378.8462663560966,385.94014033030004,58.65324635017991,9.896429879324776,2.5506262575579317,4552819.2,3.6695946546702314,481.5,337.79998779296875,-19.418483904465216,14.86086856752579,-6.634261238814341,False,367.3500061035156,389.3999938964844,Downtrend,Positive,Near Breakout,INDUSTOWER,INDUSTOWER.NS,Indus Towers Limited,,Unavailable,0,60,,66.0,200 DMA Recovery Watch,-3,63.0,0.06779633463827422,Price trend is weak | Positive momentum | Price is close to resistance | Volume is more than 2x average | RSI supports positive momentum | Price is below 200 DMA,355,309
1028.199951171875,1041.5,1022.7000122070312,1037.699951171875,2506618.0,1038.5999755859375,-0.08665746535905239,1009.0899963378906,1058.0460021972656,1045.6140002441407,1039.0899990844728,1018.8795063871369,1020.9058044284827,1037.9770108842954,59.573373920105645,24.349988664899552,2.3465346256787525,2024858.4,1.2379226122676035,1221.9000244140625,903.0,-15.074889071265623,14.916938114271872,-0.1337755068206331,False,980.2999877929688,1042.0999755859375,Downtrend,Positive,Near Breakout,MAXHEALTH,MAXHEALTH.NS,Max Healthcare Institute Limited,,Unavailable,0,60,,66.0,200 DMA Recovery Watch,-3,63.0,0.07665552650299168,Price trend is weak | Positive momentum | Price is close to resistance | Volume is above average | RSI supports positive momentum | Price is below 200 DMA | Price is near 200 DMA,355,309
170.0,176.38999938964844,169.0,175.55999755859375,1243946.0,170.6300048828125,2.88928824632404,173.22700042724608,173.81419982910157,163.9081996154785,154.57389961242677,174.27559433807406,173.94032725202618,171.38056208511045,51.80796241160578,7.165002005440848,4.081226990818056,916468.9,1.357324836663852,241.0,107.5999984741211,-27.153527983986,63.15985134592519,13.576740962598985,True,162.0,186.0,Uptrend,Positive,No Breakout,LXCHEM,LXCHEM.NS,Laxmi Organic Industries Limited,,Unavailable,0,60,,67.0,Momentum Watch,-5,62.0,0.7699118230880374,Price is in an uptrend | Positive momentum | Volume is above average | RSI supports positive momentum | Price is above 200 DMA,304,318
232.0,233.0,225.85000610351562,230.9499969482422,15876.0,230.47000122070312,0.20826820193375895,223.71850128173827,225.7167999267578,224.47300048828126,206.50000022888185,227.2619213349562,225.60948305857178,224.65212252501453,54.98736461514255,11.254284449986049,4.873039445204334,11394.45,1.3933099008727932,254.97000122070312,146.0,-9.42071779325487,58.184929416604234,11.840192102789487,True,204.1999969482422,239.97000122070312,Uptrend,Positive,No Breakout,UNIDT,UNIDT.NS,United Drilling Tools Limited,,Unavailable,0,60,,67.0,Momentum Watch,-5,62.0,0.3371964214004089,Price is in an uptrend | Positive momentum | Volume is above average | RSI supports positive momentum | Price is above 200 DMA,304,318
56.25,62.9900016784668,55.5,60.08000183105469,1133568.0,56.439998626708984,6.449332553001086,48.37650032043457,45.44960014343262,45.51099998474121,45.71824996948242,53.27063924670933,49.77949584429804,46.929111383912186,77.23645189973804,3.32714353288923,5.5378552454861385,304150.4,3.726998221932307,62.9900016784668,33.0,-4.619780552263259,82.06061160925663,31.413608069335414,True,43.79999923706055,61.900001525878906,Sideways,Strong Positive,No Breakout,TEXMOPIPES,TEXMOPIPES.NS,Texmo Pipes and Products Limited,,Unavailable,0,60,,65.0,Neutral Watch,-3,62.0,0.11179357523540169,Strong positive momentum | Volume is more than 2x average | RSI indicates overbought conditions | Price is above 200 DMA,419,318
657.0999755859375,668.4500122070312,650.0499877929688,661.5499877929688,252477.0,658.4000244140625,0.4784269839159805,651.0475006103516,668.9620007324219,660.6134985351563,600.0349983215332,652.3005918361486,653.6980600716039,657.2513094683285,55.49791821787293,17.58929443359375,2.658800507619131,203690.6,1.2395122798990232,741.0,481.1499938964844,-10.721998948317307,37.4935043510145,10.251900246404013,True,628.2000122070312,683.8499755859375,Sideways,Positive,No Breakout,TIPSMUSIC,TIPSMUSIC.NS,Tips Music Limited,,Unavailable,0,60,,65.0,Neutral Watch,-3,62.0,0.6686657906391951,Positive momentum | Volume is above average | RSI supports positive momentum | Price is above 200 DMA,419,318
248.5,299.45001220703125,244.10000610351562,293.20001220703125,23945553.0,249.60000610351562,17.467950736120397,263.10000076293943,275.4010000610352,300.73109970092776,342.73539947509767,263.3758549773874,264.3294856447263,275.389707404047,57.64300078791961,12.628570556640625,4.307152125124563,1456754.95,16.437598513051217,639.4000244140625,229.0500030517578,-54.14451032032478,28.006988998283326,-14.452953311484693,False,247.0500030517578,284.6000061035156,Downtrend,Positive,Confirmed Breakout,AWFIS,AWFIS.NS,Awfis Space Solutions Limited,,Unavailable,0,60,,69.0,Strong Breakout Watch,-8,61.0,-0.18634895769100676,Price trend is weak | Positive momentum | Confirmed price breakout | Volume is more than 2x average | RSI supports positive momentum | Price is below 200 DMA,207,380
1500.0,1565.0999755859375,1489.0,1558.0,1336366.0,1514.0,2.9062087186261465,1493.2350036621094,1580.2619995117188,1624.145001220703,1714.209998779297,1497.7874750439269,1507.206988740506,1557.0332993626535,56.837735436377265,41.935703822544646,2.691636959085022,513687.55,2.6015152596164732,2032.9000244140625,1432.300048828125,-23.36071713860802,8.776090685378374,-9.112652410762704,False,1432.300048828125,1535.4000244140625,Downtrend,Positive,Confirmed Breakout,BLUESTARCO,BLUESTARCO.NS,Blue Star Limited,,Unavailable,0,60,,69.0,Strong Breakout Watch,-8,61.0,-0.17979303392915064,Price trend is weak | Positive momentum | Confirmed price breakout | Volume is more than 2x average | RSI supports positive momentum | Price is below 200 DMA,207,380
357.6000061035156,382.79998779296875,353.1499938964844,373.3999938964844,522110.0,363.1000061035156,2.8366806994853944,285.92749938964846,240.74320037841798,225.48689956665038,198.11949996948243,337.0679624529947,300.4844624313764,258.5288295878895,80.93838525268501,30.837139674595424,8.258473534722187,396848.15,1.315641763732551,394.8999938964844,127.01000213623047,-5.444416392074147,193.99258925763726,88.47210595322595,True,210.00999450683594,394.8999938964844,Strong Uptrend,Strong Positive,No Breakout,CORDSCABLE,CORDSCABLE.NS,Cords Cable Industries Limited,,Unavailable,0,60,,66.0,Momentum Watch,-5,61.0,0.13158700091997266,Strong price trend | Strong positive momentum | Volume is above average | RSI indicates overbought conditions | Price is above 200 DMA,355,380
83.0199966430664,87.63999938964844,80.0,86.5,1794174.0,82.93000030517578,4.304835019518749,67.51749992370605,58.82620002746582,50.35120002746582,45.4884001159668,77.1287996497188,70.22819925391306,61.189436612656955,81.96413919428127,5.975714002336774,6.908339887094536,1385508.75,1.2949568164040826,90.0,29.0,-3.888888888888889,198.27586206896552,90.15836956120555,True,54.099998474121094,90.0,Strong Uptrend,Strong Positive,No Breakout,INDORAMA,INDORAMA.NS,Indo Rama Synthetics (India) Limited,,Unavailable,0,60,,66.0,Momentum Watch,-5,61.0,0.10802468627059907,Strong price trend | Strong positive momentum | Volume is above average | RSI indicates overbought conditions | Price is above 200 DMA,355,380
19.040000915527344,19.3700008392334,18.600000381469727,19.3700008392334,247905.0,18.450000762939453,4.986450071817616,17.400999975204467,15.228800010681152,15.025499992370605,15.238650002479552,17.40222137169678,16.90245176644644,15.889754675396656,54.53474856027782,1.1385712623596191,5.878013490084495,42848.3,5.785643771164783,25.75,9.119999885559082,-24.776695769967386,112.39036274446138,27.111002851838023,True,14.609999656677246,21.799999237060547,Sideways,Positive,No Breakout,SHEKHAWATI,SHEKHAWATI.NS,Shekhawati Industries Limited,,Unavailable,0,60,,64.0,Neutral Watch,-3,61.0,0.5105037382621453,Positive momentum | Volume is more than 2x average | RSI supports positive momentum | Price is above 200 DMA,445,380
7.380000114440918,7.679999828338623,7.369999885559082,7.409999847412109,46772.0,7.360000133514404,0.6793439265038392,6.377999973297119,5.9185999584198,5.594299988746643,6.288850009441376,6.915314132678425,6.552910332638163,6.1009621806045455,83.93782537035797,0.2707142489297049,3.6533637584925187,33175.2,1.4098483204321302,9.989999771118164,3.7899999618530273,-25.825825653820605,95.51450981517087,17.827581136258054,True,5.760000228881836,7.360000133514404,Sideways,Strong Positive,Breakout - Volume Confirmation Required,SUPERSPIN,SUPERSPIN.NS,Super Spinning Mills Limited,,Unavailable,0,60,,68.0,Breakout Confirmation Required,-8,60.0,-0.03030286391353351,Strong positive momentum | Breakout requires volume confirmation | Volume is above average | RSI indicates overbought conditions | Price is above 200 DMA,291,444
64.69999694824219,69.72000122070312,63.119998931884766,65.69000244140625,101530.0,63.849998474121094,2.8817603935118674,63.359000015258786,64.8068000793457,63.208800354003905,68.05685005187988,64.49644339380183,64.0116100995236,64.13507690222818,62.86749038388876,3.6249997275216237,5.518343115841757,29004.7,3.500467165666254,163.89999389648438,36.29999923706055,-59.920680361407086,80.96419785689673,-3.477750746132644,False,58.5,71.4000015258789,Downtrend,Strong Positive,No Breakout,BROOKS,BROOKS.NS,Brooks Laboratories Limited,,Unavailable,0,60,,63.0,200 DMA Recovery Watch,-3,60.0,0.7941581565521515,Price trend is weak | Strong positive momentum | Volume is more than 2x average | RSI supports positive momentum | Price is below 200 DMA,493,444
89.0,89.0,86.0,88.94999694824219,18027.0,89.2300033569336,-0.31380297899501475,86.2390007019043,87.59259994506836,87.29060005187988,89.0596000289917,89.02055013821949,87.75072076258729,87.39788786355565,67.15209730066056,3.6385716029575894,4.090580919384162,9592.85,1.879212121528013,116.9000015258789,60.29999923706055,-23.90932781249729,47.512434616372715,-0.12306711540791679,False,80.0999984741211,94.98999786376953,Downtrend,Positive,No Breakout,EMMBI,EMMBI.NS,Emmbi Industries Limited,,Unavailable,0,60,,63.0,200 DMA Recovery Watch,-3,60.0,0.6824860968269472,Price trend is weak | Positive momentum | Strong volume confirmation | RSI supports positive momentum | Price is below 200 DMA | Price is near 200 DMA,493,444
179.00999450683594,187.5,175.10000610351562,186.67999267578125,631557.0,179.6999969482422,3.884249218740643,171.95149917602538,182.93719970703125,197.1172004699707,219.66330032348634,174.30087829186647,174.4311898273382,182.52581976993295,62.83612728468548,7.365001133510044,3.945254672417574,328364.2,1.92334304409555,363.45001220703125,159.9499969482422,-48.63668003691161,16.71146998282754,-15.015392921408512,False,159.9499969482422,181.69000244140625,Downtrend,Positive,Confirmed Breakout,CRIZAC,CRIZAC.NS,Crizac Limited,,Unavailable,0,60,,67.0,Strong Breakout Watch,-8,59.0,-0.18668129562153174,Price trend is weak | Positive momentum | Confirmed price breakout | Strong volume confirmation | RSI supports positive momentum | Price is below 200 DMA,304,464
0.699999988079071,0.699999988079071,0.6399999856948853,0.6600000262260437,348843.0,0.6700000166893005,-1.492535852860155,0.5064999997615814,0.4605999994277954,0.49339999675750734,0.4684999969601631,0.5928269234947711,0.5338381517830524,0.48783172648210793,95.83333747254461,0.029285714030265808,4.437229222205475,77324.65,4.511407423117984,0.7699999809265137,0.3700000047683716,-14.285708756526322,78.37838316764854,40.87513991641797,True,0.4000000059604645,0.6700000166893005,Sideways,Strong Positive,Near Breakout,SETUINFRA,SETUINFRA.NS,Setubandhan Infrastructure Limited,,Unavailable,0,60,,67.0,Pre-Breakout Watch,-8,59.0,0.038461498783893405,Strong positive momentum | Price is close to resistance | Volume is more than 2x average | RSI indicates overbought conditions | Price is above 200 DMA,304,464
1311.0999755859375,1364.5999755859375,1287.699951171875,1353.5999755859375,1216825.0,1307.5999755859375,3.5178954465326706,1308.2349853515625,1313.19599609375,1080.7344995117187,885.9019998168945,1304.0136813137274,1301.3060501817574,1254.98601765593,51.45677555019095,56.16428920200893,4.149253118721202,904017.2,1.34601974387213,1497.800048828125,576.0999755859375,-9.627458174741633,134.95921419007584,52.793421379081494,True,1180.0,1449.0,Uptrend,Positive,No Breakout,AEGISLOG,AEGISLOG.NS,Aegis Logistics Limited,,Unavailable,0,60,,64.0,Momentum Watch,-5,59.0,0.5495393884248357,Price is in an uptrend | Positive momentum | Volume is above average | RSI supports positive momentum | Price is above 200 DMA,445,464
1900.0,1924.5999755859375,1893.9000244140625,1909.0,224876.0,1916.699951171875,-0.4017296065128573,1909.1899963378905,1840.7999975585938,1715.7499975585938,1564.4507495117186,1912.616797456878,1905.368396945536,1841.4826576145279,53.28598314430118,49.2071533203125,2.5776402996496857,187158.95,1.2015241590102956,1988.9000244140625,1272.5999755859375,-4.017297170962696,50.007860806460236,22.023655944159238,True,1855.699951171875,1977.0,Uptrend,Positive,No Breakout,LALPATHLAB,LALPATHLAB.NS,Dr. Lal Path Labs Ltd.,,Unavailable,0,60,,64.0,Momentum Watch,-5,59.0,1.2757962046015656,Price is in an uptrend | Positive momentum | Volume is above average | RSI supports positive momentum | Price is above 200 DMA,445,464
12.489999771118164,12.529999732971191,12.010000228881836,12.140000343322754,11073848.0,12.170000076293945,-0.24650561037898866,11.020500040054321,11.401199970245361,11.398900012969971,9.87630001783371,11.559197083024463,11.274991771819321,11.272726435551471,82.35296474728213,0.5971427645002093,4.918803522346273,7114971.15,1.5564150249576205,13.949999809265137,7.0,-12.974906743297874,73.42857633318219,22.920530172245304,True,10.25,12.899999618530273,Uptrend,Strong Positive,No Breakout,STEELXIND,STEELXIND.NS,STEEL EXCHANGE INDIA LIMITED,,Unavailable,0,60,,64.0,Momentum Watch,-5,59.0,0.40211594558305064,Price is in an uptrend | Strong positive momentum | Strong volume confirmation | RSI indicates overbought conditions | Price is above 200 DMA,445,464
2794.300048828125,2794.300048828125,2680.0,2698.60009765625,17821.0,2782.699951171875,-3.0222393715214624,2667.275012207031,2725.0960009765627,2492.0590002441404,2285.546001586914,2710.4508587656073,2689.3208048356883,2640.8887694865984,54.90972518128816,105.3499755859375,3.9038750379292795,14585.7,1.2218131457523465,3082.0,1733.0,-12.439970874229395,55.71841302113387,18.072447274416785,True,2490.10009765625,2961.89990234375,Sideways,Positive,No Breakout,RPGLIFE,RPGLIFE.NS,RPG Life Sciences Limited,,Unavailable,0,60,,62.0,Neutral Watch,-3,59.0,1.2628287994604317,Positive momentum | Volume is above average | RSI supports positive momentum | Price is above 200 DMA,525,464
1080.0,1150.0,1001.0999755859375,1121.75,25219.0,1094.199951171875,2.5178258140680088,810.4550018310547,753.2070043945313,778.3165008544922,773.4870004272461,953.7675529996504,854.8205627504427,789.5971548958311,82.26086529292171,94.6892830984933,8.441210884643931,9434.2,2.6731466367047547,1169.0,605.0,-4.04191616766467,85.41322314049586,45.02506175027971,True,653.4000244140625,1169.0,Sideways,Strong Positive,No Breakout,PKTEA,PKTEA.NS,The Peria Karamalai Tea & Produce Company Limited,,Unavailable,0,60,,61.0,Neutral Watch,-3,58.0,0.1008860947219802,Strong positive momentum | Volume is more than 2x average | RSI indicates overbought conditions | Price is above 200 DMA,550,530
358.45001220703125,365.6499938964844,349.54998779296875,362.04998779296875,115411.0,366.79998779296875,-1.2949836854086905,303.5339958190918,265.25219879150393,256.5285984802246,283.6147985839844,340.53735426185625,313.80455585978905,281.5805850289264,72.43018336865059,23.339285714285715,6.4464263226634415,82501.9,1.398888995283745,496.0,206.39999389648438,-27.00605084819178,75.41182097832203,27.6555347607357,True,241.8699951171875,411.79998779296875,Sideways,Strong Positive,No Breakout,SHIVALIK,SHIVALIK.NS,Shivalik Rasayan Limited,,Unavailable,0,60,,60.0,Neutral Watch,-3,57.0,0.4139624149771283,Strong positive momentum | Volume is above average | RSI indicates overbought conditions | Price is above 200 DMA,565,549
1500.0,1556.800048828125,1470.0,1544.699951171875,115745.0,1501.5999755859375,2.870270130972763,1508.8349914550781,1549.2239916992187,1544.3469946289063,1741.7449987792968,1522.9168150729067,1519.4052202827406,1536.585927415495,60.24814126491141,40.800013950892854,2.6412905574276886,29181.9,3.966328443315891,2507.10009765625,1363.0999755859375,-38.38698532157013,13.322571993141995,-11.313082440054139,False,1469.300048828125,1550.0999755859375,Downtrend,Strong Positive,Near Breakout,SAFARI,SAFARI.NS,Safari Industries (India) Limited,,Unavailable,0,60,,64.0,Pre-Breakout Watch,-8,56.0,0.07161845368769387,Price trend is weak | Strong positive momentum | Price is close to resistance | Volume is more than 2x average | RSI supports positive momentum | Price is below 200 DMA,445,582
72.52999877929688,72.52999877929688,72.52999877929688,72.52999877929688,27101.0,71.11000061035156,1.9969036095586867,60.50049991607666,60.96119995117188,63.92389995574951,81.5889002418518,65.81538711806125,62.60199845712368,61.98385290353446,89.16875930492957,2.3092858450753346,3.1839044311889637,12625.8,2.1464778469483123,,,,,-11.103105245568782,False,55.209999084472656,71.11000061035156,Downtrend,Strong Positive,Confirmed Breakout,SYSTMTXC,SYSTMTXC.NS,Systematix Corporate Services Limited,,Unavailable,0,60,,63.0,Strong Breakout Watch,-8,55.0,-0.08198603891255578,Price trend is weak | Strong positive momentum | Confirmed price breakout | Volume is more than 2x average | RSI indicates overbought conditions | Price is below 200 DMA,493,607
8.039999961853027,8.0600004196167,7.980000019073486,7.980000019073486,1291259.0,8.0,-0.2499997615814209,7.79500002861023,7.550600023269653,7.711700015068054,8.53865897655487,7.962761847658905,7.832878182794963,7.704015541282973,68.23525187887465,0.2607142925262451,3.267096389763107,1045754.4,1.2347631528014609,12.199999809265137,6.570000171661377,-34.59016275546845,21.461184331378156,-6.542701365815512,False,7.210000038146973,8.529999732971191,Downtrend,Strong Positive,No Breakout,AXITA,AXITA.NS,Axita Cotton Limited,,Unavailable,0,60,,58.0,200 DMA Recovery Watch,-3,55.0,0.7142853604176846,Price trend is weak | Strong positive momentum | Volume is above average | RSI supports positive momentum | Price is below 200 DMA,617,607
566.7999877929688,625.75,563.0,573.7000122070312,161187.0,571.75,0.34106028981744085,562.9700012207031,564.125,586.9894982910156,640.591750793457,569.3386058683207,566.4588616089195,569.9070759162526,62.54006036949892,18.37143816266741,3.20227257656702,29762.0,5.4158658692292185,1164.9000244140625,525.0,-50.751137420947444,9.276192801339286,-10.442179204395238,False,534.5999755859375,592.5,Downtrend,Strong Positive,No Breakout,DECCANCE,DECCANCE.NS,Deccan Cements Limited,,Unavailable,0,60,,58.0,Neutral Watch,-3,55.0,0.4808176517877352,Price trend is weak | Strong positive momentum | Volume is more than 2x average | RSI supports positive momentum | Price is below 200 DMA,617,607
80.80999755859375,81.83999633789062,79.26000213623047,81.02999877929688,2108387.0,80.08000183105469,1.1863098483019474,71.7939998626709,75.64039978027344,80.47919967651367,82.6951997756958,74.44971116373266,73.49212336473082,75.41959196609373,77.92009067724568,3.054999760219029,3.7702083256103665,1637363.55,1.2876718795896,,,,,-2.0136610116616795,False,66.9000015258789,83.4000015258789,Downtrend,Strong Positive,No Breakout,EXCELSOFT,EXCELSOFT.NS,Excelsoft Technologies Limited,,Unavailable,0,60,,58.0,200 DMA Recovery Watch,-3,55.0,0.16772846477438208,Price trend is weak | Strong positive momentum | Volume is above average | RSI indicates overbought conditions | Price is below 200 DMA | Price is near 200 DMA,617,607
31.920000076293945,34.4900016784668,31.049999237060547,33.58000183105469,17146.0,30.979999542236328,8.3925188096716,32.53100004196167,32.876399993896484,33.87839992523193,35.15954999923706,32.370724600483626,32.51840491394596,32.93153917202872,52.727290315703705,2.0450004850115096,6.089935597085939,5175.35,3.313012646487677,52.869998931884766,28.100000381469727,-36.485714943331864,19.501784253350742,-4.492515314378727,False,30.510000228881836,36.119998931884766,Downtrend,Positive,No Breakout,INCREDIBLE,INCREDIBLE.NS,INCREDIBLE INDUSTRIES LIMITED,,Unavailable,0,60,,57.0,200 DMA Recovery Watch,-3,54.0,0.82736018737982,Price trend is weak | Positive momentum | Volume is more than 2x average | RSI supports positive momentum | Price is below 200 DMA,638,631
12.199999809265137,12.680000305175781,12.199999809265137,12.680000305175781,23451.0,12.4399995803833,1.9292663415434452,12.36299991607666,12.55099998474121,13.344900016784669,14.184349980354309,12.395593977146628,12.393216864175256,12.60384115036261,55.203631039379836,0.3964284488133022,3.1264072497812654,7426.0,3.157958524104498,23.989999771118164,8.539999961853027,-47.14464182512674,48.47775599315632,-10.605700488651864,False,11.899999618530273,12.90999984741211,Downtrend,Positive,Near Breakout,SEYAIND,SEYAIND.NS,Seya Industries Limited,,Unavailable,0,60,,61.0,Pre-Breakout Watch,-8,53.0,0.29487094841604616,Price trend is weak | Positive momentum | Price is close to resistance | Volume is more than 2x average | RSI supports positive momentum | Price is below 200 DMA,550,651
34.900001525878906,35.900001525878906,33.4900016784668,35.119998931884766,316170.0,34.5099983215332,1.7676054477549386,32.68699998855591,30.718399963378907,33.38780004501343,38.14389991760254,34.35291279128227,33.2059596440123,32.22939685978558,69.4494756408107,2.460714476449149,7.006590407994329,168568.85,1.8756134362902754,62.06999969482422,25.84000015258789,-43.418722241731714,35.913307757343325,-7.927613569273005,False,27.799999237060547,36.29999923706055,Downtrend,Strong Positive,No Breakout,BANG,BANG.NS,Bang Overseas Limited,,Unavailable,0,60,,56.0,Neutral Watch,-3,53.0,0.16120223420366106,Price trend is weak | Strong positive momentum | Strong volume confirmation | RSI supports positive momentum | Price is below 200 DMA,658,651
310.79998779296875,334.0,300.1000061035156,327.0,50677.0,309.29998779296875,5.7226035905564965,310.11499786376953,320.9429992675781,334.62600006103514,365.7330000305176,310.30740022353996,312.1812164395766,320.04270488290496,55.50121921009512,17.550000871930802,5.366972743709725,20711.15,2.446846263968925,564.7999877929688,290.0,-42.1033981821076,12.758620689655173,-10.590512758565843,False,290.0,350.0,Downtrend,Positive,No Breakout,INNOVANA,INNOVANA.NS,Innovana Thinklabs Limited,,Unavailable,0,60,,55.0,Neutral Watch,-3,52.0,0.6216216216216216,Price trend is weak | Positive momentum | Volume is more than 2x average | RSI supports positive momentum | Price is below 200 DMA,670,667
237.17999267578125,274.5,233.6999969482422,249.63999938964844,8430139.0,235.36000061035156,6.067300621288663,241.49249954223632,254.25280059814452,261.2827015686035,286.11496887207034,239.07633568874238,242.55339703661622,250.77973437038736,56.03798338442597,9.303572518484932,3.726795602159705,540798.5,15.588318014935323,466.7272644042969,220.8000030517578,-46.512659870369006,13.06159236380546,-12.748361131266373,False,229.0,260.29998779296875,Downtrend,Positive,No Breakout,ORIENTTECH,ORIENTTECH.NS,Orient Technologies Limited,,Unavailable,0,60,,55.0,Neutral Watch,-3,52.0,0.5164723216351744,Price trend is weak | Positive momentum | Volume is more than 2x average | RSI supports positive momentum | Price is below 200 DMA,670,667
1.7999999523162842,1.8899999856948853,1.7799999713897705,1.8700000047683716,1398093.0,1.7999999523162842,3.8888919059141935,1.8114999890327455,1.9033999919891358,2.0325000107288362,2.354600005745888,1.8210724950156527,1.8296817279893238,1.9052332275445127,58.4905639158203,0.08428573608398438,4.507258602623612,587130.4,2.381230813461541,4.840000152587891,1.7000000476837158,-61.36363748318262,9.999997195075618,-20.580990393058507,False,1.7000000476837158,1.9800000190734863,Downtrend,Positive,No Breakout,RHFL,RHFL.NS,Reliance Home Finance Limited,,Unavailable,0,60,,55.0,Neutral Watch,-3,52.0,0.6470590710228089,Price trend is weak | Positive momentum | Volume is more than 2x average | RSI supports positive momentum | Price is below 200 DMA,670,667
278.0,289.70001220703125,278.0,284.70001220703125,378859.0,279.8999938964844,1.7149047571333842,269.0949996948242,285.9230010986328,293.864500579834,329.9070004272461,273.6038177779918,272.4488310848472,281.70470672715686,75.17958610073967,11.096430097307477,3.8975868006771477,171101.85,2.2142308806129214,539.9000244140625,235.0,-47.268012718464355,21.14894136469415,-13.702949061908212,False,251.0,289.8999938964844,Downtrend,Strong Positive,Near Breakout,CEWATER,CEWATER.NS,Concord Enviro Systems Limited,,Unavailable,0,60,,59.0,Pre-Breakout Watch,-8,51.0,0.1543020713911845,Price trend is weak | Strong positive momentum | Price is close to resistance | Volume is more than 2x average | RSI indicates overbought conditions | Price is below 200 DMA,603,695
84.94999694824219,89.4000015258789,84.62999725341797,87.51000213623047,446170.0,84.41999816894531,3.6602748570324417,85.40249977111816,89.03399993896484,94.60599998474122,102.10074989318848,84.81563682804727,85.58368560192547,88.80175097442873,54.251576946688076,2.531427655901228,2.8927295098912795,83807.0,5.323779636545873,147.2899932861328,77.0199966430664,-40.586593709574544,13.619846728607211,-14.290539268538138,False,81.76000213623047,89.19999694824219,Downtrend,Positive,Near Breakout,WCIL,WCIL.NS,Western Carriers (India) Limited,,Unavailable,0,60,,58.0,Pre-Breakout Watch,-8,50.0,0.2939121412194293,Price trend is weak | Positive momentum | Price is close to resistance | Volume is more than 2x average | RSI supports positive momentum | Price is below 200 DMA,617,711
222.89999389648438,237.0,219.61000061035156,228.57000732421875,44398.0,221.02999877929688,3.411305518058083,221.3025001525879,229.6601998901367,248.90070037841798,269.97555015563967,223.24338528741794,223.70483138945184,230.4615006431227,64.78106625129068,8.964998517717634,3.922211239640505,26055.4,1.7039845866883638,442.6000061035156,207.25,-48.357432405737335,10.287096416993366,-15.336775055204374,False,212.66000366210938,249.0,Downtrend,Positive,No Breakout,BAJAJINDEF,BAJAJINDEF.NS,Indef Manufacturing Limited,,Unavailable,0,60,,53.0,Neutral Watch,-3,50.0,1.2840972956176309,Price trend is weak | Positive momentum | Strong volume confirmation | RSI supports positive momentum | Price is below 200 DMA,714,711
270.0,276.8999938964844,265.6000061035156,273.54998779296875,119178.0,271.79998779296875,0.6438558052228371,269.3625015258789,268.2580001831055,270.4279000854492,289.23615074157715,269.55125883053347,269.3336047201445,268.8135992896828,50.48139646953534,7.128574916294643,2.6059496378737816,79993.5,1.4898460499915618,396.0,220.5,-30.921720254300823,24.05895138003118,-5.423306494845266,False,260.0,280.20001220703125,Downtrend,Positive,No Breakout,DOLLAR,DOLLAR.NS,Dollar Industries Limited,,Unavailable,0,60,,52.0,200 DMA Recovery Watch,-3,49.0,0.4907771516601127,Price trend is weak | Positive momentum | Volume is above average | RSI supports positive momentum | Price is below 200 DMA,723,722
224.0,237.92999267578125,219.44000244140625,229.83999633789062,1468129.0,224.63999938964844,2.31481346259379,229.61949996948243,236.42620025634767,242.2949998474121,301.89624961853025,226.49370848874176,229.4847557806662,235.21171525312002,51.088769620201404,7.8178558349609375,3.401434023462048,173629.45,8.45552986546925,443.8999938964844,203.3000030517578,-48.22257276455644,13.054595616201755,-23.867886193249632,False,220.0,247.39999389648438,Downtrend,Positive,No Breakout,NIITMTS,NIITMTS.NS,NIIT Learning Systems Limited,,Unavailable,0,60,,52.0,Neutral Watch,-3,49.0,1.784553261567376,Price trend is weak | Positive momentum | Volume is more than 2x average | RSI supports positive momentum | Price is below 200 DMA,723,722
450.54998779296875,485.5,450.0,476.0,3312335.0,455.54998779296875,4.489081935026862,469.3724960327148,485.65099853515625,509.2479995727539,543.5777482604981,463.7980334652523,469.4317329158015,484.95495031620504,52.15965790927949,12.996427263532366,2.7303418620866315,516086.25,6.418181069540218,660.7000122070312,447.70001220703125,-27.955200362423373,6.321194331324231,-12.43202991232689,False,447.70001220703125,511.79998779296875,Downtrend,Positive,No Breakout,SUNTV,SUNTV.NS,Sun TV Network Limited,,Unavailable,0,60,,52.0,Neutral Watch,-3,49.0,1.2650177821583162,Price trend is weak | Positive momentum | Volume is more than 2x average | RSI supports positive momentum | Price is below 200 DMA,723,722
61.97999954223633,63.79999923706055,58.220001220703125,61.91999816894531,146840.0,58.83000183105469,5.252415845174263,60.532000350952146,61.29140007019043,65.2793999862671,71.33370010375977,60.30204520416375,60.46030326409045,61.860899910852616,53.67646302593528,2.7107146126883372,4.377769206795358,64430.55,2.279043093687699,95.0,53.79999923706055,-34.821054559004935,15.092935031663052,-13.196710560536715,False,56.25,63.95000076293945,Downtrend,Positive,No Breakout,WSI,WSI.NS,W S Industries (I) Limited,,Unavailable,0,60,,52.0,Neutral Watch,-3,49.0,0.35802526447230676,Price trend is weak | Positive momentum | Volume is more than 2x average | RSI supports positive momentum | Price is below 200 DMA,723,722
80.29000091552734,80.29000091552734,75.26000213623047,78.94000244140625,1713.0,76.80999755859375,2.7730828674843444,77.27399978637695,80.06259963989258,83.33390014648438,89.57155019760131,77.2944633910054,77.6806788994939,79.59089209454487,57.169645311873786,3.587855747767857,4.545041343811672,1330.2,1.2877762742444745,140.85000610351562,53.86000061035156,-43.95456228564842,46.565171828524754,-11.869335444949986,False,73.0,80.0,Downtrend,Positive,Near Breakout,TOKYOPLAST,TOKYOPLAST.NS,Tokyo Plast International Limited,,Unavailable,0,60,,56.0,Pre-Breakout Watch,-8,48.0,0.1784506940947997,Price trend is weak | Positive momentum | Price is close to resistance | Volume is above average | RSI supports positive momentum | Price is below 200 DMA,658,759
26.889999389648438,27.940000534057617,25.459999084472656,27.100000381469727,53439.0,26.979999542236328,0.4447770247199001,26.44600009918213,28.847400093078612,30.386000118255616,33.940449991226195,26.467552225007275,26.848998884968044,28.28274612641748,62.57796430920916,1.0692856652396066,3.9457035062285692,40077.5,1.3333915538643877,49.900001525878906,25.170000076293945,-45.691383661751495,7.667859750995902,-20.154269055138528,False,25.170000076293945,30.5,Downtrend,Positive,No Breakout,FIBERWEB,FIBERWEB.NS,Fiberweb (India) Limited,,Unavailable,0,60,,50.0,Neutral Watch,-3,47.0,1.7616575548782658,Price trend is weak | Positive momentum | Volume is above average | RSI supports positive momentum | Price is below 200 DMA,777,777
38.25,39.9900016784668,37.25,39.630001068115234,9768.0,37.880001068115234,4.619852034463201,38.34200019836426,38.76980003356934,42.27310001373291,43.62009996414184,38.13718094592215,38.3075186866725,39.24289817492901,57.49279934919309,2.1578581673758372,5.445011630625381,6657.35,1.4672504825493626,73.69999694824219,34.380001068115234,-46.227947477465335,15.270505633779532,-9.147385951216739,False,36.61000061035156,43.20000076293945,Downtrend,Positive,No Breakout,KARMAENG,KARMAENG.NS,Karma Energy Limited,,Unavailable,0,60,,50.0,Neutral Watch,-3,47.0,1.1821189250639468,Price trend is weak | Positive momentum | Volume is above average | RSI supports positive momentum | Price is below 200 DMA,777,777
6.800000190734863,6.800000190734863,6.320000171661377,6.659999847412109,488208.0,6.730000019073486,-1.0401214184693863,6.544999980926514,6.445799980163574,6.9233999967575075,7.824000015258789,6.710421007740178,6.5925709525902505,6.606150214106138,69.9028919459943,0.44642860548836844,6.703132368116167,386298.95,1.263808767794994,11.800000190734863,5.5,-43.5593242393215,21.09090631658381,-14.877302729762054,False,5.800000190734863,7.25,Downtrend,Positive,No Breakout,TTL,TTL.NS,T T Limited,,Unavailable,0,60,,50.0,Neutral Watch,-3,47.0,0.6860469629342131,Price trend is weak | Positive momentum | Volume is above average | RSI supports positive momentum | Price is below 200 DMA,777,777
