Open,High,Low,Close,Volume,Previous_Close,Daily_Return_Pct,SMA20,SMA50,SMA100,SMA200,EMA9,EMA20,EMA50,RSI14,ATR14,ATR_Pct,Average_Volume_20,Volume_Ratio,52W_High,52W_Low,Distance_From_52W_High_Pct,Distance_From_52W_Low_Pct,Distance_From_200DMA_Pct,Above_200DMA,Support,Resistance,Trend,Momentum,Breakout_Status,symbol,yahoo_symbol,company_name,fundamental_score,fundamental_status,sector_adjustment,sector_score,sector_index,technical_score,setup,market_adjustment,overall_score,entry_low,entry_high,entry_price,stop_loss,target_1,target_2,risk_points,reward_1_points,reward_2_points,risk_reward_1,risk_reward_2,trade_plan_type,trade_plan_status,trade_plan_reason,invalidation,risk_reward,setup_reasons,trade_plan_quality,technical_rank,rank
22.229999542236328,23.950000762939453,22.06999969482422,23.479999542236328,234792571.0,22.299999237060547,5.291481370164042,22.53799991607666,22.918800048828125,22.875400047302247,21.86005003929138,22.628107024290582,22.610860024480466,22.76650184775195,60.94525675412156,0.4907142094203404,2.0899242716663307,59106615.9,3.97235685760179,25.780000686645508,17.200000762939453,-8.921648887312173,36.51161919032167,7.410548008962657,True,21.81999969482422,23.020000457763672,Uptrend,Strong Positive,Confirmed Breakout,YESBANK,YESBANK.NS,Yes Bank Limited,,Unavailable,0,60,,95.0,Strong Breakout Watch,-8,87.0,24.04,24.22,24.04,23.48,25.03,25.76,0.56,0.98,1.72,1.74,3.04,Breakout Trade,Strong Setup,Confirmed breakout above resistance. Entry requires breakout confirmation.,Below ₹23.48,1.74,Price is in an uptrend | Strong positive momentum | Confirmed price breakout | Volume is more than 2x average | RSI supports positive momentum | Price is above 200 DMA,Acceptable,1,1
16.700000762939453,17.110000610351562,15.8100004196167,17.09000015258789,30391.0,16.299999237060547,4.846631610455265,15.636000061035157,15.550000038146973,15.839000053405762,15.167300014495849,15.954956793404552,15.699113910921286,15.677726540424764,59.90098783970908,0.8657144137791225,5.065619696018726,13206.3,2.301250160908052,21.299999237060547,10.65999984741211,-19.76525462567879,60.31895306956096,12.676614402395012,True,14.600000381469727,16.5,Strong Uptrend,Positive,Confirmed Breakout,ORTINGLOBE,ORTINGLOBE.NS,ORTIN GLOBAL LIMITED,,Unavailable,0,60,,94.0,Strong Breakout Watch,-8,86.0,18.09,18.39,18.09,17.09,19.82,21.12,1.0,1.73,3.03,1.74,3.04,Breakout Trade,Strong Setup,Confirmed breakout above resistance. Entry requires breakout confirmation.,Below ₹17.09,1.74,Strong price trend | Positive momentum | Confirmed price breakout | Volume is more than 2x average | RSI supports positive momentum | Price is above 200 DMA,Acceptable,2,2
1745.0,1840.0,1726.800048828125,1807.5,9269434.0,1739.0,3.9390454284071286,1658.5049987792968,1482.93,1299.0995007324218,1243.6140002441407,1709.898100672839,1651.0619400660223,1509.3681288749394,66.01569914954028,63.142857142857146,3.493380754791543,4232476.7,2.1900732495467725,1840.0,930.5999755859375,-1.766304347826087,94.22953443147645,45.34252586776602,True,1546.300048828125,1758.9000244140625,Strong Uptrend,Strong Positive,Confirmed Breakout,PAYTM,PAYTM.NS,One 97 Communications Limited,,Unavailable,0,60,,94.0,Strong Breakout Watch,-8,86.0,1849.47,1871.57,1849.47,1776.86,1975.76,2070.47,72.61,126.29,221.0,1.74,3.04,Breakout Trade,Strong Setup,Confirmed breakout above resistance. Entry requires breakout confirmation.,Below ₹1776.86,1.74,Strong price trend | Strong positive momentum | Confirmed price breakout | Volume is more than 2x average | RSI supports positive momentum | Price is above 200 DMA | Price is near 52-week high,Acceptable,2,2
19.90999984741211,21.0,19.200000762939453,20.799999237060547,34488169.0,19.760000228881836,5.263152814434768,17.669999885559083,14.805399990081787,12.777900009155273,11.379349973201752,18.878793237318355,17.643199809841633,15.4413987265967,63.860104331017006,1.2942859104701452,6.222528643962842,12303356.25,2.803151294590856,21.0,6.610000133514404,-0.9523845854259673,214.6747173513536,82.78723552790207,True,13.399999618530273,20.280000686645508,Strong Uptrend,Strong Positive,Confirmed Breakout,SUBEXLTD,SUBEXLTD.NS,Subex Limited,,Unavailable,0,60,,94.0,Strong Breakout Watch,-8,86.0,21.19,21.65,21.19,19.71,23.78,25.72,1.49,2.59,4.53,1.74,3.04,Breakout Trade,Strong Setup,Confirmed breakout above resistance. Entry requires breakout confirmation.,Below ₹19.71,1.74,Strong price trend | Strong positive momentum | Confirmed price breakout | Volume is more than 2x average | RSI supports positive momentum | Price is above 200 DMA | Price is near 52-week high,Acceptable,2,2
2195.0,2319.0,2164.60009765625,2277.89990234375,2231415.0,2211.800048828125,2.988509451866883,2047.4449951171875,2032.685986328125,1835.87,1548.8180004882813,2113.735354345975,2062.621187199891,1991.750121758362,69.97690213776362,89.02143205915179,3.9080484602311496,847596.05,2.6326396872661215,2319.0,1033.0,-1.7723198644351013,120.51305927819458,47.0734393340998,True,1876.4000244140625,2224.300048828125,Strong Uptrend,Strong Positive,Confirmed Breakout,WABAG,WABAG.NS,VA Tech Wabag Limited,,Unavailable,0,60,,94.0,Strong Breakout Watch,-8,86.0,2332.35,2363.51,2332.35,2229.98,2510.4,2643.93,102.37,178.04,311.58,1.74,3.04,Breakout Trade,Strong Setup,Confirmed breakout above resistance. Entry requires breakout confirmation.,Below ₹2229.98,1.74,Strong price trend | Strong positive momentum | Confirmed price breakout | Volume is more than 2x average | RSI supports positive momentum | Price is above 200 DMA | Price is near 52-week high,Acceptable,2,2
853.0,899.0,841.5,890.3499755859375,1308518.0,855.1500244140625,4.116231090093647,830.7425109863282,770.2320056152344,639.7655038452149,561.6462518310547,855.057715765249,834.8914343271267,769.5698681292912,67.71451325663335,36.178575788225444,4.063410656513625,779703.3,1.6782255506677988,926.0,399.79998779296875,-3.849894645147138,122.69885011777282,58.525045379232445,True,770.0999755859375,888.2999877929688,Strong Uptrend,Strong Positive,Confirmed Breakout,BLUESTONE,BLUESTONE.NS,BlueStone Jewellery and Lifestyle Limited,,Unavailable,0,60,,92.0,Strong Breakout Watch,-8,84.0,931.43,944.09,931.43,889.82,1003.78,1058.05,41.61,72.36,126.63,1.74,3.04,Breakout Trade,Strong Setup,Confirmed breakout above resistance. Entry requires breakout confirmation.,Below ₹889.82,1.74,Strong price trend | Strong positive momentum | Confirmed price breakout | Strong volume confirmation | RSI supports positive momentum | Price is above 200 DMA,Acceptable,6,6
15.350000381469727,16.399999618530273,15.0,16.290000915527344,42406012.0,15.359999656677246,6.054695830971646,15.29700002670288,16.26859998703003,15.311099996566773,15.778249988555908,15.567109056706336,15.584754524294393,15.745845745252526,69.02356696938034,0.5614287512642997,3.4464623677777433,11742551.9,3.611311439040776,20.5,12.920000076293945,-20.536580899866618,26.08359767285753,3.2433947195830517,True,14.84000015258789,16.25,Uptrend,Positive,Confirmed Breakout,CCAVENUE,CCAVENUE.NS,AvenuesAI Limited,,Unavailable,0,60,,92.0,Strong Breakout Watch,-8,84.0,16.94,17.13,16.94,16.29,18.06,18.9,0.65,1.12,1.97,1.74,3.04,Breakout Trade,Strong Setup,Confirmed breakout above resistance. Entry requires breakout confirmation.,Below ₹16.29,1.74,Price is in an uptrend | Positive momentum | Confirmed price breakout | Volume is more than 2x average | RSI supports positive momentum | Price is above 200 DMA,Acceptable,6,6
8.220000267028809,9.420000076293945,8.220000267028809,8.770000457763672,392962.0,8.569999694824219,2.3337312725955073,8.250000023841858,7.9480000019073485,7.636599993705749,7.6846999835968015,8.37998681814722,8.245270729996694,7.988393020115381,68.0555647537998,0.5107141562870571,5.823422230667568,130533.8,3.010423353951237,12.699999809265137,4.75,-30.94487724822153,84.63158858449835,14.122873716390663,True,7.75,8.850000381469727,Strong Uptrend,Strong Positive,Near Breakout,VAISHALI,VAISHALI.NS,Vaishali Pharma Limited,,Unavailable,0,60,,89.0,Momentum Watch,-5,84.0,8.51,8.9,8.77,8.13,9.66,10.3,0.64,0.89,1.53,1.4,2.4,Momentum Trade,Watch,Positive trend and momentum. Prefer entry near current price or on a controlled pullback.,Below ₹8.13,1.4,Strong price trend | Strong positive momentum | Price is close to resistance | Volume is more than 2x average | RSI supports positive momentum | Price is above 200 DMA,Poor,13,6
8660.0,8900.0,8461.0,8812.5,28678.0,8669.5,1.6494607532153038,8223.25,8049.23,7633.06,7415.25,8410.95802205382,8269.901666214662,8042.886923468023,63.43283582089552,314.4642857142857,3.56838905775076,13988.55,2.0501052646628852,9950.0,5841.5,-11.4321608040201,50.86022425746811,18.84292505310003,True,7888.0,8939.0,Strong Uptrend,Strong Positive,Near Breakout,WENDT,WENDT.NS,Wendt (India) Limited,,Unavailable,0,60,,89.0,Momentum Watch,-5,84.0,8655.27,8891.12,8812.5,8419.42,9362.81,9755.89,393.08,550.31,943.39,1.4,2.4,Momentum Trade,Watch,Positive trend and momentum. Prefer entry near current price or on a controlled pullback.,Below ₹8419.42,1.4,Strong price trend | Strong positive momentum | Price is close to resistance | Volume is more than 2x average | RSI supports positive momentum | Price is above 200 DMA,Poor,13,6
431.0,511.79998779296875,428.20001220703125,478.5,10362562.0,435.79998779296875,9.798075585838784,411.1374984741211,395.68000061035156,371.2825,336.4334999084473,436.95887574026113,418.3872240839383,397.8318250913918,59.324570975355,26.189285278320312,5.47320486485273,2767523.6,3.7443445830055433,511.79998779296875,248.5500030517578,-6.50644560125295,92.5165938945322,42.22721581834534,True,334.45001220703125,464.79998779296875,Strong Uptrend,Positive,Confirmed Breakout,QUADFUTURE,QUADFUTURE.NS,Quadrant Future Tek Limited,,Unavailable,0,60,,91.0,Strong Breakout Watch,-8,83.0,508.62,517.78,508.62,478.5,561.0,600.28,30.12,52.38,91.66,1.74,3.04,Breakout Trade,Strong Setup,Confirmed breakout above resistance. Entry requires breakout confirmation.,Below ₹478.50,1.74,Strong price trend | Positive momentum | Confirmed price breakout | Volume is more than 2x average | RSI supports positive momentum | Price is above 200 DMA,Acceptable,8,10
132.5,137.3300018310547,131.27000427246094,135.4600067138672,6244729.0,131.86000061035156,2.730172976529621,123.19600067138671,129.7838005065918,126.9423999786377,126.69904979705811,127.55688082515886,126.13194265359628,127.32396695880314,76.70086698413748,3.8842855181012834,2.8674777244814984,1529790.25,4.082081840958262,152.60000610351562,89.73999786376953,-11.231978180932433,50.94719181908523,6.914777128038496,True,117.37999725341797,133.9600067138672,Uptrend,Strong Positive,Confirmed Breakout,JAMNAAUTO,JAMNAAUTO.NS,Jamna Auto Industries Limited,,Unavailable,0,60,,90.0,Strong Breakout Watch,-8,82.0,139.93,141.29,139.93,135.46,147.7,153.52,4.47,7.77,13.59,1.74,3.04,Breakout Trade,Strong Setup,Confirmed breakout above resistance. Entry requires breakout confirmation.,Below ₹135.46,1.74,Price is in an uptrend | Strong positive momentum | Confirmed price breakout | Volume is more than 2x average | RSI indicates overbought conditions | Price is above 200 DMA,Acceptable,9,11
194.4199981689453,220.22000122070312,193.2100067138672,209.6999969482422,18106631.0,194.67999267578125,7.715227469458119,194.7275016784668,202.7738003540039,202.0400003051758,205.7530004119873,196.64999687253882,196.48258366399713,199.22725441976976,67.66860546198839,6.896427699497768,3.2887113971679898,1499999.95,12.071087735702925,324.75,151.4600067138672,-35.427252671826885,38.45238852022494,1.9183178511864518,True,184.05999755859375,207.8000030517578,Sideways,Strong Positive,Confirmed Breakout,MOBIKWIK,MOBIKWIK.NS,One Mobikwik Systems Limited,,Unavailable,0,60,,90.0,Strong Breakout Watch,-8,82.0,217.63,220.04,217.63,209.7,231.42,241.77,7.93,13.79,24.14,1.74,3.04,Breakout Trade,Strong Setup,Confirmed breakout above resistance. Entry requires breakout confirmation.,Below ₹209.70,1.74,Strong positive momentum | Confirmed price breakout | Volume is more than 2x average | RSI supports positive momentum | Price is above 200 DMA | Price is near 200 DMA,Acceptable,9,11
125.5,137.1199951171875,125.37000274658203,136.10000610351562,41161986.0,126.7300033569336,7.393673556680591,122.87200012207032,128.27039947509766,120.33819953918457,116.14624961853028,126.6909811147472,124.75533038358193,124.0262232311066,65.96859797691175,5.664999825613839,4.162380287701916,21789036.55,1.889114551051593,,,,,17.179854322047667,True,112.38999938964844,130.6999969482422,Uptrend,Strong Positive,Confirmed Breakout,PWL,PWL.NS,Physicswallah Limited,,Unavailable,0,60,,90.0,Strong Breakout Watch,-8,82.0,142.61,144.6,142.61,136.1,153.94,162.44,6.51,11.33,19.83,1.74,3.04,Breakout Trade,Strong Setup,Confirmed breakout above resistance. Entry requires breakout confirmation.,Below ₹136.10,1.74,Price is in an uptrend | Strong positive momentum | Confirmed price breakout | Strong volume confirmation | RSI supports positive momentum | Price is above 200 DMA,Acceptable,9,11
57.959999084472656,69.33000183105469,54.619998931884766,66.81999969482422,2056842.0,57.779998779296875,15.645554009195406,57.52799987792969,60.20959976196289,62.903800086975096,64.54072505950927,58.2775877672018,58.19028664656456,60.00127431754437,68.02812327232328,4.505714961460659,6.743063427175779,143265.9,14.35681484568205,92.5,43.70000076293945,-27.762162492081927,52.90617512183681,3.5315293300677375,True,51.349998474121094,63.75,Sideways,Strong Positive,Confirmed Breakout,VGL,VGL.NS,VARVEE GLOBAL LIMITED,,Unavailable,0,60,,90.0,Strong Breakout Watch,-8,82.0,72.0,73.58,72.0,66.82,81.01,87.77,5.18,9.01,15.77,1.74,3.04,Breakout Trade,Strong Setup,Confirmed breakout above resistance. Entry requires breakout confirmation.,Below ₹66.82,1.74,Strong positive momentum | Confirmed price breakout | Volume is more than 2x average | RSI supports positive momentum | Price is above 200 DMA,Acceptable,9,11
3164.5,3172.0,3143.10009765625,3155.10009765625,31176.0,3179.699951171875,-0.7736532972728694,3139.139990234375,3066.9139990234376,3068.7830053710936,3066.6345068359374,3160.4865575203885,3136.492261956289,3101.070097803015,61.22450828372259,57.614222935267854,1.8260664052486413,18084.9,1.723869084153078,3745.0,2667.0,-15.751666284212282,18.301465978862016,2.884777779129238,True,3066.699951171875,3214.0,Strong Uptrend,Positive,Near Breakout,JSWDULUX,JSWDULUX.NS,JSW Dulux Limited,,Unavailable,0,60,,87.0,Momentum Watch,-5,82.0,3126.29,3169.5,3155.1,3083.08,3255.92,3327.94,72.02,100.82,172.84,1.4,2.4,Momentum Trade,Watch,Positive trend and momentum. Prefer entry near current price or on a controlled pullback.,Below ₹3083.08,1.4,Strong price trend | Positive momentum | Price is close to resistance | Strong volume confirmation | RSI supports positive momentum | Price is above 200 DMA | Price is near 200 DMA,Poor,24,11
946.2999877929688,948.5,915.0999755859375,943.75,86523.0,946.25,-0.26420079260237594,901.3025024414062,884.6720007324219,866.6709979248047,875.894997253418,909.87631741082,900.2063491408927,885.8171531801634,59.31329020254556,27.310721261160715,2.893851259460738,55328.15,1.5638151646133116,1189.9000244140625,700.0,-20.686613947694735,34.82142857142857,7.746933474829509,True,865.0,959.0,Strong Uptrend,Positive,Near Breakout,SHARDAMOTR,SHARDAMOTR.NS,Sharda Motor Industries Limited,,Unavailable,0,60,,87.0,Momentum Watch,-5,82.0,930.09,950.58,943.75,909.61,991.54,1025.68,34.14,47.79,81.93,1.4,2.4,Momentum Trade,Watch,Positive trend and momentum. Prefer entry near current price or on a controlled pullback.,Below ₹909.61,1.4,Strong price trend | Positive momentum | Price is close to resistance | Strong volume confirmation | RSI supports positive momentum | Price is above 200 DMA,Poor,24,11
56.31999969482422,65.19999694824219,55.5099983215332,64.02999877929688,484603.0,56.040000915527344,14.2576690457471,55.87449989318848,50.81599990844727,48.51569995880127,46.49834999084473,58.62481538678511,56.252313352013786,52.383751916861804,72.890244632694,4.073571613856724,6.361973592874487,66101.35,7.33121184363103,68.06999969482422,33.77000045776367,-5.9350682145434615,89.60615312806866,37.70380839729589,True,50.79999923706055,62.88999938964844,Strong Uptrend,Strong Positive,Confirmed Breakout,AMDIND,AMDIND.NS,AMD Industries Limited,,Unavailable,0,60,,89.0,Strong Breakout Watch,-8,81.0,68.68,70.11,68.68,64.0,76.83,82.94,4.68,8.15,14.26,1.74,3.04,Breakout Trade,Strong Setup,Confirmed breakout above resistance. Entry requires breakout confirmation.,Below ₹64.00,1.74,Strong price trend | Strong positive momentum | Confirmed price breakout | Volume is more than 2x average | RSI indicates overbought conditions | Price is above 200 DMA,Acceptable,13,17
367.0,393.3500061035156,362.25,392.3500061035156,996485.0,374.6499938964844,4.724412784034837,313.09849853515624,251.79140014648436,219.21690032958983,177.4087001800537,352.6155427663136,320.56537119518237,272.06472501764756,77.54081273175639,18.714283534458705,4.769793103946384,294394.65,3.384861103963676,393.3500061035156,104.0,-0.2542265118808301,277.2596212533804,121.15601191222079,True,261.0,376.54998779296875,Strong Uptrend,Strong Positive,Confirmed Breakout,BIRLACABLE,BIRLACABLE.NS,Birla Cable Limited,,Unavailable,0,60,,89.0,Strong Breakout Watch,-8,81.0,396.16,402.71,396.16,374.64,433.59,461.66,21.52,37.43,65.5,1.74,3.04,Breakout Trade,Strong Setup,Confirmed breakout above resistance. Entry requires breakout confirmation.,Below ₹374.64,1.74,Strong price trend | Strong positive momentum | Confirmed price breakout | Volume is more than 2x average | RSI indicates overbought conditions | Price is above 200 DMA | Price is near 52-week high,Acceptable,13,17
373.0,384.0,366.1000061035156,380.20001220703125,1713956.0,373.5,1.7938453030873491,330.2124984741211,303.40399993896483,287.8768006896973,280.756900100708,346.5588638285342,331.4698775080063,310.2117420568693,74.17763789439763,16.932141985212052,4.453482756857975,774426.6,2.2131936067278684,559.7999877929688,175.0,-32.08288308365578,117.25714983258928,35.419650263503,True,308.3500061035156,378.6000061035156,Strong Uptrend,Strong Positive,Confirmed Breakout,ELLEN,ELLEN.NS,Ellenbarrie Industrial Gases Limited,,Unavailable,0,60,,89.0,Strong Breakout Watch,-8,81.0,399.67,405.6,399.67,380.2,433.54,458.93,19.47,33.86,59.26,1.74,3.04,Breakout Trade,Strong Setup,Confirmed breakout above resistance. Entry requires breakout confirmation.,Below ₹380.20,1.74,Strong price trend | Strong positive momentum | Confirmed price breakout | Volume is more than 2x average | RSI indicates overbought conditions | Price is above 200 DMA,Acceptable,13,17
25.299999237060547,26.040000915527344,24.5,26.030000686645508,2686464.0,24.799999237060547,4.9596834170336335,22.276500034332276,21.248200035095216,20.665100040435792,16.846399993896483,23.461079819068456,22.452039803903897,21.50181985995511,74.62515201593814,1.2285714830671037,4.719828853855593,1018187.0,2.638478000603033,26.040000915527344,8.460000038146973,-0.03840333536959639,207.68322185902684,54.51372813227917,True,20.15999984741211,24.81999969482422,Strong Uptrend,Strong Positive,Confirmed Breakout,GAYAPROJ,GAYAPROJ.NS,Gayatri Projects Limited,,Unavailable,0,60,,89.0,Strong Breakout Watch,-8,81.0,26.22,26.65,26.22,24.81,28.68,30.52,1.41,2.46,4.3,1.74,3.04,Breakout Trade,Strong Setup,Confirmed breakout above resistance. Entry requires breakout confirmation.,Below ₹24.81,1.74,Strong price trend | Strong positive momentum | Confirmed price breakout | Volume is more than 2x average | RSI indicates overbought conditions | Price is above 200 DMA | Price is near 52-week high,Acceptable,13,17
895.9500122070312,914.8499755859375,881.25,909.2999877929688,7851231.0,899.25,1.1175966408639049,855.3824981689453,858.7089978027344,809.0344989013672,700.7679992675781,877.7564241414095,863.3788491395584,844.0907868252835,66.10978754955465,26.02500261579241,2.862092044998227,1241126.85,6.325889251368625,914.8499755859375,510.54998779296875,-0.6066555108572996,78.10204867964772,29.75763572870651,True,816.0,905.8499755859375,Uptrend,Strong Positive,Confirmed Breakout,GRANULES,GRANULES.NS,Granules India Limited,,Unavailable,0,60,,89.0,Strong Breakout Watch,-8,81.0,918.75,927.86,918.75,888.82,970.8,1009.84,29.93,52.05,91.09,1.74,3.04,Breakout Trade,Strong Setup,Confirmed breakout above resistance. Entry requires breakout confirmation.,Below ₹888.82,1.74,Price is in an uptrend | Strong positive momentum | Confirmed price breakout | Volume is more than 2x average | RSI supports positive momentum | Price is above 200 DMA | Price is near 52-week high,Acceptable,13,17
720.9500122070312,738.0,707.25,728.9000244140625,1045480.0,718.9500122070312,1.3839643978149185,652.4875030517578,612.9759973144531,621.522998046875,590.0922482299804,685.8495874427737,659.2320491101968,631.3723168843941,78.05745149538865,25.160714285714285,3.451874529149606,435022.8,2.403276334022033,738.0,500.70001220703125,-1.2330590224847562,45.576194656187525,23.523063826112764,True,606.4000244140625,724.0,Strong Uptrend,Strong Positive,Confirmed Breakout,MAHSEAMLES,MAHSEAMLES.NS,Maharashtra Seamless Limited,,Unavailable,0,60,,89.0,Strong Breakout Watch,-8,81.0,741.77,750.58,741.77,712.84,792.1,829.84,28.93,50.32,88.06,1.74,3.04,Breakout Trade,Strong Setup,Confirmed breakout above resistance. Entry requires breakout confirmation.,Below ₹712.84,1.74,Strong price trend | Strong positive momentum | Confirmed price breakout | Volume is more than 2x average | RSI indicates overbought conditions | Price is above 200 DMA | Price is near 52-week high,Acceptable,13,17
1586.0,1856.0,1551.0,1756.699951171875,1142834.0,1588.199951171875,10.60949535199709,1527.3999938964844,1415.3059985351563,1357.8590026855468,1270.6015002441407,1602.819060987977,1540.7922273791748,1452.4353819518371,76.27484069931405,89.13573346819196,5.07404428449665,107700.25,10.611247420502737,1856.0,890.0,-5.350218148067079,97.38201698560394,38.25734904565535,True,1337.0,1669.9000244140625,Strong Uptrend,Strong Positive,Confirmed Breakout,RACLGEAR,RACLGEAR.NS,RACL Geartech Limited,,Unavailable,0,60,,89.0,Strong Breakout Watch,-8,81.0,1859.21,1890.4,1859.21,1756.7,2037.48,2171.18,102.51,178.27,311.98,1.74,3.04,Breakout Trade,Strong Setup,Confirmed breakout above resistance. Entry requires breakout confirmation.,Below ₹1756.70,1.74,Strong price trend | Strong positive momentum | Confirmed price breakout | Volume is more than 2x average | RSI indicates overbought conditions | Price is above 200 DMA,Acceptable,13,17
11463.0,12300.0,11250.0,12097.0,62178.0,11543.0,4.799445551416448,11612.85,11015.02,10945.59,10198.3275,11679.916570096302,11524.555032286036,11178.284001399972,59.860078705728036,413.2142857142857,3.415840999539437,17162.85,3.6228248804831367,12875.0,6621.5,-6.042718446601942,82.6927433361021,18.617488995131808,True,10612.0,12213.0,Strong Uptrend,Positive,Near Breakout,DYNAMATECH,DYNAMATECH.NS,Dynamatic Technologies Limited,,Unavailable,0,60,,86.0,Momentum Watch,-5,81.0,11890.39,12200.3,12097.0,11580.48,12820.12,13336.64,516.52,723.12,1239.64,1.4,2.4,Momentum Trade,Watch,Positive trend and momentum. Prefer entry near current price or on a controlled pullback.,Below ₹11580.48,1.4,Strong price trend | Positive momentum | Price is close to resistance | Volume is more than 2x average | RSI supports positive momentum | Price is above 200 DMA,Poor,30,17
1406.4000244140625,1498.0,1340.0999755859375,1424.0,3358636.0,1418.4000244140625,0.3948093266743058,1292.3649963378907,1146.6610009765625,1110.626000366211,958.983501586914,1327.7811382778693,1276.5935539502034,1191.538737288556,62.804635457457586,66.24288504464286,4.6518879947080665,1225988.9,2.7395321442143565,1498.0,700.7999877929688,-4.939919893190922,103.19635057138157,48.49056293915197,True,1186.5,1429.0,Strong Uptrend,Strong Positive,Near Breakout,FINCABLES,FINCABLES.NS,Finolex Cables Limited,,Unavailable,0,60,,86.0,Momentum Watch,-5,81.0,1390.88,1440.56,1424.0,1341.2,1539.93,1622.73,82.8,115.93,198.73,1.4,2.4,Momentum Trade,Watch,Positive trend and momentum. Prefer entry near current price or on a controlled pullback.,Below ₹1341.20,1.4,Strong price trend | Strong positive momentum | Price is close to resistance | Volume is more than 2x average | RSI supports positive momentum | Price is above 200 DMA,Poor,30,17
518.2999877929688,519.0,498.20001220703125,514.6500244140625,700202.0,515.9500122070312,-0.251960027563114,477.7250015258789,448.4090008544922,411.5989010620117,339.40845016479494,487.98361926718195,475.79718138599713,451.5887923519305,62.39882492748989,18.553573608398438,3.6050855393472454,440852.2,1.5882919490931426,519.0,212.5500030517578,-0.8381455849590559,142.1312712419678,51.631470626079434,True,441.20001220703125,518.0,Strong Uptrend,Strong Positive,Near Breakout,NRBBEARING,NRBBEARING.NS,NRB Bearing Limited,,Unavailable,0,60,,84.0,52W High Watch,-3,81.0,521.78,528.28,521.78,500.45,558.89,586.72,21.34,37.11,64.94,1.74,3.04,52W High Breakout,Watch,Stock is near its rolling 52-week high. Entry requires breakout confirmation.,Below ₹500.45,1.74,Strong price trend | Strong positive momentum | Price is close to resistance | Strong volume confirmation | RSI supports positive momentum | Price is above 200 DMA | Price is near 52-week high,Acceptable,41,17
76.0,90.9000015258789,74.2699966430664,87.41000366210938,38898608.0,76.25,14.636070376536892,79.23200035095215,75.23359977722168,61.5614998626709,53.80369995117187,78.75529867101814,78.27157448393224,73.64033490302586,54.59267419650467,4.800000326974051,5.4913626883358235,4175245.2,9.31648469412048,90.9000015258789,36.2599983215332,-3.839381523856126,141.06455518008244,62.46095294828425,True,70.73999786376953,87.2699966430664,Strong Uptrend,Positive,Confirmed Breakout,FILATEX,FILATEX.NS,Filatex India Limited,,Unavailable,0,60,,88.0,Strong Breakout Watch,-8,80.0,91.62,93.3,91.62,86.1,101.22,108.42,5.52,9.6,16.8,1.74,3.04,Breakout Trade,Strong Setup,Confirmed breakout above resistance. Entry requires breakout confirmation.,Below ₹86.10,1.74,Strong price trend | Positive momentum | Confirmed price breakout | Volume is more than 2x average | RSI supports positive momentum | Price is above 200 DMA,Acceptable,22,27
760.0,812.7999877929688,743.0499877929688,804.9000244140625,4284956.0,762.75,5.526060231276642,757.5349975585938,656.758994140625,636.3507482910156,517.2344982910156,761.7559380815349,740.304252556464,686.9536979892773,54.46686797716371,36.65714372907366,4.554248057795589,2119138.45,2.022027395142587,812.7999877929688,262.6000061035156,-0.9719443279468255,206.51180719956832,55.616074928009816,True,717.2000122070312,798.8499755859375,Strong Uptrend,Positive,Confirmed Breakout,TDPOWERSYS,TDPOWERSYS.NS,TD Power Systems Limited,,Unavailable,0,60,,88.0,Strong Breakout Watch,-8,80.0,818.3,831.13,818.3,776.14,891.61,946.6,42.16,73.31,128.3,1.74,3.04,Breakout Trade,Strong Setup,Confirmed breakout above resistance. Entry requires breakout confirmation.,Below ₹776.14,1.74,Strong price trend | Positive momentum | Confirmed price breakout | Volume is more than 2x average | RSI supports positive momentum | Price is above 200 DMA | Price is near 52-week high,Acceptable,22,27
1086.0,1116.9000244140625,1067.0999755859375,1109.9000244140625,578949.0,1088.5,1.9660105111678927,1034.610009765625,1054.3239978027343,1065.4574993896485,961.5510009765625,1064.065011978245,1047.8129584297526,1048.9879360971954,72.11327799836707,34.992885044642854,3.1527961325270053,216925.0,2.6688901694133915,1224.9000244140625,708.0,-9.388521324833093,56.76554017147776,15.42809723944284,True,990.2999877929688,1098.9000244140625,Uptrend,Strong Positive,Confirmed Breakout,ABSLAMC,ABSLAMC.NS,Aditya Birla Sun Life AMC Limited,,Unavailable,0,60,,87.0,Strong Breakout Watch,-8,79.0,1150.14,1162.39,1150.14,1109.9,1220.13,1272.62,40.24,69.99,122.48,1.74,3.04,Breakout Trade,Strong Setup,Confirmed breakout above resistance. Entry requires breakout confirmation.,Below ₹1109.90,1.74,Price is in an uptrend | Strong positive momentum | Confirmed price breakout | Volume is more than 2x average | RSI indicates overbought conditions | Price is above 200 DMA,Acceptable,24,29
342.6499938964844,348.20001220703125,332.8999938964844,346.0,3747104.0,342.6499938964844,0.9776758100651373,326.9800033569336,327.92900146484374,315.885500793457,263.32985038757323,333.0836685431187,329.05303166043717,324.81495320763514,68.28193832599119,10.328574044363839,2.9851370070415717,1942597.95,1.928913803291103,,,,,31.394142931669723,True,314.3500061035156,344.8999938964844,Uptrend,Strong Positive,Confirmed Breakout,EMMVEE,EMMVEE.NS,Emmvee Photovoltaic Power Limited,,Unavailable,0,60,,87.0,Strong Breakout Watch,-8,79.0,357.88,361.49,357.88,346.0,378.54,394.03,11.88,20.66,36.15,1.74,3.04,Breakout Trade,Strong Setup,Confirmed breakout above resistance. Entry requires breakout confirmation.,Below ₹346.00,1.74,Price is in an uptrend | Strong positive momentum | Confirmed price breakout | Strong volume confirmation | RSI supports positive momentum | Price is above 200 DMA,Acceptable,24,29
396.0,425.0,389.0,417.3999938964844,3638335.0,398.04998779296875,4.861200024349666,376.77999725341795,353.53099731445315,344.5339990234375,365.7012498474121,387.78899839621505,376.9224895480016,360.6426911182166,64.30527897963552,16.064285278320312,3.8486548905662588,805736.35,4.515540350140589,540.0,292.54998779296875,-22.703704833984375,42.67646942848934,14.136879234250207,True,349.29998779296875,403.5,Sideways,Strong Positive,Confirmed Breakout,HERITGFOOD,HERITGFOOD.NS,Heritage Foods Limited,,Unavailable,0,60,,87.0,Strong Breakout Watch,-8,79.0,435.87,441.5,435.87,417.4,468.0,492.1,18.47,32.13,56.22,1.74,3.04,Breakout Trade,Strong Setup,Confirmed breakout above resistance. Entry requires breakout confirmation.,Below ₹417.40,1.74,Strong positive momentum | Confirmed price breakout | Volume is more than 2x average | RSI supports positive momentum | Price is above 200 DMA,Acceptable,24,29
1690.0,1795.0,1676.199951171875,1787.199951171875,254979.0,1706.699951171875,4.716704886803691,1611.5049926757813,1546.6959912109376,1520.1829968261718,1471.4754986572266,1690.789820334797,1637.0176019231687,1569.7036490576616,78.00239595985363,67.10716901506696,3.7548775094283373,131176.35,1.943787885544917,1800.0,1165.0,-0.7111138237847222,53.40772113063304,21.456317336086002,True,1499.0,1747.4000244140625,Strong Uptrend,Strong Positive,Confirmed Breakout,VENKEYS,VENKEYS.NS,Venky's (India) Limited,,Unavailable,0,60,,87.0,Strong Breakout Watch,-8,79.0,1810.07,1833.55,1810.07,1732.89,1944.28,2044.94,77.17,134.21,234.88,1.74,3.04,Breakout Trade,Strong Setup,Confirmed breakout above resistance. Entry requires breakout confirmation.,Below ₹1732.89,1.74,Strong price trend | Strong positive momentum | Confirmed price breakout | Strong volume confirmation | RSI indicates overbought conditions | Price is above 200 DMA | Price is near 52-week high,Acceptable,24,29
525.75,556.8499755859375,521.0,551.0499877929688,1960216.0,530.6500244140625,3.844334766861013,528.7574951171875,541.1689990234376,505.76499938964844,490.6472512817383,533.5589370854132,532.6396392404608,527.5271716686888,61.40151644760266,19.17142813546317,3.47907241813894,598476.65,3.275342488299251,666.0,338.1499938964844,-17.259761592647337,62.96022408377095,12.310827453621283,True,489.5,555.0,Uptrend,Strong Positive,Near Breakout,FIVESTAR,FIVESTAR.NS,Five-Star Business Finance Limited,,Unavailable,0,60,,84.0,Momentum Watch,-5,79.0,541.46,555.84,551.05,527.09,584.6,608.56,23.96,33.55,57.51,1.4,2.4,Momentum Trade,Watch,Positive trend and momentum. Prefer entry near current price or on a controlled pullback.,Below ₹527.09,1.4,Price is in an uptrend | Strong positive momentum | Price is close to resistance | Volume is more than 2x average | RSI supports positive momentum | Price is above 200 DMA,Poor,41,29
367.8500061035156,404.3500061035156,363.0,404.3500061035156,870661.0,367.6000061035156,9.997279485803713,326.99000244140626,379.3400018310547,365.4210009765625,369.38224990844725,352.7876277506357,347.507902875248,360.7269500807121,88.81310610154597,15.350003923688616,3.7962170624424174,343863.05,2.5319992944865697,661.9500122070312,250.0,-38.915326135374215,61.74000244140625,9.4665502210069,True,303.5,396.6000061035156,Uptrend,Strong Positive,Confirmed Breakout,HLEGLAS,HLEGLAS.NS,HLE Glascoat Limited,,Unavailable,0,60,,86.0,Strong Breakout Watch,-8,78.0,422.0,427.38,422.0,404.35,452.7,475.73,17.65,30.7,53.73,1.74,3.04,Breakout Trade,Strong Setup,Confirmed breakout above resistance. Entry requires breakout confirmation.,Below ₹404.35,1.74,Price is in an uptrend | Strong positive momentum | Confirmed price breakout | Volume is more than 2x average | RSI indicates overbought conditions | Price is above 200 DMA,Acceptable,30,34
260.0,276.9800109863281,251.5,263.0199890136719,5002402.0,254.25,3.4493565442170526,239.45449829101562,237.2223992919922,228.59829971313476,221.93624969482423,251.25268428556134,244.0315065552188,236.43365568586552,62.490648114102505,18.550000871930802,7.052696238599024,1716078.85,2.9150187358815125,332.20001220703125,162.19000244140625,-20.82481055125474,62.167818641406136,18.511504711528772,True,215.25999450683594,287.79998779296875,Strong Uptrend,Strong Positive,No Breakout,INDOCO,INDOCO.NS,Indoco Remedies Limited,,Unavailable,0,60,,83.0,Momentum Watch,-5,78.0,253.74,267.66,263.02,239.83,295.48,318.67,23.19,32.46,55.65,1.4,2.4,Momentum Trade,Watch,Positive trend and momentum. Prefer entry near current price or on a controlled pullback.,Below ₹239.83,1.4,Strong price trend | Strong positive momentum | Volume is more than 2x average | RSI supports positive momentum | Price is above 200 DMA,Poor,43,34
508.0,511.95001220703125,485.3999938964844,489.79998779296875,5273521.0,500.29998779296875,-2.0987408067547397,483.66499786376954,461.18699829101564,461.64699920654294,457.1234996032715,491.33993397146605,483.4656220825964,469.5201144718149,58.52196534892453,13.957144601004464,2.8495600140569914,2478915.85,2.127349744445742,531.0,392.45001220703125,-7.758947684939972,24.805700740960088,7.1482844828709355,True,458.70001220703125,514.4500122070312,Strong Uptrend,Positive,No Breakout,OIL,OIL.NS,Oil India Limited,,Unavailable,0,60,,83.0,Momentum Watch,-5,78.0,482.82,493.29,489.8,472.35,514.45,531.67,17.45,24.65,41.87,1.41,2.4,Momentum Trade,Watch,Positive trend and momentum. Prefer entry near current price or on a controlled pullback.,Below ₹472.35,1.41,Strong price trend | Positive momentum | Volume is more than 2x average | RSI supports positive momentum | Price is above 200 DMA,Poor,43,34
232.02999877929688,239.8000030517578,222.83999633789062,239.07000732421875,2135648.0,231.5399932861328,3.252144016770564,212.5780014038086,203.0944009399414,196.8363003540039,193.24550025939942,220.75343532115906,214.3502841536207,205.9145931895171,76.43997435056383,9.304285321916852,3.8918664143840895,883570.75,2.4170650737363135,240.8000030517578,150.52000427246094,-0.7184367548231365,58.8293918006212,23.7131043172067,True,197.0,240.8000030517578,Strong Uptrend,Strong Positive,Near Breakout,KROSS,KROSS.NS,Kross Limited,,Unavailable,0,60,,81.0,52W High Watch,-3,78.0,242.2,245.45,242.2,231.5,260.8,274.76,10.7,18.61,32.56,1.74,3.04,52W High Breakout,Watch,Stock is near its rolling 52-week high. Entry requires breakout confirmation.,Below ₹231.50,1.74,Strong price trend | Strong positive momentum | Price is close to resistance | Volume is more than 2x average | RSI indicates overbought conditions | Price is above 200 DMA | Price is near 52-week high,Acceptable,45,34
17.729999542236328,20.0,17.540000915527344,19.56999969482422,150749037.0,17.540000915527344,11.57353861652204,15.60450005531311,15.216200008392335,14.838100004196168,13.974454984664916,16.741060455006792,15.956355421172308,15.360971100760363,83.71334295705454,0.8635715757097516,4.41273167693582,12998039.95,11.597828409505697,20.0,10.199999809265137,-2.1500015258789062,91.86274569385652,40.04123750299858,True,14.100000381469727,18.0,Strong Uptrend,Strong Positive,Confirmed Breakout,AHCL,AHCL.NS,Anlon Healthcare Limited,,Unavailable,0,60,,85.0,Strong Breakout Watch,-8,77.0,20.13,20.43,20.13,19.14,21.86,23.15,0.99,1.73,3.02,1.74,3.04,Breakout Trade,Strong Setup,Confirmed breakout above resistance. Entry requires breakout confirmation.,Below ₹19.14,1.74,Strong price trend | Strong positive momentum | Confirmed price breakout | Volume is more than 2x average | RSI indicates overbought conditions | Price is above 200 DMA | Price is near 52-week high,Acceptable,33,38
64.5,73.19000244140625,61.84000015258789,68.41999816894531,1282661.0,61.84000015258789,10.640358991140886,52.325,48.34000015258789,47.10939998626709,46.72754991531372,56.024558042295986,52.92333747559034,49.8083379582373,83.29365240353205,3.6307144165039062,5.30651054321692,108627.3,11.807906483913344,73.19000244140625,36.029998779296875,-6.517289402032281,89.89730915078462,46.423252006462384,True,47.369998931884766,61.84000015258789,Strong Uptrend,Strong Positive,Confirmed Breakout,DIGJAMLMTD,DIGJAMLMTD.NS,Digjam Limited,,Unavailable,0,60,,85.0,Strong Breakout Watch,-8,77.0,72.6,73.87,72.6,68.42,79.86,85.3,4.18,7.26,12.71,1.74,3.04,Breakout Trade,Strong Setup,Confirmed breakout above resistance. Entry requires breakout confirmation.,Below ₹68.42,1.74,Strong price trend | Strong positive momentum | Confirmed price breakout | Volume is more than 2x average | RSI indicates overbought conditions | Price is above 200 DMA,Acceptable,33,38
171.0,206.3800048828125,170.9600067138672,202.1699981689453,276696049.0,173.1699981689453,16.746549810381993,165.68150100708007,157.59340057373046,159.61630050659178,183.83519996643065,174.62877874932425,167.89803469742407,162.06830793254784,76.75338863645594,9.49142565046038,4.694774564190666,32836037.4,8.426596840214344,,,,,9.973497026610083,True,155.10000610351562,176.6999969482422,Sideways,Strong Positive,Confirmed Breakout,PINELABS,PINELABS.NS,Pine Labs Limited,,Unavailable,0,60,,85.0,Strong Breakout Watch,-8,77.0,213.09,216.41,213.09,202.17,232.07,246.31,10.92,18.98,33.22,1.74,3.04,Breakout Trade,Strong Setup,Confirmed breakout above resistance. Entry requires breakout confirmation.,Below ₹202.17,1.74,Strong positive momentum | Confirmed price breakout | Volume is more than 2x average | RSI indicates overbought conditions | Price is above 200 DMA,Acceptable,33,38
853.8499755859375,1024.5,835.0499877929688,1002.7999877929688,16245056.0,853.8499755859375,17.444517944129156,695.7974975585937,644.2329968261719,587.8264984130859,496.88800003051756,805.9068546404013,729.2174817078741,657.9695633891705,82.65092360615722,53.167872837611604,5.301941911130964,3259520.55,4.983878994105437,1024.5,320.0,-2.118107584873719,213.37499618530273,101.81610095864247,True,611.0,869.0,Strong Uptrend,Strong Positive,Confirmed Breakout,RAYMOND,RAYMOND.NS,Raymond Limited,,Unavailable,0,60,,85.0,Strong Breakout Watch,-8,77.0,1032.48,1051.08,1032.48,971.33,1138.81,1218.56,61.14,106.34,186.09,1.74,3.04,Breakout Trade,Strong Setup,Confirmed breakout above resistance. Entry requires breakout confirmation.,Below ₹971.33,1.74,Strong price trend | Strong positive momentum | Confirmed price breakout | Volume is more than 2x average | RSI indicates overbought conditions | Price is above 200 DMA | Price is near 52-week high,Acceptable,33,38
468.1499938964844,468.1499938964844,443.0,468.1499938964844,2933978.0,445.8999938964844,4.989908119434805,363.0925018310547,313.6170001220703,239.02099990844727,186.3643997192383,413.6108795709933,375.6118771050868,318.9293348966037,85.28079628769122,21.364288330078125,4.563556255177933,1425162.5,2.058697166112636,468.1499938964844,104.55999755859375,0.0,347.73336345397354,151.201406814693,True,292.1499938964844,445.8999938964844,Strong Uptrend,Strong Positive,Confirmed Breakout,SETL,SETL.NS,Standard Engineering Technology Limited,,Unavailable,0,60,,85.0,Strong Breakout Watch,-8,77.0,492.72,500.2,492.72,468.15,535.45,567.49,24.57,42.73,74.78,1.74,3.04,Breakout Trade,Strong Setup,Confirmed breakout above resistance. Entry requires breakout confirmation.,Below ₹468.15,1.74,Strong price trend | Strong positive momentum | Confirmed price breakout | Volume is more than 2x average | RSI indicates overbought conditions | Price is above 200 DMA | Price is near 52-week high,Acceptable,33,38
2970.0,3022.5,2752.0,3022.5,47215.0,2878.60009765625,4.998954264641098,2310.9550170898438,2251.3340161132815,1875.3390063476563,1570.6,2590.507522035552,2420.2661350925855,2227.123717319627,92.17156285485734,138.78571428571428,4.591752333687817,10351.1,4.561350967530021,3022.5,1050.0,0.0,187.85714285714286,92.44237870877373,True,2050.0,2878.60009765625,Strong Uptrend,Strong Positive,Confirmed Breakout,SPECTRUM,SPECTRUM.NS,Spectrum Electrical Industries Limited,,Unavailable,0,60,,85.0,Strong Breakout Watch,-8,77.0,3182.1,3230.68,3182.1,3022.5,3459.67,3667.85,159.6,277.57,485.75,1.74,3.04,Breakout Trade,Strong Setup,Confirmed breakout above resistance. Entry requires breakout confirmation.,Below ₹3022.50,1.74,Strong price trend | Strong positive momentum | Confirmed price breakout | Volume is more than 2x average | RSI indicates overbought conditions | Price is above 200 DMA | Price is near 52-week high,Acceptable,33,38
36.0,36.599998474121094,35.56999969482422,36.599998474121094,5579818.0,34.86000061035156,4.991387932600455,28.172000122070312,26.26219997406006,26.97650001525879,24.159450035095215,31.831096221532405,29.348149615333835,27.40213096404273,88.39971956238938,1.4307141985212053,3.9090553501875855,2650478.9,2.105211250691337,36.599998474121094,15.75,0.0,132.38094269283235,51.49350842404989,True,24.600000381469727,34.86000061035156,Strong Uptrend,Strong Positive,Confirmed Breakout,STLNETWORK,STLNETWORK.NS,STL Networks Limited,,Unavailable,0,60,,85.0,Strong Breakout Watch,-8,77.0,38.25,38.75,38.25,36.6,41.11,43.25,1.65,2.86,5.01,1.74,3.04,Breakout Trade,Strong Setup,Confirmed breakout above resistance. Entry requires breakout confirmation.,Below ₹36.60,1.74,Strong price trend | Strong positive momentum | Confirmed price breakout | Volume is more than 2x average | RSI indicates overbought conditions | Price is above 200 DMA | Price is near 52-week high,Acceptable,33,38
364.0,396.29998779296875,358.6000061035156,396.29998779296875,133752.0,377.45001220703125,4.9940323158867095,317.1599975585938,294.57299865722655,290.33070098876954,270.87595039367676,345.61714014116836,324.14120708803006,304.09542214424573,82.9577237163173,17.524998256138392,4.422154629309158,58619.45,2.2817000159503373,397.0,195.0,-0.1763254929549748,103.2307629707532,46.30312776642125,True,284.45001220703125,377.45001220703125,Strong Uptrend,Strong Positive,Confirmed Breakout,VALIANTORG,VALIANTORG.NS,Valiant Organics Limited,,Unavailable,0,60,,85.0,Strong Breakout Watch,-8,77.0,399.63,405.76,399.63,379.48,434.68,460.97,20.15,35.05,61.34,1.74,3.04,Breakout Trade,Strong Setup,Confirmed breakout above resistance. Entry requires breakout confirmation.,Below ₹379.48,1.74,Strong price trend | Strong positive momentum | Confirmed price breakout | Volume is more than 2x average | RSI indicates overbought conditions | Price is above 200 DMA | Price is near 52-week high,Acceptable,33,38
431.75,431.75,410.6000061035156,422.54998779296875,540725.0,432.20001220703125,-2.2327681956288314,389.3574981689453,386.9910003662109,353.46240005493166,256.07465000152587,401.94667306136887,393.28266823408165,379.84462523550025,62.14810949637147,15.985715593610491,3.7831537227360665,196857.8,2.7467796551622543,432.29998779296875,88.25,-2.255378273262718,378.81018446795326,65.01047166927727,True,357.29998779296875,432.20001220703125,Strong Uptrend,Strong Positive,No Breakout,BHAGYANGR,BHAGYANGR.NS,Bhagyanagar India Limited,,Unavailable,0,60,,80.0,52W High Watch,-3,77.0,434.7,440.29,434.7,416.31,466.67,490.65,18.38,31.97,55.95,1.74,3.04,52W High Breakout,Watch,Stock is near its rolling 52-week high. Entry requires breakout confirmation.,Below ₹416.31,1.74,Strong price trend | Strong positive momentum | Volume is more than 2x average | RSI supports positive momentum | Price is above 200 DMA | Price is near 52-week high,Acceptable,54,38
219.5,230.5399932861328,215.0500030517578,230.3000030517578,20834.0,219.57000732421875,4.886822138551494,219.44200057983397,211.04779998779296,185.64600006103515,155.95580032348633,217.4802053124224,216.99050151834206,207.9613247400918,53.4435737409997,11.547855922154017,5.014266508523989,5688.65,3.662380353862516,233.0,103.5,-1.1587969734945012,122.51208024324427,47.67004662479074,True,203.61000061035156,233.0,Strong Uptrend,Positive,Near Breakout,SMARTLINK,SMARTLINK.NS,Smartlink Holdings Limited,,Unavailable,0,60,,80.0,52W High Watch,-3,77.0,234.73,238.77,234.73,221.45,257.83,275.15,13.28,23.1,40.42,1.74,3.04,52W High Breakout,Watch,Stock is near its rolling 52-week high. Entry requires breakout confirmation.,Below ₹221.45,1.74,Strong price trend | Positive momentum | Price is close to resistance | Volume is more than 2x average | RSI supports positive momentum | Price is above 200 DMA | Price is near 52-week high,Acceptable,54,38
880.0,945.0,861.2999877929688,908.9000244140625,1336886.0,886.3499755859375,2.544147283720277,808.8749969482421,784.2150012207031,728.5800036621093,692.523752746582,856.5111347136668,828.9472494318026,787.4001818359652,72.45545037902228,40.84285627092634,4.4936577372474344,436135.0,3.065303174475793,967.4000244140625,467.0,-6.047136502341153,94.62527289380354,31.24459930931206,True,739.0999755859375,912.0,Strong Uptrend,Strong Positive,Near Breakout,63MOONS,63MOONS.NS,63 moons technologies limited,,Unavailable,0,60,,81.0,Momentum Watch,-5,76.0,888.48,919.11,908.9,857.85,980.38,1031.43,51.05,71.47,122.53,1.4,2.4,Momentum Trade,Watch,Positive trend and momentum. Prefer entry near current price or on a controlled pullback.,Below ₹857.85,1.4,Strong price trend | Strong positive momentum | Price is close to resistance | Volume is more than 2x average | RSI indicates overbought conditions | Price is above 200 DMA,Poor,45,48
250.14999389648438,265.8999938964844,239.1999969482422,260.5,4219.0,250.14999389648438,4.137520030401687,252.81049728393555,248.8013995361328,244.3052998352051,233.83989990234375,255.9326014000989,253.58532870510518,249.1689163040023,64.09533253077299,10.293572562081474,3.9514673942731187,2410.8,1.7500414800066366,299.79998779296875,200.25,-13.108735621466378,30.087390761548065,11.40100560631015,True,232.22000122070312,269.05999755859375,Strong Uptrend,Strong Positive,No Breakout,ASPINWALL,ASPINWALL.NS,Aspinwall and Company Limited,,Unavailable,0,60,,81.0,Momentum Watch,-5,76.0,255.35,263.07,260.5,247.63,278.51,291.38,12.87,18.01,30.88,1.4,2.4,Momentum Trade,Watch,Positive trend and momentum. Prefer entry near current price or on a controlled pullback.,Below ₹247.63,1.4,Strong price trend | Strong positive momentum | Strong volume confirmation | RSI supports positive momentum | Price is above 200 DMA,Poor,45,48
12.010000228881836,12.010000228881836,12.0,12.010000228881836,964628.0,11.779999732971191,1.9524660536866856,11.42800006866455,11.577200031280517,11.61620002746582,10.4832000041008,11.506220995361488,11.520509814482049,11.564978444193676,60.49382231533075,0.2014286858694894,1.677174704668952,259047.4,3.7237509428776354,14.260000228881836,4.550000190734863,-15.778400868766523,163.95603792144283,14.564257327760465,True,10.890000343322754,12.180000305175781,Uptrend,Positive,Near Breakout,KESORAMIND,KESORAMIND.NS,Kesoram Industries Limited,,Unavailable,0,60,,81.0,Momentum Watch,-5,76.0,11.91,12.06,12.01,11.76,12.36,12.61,0.25,0.35,0.6,1.4,2.4,Momentum Trade,Watch,Positive trend and momentum. Prefer entry near current price or on a controlled pullback.,Below ₹11.76,1.4,Price is in an uptrend | Positive momentum | Price is close to resistance | Volume is more than 2x average | RSI supports positive momentum | Price is above 200 DMA,Poor,45,48
3575.0,4055.0,3562.300048828125,3828.300048828125,639315.0,3576.800048828125,7.031424641206874,3719.3950073242186,3819.61599609375,3600.1210009765623,3335.083504638672,3705.83998169677,3724.2993560036793,3723.301274948467,59.986069518343555,111.57142857142857,2.9143856842041815,35477.5,18.02029455288563,4574.7998046875,2463.0,-16.317648590753308,55.432401495254766,14.788731481639136,True,3550.800048828125,3850.0,Uptrend,Positive,Near Breakout,KIRLOSIND,KIRLOSIND.NS,Kirloskar Industries Limited,,Unavailable,0,60,,81.0,Momentum Watch,-5,76.0,3772.51,3856.19,3828.3,3688.84,4023.55,4163.01,139.46,195.25,334.71,1.4,2.4,Momentum Trade,Watch,Positive trend and momentum. Prefer entry near current price or on a controlled pullback.,Below ₹3688.84,1.4,Price is in an uptrend | Positive momentum | Price is close to resistance | Volume is more than 2x average | RSI supports positive momentum | Price is above 200 DMA,Poor,45,48
418.95001220703125,420.0,417.25,419.95001220703125,11258.0,418.1499938964844,0.43047192079894714,404.98999938964846,399.53199890136716,391.97800018310545,373.1535221862793,414.7698218481494,408.63863849638824,400.73822530332586,67.0238189524195,7.471433367047991,1.7791244552612724,37759.7,0.2981485552056823,508.0,282.29998779296875,-17.332674762395424,48.760194957929414,12.540814232859098,True,350.6000061035156,419.8999938964844,Strong Uptrend,Strong Positive,Breakout - Volume Confirmation Required,KRISHIVAL,KRISHIVAL.NS,Krishival Foods Limited,,Unavailable,0,60,,81.0,Momentum Watch,-5,76.0,416.21,421.82,419.95,410.61,433.03,442.36,9.34,13.08,22.41,1.4,2.4,Momentum Trade,Watch,Positive trend and momentum. Prefer entry near current price or on a controlled pullback.,Below ₹410.61,1.4,Strong price trend | Strong positive momentum | Breakout requires volume confirmation | RSI supports positive momentum | Price is above 200 DMA,Poor,45,48
243.2100067138672,258.54998779296875,235.10000610351562,255.3000030517578,170916.0,246.24000549316406,3.6793361584152695,240.31700134277344,232.53880126953126,214.9917007446289,224.60788375854492,246.64090301778015,242.13026050835356,232.67826535690023,59.464095501594215,10.129283360072545,3.967600171951037,127349.55,1.34210132662424,371.95001220703125,161.25,-31.361743601810886,58.32558328791182,13.664756009280222,True,224.0,257.25,Strong Uptrend,Positive,Near Breakout,TIL,TIL.NS,TIL Limited,,Unavailable,0,60,,81.0,Momentum Watch,-5,76.0,250.24,257.83,255.3,242.64,273.03,285.69,12.66,17.73,30.39,1.4,2.4,Momentum Trade,Watch,Positive trend and momentum. Prefer entry near current price or on a controlled pullback.,Below ₹242.64,1.4,Strong price trend | Positive momentum | Price is close to resistance | Volume is above average | RSI supports positive momentum | Price is above 200 DMA,Poor,45,48
710.0,733.0,690.5999755859375,723.1500244140625,479794.0,707.5499877929688,2.2047963946341564,595.6200012207031,469.0200006103516,354.35289978027345,290.71794982910154,649.9983834239763,597.4919973892636,495.28446973704695,73.13649339892817,34.960719517299104,4.834504367973476,362887.2,1.32215740869339,733.0,180.0,-1.3437893023107095,301.75001356336804,148.74625899060104,True,486.20001220703125,717.0,Strong Uptrend,Strong Positive,Breakout - Volume Confirmation Required,KABRAEXTRU,KABRAEXTRU.NS,Kabra Extrusion Technik Limited,,Unavailable,0,60,,79.0,52W High Watch,-3,76.0,738.24,750.48,738.24,698.04,808.17,860.61,40.2,69.92,122.36,1.74,3.04,52W High Breakout,Watch,Stock is near its rolling 52-week high. Entry requires breakout confirmation.,Below ₹698.04,1.74,Strong price trend | Strong positive momentum | Breakout requires volume confirmation | Volume is above average | RSI indicates overbought conditions | Price is above 200 DMA | Price is near 52-week high,Acceptable,59,48
213.6999969482422,215.0,206.25,209.27000427246094,2083473.0,207.8800048828125,0.6686546839519414,183.8380012512207,174.06200073242186,158.0265005493164,150.9760004043579,197.07817248114037,188.76403729456197,176.22488256757052,79.6982573755388,9.12571280343192,4.360736186324447,1590314.2,1.3101014881210267,215.0,102.19999694824219,-2.6651142918786337,104.765176635419,38.61143738870723,True,163.5,207.8800048828125,Strong Uptrend,Strong Positive,Breakout - Volume Confirmation Required,LOTUSDEV,LOTUSDEV.NS,Sri Lotus Developers and Realty Limited,,Unavailable,0,60,,79.0,52W High Watch,-3,76.0,216.37,219.56,216.37,205.87,234.62,248.31,10.49,18.25,31.94,1.74,3.04,52W High Breakout,Watch,Stock is near its rolling 52-week high. Entry requires breakout confirmation.,Below ₹205.87,1.74,Strong price trend | Strong positive momentum | Breakout requires volume confirmation | Volume is above average | RSI indicates overbought conditions | Price is above 200 DMA | Price is near 52-week high,Acceptable,59,48
9.569999694824219,9.569999694824219,9.050000190734863,9.109999656677246,1429459.0,9.680000305175781,-5.888436265789809,8.881500053405762,8.50980001449585,8.256099996566773,7.931100008487701,9.480772797985045,9.108638596709042,8.65953504496653,63.26530271788815,0.5364286558968681,5.8883499024469055,702231.0,2.035596548714027,10.989999771118164,6.019999980926514,-17.106461816146513,51.32889843091267,14.864264060822721,True,7.949999809265137,10.989999771118164,Strong Uptrend,Positive,No Breakout,IVC,IVC.NS,IL&FS Investment Managers Limited,,Unavailable,0,60,,80.0,Momentum Watch,-5,75.0,8.84,9.24,9.11,8.44,10.99,11.79,0.67,1.88,2.68,2.8,4.0,Momentum Trade,Watch,Positive trend and momentum. Prefer entry near current price or on a controlled pullback.,Below ₹8.44,2.8,Strong price trend | Positive momentum | Volume is more than 2x average | RSI supports positive momentum | Price is above 200 DMA,Strong,54,56
60.900001525878906,63.5,59.31999969482422,62.970001220703125,304379.0,60.5099983215332,4.0654486323039585,55.913500022888186,49.25520004272461,48.36590003967285,43.376800050735476,59.45215474217495,56.31670739769092,51.69952626896009,69.9669924523002,3.775000435965402,5.994918791146961,145051.45,2.0984209396045332,65.0,27.0,-3.1230750450721154,133.22222674334492,45.16977081539106,True,48.25,64.5,Strong Uptrend,Strong Positive,No Breakout,PLAZACABLE,PLAZACABLE.NS,Plaza Wires Limited,,Unavailable,0,60,,80.0,Momentum Watch,-5,75.0,61.08,63.91,62.97,58.25,69.58,74.3,4.72,6.61,11.33,1.4,2.4,Momentum Trade,Watch,Positive trend and momentum. Prefer entry near current price or on a controlled pullback.,Below ₹58.25,1.4,Strong price trend | Strong positive momentum | Volume is more than 2x average | RSI supports positive momentum | Price is above 200 DMA,Poor,54,56
8.550000190734863,8.850000381469727,8.359999656677246,8.779999732971191,739713.0,8.789999961853027,-0.11376824715852996,7.57449996471405,6.646799983978272,6.665399985313416,6.103799992799759,8.090663009110648,7.599057836255658,7.020125685235473,66.09195008557035,0.5371428898402623,6.11780075371928,472525.1,1.5654469995350513,9.010000228881836,3.819999933242798,-2.552724640043524,129.8429289635576,43.844813777128415,True,6.449999809265137,9.010000228881836,Strong Uptrend,Strong Positive,No Breakout,AKSHOPTFBR,AKSHOPTFBR.NS,Aksh Optifibre Limited,,Unavailable,0,60,,78.0,52W High Watch,-3,75.0,9.09,9.28,9.09,8.47,10.16,10.97,0.62,1.07,1.88,1.74,3.04,52W High Breakout,Watch,Stock is near its rolling 52-week high. Entry requires breakout confirmation.,Below ₹8.47,1.74,Strong price trend | Strong positive momentum | Strong volume confirmation | RSI supports positive momentum | Price is above 200 DMA | Price is near 52-week high,Acceptable,67,56
356.79998779296875,369.04998779296875,341.0,369.04998779296875,1300799.0,351.5,4.992884151626953,347.4824966430664,310.6131997680664,250.74539962768554,193.21024971008302,345.67930161470576,341.6715734575612,311.8285269533527,56.199127042770456,16.846426827566965,4.564808937757653,1042369.1,1.2479255188972889,379.0,115.56999969482422,-2.6253330361560026,219.33026630396068,91.00952891823172,True,316.0,376.29998779296875,Strong Uptrend,Positive,Near Breakout,DIACABS,DIACABS.NS,Diamond Power Infrastructure Limited,,Unavailable,0,60,,78.0,52W High Watch,-3,75.0,381.53,387.42,381.53,362.15,415.22,440.49,19.37,33.69,58.96,1.74,3.04,52W High Breakout,Watch,Stock is near its rolling 52-week high. Entry requires breakout confirmation.,Below ₹362.15,1.74,Strong price trend | Positive momentum | Price is close to resistance | Volume is above average | RSI supports positive momentum | Price is above 200 DMA | Price is near 52-week high,Acceptable,67,56
601.0,636.9000244140625,599.0,632.5,563681.0,611.4500122070312,3.442634291066371,609.4350067138672,621.4110021972656,602.0434991455078,560.059499206543,611.8750353813725,611.6650979244552,611.5877386743956,58.33020391561315,18.317875453404017,2.8961067910520186,304683.5,1.8500542366094652,711.7000122070312,382.1000061035156,-11.128285913811705,65.53258044927848,12.934429448315065,True,584.2999877929688,643.9000244140625,Uptrend,Positive,Near Breakout,ABDL,ABDL.NS,Allied Blenders and Distillers Limited,,Unavailable,0,60,,79.0,Momentum Watch,-5,74.0,623.34,637.08,632.5,609.6,664.56,687.45,22.9,32.06,54.95,1.4,2.4,Momentum Trade,Watch,Positive trend and momentum. Prefer entry near current price or on a controlled pullback.,Below ₹609.60,1.4,Price is in an uptrend | Positive momentum | Price is close to resistance | Strong volume confirmation | RSI supports positive momentum | Price is above 200 DMA,Poor,59,60
366.20001220703125,368.8999938964844,355.70001220703125,363.0,205568.0,366.20001220703125,-0.8738427363082946,342.70999908447266,349.0439990234375,342.72049926757813,330.7162495422363,346.4259088746724,344.2413648075726,345.54040726678113,56.80086870471345,13.589281354631696,3.7436036789619003,139551.45,1.47306244399467,458.79998779296875,259.6499938964844,-20.880555872246017,39.80358503097772,9.76176722566536,True,315.0,369.3999938964844,Uptrend,Positive,Near Breakout,EVEREADY,EVEREADY.NS,Eveready Industries India Limited,,Unavailable,0,60,,79.0,Momentum Watch,-5,74.0,356.21,366.4,363.0,346.01,386.78,403.77,16.99,23.78,40.77,1.4,2.4,Momentum Trade,Watch,Positive trend and momentum. Prefer entry near current price or on a controlled pullback.,Below ₹346.01,1.4,Price is in an uptrend | Positive momentum | Price is close to resistance | Volume is above average | RSI supports positive momentum | Price is above 200 DMA,Poor,59,60
434.70001220703125,457.0,408.95001220703125,413.3999938964844,164355.0,440.25,-6.09880888211598,373.7175003051758,378.6820007324219,386.46900054931643,377.70125061035156,402.6869610069948,386.59744270969,380.92431540882615,67.19692139104565,21.217860630580358,5.132525627441911,108644.45,1.5127786094917872,494.8999938964844,272.8500061035156,-16.467973531041693,51.51181405495222,9.451581965493874,True,347.0,484.0,Uptrend,Strong Positive,No Breakout,GOACARBON,GOACARBON.NS,Goa Carbon Limited,,Unavailable,0,60,,79.0,Momentum Watch,-5,74.0,402.79,418.7,413.4,386.88,484.0,515.83,26.52,70.6,102.43,2.66,3.86,Momentum Trade,Watch,Positive trend and momentum. Prefer entry near current price or on a controlled pullback.,Below ₹386.88,2.66,Price is in an uptrend | Strong positive momentum | Strong volume confirmation | RSI supports positive momentum | Price is above 200 DMA,Strong,59,60
336.6000061035156,340.95001220703125,336.6000061035156,339.04998779296875,422556.0,337.29998779296875,0.5188259897222824,336.43999633789065,336.97099853515624,337.85999908447263,328.0308988189697,338.11868287770733,337.25390681340525,336.5761006916337,56.64061149582589,4.171439034598214,1.2303315690267433,289661.1,1.4587944325282203,411.29998779296875,240.39999389648438,-17.566253864409944,41.03577221343974,3.3591619001965216,True,332.8999938964844,342.79998779296875,Uptrend,Positive,Near Breakout,IIFLCAPS,IIFLCAPS.NS,IIFL Capital Services Limited,,Unavailable,0,60,,79.0,Momentum Watch,-5,74.0,336.96,340.09,339.05,333.84,346.35,351.56,5.21,7.3,12.51,1.4,2.4,Momentum Trade,Watch,Positive trend and momentum. Prefer entry near current price or on a controlled pullback.,Below ₹333.84,1.4,Price is in an uptrend | Positive momentum | Price is close to resistance | Volume is above average | RSI supports positive momentum | Price is above 200 DMA,Poor,59,60
435.0,455.8999938964844,433.8500061035156,452.3500061035156,7424.0,435.0,3.988507150233467,424.24749755859375,422.2899981689453,421.68519927978514,359.9029496765137,433.1029788715723,426.9237595500619,421.65581573157425,76.6004441779676,13.735715593610491,3.0365237997735792,4780.5,1.5529756301642088,489.8999938964844,215.0,-7.664827160806833,110.39535167605379,25.68666261560089,True,405.70001220703125,452.70001220703125,Strong Uptrend,Strong Positive,Near Breakout,SOFTTECH,SOFTTECH.NS,Softtech Engineers Limited,,Unavailable,0,60,,79.0,Momentum Watch,-5,74.0,445.48,455.78,452.35,435.18,476.39,493.56,17.17,24.04,41.21,1.4,2.4,Momentum Trade,Watch,Positive trend and momentum. Prefer entry near current price or on a controlled pullback.,Below ₹435.18,1.4,Strong price trend | Strong positive momentum | Price is close to resistance | Strong volume confirmation | RSI indicates overbought conditions | Price is above 200 DMA,Poor,59,60
3297.199951171875,3319.800048828125,3210.10009765625,3302.39990234375,43706.0,3297.199951171875,0.15770809319668455,3174.540002441406,3185.4000048828125,3375.843996582031,3284.987001953125,3197.5709228781498,3186.7870820505145,3233.3334770436823,69.18151020730613,83.73573521205357,2.535602522051475,33932.55,1.2880258041320207,3925.0,2800.5,-15.86242287022293,17.9217961915283,0.5300751686466956,True,3069.5,3324.699951171875,Sideways,Strong Positive,Near Breakout,TIMKEN,TIMKEN.NS,Timken India Limited,,Unavailable,0,60,,77.0,200 DMA Recovery Watch,-3,74.0,3284.99,3326.85,3284.99,3048.57,3324.7,3492.17,236.42,39.71,207.18,0.17,0.88,200 DMA Recovery,Confirmation Required,Stock is recovering around the 200 DMA. Confirmation above the recovery level is preferred.,Below ₹3048.57,0.17,Strong positive momentum | Price is close to resistance | Volume is above average | RSI supports positive momentum | Price is above 200 DMA | Price is near 200 DMA,Poor,82,60
436.0,439.95001220703125,425.1000061035156,437.25,91968.0,441.1499938964844,-0.884051671867303,414.82750244140624,437.92000061035156,421.86500061035156,422.3497496032715,422.1094401890283,420.39816161524027,424.6903972596593,64.67155691090414,12.185712541852679,2.7868982371304014,62240.05,1.4776337743944614,701.5,331.70001220703125,-37.66928011404134,31.820917669152664,3.527941098751649,True,397.20001220703125,444.29998779296875,Sideways,Strong Positive,Near Breakout,TSFINV,TSFINV.NS,TSF INVESTMENTS LIMITED,,Unavailable,0,60,,77.0,200 DMA Recovery Watch,-3,74.0,422.35,428.44,422.35,394.15,444.3,468.67,28.2,21.95,46.32,0.78,1.64,200 DMA Recovery,Confirmation Required,Stock is recovering around the 200 DMA. Confirmation above the recovery level is preferred.,Below ₹394.15,0.78,Strong positive momentum | Price is close to resistance | Volume is above average | RSI supports positive momentum | Price is above 200 DMA,Poor,82,60
1.0,1.0099999904632568,0.9800000190734863,1.0099999904632568,6790419.0,0.9700000286102295,4.123707285899503,0.8330000072717667,0.8405999994277954,0.8871000033617019,0.9574999994039536,0.8964637652864345,0.8577716660636608,0.8538720597900521,88.88889624748916,0.027857133320399692,2.758132037963927,3221502.95,2.107841931356915,1.5099999904632568,0.75,-33.11258299058689,34.66666539510091,5.483027790285602,True,0.7799999713897705,0.9700000286102295,Sideways,Strong Positive,Confirmed Breakout,RCOM,RCOM.NS,Reliance Communications Limited,,Unavailable,0,60,,81.0,Strong Breakout Watch,-8,73.0,1.04,1.05,1.04,1.01,1.1,1.14,0.03,0.06,0.1,1.74,3.04,Breakout Trade,Strong Setup,Confirmed breakout above resistance. Entry requires breakout confirmation.,Below ₹1.01,1.74,Strong positive momentum | Confirmed price breakout | Volume is more than 2x average | RSI indicates overbought conditions | Price is above 200 DMA,Acceptable,45,67
246.85000610351562,255.0,242.41000366210938,251.13999938964844,179922.0,246.9600067138672,1.692578782857046,233.55299911499023,230.4343994140625,234.28109970092774,241.52574981689452,241.52133294704493,236.5665923047616,233.3689664244175,83.651903015971,7.748571123395648,3.085359218852905,59715.05,3.0130092832543887,293.1099853515625,209.9600067138672,-14.318852328273412,19.613255552949763,3.980631290884171,True,225.10000610351562,250.19000244140625,Sideways,Strong Positive,Confirmed Breakout,SESHAPAPER,SESHAPAPER.NS,Seshasayee Paper and Boards Limited,,Unavailable,0,60,,81.0,Strong Breakout Watch,-8,73.0,260.05,262.76,260.05,251.14,275.55,287.17,8.91,15.5,27.12,1.74,3.04,Breakout Trade,Strong Setup,Confirmed breakout above resistance. Entry requires breakout confirmation.,Below ₹251.14,1.74,Strong positive momentum | Confirmed price breakout | Volume is more than 2x average | RSI indicates overbought conditions | Price is above 200 DMA,Acceptable,45,67
976.0,992.5,963.5999755859375,985.7999877929688,205299.0,976.2000122070312,0.9834025267253965,956.9750030517578,918.3650024414062,890.2550006103515,911.0635021972656,965.6747734611683,952.2859359019541,926.1481549399466,65.22397619027757,20.675005231584823,2.097281952485361,213120.7,0.9632992008753725,1074.0,775.0999755859375,-8.212291639388384,27.183591645419984,8.203213652556242,True,885.5999755859375,993.4000244140625,Strong Uptrend,Strong Positive,No Breakout,ASAHIINDIA,ASAHIINDIA.NS,Asahi India Glass Limited,,Unavailable,0,60,,78.0,Momentum Watch,-5,73.0,975.46,990.97,985.8,959.96,1021.98,1047.83,25.84,36.18,62.03,1.4,2.4,Momentum Trade,Watch,Positive trend and momentum. Prefer entry near current price or on a controlled pullback.,Below ₹959.96,1.4,Strong price trend | Strong positive momentum | RSI supports positive momentum | Price is above 200 DMA,Poor,67,67
257.0,257.0,239.08999633789062,244.1300048828125,47854.0,258.17999267578125,-5.441935158241529,230.51449966430664,224.26179931640624,219.28419982910157,204.16915000915526,241.96797214272243,234.2774110807317,226.19621622650718,65.80368161779502,12.925713675362724,5.2946026366432655,35484.35,1.3485945212466905,265.0,147.25999450683594,-7.875469855542453,65.78162025632818,19.57242554610495,True,210.41000366210938,265.0,Strong Uptrend,Strong Positive,No Breakout,JAYAGROGN,JAYAGROGN.NS,Jayant Agro Organics Limited,,Unavailable,0,60,,78.0,Momentum Watch,-5,73.0,237.67,247.36,244.13,227.97,266.75,282.91,16.16,22.62,38.78,1.4,2.4,Momentum Trade,Watch,Positive trend and momentum. Prefer entry near current price or on a controlled pullback.,Below ₹227.97,1.4,Strong price trend | Strong positive momentum | Volume is above average | RSI supports positive momentum | Price is above 200 DMA,Poor,67,67
339.25,344.1000061035156,335.75,343.1499938964844,2957954.0,342.45001220703125,0.20440404862065442,336.6675033569336,333.8060009765625,310.723000793457,287.6391508483887,338.28386966216607,336.7998475858827,329.67532987437335,53.26686831477383,8.300003051757812,2.4187682352871076,2188729.25,1.351448106247038,355.79998779296875,233.4199981689453,-3.5553665909187986,47.00968065646132,19.298778655258523,True,326.3999938964844,348.0,Strong Uptrend,Positive,Near Breakout,JSWINFRA,JSWINFRA.NS,JSW Infrastructure Limited,,Unavailable,0,60,,78.0,Momentum Watch,-5,73.0,339.0,345.22,343.15,332.77,357.67,368.05,10.38,14.53,24.9,1.4,2.4,Momentum Trade,Watch,Positive trend and momentum. Prefer entry near current price or on a controlled pullback.,Below ₹332.77,1.4,Strong price trend | Positive momentum | Price is close to resistance | Volume is above average | RSI supports positive momentum | Price is above 200 DMA,Poor,67,67
180.99000549316406,180.99000549316406,166.38999938964844,169.63999938964844,85705.0,175.13999938964844,-3.140344877907475,157.60899810791017,150.1867988586426,125.8707999420166,98.62484998703003,163.49573837246794,158.93903171567976,147.85907713914685,69.5167404332818,8.35214124407087,4.923450409173088,43710.9,1.9607237554019705,180.99000549316406,56.0,-6.271067881670578,202.92857033865795,72.00533071731665,True,145.64999389648438,175.13999938964844,Strong Uptrend,Strong Positive,No Breakout,KANORICHEM,KANORICHEM.NS,Kanoria Chemicals & Industries Limited,,Unavailable,0,60,,78.0,Momentum Watch,-5,73.0,165.46,171.73,169.64,159.2,184.26,194.7,10.44,14.62,25.06,1.4,2.4,Momentum Trade,Watch,Positive trend and momentum. Prefer entry near current price or on a controlled pullback.,Below ₹159.20,1.4,Strong price trend | Strong positive momentum | Strong volume confirmation | RSI supports positive momentum | Price is above 200 DMA,Poor,67,67
123.9000015258789,129.8000030517578,121.52999877929688,128.52999877929688,734495.0,124.37000274658203,3.3448548209742412,123.35499954223633,122.10419982910156,114.21869987487793,118.46815006256104,124.30259009459789,123.0693863936003,120.50717897578303,56.775291754005025,4.967143467494419,3.8645790980078245,565944.4,1.297821835501862,182.82000732421875,94.19999694824219,-29.695879209020198,36.44373985480824,8.493294367661134,True,115.11000061035156,133.27999877929688,Strong Uptrend,Positive,No Breakout,MANAKCOAT,MANAKCOAT.NS,Manaksia Coated Metals & Industries Limited,,Unavailable,0,60,,78.0,Momentum Watch,-5,73.0,126.05,129.77,128.53,122.32,137.22,143.43,6.21,8.69,14.9,1.4,2.4,Momentum Trade,Watch,Positive trend and momentum. Prefer entry near current price or on a controlled pullback.,Below ₹122.32,1.4,Strong price trend | Positive momentum | Volume is above average | RSI supports positive momentum | Price is above 200 DMA,Poor,67,67
2390.0,2411.0,2274.39990234375,2373.0,409164.0,2388.89990234375,-0.6655742389269026,2224.859997558594,2139.976005859375,1978.4110009765625,1617.869499206543,2258.5654479991163,2212.8104543484897,2125.23540049405,62.40235012327807,92.83572823660714,3.91216722446722,228050.0,1.7941854856391142,2483.89990234375,966.7000122070312,-4.464749253345815,145.47429089012894,46.674376466321796,True,2049.5,2483.89990234375,Strong Uptrend,Strong Positive,No Breakout,NEOGEN,NEOGEN.NS,Neogen Chemicals Limited,,Unavailable,0,60,,78.0,Momentum Watch,-5,73.0,2326.58,2396.21,2373.0,2256.96,2535.46,2651.51,116.04,162.46,278.51,1.4,2.4,Momentum Trade,Watch,Positive trend and momentum. Prefer entry near current price or on a controlled pullback.,Below ₹2256.96,1.4,Strong price trend | Strong positive momentum | Strong volume confirmation | RSI supports positive momentum | Price is above 200 DMA,Poor,67,67
31.0,36.689998626708984,29.969999313354492,33.22999954223633,438095.0,30.579999923706055,8.665793411189494,31.264000129699706,32.84460010528564,31.813300094604493,31.164950075149537,31.262390493816774,31.549950540567785,32.04283766688402,69.43941547532123,1.9378570829119002,5.831649442091702,34324.7,12.763257945444535,40.79999923706055,25.299999237060547,-18.553921167596577,31.34387566921176,6.626192123225732,True,29.600000381469727,35.54999923706055,Uptrend,Positive,No Breakout,NIBL,NIBL.NS,NRB Industrial Bearings Limited,,Unavailable,0,60,,78.0,Momentum Watch,-5,73.0,32.26,33.71,33.23,30.81,36.62,39.04,2.42,3.39,5.81,1.4,2.4,Momentum Trade,Watch,Positive trend and momentum. Prefer entry near current price or on a controlled pullback.,Below ₹30.81,1.4,Price is in an uptrend | Positive momentum | Volume is more than 2x average | RSI supports positive momentum | Price is above 200 DMA,Poor,67,67
65.66999816894531,65.66999816894531,65.66999816894531,65.66999816894531,29308.0,64.38999938964844,1.9878844407982044,57.518999862670896,57.229599609375,43.70739988327026,28.666699962615965,61.10166448170796,58.93844109639553,54.5889172213644,66.25659661297664,2.7692854745047435,4.216972059874841,585799.15,0.05003079980570132,68.0199966430664,9.260000228881836,-3.4548641430440883,609.1792283559705,129.0811228867818,True,45.970001220703125,65.62000274658203,Strong Uptrend,Strong Positive,Breakout - Volume Confirmation Required,SANGINITA,SANGINITA.NS,Sanginita Chemicals Limited,,Unavailable,0,60,,78.0,Momentum Watch,-5,73.0,64.29,66.36,65.67,62.21,70.52,73.98,3.46,4.85,8.31,1.4,2.4,Momentum Trade,Watch,Positive trend and momentum. Prefer entry near current price or on a controlled pullback.,Below ₹62.21,1.4,Strong price trend | Strong positive momentum | Breakout requires volume confirmation | RSI supports positive momentum | Price is above 200 DMA,Poor,67,67
5.659999847412109,5.829999923706055,5.380000114440918,5.829999923706055,760515.0,5.559999942779541,4.856114814841805,5.308499979972839,4.996800003051757,4.610199997425079,4.714374997615814,5.480481602365034,5.360390474818449,5.077129561586698,67.85714772282947,0.27357132094247,4.692475549271779,433256.55,1.7553456491309827,6.831500053405762,3.200500011444092,-14.660032523902583,82.1590346152041,23.664322983522563,True,4.880000114440918,5.96999979019165,Strong Uptrend,Strong Positive,No Breakout,SIKKO,SIKKO.NS,Sikko Industries Limited,,Unavailable,0,60,,78.0,Momentum Watch,-5,73.0,5.69,5.9,5.83,5.49,6.31,6.65,0.34,0.48,0.82,1.4,2.4,Momentum Trade,Watch,Positive trend and momentum. Prefer entry near current price or on a controlled pullback.,Below ₹5.49,1.4,Strong price trend | Strong positive momentum | Strong volume confirmation | RSI supports positive momentum | Price is above 200 DMA,Poor,67,67
84.5,87.58999633789062,84.29000091552734,86.0,3491875.0,85.63999938964844,0.420365031430725,80.98400001525879,79.0518002319336,72.73270000457764,73.68274999618531,83.08089119830481,81.47162521932084,78.6435732742877,67.40530196646446,3.1642853873116628,3.6794016131530967,2422969.75,1.4411550123562211,95.0,54.439998626708984,-9.473684210526317,57.97208333838433,16.716599210062572,True,77.66000366210938,95.0,Strong Uptrend,Strong Positive,No Breakout,SMCGLOBAL,SMCGLOBAL.NS,SMC Global Securities Limited,,Unavailable,0,60,,78.0,Momentum Watch,-5,73.0,84.42,86.79,86.0,82.04,95.0,95.49,3.96,9.0,9.49,2.28,2.4,Momentum Trade,Watch,Positive trend and momentum. Prefer entry near current price or on a controlled pullback.,Below ₹82.04,2.28,Strong price trend | Strong positive momentum | Volume is above average | RSI supports positive momentum | Price is above 200 DMA,Strong,67,67
125.30000305175781,126.5,124.0,125.5,31941.0,126.30999755859375,-0.6412774714986469,123.20000038146972,124.65519989013671,124.14919982910156,124.3540998840332,124.09419103712855,123.80864985043007,123.82010721870768,59.46453745929973,3.9021432059151784,3.1092774549124926,15466.5,2.065173116089613,159.99000549316406,93.0,-21.55760004310877,34.946236559139784,0.9214815732134356,True,119.48999786376953,129.49000549316406,Uptrend,Positive,No Breakout,VRAJ,VRAJ.NS,Vraj Iron and Steel Limited,,Unavailable,0,60,,78.0,Momentum Watch,-5,73.0,123.55,126.48,125.5,120.62,132.33,137.21,4.88,6.83,11.71,1.4,2.4,Momentum Trade,Watch,Positive trend and momentum. Prefer entry near current price or on a controlled pullback.,Below ₹120.62,1.4,Price is in an uptrend | Positive momentum | Volume is more than 2x average | RSI supports positive momentum | Price is above 200 DMA | Price is near 200 DMA,Poor,67,67
1194.5,1240.199951171875,1167.699951171875,1224.4000244140625,113105.0,1194.5,2.503141432738598,1108.1950073242188,990.9890014648438,960.7654998779296,953.6612490844726,1178.257492178097,1120.8076688776068,1033.789242859023,73.7586043348856,57.803558349609375,4.720970042227115,115434.8,0.9798171781819693,1240.199951171875,855.2999877929688,-1.2739822109235708,43.15445362901571,28.38940720192864,True,921.0,1222.0,Strong Uptrend,Strong Positive,Breakout - Volume Confirmation Required,HATSUN,HATSUN.NS,Hatsun Agro Product Limited,,Unavailable,0,60,,76.0,52W High Watch,-3,73.0,1248.87,1269.1,1248.87,1182.4,1364.48,1451.18,66.47,115.61,202.31,1.74,3.04,52W High Breakout,Watch,Stock is near its rolling 52-week high. Entry requires breakout confirmation.,Below ₹1182.40,1.74,Strong price trend | Strong positive momentum | Breakout requires volume confirmation | RSI indicates overbought conditions | Price is above 200 DMA | Price is near 52-week high,Acceptable,86,67
10.789999961853027,11.479999542236328,10.1899995803833,11.199999809265137,371208.0,10.6899995803833,4.770816173068071,10.234999990463256,10.285599994659425,11.192899990081788,10.907349996566772,10.514457753609332,10.351839565011108,10.460975949173298,69.93242122118639,0.8292858260018485,7.404337858254484,75707.6,4.903180129868071,14.300000190734863,9.020000457763672,-21.67832405679444,24.168505996306255,2.6830514542072987,True,9.359999656677246,11.880000114440918,Sideways,Strong Positive,No Breakout,LIBAS,LIBAS.NS,Libas Consumer Products Limited,,Unavailable,0,60,,76.0,200 DMA Recovery Watch,-3,73.0,10.91,11.32,10.91,9.15,11.88,13.54,1.75,0.97,2.63,0.55,1.5,200 DMA Recovery,Confirmation Required,Stock is recovering around the 200 DMA. Confirmation above the recovery level is preferred.,Below ₹9.15,0.55,Strong positive momentum | Volume is more than 2x average | RSI supports positive momentum | Price is above 200 DMA | Price is near 200 DMA,Poor,86,67
788.0,832.4500122070312,776.5,832.4500122070312,366669.0,792.8499755859375,4.994644364065004,735.0150024414063,654.5690002441406,534.4489994812012,357.28360023498533,776.2103412453457,742.9510978583669,663.8059184870033,77.36057119285185,39.47858101981027,4.742456656964034,319067.35,1.1491899750946,832.4500122070312,140.10000610351562,0.0,494.18270945110396,132.99418491627634,True,622.0,801.0,Strong Uptrend,Strong Positive,Breakout - Volume Confirmation Required,SIGMAADV,SIGMAADV.NS,SIGMA ADVANCED SYSTEMS LIMITED,,Unavailable,0,60,,76.0,52W High Watch,-3,73.0,877.85,891.67,877.85,832.45,956.81,1016.03,45.4,78.96,138.18,1.74,3.04,52W High Breakout,Watch,Stock is near its rolling 52-week high. Entry requires breakout confirmation.,Below ₹832.45,1.74,Strong price trend | Strong positive momentum | Breakout requires volume confirmation | RSI indicates overbought conditions | Price is above 200 DMA | Price is near 52-week high,Acceptable,86,67
707.2000122070312,759.5499877929688,697.4000244140625,749.1500244140625,1159874.0,707.25,5.924358347693537,635.3399978637696,575.095,561.7759991455079,535.4977503967285,685.294429763832,643.3756499259839,596.0650332218083,79.37362159475663,35.15000261579241,4.691984445076206,918755.35,1.2624405398020269,759.5499877929688,422.0,-1.3692269825618084,77.52370246778733,39.89788451194196,True,501.95001220703125,749.7999877929688,Strong Uptrend,Strong Positive,Near Breakout,SOLARA,SOLARA.NS,Solara Active Pharma Sciences Limited,,Unavailable,0,60,,76.0,52W High Watch,-3,73.0,764.82,777.12,764.82,724.4,835.12,887.85,40.42,70.3,123.03,1.74,3.04,52W High Breakout,Watch,Stock is near its rolling 52-week high. Entry requires breakout confirmation.,Below ₹724.40,1.74,Strong price trend | Strong positive momentum | Price is close to resistance | Volume is above average | RSI indicates overbought conditions | Price is above 200 DMA | Price is near 52-week high,Acceptable,86,67
2705.0,2742.0,2662.800048828125,2727.89990234375,20275.0,2662.800048828125,2.444789406710246,2446.129992675781,2412.7780029296873,2198.8350061035158,1941.6179998779296,2559.806784359547,2495.231789366066,2395.51885712167,79.83733118661621,123.74283272879464,4.536194037855919,24608.35,0.8239073322672995,2750.0,523.5,-0.8036399147727272,421.08880656041066,40.496220292315705,True,2280.0,2710.0,Strong Uptrend,Strong Positive,Breakout - Volume Confirmation Required,SWANDEF,SWANDEF.NS,Swan Defence and Heavy Industries Limited,,Unavailable,0,60,,76.0,52W High Watch,-3,73.0,2768.56,2811.87,2768.56,2626.26,3016.05,3201.66,142.3,247.49,433.1,1.74,3.04,52W High Breakout,Watch,Stock is near its rolling 52-week high. Entry requires breakout confirmation.,Below ₹2626.26,1.74,Strong price trend | Strong positive momentum | Breakout requires volume confirmation | RSI indicates overbought conditions | Price is above 200 DMA | Price is near 52-week high,Acceptable,86,67
118.55999755859375,129.89999389648438,118.55999755859375,127.91000366210938,234978.0,124.80000305175781,2.491987607613888,101.75800018310547,79.15080017089844,76.50930015563965,69.44295000076293,113.08021263303431,101.97963922484485,87.09472845403407,74.82636036992722,6.819999694824219,5.331873582648094,258050.1,0.9105906178683907,129.89999389648438,49.5099983215332,-1.5319402062180214,158.35186426673326,84.19436913423766,True,78.48999786376953,125.81999969482422,Strong Uptrend,Strong Positive,Breakout - Volume Confirmation Required,VALIANTLAB,VALIANTLAB.NS,Valiant Laboratories Limited,,Unavailable,0,60,,76.0,52W High Watch,-3,73.0,130.92,133.31,130.92,123.08,144.56,154.79,7.84,13.64,23.87,1.74,3.04,52W High Breakout,Watch,Stock is near its rolling 52-week high. Entry requires breakout confirmation.,Below ₹123.08,1.74,Strong price trend | Strong positive momentum | Breakout requires volume confirmation | RSI indicates overbought conditions | Price is above 200 DMA | Price is near 52-week high,Acceptable,86,67
1085.699951171875,1124.8499755859375,1060.550048828125,1113.75,35432.0,1085.699951171875,2.583591239720384,969.1599914550782,839.0899963378906,773.2919989013672,775.4384997558594,1035.9960716248643,973.217043701645,876.4770778251901,75.3699587091405,51.38927786690848,4.614076576153399,29114.65,1.2169818287357053,1134.699951171875,584.0999755859375,-1.846298763848424,90.67797407160414,43.62841158269227,True,812.0,1134.699951171875,Strong Uptrend,Strong Positive,Near Breakout,YUKEN,YUKEN.NS,Yuken India Limited,,Unavailable,0,60,,76.0,52W High Watch,-3,73.0,1142.41,1160.39,1142.41,1083.31,1245.19,1322.27,59.1,102.78,179.86,1.74,3.04,52W High Breakout,Watch,Stock is near its rolling 52-week high. Entry requires breakout confirmation.,Below ₹1083.31,1.74,Strong price trend | Strong positive momentum | Price is close to resistance | Volume is above average | RSI indicates overbought conditions | Price is above 200 DMA | Price is near 52-week high,Acceptable,86,67
417.8500061035156,469.0,414.54998779296875,463.45001220703125,10401534.0,417.45001220703125,11.019283424331693,376.9125015258789,381.56099975585937,385.7770001220703,368.42050018310545,406.93287573127196,389.1526744553819,382.3194672036209,91.94474483361198,20.046432495117188,4.325478901090652,926456.55,11.227222690583815,469.0,242.25,-1.183366267157516,91.31063455398606,25.79376337003397,True,349.25,444.0,Uptrend,Strong Positive,Confirmed Breakout,SMSPHARMA,SMSPHARMA.NS,SMS Pharmaceuticals Limited,,Unavailable,0,60,,80.0,Strong Breakout Watch,-8,72.0,472.01,479.02,472.01,448.95,512.1,542.17,23.05,40.09,70.16,1.74,3.04,Breakout Trade,Strong Setup,Confirmed breakout above resistance. Entry requires breakout confirmation.,Below ₹448.95,1.74,Price is in an uptrend | Strong positive momentum | Confirmed price breakout | Volume is more than 2x average | RSI indicates overbought conditions | Price is above 200 DMA | Price is near 52-week high,Acceptable,54,90
188.00999450683594,206.63999938964844,186.9600067138672,206.63999938964844,41410.0,196.8000030517578,4.9999980616376005,202.24700012207032,177.31780029296874,160.89910018920898,155.02650047302245,208.69020496104935,204.33434621463513,186.73502180337252,58.45140887772728,12.230712890625,5.918850622701702,18099.3,2.287933787494544,284.20001220703125,92.31666564941406,-27.29064373188086,123.83823975444892,33.29333937045668,True,157.10000610351562,246.5,Strong Uptrend,Positive,No Breakout,UEL,UEL.NS,Ujaas Energy Limited,,Unavailable,0,60,,77.0,Momentum Watch,-5,72.0,200.52,209.7,206.64,191.35,246.5,264.85,15.29,39.86,58.21,2.61,3.81,Momentum Trade,Watch,Positive trend and momentum. Prefer entry near current price or on a controlled pullback.,Below ₹191.35,2.61,Strong price trend | Positive momentum | Volume is more than 2x average | RSI supports positive momentum | Price is above 200 DMA,Strong,82,90
1629.9000244140625,1691.5,1600.0999755859375,1674.699951171875,352268.0,1640.300048828125,2.0971713296189964,1648.3400024414063,1554.6319995117187,1364.3239990234374,1176.8775033569336,1648.9963037631244,1634.2668874364902,1544.7189085896152,57.09648452653543,58.385716029575896,3.4863389103654274,232744.0,1.513542776612931,1717.0,726.4500122070312,-2.463602144911182,130.53202877428015,42.300277335147385,True,1572.199951171875,1717.0,Strong Uptrend,Positive,No Breakout,AETHER,AETHER.NS,Aether Industries Limited,,Unavailable,0,60,,75.0,52W High Watch,-3,72.0,1725.76,1746.19,1725.76,1658.61,1842.53,1930.11,67.14,116.77,204.35,1.74,3.04,52W High Breakout,Watch,Stock is near its rolling 52-week high. Entry requires breakout confirmation.,Below ₹1658.61,1.74,Strong price trend | Positive momentum | Strong volume confirmation | RSI supports positive momentum | Price is above 200 DMA | Price is near 52-week high,Acceptable,104,90
970.0,981.9000244140625,931.0,968.75,204430.0,968.2000122070312,0.056805183436736684,900.2725006103516,894.4460021972657,863.7015008544922,789.9702496337891,933.6553974845219,912.2938894255869,887.7362467497567,66.54121283173092,43.96429007393973,4.538249297955069,138541.4,1.475587802635169,992.5999755859375,574.0,-2.4027781757559206,68.77177700348433,22.631200409013992,True,816.0,992.5999755859375,Strong Uptrend,Strong Positive,No Breakout,KSL,KSL.NS,Kalyani Steels Limited,,Unavailable,0,60,,75.0,52W High Watch,-3,72.0,999.19,1014.58,999.19,948.64,1087.12,1153.07,50.56,87.93,153.88,1.74,3.04,52W High Breakout,Watch,Stock is near its rolling 52-week high. Entry requires breakout confirmation.,Below ₹948.64,1.74,Strong price trend | Strong positive momentum | Volume is above average | RSI supports positive momentum | Price is above 200 DMA | Price is near 52-week high,Acceptable,104,90
81.72000122070312,84.5999984741211,81.19999694824219,84.2300033569336,16781160.0,83.05000305175781,1.4208311400547347,71.80400009155274,71.35100006103515,62.732399787902835,49.338699865341184,77.5775697266003,73.89255627812966,69.74176446820893,80.66525731818581,2.9535718645368303,3.5065555583807297,12873213.45,1.3035719531241052,84.5999984741211,30.0,-0.4373464821050564,180.7666778564453,70.71792241550816,True,65.0,83.5,Strong Uptrend,Strong Positive,Breakout - Volume Confirmation Required,PAISALO,PAISALO.NS,Paisalo Digital Limited,,Unavailable,0,60,,75.0,52W High Watch,-3,72.0,85.04,86.08,85.04,81.65,90.95,95.38,3.4,5.91,10.34,1.74,3.04,52W High Breakout,Watch,Stock is near its rolling 52-week high. Entry requires breakout confirmation.,Below ₹81.65,1.74,Strong price trend | Strong positive momentum | Breakout requires volume confirmation | Volume is above average | RSI indicates overbought conditions | Price is above 200 DMA | Price is near 52-week high,Acceptable,104,90
870.0,897.4500122070312,830.0,897.4000244140625,2409510.0,854.75,4.989765944903479,711.977505493164,625.8870037841797,559.2561999511719,352.3013998413086,800.2501003209892,735.3393947675986,652.051658456534,85.69541211744804,45.092860630580354,5.024833898352381,1650444.1,1.4599161522647146,897.4500122070312,84.5999984741211,-0.0055699807553424375,960.7565491724857,154.72508051863812,True,601.0,897.2999877929688,Strong Uptrend,Strong Positive,Breakout - Volume Confirmation Required,STLTECH,STLTECH.NS,Sterlite Technologies Limited,,Unavailable,0,60,,75.0,52W High Watch,-3,72.0,904.21,920.0,904.21,852.36,994.4,1062.04,51.86,90.19,157.83,1.74,3.04,52W High Breakout,Watch,Stock is near its rolling 52-week high. Entry requires breakout confirmation.,Below ₹852.36,1.74,Strong price trend | Strong positive momentum | Breakout requires volume confirmation | Volume is above average | RSI indicates overbought conditions | Price is above 200 DMA | Price is near 52-week high,Acceptable,104,90
1560.9000244140625,1614.9000244140625,1531.0,1610.0,296742.0,1568.0999755859375,2.6720250664123757,1513.1600036621094,1370.6580053710939,1211.9100091552734,1052.1932537841797,1550.6560170177395,1503.8612848766438,1389.6325704029334,62.81873341658114,65.84286934988839,4.089619214278782,224684.6,1.3207046677876455,1652.800048828125,695.0,-2.5895478922856556,131.65467625899282,53.013716274048136,True,1421.199951171875,1652.800048828125,Strong Uptrend,Strong Positive,No Breakout,UNIMECH,UNIMECH.NS,Unimech Aerospace and Manufacturing Limited,,Unavailable,0,60,,75.0,52W High Watch,-3,72.0,1662.68,1685.72,1662.68,1586.96,1794.36,1893.13,75.72,131.69,230.45,1.74,3.04,52W High Breakout,Watch,Stock is near its rolling 52-week high. Entry requires breakout confirmation.,Below ₹1586.96,1.74,Strong price trend | Strong positive momentum | Volume is above average | RSI supports positive momentum | Price is above 200 DMA | Price is near 52-week high,Acceptable,104,90
877.4000244140625,889.8499755859375,866.0,872.0,482620.0,884.4000244140625,-1.402083228375961,837.6825103759766,750.6360070800781,663.510004272461,613.9637522888183,851.5186630220543,829.3507536840106,765.0175172642181,61.78474734533123,37.89644077845982,4.345922107621539,392861.65,1.2284731787895304,896.0,462.0,-2.6785714285714284,88.74458874458875,42.02792864387168,True,795.5999755859375,896.0,Strong Uptrend,Strong Positive,No Breakout,VARROC,VARROC.NS,Varroc Engineering Limited,,Unavailable,0,60,,75.0,52W High Watch,-3,72.0,901.68,914.95,901.68,858.1,977.48,1034.32,43.58,75.79,132.64,1.74,3.04,52W High Breakout,Watch,Stock is near its rolling 52-week high. Entry requires breakout confirmation.,Below ₹858.10,1.74,Strong price trend | Strong positive momentum | Volume is above average | RSI supports positive momentum | Price is above 200 DMA | Price is near 52-week high,Acceptable,104,90
35.0,38.25,33.11000061035156,36.459999084472656,385169.0,34.880001068115234,4.529810687998359,30.444000148773192,28.602000045776368,28.915100040435792,30.303849954605102,32.367598169997024,30.879950447934306,29.54515689016542,74.09439679213712,2.648571559361049,7.2643215191110775,86132.15,4.471837751640938,79.48999786376953,22.799999237060547,-54.13259521410727,59.91228203730942,20.3147426452065,True,25.700000762939453,34.880001068115234,Sideways,Strong Positive,Confirmed Breakout,MANGALAM,MANGALAM.NS,Mangalam Drugs And Organics Limited,,Unavailable,0,60,,79.0,Strong Breakout Watch,-8,71.0,39.51,40.43,39.51,36.46,44.8,48.78,3.05,5.3,9.27,1.74,3.04,Breakout Trade,Strong Setup,Confirmed breakout above resistance. Entry requires breakout confirmation.,Below ₹36.46,1.74,Strong positive momentum | Confirmed price breakout | Volume is more than 2x average | RSI indicates overbought conditions | Price is above 200 DMA,Acceptable,59,98
1208.300048828125,1237.699951171875,1181.0,1226.699951171875,1813.0,1228.9000244140625,-0.17902784591744547,1213.5999938964844,1217.7279931640626,1217.7539978027344,1211.1357479858398,1221.6994954364018,1218.784042578242,1219.4761710839568,55.10850298131982,40.642857142857146,3.3131864971569245,929.9,1.949672007742768,1457.5999755859375,950.0,-15.841110612069235,29.12631064967105,1.2850915524472821,True,1140.4000244140625,1260.4000244140625,Uptrend,Positive,No Breakout,APOLSINHOT,APOLSINHOT.NS,Apollo Sindoori Hotels Limited,,Unavailable,0,60,,76.0,Momentum Watch,-5,71.0,1206.38,1236.86,1226.7,1175.9,1297.82,1348.63,50.8,71.12,121.93,1.4,2.4,Momentum Trade,Watch,Positive trend and momentum. Prefer entry near current price or on a controlled pullback.,Below ₹1175.90,1.4,Price is in an uptrend | Positive momentum | Strong volume confirmation | RSI supports positive momentum | Price is above 200 DMA | Price is near 200 DMA,Poor,86,98
210.10000610351562,222.0,205.25,217.22999572753906,61940.0,213.61000061035156,1.6946749247900517,199.16799850463866,189.9373992919922,186.14379974365235,181.8809999847412,208.4986536643236,201.71983000414582,193.71052985445633,78.12225638896457,8.595714024135045,3.956964596600291,36300.65,1.7063055344739004,295.0,125.0,-26.36271331269862,73.78399658203125,19.435232787241898,True,184.00999450683594,228.1999969482422,Strong Uptrend,Strong Positive,No Breakout,CHEMCON,CHEMCON.NS,Chemcon Speciality Chemicals Limited,,Unavailable,0,60,,76.0,Momentum Watch,-5,71.0,212.93,219.38,217.23,206.49,232.27,243.02,10.74,15.04,25.79,1.4,2.4,Momentum Trade,Watch,Positive trend and momentum. Prefer entry near current price or on a controlled pullback.,Below ₹206.49,1.4,Strong price trend | Strong positive momentum | Strong volume confirmation | RSI indicates overbought conditions | Price is above 200 DMA,Poor,86,98
140.77999877929688,142.6199951171875,135.8000030517578,140.52999877929688,16480.0,140.77999877929688,-0.177582044443636,135.17250137329103,138.31260131835938,139.3071002960205,134.27525005340576,137.76395667911137,136.67411319470258,137.51461063901294,64.30375991433459,3.6678575788225447,2.6100175127610545,11493.0,1.4339162968763595,274.79998779296875,95.30000305175781,-48.86098798331439,47.4606445741397,4.658154591708745,True,131.0,144.72999572753906,Uptrend,Strong Positive,No Breakout,CYBERTECH,CYBERTECH.NS,Cybertech Systems And Software Limited,,Unavailable,0,60,,76.0,Momentum Watch,-5,71.0,138.7,141.45,140.53,135.95,146.95,151.53,4.58,6.42,11.0,1.4,2.4,Momentum Trade,Watch,Positive trend and momentum. Prefer entry near current price or on a controlled pullback.,Below ₹135.95,1.4,Price is in an uptrend | Strong positive momentum | Volume is above average | RSI supports positive momentum | Price is above 200 DMA,Poor,86,98
485.5,489.04998779296875,468.04998779296875,472.1000061035156,142861.0,483.1000061035156,-2.2769612628907754,457.8675018310547,463.5440008544922,446.2570007324219,435.59274978637694,466.8690465030613,463.1272954154979,458.7049882689788,60.381537278412544,19.396432059151785,4.108543064686765,102758.1,1.390265098323149,551.9500122070312,352.6000061035156,-14.466890902715415,33.89109413824497,8.381052332721916,True,425.04998779296875,492.70001220703125,Uptrend,Strong Positive,No Breakout,SANATHAN,SANATHAN.NS,Sanathan Textiles Limited,,Unavailable,0,60,,76.0,Momentum Watch,-5,71.0,462.4,476.95,472.1,447.85,506.04,530.29,24.25,33.94,58.19,1.4,2.4,Momentum Trade,Watch,Positive trend and momentum. Prefer entry near current price or on a controlled pullback.,Below ₹447.85,1.4,Price is in an uptrend | Strong positive momentum | Volume is above average | RSI supports positive momentum | Price is above 200 DMA,Poor,86,98
524.4000244140625,528.0999755859375,518.5,523.7999877929688,18998.0,517.0999755859375,1.2956899097586128,495.13000030517577,493.7290020751953,500.2685009765625,487.8840000915527,514.1307901842601,503.3530405521543,496.65917358423684,71.63605825900348,16.307146344866073,3.113239160920227,15424.8,1.231652922566257,636.5,382.3999938964844,-17.706207730876866,36.97698644178361,7.361583428576529,True,466.0,542.0,Strong Uptrend,Strong Positive,No Breakout,SRHHYPOLTD,SRHHYPOLTD.NS,Sree Rayalaseema Hi-Strength Hypo Limited,,Unavailable,0,60,,76.0,Momentum Watch,-5,71.0,515.65,527.88,523.8,503.42,552.34,572.72,20.38,28.54,48.92,1.4,2.4,Momentum Trade,Watch,Positive trend and momentum. Prefer entry near current price or on a controlled pullback.,Below ₹503.42,1.4,Strong price trend | Strong positive momentum | Volume is above average | RSI indicates overbought conditions | Price is above 200 DMA,Poor,86,98
170.0,170.8000030517578,166.0500030517578,168.44000244140625,26257.0,169.83999633789062,-0.824301652538395,151.59499893188476,148.39979949951172,143.5684992980957,146.05849941253663,159.1599912928575,154.4323998876332,149.45378141255964,75.2801746604838,7.321427481515067,4.3466085106843355,17153.45,1.5307124805797083,179.3699951171875,119.05000305175781,-6.093545728559771,41.486768688427325,15.323656698439656,True,142.2100067138672,172.5,Strong Uptrend,Strong Positive,No Breakout,STARPAPER,STARPAPER.NS,Star Paper Mills Limited,,Unavailable,0,60,,76.0,Momentum Watch,-5,71.0,164.78,170.27,168.44,159.29,181.25,190.4,9.15,12.81,21.96,1.4,2.4,Momentum Trade,Watch,Positive trend and momentum. Prefer entry near current price or on a controlled pullback.,Below ₹159.29,1.4,Strong price trend | Strong positive momentum | Strong volume confirmation | RSI indicates overbought conditions | Price is above 200 DMA,Poor,86,98
37.79999923706055,37.79999923706055,32.36000061035156,34.5099983215332,173376.0,36.790000915527344,-6.197343129262755,32.24750013351441,32.71399993896485,33.55769990921021,33.32464998245239,33.203131881470256,32.70784632398362,32.84469960716838,67.12327756529518,2.2278575897216797,6.455687331435085,112079.95,1.5468957650320152,46.34000015258789,25.600000381469727,-25.528704773631798,34.804678934742824,3.556971610219385,True,30.1200008392334,37.75,Sideways,Strong Positive,No Breakout,BIOFILCHEM,BIOFILCHEM.NS,Biofil Chemicals & Pharmaceuticals Limited,,Unavailable,0,60,,74.0,200 DMA Recovery Watch,-3,71.0,33.32,34.44,33.32,29.56,37.75,42.21,3.76,4.43,8.88,1.18,2.36,200 DMA Recovery,Confirmation Required,Stock is recovering around the 200 DMA. Confirmation above the recovery level is preferred.,Below ₹29.56,1.18,Strong positive momentum | Strong volume confirmation | RSI supports positive momentum | Price is above 200 DMA,Poor,125,98
29.780000686645508,29.780000686645508,28.020000457763672,28.799999237060547,5955.0,29.489999771118164,-2.3397780244589494,28.011000061035155,28.851400032043458,29.664400005340575,28.380700016021727,28.68639257860127,28.415413744430182,28.67075673985033,61.4084456341049,1.1357142584664481,3.943452390807647,3003.65,1.9825878514474056,38.79999923706055,20.0,-25.773196383077018,43.999996185302734,1.4774097214026194,True,26.510000228881836,29.700000762939453,Sideways,Strong Positive,No Breakout,DAMODARIND,DAMODARIND.NS,Damodar Industries Limited,,Unavailable,0,60,,74.0,200 DMA Recovery Watch,-3,71.0,28.38,28.95,28.38,26.23,29.7,31.97,2.15,1.32,3.59,0.61,1.67,200 DMA Recovery,Confirmation Required,Stock is recovering around the 200 DMA. Confirmation above the recovery level is preferred.,Below ₹26.23,0.61,Strong positive momentum | Strong volume confirmation | RSI supports positive momentum | Price is above 200 DMA | Price is near 200 DMA,Poor,125,98
14.539999961853027,17.200000762939453,14.010000228881836,17.200000762939453,1455188.0,14.34000015258789,19.944216038487482,13.940999984741211,14.191600017547607,14.956699962615966,14.917149982452393,14.64861064340341,14.236363035453188,14.29879123200203,82.48588615749672,0.9121429579598563,5.3031564970929255,89258.4,16.303093042223477,21.0,12.130000114440918,-18.09523446219308,41.79720198405139,15.30353172806108,True,13.0,15.25,Sideways,Strong Positive,Confirmed Breakout,ASHOKAMET,ASHOKAMET.NS,Ashoka Metcast Limited,,Unavailable,0,60,,78.0,Strong Breakout Watch,-8,70.0,18.25,18.57,18.25,17.2,20.07,21.44,1.05,1.82,3.19,1.74,3.04,Breakout Trade,Strong Setup,Confirmed breakout above resistance. Entry requires breakout confirmation.,Below ₹17.20,1.74,Strong positive momentum | Confirmed price breakout | Volume is more than 2x average | RSI indicates overbought conditions | Price is above 200 DMA,Acceptable,67,107
1948.0,2044.4000244140625,1909.4000244140625,2020.0999755859375,301736.0,1949.0999755859375,3.6427069359875164,1667.3850036621093,1684.4260083007812,1568.2460021972656,1348.079500427246,1822.3883959381365,1727.065981002558,1656.209943212551,85.54993629647717,90.99286760602679,4.504374471844344,170549.1,1.7692031209780643,2044.4000244140625,890.0,-1.1886151701201209,126.97752534673454,49.85021098130402,True,1527.0999755859375,1998.0,Uptrend,Strong Positive,Confirmed Breakout,VENUSPIPES,VENUSPIPES.NS,Venus Pipes & Tubes Limited,,Unavailable,0,60,,78.0,Strong Breakout Watch,-8,70.0,2058.05,2089.9,2058.05,1953.41,2240.03,2376.52,104.64,181.99,318.48,1.74,3.04,Breakout Trade,Strong Setup,Confirmed breakout above resistance. Entry requires breakout confirmation.,Below ₹1953.41,1.74,Price is in an uptrend | Strong positive momentum | Confirmed price breakout | Strong volume confirmation | RSI indicates overbought conditions | Price is above 200 DMA | Price is near 52-week high,Acceptable,67,107
588.0,595.0,576.0,590.5999755859375,71818.0,589.5,0.18659467106658667,576.675,575.4380004882812,564.7434991455078,546.8027487182617,584.8288991972651,580.2686627324518,573.3486965175767,57.55079221646319,17.825003487723215,3.0181178842818155,69331.1,1.0358699054248381,697.5499877929688,394.79998779296875,-15.332236266739606,49.59472995111776,8.009693983861482,True,545.5,612.9000244140625,Strong Uptrend,Positive,No Breakout,AJAXENGG,AJAXENGG.NS,Ajax Engineering Limited,,Unavailable,0,60,,75.0,Momentum Watch,-5,70.0,581.69,595.06,590.6,568.32,621.79,644.07,22.28,31.19,53.48,1.4,2.4,Momentum Trade,Watch,Positive trend and momentum. Prefer entry near current price or on a controlled pullback.,Below ₹568.32,1.4,Strong price trend | Positive momentum | RSI supports positive momentum | Price is above 200 DMA,Poor,104,107
105.5999984741211,114.94999694824219,104.12999725341797,107.41999816894531,316936.0,106.20999908447266,1.1392515722651542,89.95950012207031,87.81859985351562,85.54029983520508,78.92889995574951,98.73890138243799,93.22028718244012,88.9449857381352,76.18375184489443,6.645713261195591,6.186662981266779,113189.45,2.8000489444908516,124.5999984741211,60.0,-13.788122404145934,79.03333028157552,36.09716875462469,True,82.05000305175781,124.5999984741211,Strong Uptrend,Strong Positive,No Breakout,BALPHARMA,BALPHARMA.NS,Bal Pharma Limited,,Unavailable,0,60,,75.0,Momentum Watch,-5,70.0,104.1,109.08,107.42,99.11,124.6,127.36,8.31,17.18,19.94,2.07,2.4,Momentum Trade,Watch,Positive trend and momentum. Prefer entry near current price or on a controlled pullback.,Below ₹99.11,2.07,Strong price trend | Strong positive momentum | Volume is more than 2x average | RSI indicates overbought conditions | Price is above 200 DMA,Strong,104,107
741.0,808.4000244140625,740.0,800.7999877929688,1663788.0,744.8499755859375,7.511581397719458,753.6375030517578,790.1550024414063,851.8940026855469,685.6965014648438,759.6143603759622,758.9912781624885,786.5624070404458,58.58310926483272,30.042859758649552,3.7516059211550026,414230.9,4.016571433951451,1103.0,443.04998779296875,-27.398006546421687,80.7470962322138,16.78636044988286,True,709.1500244140625,841.0,Uptrend,Positive,No Breakout,BBOX,BBOX.NS,Black Box Limited,,Unavailable,0,60,,75.0,Momentum Watch,-5,70.0,785.78,808.31,800.8,763.25,853.37,890.93,37.55,52.58,90.13,1.4,2.4,Momentum Trade,Watch,Positive trend and momentum. Prefer entry near current price or on a controlled pullback.,Below ₹763.25,1.4,Price is in an uptrend | Positive momentum | Volume is more than 2x average | RSI supports positive momentum | Price is above 200 DMA,Poor,104,107
1660.0,1677.5,1563.0999755859375,1572.9000244140625,2916939.0,1626.4000244140625,-3.2894736348318854,1432.2400024414062,1313.7580029296876,1206.489501953125,1062.1260006713867,1506.9788757255792,1441.9673358872085,1339.695476265377,67.71705944538444,64.12144252232143,4.076638154176899,2165394.9,1.3470702272366117,1677.5,716.7999877929688,-6.235467993200447,119.43360089291166,48.089776864497004,True,1309.0999755859375,1663.300048828125,Strong Uptrend,Strong Positive,No Breakout,CHENNPETRO,CHENNPETRO.NS,Chennai Petroleum Corporation Limited,,Unavailable,0,60,,75.0,Momentum Watch,-5,70.0,1540.84,1588.93,1572.9,1492.75,1685.11,1765.26,80.15,112.21,192.36,1.4,2.4,Momentum Trade,Watch,Positive trend and momentum. Prefer entry near current price or on a controlled pullback.,Below ₹1492.75,1.4,Strong price trend | Strong positive momentum | Volume is above average | RSI supports positive momentum | Price is above 200 DMA,Poor,104,107
430.0,461.0,426.6499938964844,445.70001220703125,1336559.0,435.45001220703125,2.3538867178000578,390.5975051879883,405.36000366210936,395.9155017089844,379.86625045776367,420.07644975623725,404.4457821441339,398.6708706094256,81.55258537087386,17.23571559361049,3.8671113128900614,616829.55,2.1668206395105423,486.0,312.70001220703125,-8.292178558224023,42.53277736105231,17.330774100076958,True,360.75,454.0,Uptrend,Strong Positive,Near Breakout,IONEXCHANG,IONEXCHANG.NS,ION Exchange (India) Limited,,Unavailable,0,60,,75.0,Momentum Watch,-5,70.0,437.08,450.01,445.7,424.16,475.86,497.41,21.54,30.16,51.71,1.4,2.4,Momentum Trade,Watch,Positive trend and momentum. Prefer entry near current price or on a controlled pullback.,Below ₹424.16,1.4,Price is in an uptrend | Strong positive momentum | Price is close to resistance | Volume is more than 2x average | RSI indicates overbought conditions | Price is above 200 DMA,Poor,104,107
670.0,693.75,670.0,671.2999877929688,9891.0,677.2999877929688,-0.8858703836023163,656.7999938964844,651.2909948730469,669.6724981689454,626.898998260498,671.1922330948865,661.7161929811587,657.9110188360256,62.20130458744709,24.457157679966517,3.643253109593261,24245.55,0.40795114979862285,1026.449951171875,365.0,-34.5998324588003,83.91780487478596,7.082638456222348,True,620.0999755859375,714.9500122070312,Strong Uptrend,Strong Positive,No Breakout,JINDALPOLY,JINDALPOLY.NS,Jindal Poly Films Limited,,Unavailable,0,60,,75.0,Momentum Watch,-5,70.0,659.07,677.41,671.3,640.73,714.95,744.67,30.57,43.65,73.37,1.43,2.4,Momentum Trade,Watch,Positive trend and momentum. Prefer entry near current price or on a controlled pullback.,Below ₹640.73,1.43,Strong price trend | Strong positive momentum | RSI supports positive momentum | Price is above 200 DMA,Poor,104,107
635.0,635.0,619.0999755859375,623.5,34328.0,634.4000244140625,-1.7181626725392807,619.3674987792969,606.3400012207031,629.0805004882812,583.1492491149902,625.7025846633269,619.164919991114,614.5918263934844,56.1323807479311,15.114292689732142,2.424104681592966,37818.95,0.9076931009454255,770.0,440.0,-19.025974025974026,41.70454545454545,6.919455173139237,True,591.9500122070312,648.4000244140625,Strong Uptrend,Positive,No Breakout,LINCOLN,LINCOLN.NS,Lincoln Pharmaceuticals Limited,,Unavailable,0,60,,75.0,Momentum Watch,-5,70.0,615.94,627.28,623.5,604.61,649.95,668.84,18.89,26.45,45.34,1.4,2.4,Momentum Trade,Watch,Positive trend and momentum. Prefer entry near current price or on a controlled pullback.,Below ₹604.61,1.4,Strong price trend | Positive momentum | RSI supports positive momentum | Price is above 200 DMA,Poor,104,107
83.80000305175781,84.9000015258789,83.05000305175781,84.19999694824219,21676225.0,84.3499984741211,-0.17783228048893207,83.03899917602538,81.50139953613281,82.34029991149902,73.64999988555908,84.25982613721595,83.35176609484846,82.35680170682627,61.36364086741297,2.497858319963728,2.9665776846751712,16537423.0,1.3107377733519907,94.5,53.52000045776367,-10.899474128844245,57.32435767576314,14.324503841243988,True,79.5999984741211,87.5,Strong Uptrend,Positive,No Breakout,MAHABANK,MAHABANK.NS,Bank of Maharashtra,,Unavailable,0,60,,75.0,Momentum Watch,-5,70.0,82.95,84.82,84.2,81.08,88.57,91.69,3.12,4.37,7.49,1.4,2.4,Momentum Trade,Watch,Positive trend and momentum. Prefer entry near current price or on a controlled pullback.,Below ₹81.08,1.4,Strong price trend | Positive momentum | Volume is above average | RSI supports positive momentum | Price is above 200 DMA,Poor,104,107
873.0,904.0,819.0999755859375,866.0999755859375,4525404.0,876.4500122070312,-1.1809043843847733,738.8975006103516,624.5159985351562,586.2009982299804,494.76799911499023,806.8468189527226,746.7059756160776,660.9385372981767,72.44561565291761,51.37500435965402,5.931763746430958,1542131.75,2.9345119183234507,944.0,302.04998779296875,-8.25212123030323,186.74060936548693,75.0517368009173,True,570.7999877929688,944.0,Strong Uptrend,Strong Positive,No Breakout,MANINDS,MANINDS.NS,Man Industries (India) Limited,,Unavailable,0,60,,75.0,Momentum Watch,-5,70.0,840.41,878.94,866.1,801.88,956.01,1020.22,64.22,89.91,154.13,1.4,2.4,Momentum Trade,Watch,Positive trend and momentum. Prefer entry near current price or on a controlled pullback.,Below ₹801.88,1.4,Strong price trend | Strong positive momentum | Volume is more than 2x average | RSI indicates overbought conditions | Price is above 200 DMA,Poor,104,107
1773.5,1854.0999755859375,1725.9000244140625,1845.199951171875,171393.0,1743.5,5.833091549863778,1698.0899841308594,1453.8019946289062,1221.1599963378906,1005.8894989013672,1746.9479725119813,1673.3319576450247,1490.4340845054317,60.86542819160167,105.95000348772321,5.741925335540738,137824.4,1.2435606467359916,1943.699951171875,561.2999877929688,-5.067654600732661,228.73685930890542,83.4396276317829,True,1389.5999755859375,1943.699951171875,Strong Uptrend,Strong Positive,No Breakout,RPEL,RPEL.NS,Raghav Productivity Enhancers Limited,,Unavailable,0,60,,75.0,Momentum Watch,-5,70.0,1792.22,1871.69,1845.2,1712.76,2030.61,2163.05,132.44,185.41,317.85,1.4,2.4,Momentum Trade,Watch,Positive trend and momentum. Prefer entry near current price or on a controlled pullback.,Below ₹1712.76,1.4,Strong price trend | Strong positive momentum | Volume is above average | RSI supports positive momentum | Price is above 200 DMA,Poor,104,107
1590.0,1616.0999755859375,1571.4000244140625,1585.0,1170229.0,1591.0999755859375,-0.38338103698927206,1516.7699951171876,1396.1299975585937,1275.407498779297,1102.0807482910157,1583.8910441726498,1529.5003087658067,1421.398002770271,67.72045990352183,57.207144601004465,3.609283571041291,847907.85,1.380137004274698,1697.0,783.8499755859375,-6.599882144961697,102.20706121923307,43.81886286080597,True,1409.0,1697.0,Strong Uptrend,Strong Positive,No Breakout,SAILIFE,SAILIFE.NS,Sai Life Sciences Limited,,Unavailable,0,60,,75.0,Momentum Watch,-5,70.0,1556.4,1599.3,1585.0,1513.49,1697.0,1756.62,71.51,112.0,171.62,1.57,2.4,Momentum Trade,Watch,Positive trend and momentum. Prefer entry near current price or on a controlled pullback.,Below ₹1513.49,1.57,Strong price trend | Strong positive momentum | Volume is above average | RSI supports positive momentum | Price is above 200 DMA,Acceptable,104,107
197.0,204.8699951171875,192.3000030517578,198.92999267578125,15203480.0,196.32000732421875,1.329454591580248,175.68400115966796,175.12800048828126,157.14700004577637,152.28670001983642,182.82607106594298,177.68147094506162,170.9318720643619,77.15721553708491,7.637857709612165,3.8394701607718082,5373587.2,2.829298089737894,212.3300018310547,115.36000061035156,-6.310935355209701,72.4427805333513,30.62860555115399,True,165.99000549316406,212.3300018310547,Strong Uptrend,Strong Positive,No Breakout,SHAREINDIA,SHAREINDIA.NS,Share India Securities Limited,,Unavailable,0,60,,75.0,Momentum Watch,-5,70.0,195.11,200.84,198.93,189.38,212.33,221.84,9.55,13.4,22.91,1.4,2.4,Momentum Trade,Watch,Positive trend and momentum. Prefer entry near current price or on a controlled pullback.,Below ₹189.38,1.4,Strong price trend | Strong positive momentum | Volume is more than 2x average | RSI indicates overbought conditions | Price is above 200 DMA,Poor,104,107
2197.39990234375,2231.89990234375,2158.0,2192.60009765625,19444.0,2197.39990234375,-0.21843109587746934,2099.2050231933595,2024.5920092773438,1867.6640002441407,1776.507496948242,2139.8469104422284,2107.3519054137055,2023.2001857484765,72.40690118645085,60.914271763392854,2.7781751824469194,9248.0,2.1025086505190314,2286.60009765625,1443.5999755859375,-4.1109068479595265,51.884187776208826,23.421944541342434,True,1995.0,2246.39990234375,Strong Uptrend,Strong Positive,No Breakout,THEJO,THEJO.NS,Thejo Engineering Limited,,Unavailable,0,60,,75.0,Momentum Watch,-5,70.0,2162.14,2207.83,2192.6,2116.46,2299.2,2375.34,76.14,106.6,182.74,1.4,2.4,Momentum Trade,Watch,Positive trend and momentum. Prefer entry near current price or on a controlled pullback.,Below ₹2116.46,1.4,Strong price trend | Strong positive momentum | Volume is more than 2x average | RSI indicates overbought conditions | Price is above 200 DMA,Poor,104,107
133.0,146.0,126.41000366210938,128.89999389648438,5650401.0,133.13999938964844,-3.184621836113455,123.11949882507324,107.96819946289062,99.09169975280761,96.85014995574952,130.9601309462203,124.11037897413453,112.32019662060699,60.51574054840183,8.821428571428571,6.8436221793096355,3337228.1,1.6931419821138387,146.99000549316406,78.66999816894531,-12.306967086630243,63.84898550482892,33.09219857210166,True,108.30000305175781,146.99000549316406,Strong Uptrend,Positive,No Breakout,TNPETRO,TNPETRO.NS,Tamilnadu PetroProducts Limited,,Unavailable,0,60,,75.0,Momentum Watch,-5,70.0,124.49,131.11,128.9,117.87,146.99,155.36,11.03,18.09,26.46,1.64,2.4,Momentum Trade,Watch,Positive trend and momentum. Prefer entry near current price or on a controlled pullback.,Below ₹117.87,1.64,Strong price trend | Positive momentum | Strong volume confirmation | RSI supports positive momentum | Price is above 200 DMA,Acceptable,104,107
95.70999908447266,100.30000305175781,94.91999816894531,98.88999938964844,369808.0,95.70999908447266,3.3225371806441473,88.0400001525879,83.6333999633789,84.46020004272461,77.17160009384155,94.74560625133056,90.27135373959797,85.86508488006056,73.30698796304598,4.388572147914341,4.437832111437677,234225.8,1.578852543144265,101.29000091552734,50.310001373291016,-2.3694357825906542,96.56131323850046,28.14299466305878,True,74.5999984741211,101.29000091552734,Strong Uptrend,Strong Positive,No Breakout,AAREYDRUGS,AAREYDRUGS.NS,Aarey Drugs & Pharmaceuticals Limited,,Unavailable,0,60,,73.0,52W High Watch,-3,70.0,101.95,103.48,101.95,96.9,110.73,117.31,5.05,8.78,15.36,1.74,3.04,52W High Breakout,Watch,Stock is near its rolling 52-week high. Entry requires breakout confirmation.,Below ₹96.90,1.74,Strong price trend | Strong positive momentum | Strong volume confirmation | RSI indicates overbought conditions | Price is above 200 DMA | Price is near 52-week high,Acceptable,131,107
1943.0,1981.800048828125,1918.0999755859375,1969.0,2277375.0,1945.0,1.2339331619537264,1870.445001220703,1751.3620043945311,1544.5055041503906,1291.111001586914,1916.655556912799,1876.9173136859517,1757.4118539342755,70.89589078925341,53.50715855189732,2.7174788497662425,3578275.7,0.6364448105549831,1981.800048828125,823.0999755859375,-0.6458799330282541,139.21759912559034,52.5043158628412,True,1769.4000244140625,1955.0,Strong Uptrend,Strong Positive,Breakout - Volume Confirmation Required,LAURUSLABS,LAURUSLABS.NS,Laurus Labs Limited,,Unavailable,0,60,,73.0,52W High Watch,-3,70.0,1989.83,2008.55,1989.83,1928.29,2096.84,2177.1,61.53,107.01,187.28,1.74,3.04,52W High Breakout,Watch,Stock is near its rolling 52-week high. Entry requires breakout confirmation.,Below ₹1928.29,1.74,Strong price trend | Strong positive momentum | Breakout requires volume confirmation | RSI indicates overbought conditions | Price is above 200 DMA | Price is near 52-week high,Acceptable,131,107
1548.0999755859375,1624.699951171875,1530.0,1592.199951171875,919086.0,1541.9000244140625,3.262204161189186,1538.6299987792968,1592.3039965820312,1664.072999267578,1584.1214971923828,1554.1364110598508,1553.2652455169164,1581.8488560584592,58.44517996161747,56.7357177734375,3.5633538194546137,305350.65,3.00993628145216,1925.0,1057.0,-17.288314224837663,50.63386482231551,0.5099642921209054,True,1478.0,1645.699951171875,Sideways,Positive,No Breakout,ONESOURCE,ONESOURCE.NS,Onesource Specialty Pharma Limited,,Unavailable,0,60,,73.0,200 DMA Recovery Watch,-3,70.0,1584.12,1612.49,1584.12,1463.82,1645.7,1759.17,120.31,61.58,175.05,0.51,1.46,200 DMA Recovery,Confirmation Required,Stock is recovering around the 200 DMA. Confirmation above the recovery level is preferred.,Below ₹1463.82,0.51,Positive momentum | Volume is more than 2x average | RSI supports positive momentum | Price is above 200 DMA | Price is near 200 DMA,Poor,131,107
278.1499938964844,284.8999938964844,274.0,283.04998779296875,90543.0,276.75,2.2764183533762417,281.7200012207031,281.3500006103516,283.7030010986328,282.23900115966796,282.0839487067919,282.6243194823795,282.9721228270247,55.9369152330292,10.196428571428571,3.6023419929933174,29144.35,3.10670850439279,325.0,248.0,-12.907696063701923,14.133059593939013,0.28734038526518,True,272.0,296.8500061035156,Sideways,Positive,No Breakout,PRIMESECU,PRIMESECU.NS,Prime Securities Limited,,Unavailable,0,60,,73.0,200 DMA Recovery Watch,-3,70.0,282.24,287.34,282.24,269.45,296.85,317.24,12.79,14.61,35.0,1.14,2.74,200 DMA Recovery,Confirmation Required,Stock is recovering around the 200 DMA. Confirmation above the recovery level is preferred.,Below ₹269.45,1.14,Positive momentum | Volume is more than 2x average | RSI supports positive momentum | Price is above 200 DMA | Price is near 200 DMA,Poor,131,107
22.979999542236328,25.149999618530273,22.309999465942383,24.899999618530273,17663.0,22.8700008392334,8.876251442083106,23.179000091552734,23.271600074768067,25.940000076293945,26.165200033187865,23.363468579982523,23.217866815517606,23.725770934933678,64.62765478504912,1.5314284733363561,6.150315248184525,4935.8,3.5785485635560597,42.75,19.299999237060547,-41.754386857239126,29.015547164978152,-4.835431844789321,False,22.0,24.799999237060547,Downtrend,Strong Positive,Confirmed Breakout,NAGREEKCAP,NAGREEKCAP.NS,Nagreeka Capital & Infrastructure Limited,,Unavailable,0,60,,77.0,Strong Breakout Watch,-8,69.0,26.39,26.93,26.39,24.63,29.46,31.75,1.76,3.06,5.36,1.74,3.04,Breakout Trade,Strong Setup,Confirmed breakout above resistance. Entry requires breakout confirmation.,Below ₹24.63,1.74,Price trend is weak | Strong positive momentum | Confirmed price breakout | Volume is more than 2x average | RSI supports positive momentum | Price is below 200 DMA,Acceptable,82,129
289.6000061035156,298.3999938964844,281.29998779296875,295.1000061035156,1776446.0,291.8500061035156,1.1135857228138146,277.49999847412107,282.38919860839843,246.64409927368163,232.54409980773926,287.8395446396908,282.44834748828714,272.7519407253964,71.75441367402391,11.307146344866071,3.8316320267712,938501.85,1.892852954951554,311.489990234375,158.0,-5.26180122787478,86.77215576171875,26.900663722492112,True,258.29998779296875,300.70001220703125,Uptrend,Strong Positive,Near Breakout,AEGISVOPAK,AEGISVOPAK.NS,Aegis Vopak Terminals Limited,,Unavailable,0,60,,74.0,Momentum Watch,-5,69.0,289.45,297.93,295.1,280.97,314.89,329.02,14.13,19.79,33.92,1.4,2.4,Momentum Trade,Watch,Positive trend and momentum. Prefer entry near current price or on a controlled pullback.,Below ₹280.97,1.4,Price is in an uptrend | Strong positive momentum | Price is close to resistance | Strong volume confirmation | RSI indicates overbought conditions | Price is above 200 DMA,Poor,125,129
1432.0,1442.0,1401.0999755859375,1435.699951171875,107494.0,1432.0,0.25837647848288015,1399.4149963378907,1352.27599609375,1326.0739965820312,1236.42,1413.6383949649,1395.6170738189705,1362.6615250900502,62.8078822671039,33.82856968470982,2.356242309341698,172230.6,0.6241283488532235,1479.5999755859375,1007.0999755859375,-2.9670198120054456,42.55783794817145,16.117496576557716,True,1342.800048828125,1452.699951171875,Strong Uptrend,Strong Positive,No Breakout,KPIL,KPIL.NS,Kalpataru Projects International Limited,,Unavailable,0,60,,72.0,52W High Watch,-3,69.0,1484.67,1496.51,1484.67,1445.77,1552.33,1603.07,38.9,67.66,118.4,1.74,3.04,52W High Breakout,Watch,Stock is near its rolling 52-week high. Entry requires breakout confirmation.,Below ₹1445.77,1.74,Strong price trend | Strong positive momentum | RSI supports positive momentum | Price is above 200 DMA | Price is near 52-week high,Acceptable,143,129
22385.0,24050.0,22055.0,23630.0,65881.0,22385.0,5.561760107214653,21667.5,19458.84,18330.27,17928.25,22841.4052959534,21831.402022401282,20148.836131385222,68.59125263288317,1041.0714285714287,4.405719122181247,58518.3,1.1258187609687909,24125.0,13498.0,-2.051813471502591,75.06297229219143,31.803159817606293,True,18871.0,24125.0,Strong Uptrend,Strong Positive,No Breakout,PTCIL,PTCIL.NS,PTC Industries Limited,,Unavailable,0,60,,72.0,52W High Watch,-3,69.0,24281.16,24645.54,24281.16,23083.93,26363.3,27924.91,1197.23,2082.14,3643.75,1.74,3.04,52W High Breakout,Watch,Stock is near its rolling 52-week high. Entry requires breakout confirmation.,Below ₹23083.93,1.74,Strong price trend | Strong positive momentum | RSI supports positive momentum | Price is above 200 DMA | Price is near 52-week high,Acceptable,143,129
408.0,416.5,406.0,412.54998779296875,3209425.0,410.79998779296875,0.425998065238975,393.4124984741211,381.5749987792969,364.72749969482425,336.37274993896483,405.83238997464895,396.9724348712864,383.5323839307324,65.29366249181774,8.960715157645089,2.1720313714181643,3376517.2,0.950513446222042,420.3999938964844,261.6000061035156,-1.8672707463094165,57.70259104264773,22.646673331245278,True,375.0,420.3999938964844,Strong Uptrend,Strong Positive,No Breakout,RBLBANK,RBLBANK.NS,RBL Bank Limited,,Unavailable,0,60,,72.0,52W High Watch,-3,69.0,421.74,424.88,421.74,411.44,439.67,453.11,10.3,17.92,31.36,1.74,3.04,52W High Breakout,Watch,Stock is near its rolling 52-week high. Entry requires breakout confirmation.,Below ₹411.44,1.74,Strong price trend | Strong positive momentum | RSI supports positive momentum | Price is above 200 DMA | Price is near 52-week high,Acceptable,143,129
395.8500061035156,396.8500061035156,384.20001220703125,393.70001220703125,7473984.0,392.0,0.43367658342634563,360.94749908447267,325.4839990234375,282.14289947509764,267.92909912109377,377.4684592602789,363.4923475351618,332.4752372202093,64.60672738795091,13.939285278320312,3.5405854320853294,6749220.9,1.1073847056924748,403.25,191.30999755859375,-2.3682548773636083,105.79165607194689,46.94186391045708,True,322.70001220703125,403.25,Strong Uptrend,Strong Positive,No Breakout,REDINGTON,REDINGTON.NS,Redington Limited,,Unavailable,0,60,,72.0,52W High Watch,-3,69.0,405.34,410.22,405.34,389.31,433.22,454.13,16.03,27.88,48.79,1.74,3.04,52W High Breakout,Watch,Stock is near its rolling 52-week high. Entry requires breakout confirmation.,Below ₹389.31,1.74,Strong price trend | Strong positive momentum | RSI supports positive momentum | Price is above 200 DMA | Price is near 52-week high,Acceptable,143,129
935.0,975.0,910.0,961.1500244140625,1471659.0,939.9000244140625,2.260878758168694,894.7700012207031,755.5639990234375,630.4514990234375,481.6102493286133,940.2757292035946,894.136226087591,783.9646046089808,66.624596028447,43.80000523158482,4.557041473133836,1276542.5,1.1528476333533744,980.0999755859375,259.5,-1.933471242109364,270.3853658628372,99.57009340103322,True,802.3499755859375,980.0999755859375,Strong Uptrend,Strong Positive,No Breakout,SHILPAMED,SHILPAMED.NS,Shilpa Medicare Limited,,Unavailable,0,60,,72.0,52W High Watch,-3,69.0,986.67,1002.0,986.67,936.3,1074.27,1139.97,50.37,87.6,153.3,1.74,3.04,52W High Breakout,Watch,Stock is near its rolling 52-week high. Entry requires breakout confirmation.,Below ₹936.30,1.74,Strong price trend | Strong positive momentum | RSI supports positive momentum | Price is above 200 DMA | Price is near 52-week high,Acceptable,143,129
888.0,905.0,859.9500122070312,897.4500122070312,168282.0,893.8499755859375,0.402756247628,852.4075012207031,772.2799987792969,685.4000009155274,579.626251525879,884.1960185966466,855.3830089081853,787.1814356845746,68.27585757403105,36.078578404017854,4.020121222717745,187045.45,0.899685076541557,915.9500122070312,399.79998779296875,-2.0197608770617563,124.47474727582136,54.83253386893264,True,794.0499877929688,915.9500122070312,Strong Uptrend,Strong Positive,No Breakout,UNIPARTS,UNIPARTS.NS,Uniparts India Limited,,Unavailable,0,60,,72.0,52W High Watch,-3,69.0,921.36,933.99,921.36,879.87,993.52,1047.64,41.49,72.16,126.28,1.74,3.04,52W High Breakout,Watch,Stock is near its rolling 52-week high. Entry requires breakout confirmation.,Below ₹879.87,1.74,Strong price trend | Strong positive momentum | RSI supports positive momentum | Price is above 200 DMA | Price is near 52-week high,Acceptable,143,129
5.179999828338623,5.179999828338623,5.179999828338623,5.179999828338623,85364.0,5.079999923706055,1.9685020892601601,4.302999973297119,3.2636000061035157,2.6566000068187714,2.188500003218651,4.787722044403476,4.340786985476073,3.5685186530550213,,0.09642853055681501,1.8615547056445068,32985.95,2.587889692429656,5.179999828338623,1.2999999523162842,0.0,298.46153987229934,136.6917898432872,True,3.5,5.079999923706055,Strong Uptrend,Insufficient Data,Confirmed Breakout,IMPEXFERRO,IMPEXFERRO.NS,Impex Ferro Tech Limited,,Unavailable,0,60,,76.0,Strong Breakout Watch,-8,68.0,5.29,5.32,5.29,5.18,5.48,5.63,0.11,0.19,0.34,1.74,3.04,Breakout Trade,Strong Setup,Confirmed breakout above resistance. Entry requires breakout confirmation.,Below ₹5.18,1.74,Strong price trend | Confirmed price breakout | Volume is more than 2x average | Price is above 200 DMA | Price is near 52-week high,Acceptable,86,137
3.3299999237060547,3.3299999237060547,3.319999933242798,3.3299999237060547,2178546.0,3.2699999809265137,1.8348606461624728,2.7795000076293945,2.266599998474121,1.686199998855591,1.422499998807907,3.0852680056881874,2.832618148765642,2.36228866312997,,0.060714278902326314,1.8232516604611695,475284.4,4.583668220543321,3.3299999237060547,0.6800000071525574,0.0,389.70586598228846,134.09489817199884,True,2.319999933242798,3.2699999809265137,Strong Uptrend,Insufficient Data,Confirmed Breakout,SUPREMEENG,SUPREMEENG.NS,Supreme Engineering Limited,,Unavailable,0,60,,76.0,Strong Breakout Watch,-8,68.0,3.4,3.42,3.4,3.33,3.52,3.61,0.07,0.12,0.21,1.74,3.04,Breakout Trade,Strong Setup,Confirmed breakout above resistance. Entry requires breakout confirmation.,Below ₹3.33,1.74,Strong price trend | Confirmed price breakout | Volume is more than 2x average | Price is above 200 DMA | Price is near 52-week high,Acceptable,86,137
9.149999618530273,9.399999618530273,9.039999961853027,9.100000381469727,134797.0,9.140000343322754,-0.4376363276862416,8.745000076293945,8.886199951171875,8.915799951553344,8.745949976444244,8.813599196908362,8.794479570632525,8.859432023206985,63.82977284333056,0.4249998501368931,4.670327827703366,162129.15,0.8314174224684457,13.399999618530273,7.210000038146973,-32.08954745874967,26.213596856075732,4.0481640757042765,True,8.0600004196167,9.979999542236328,Uptrend,Strong Positive,No Breakout,AAKASH,AAKASH.NS,Aakash Exploration Services Limited,,Unavailable,0,60,,73.0,Momentum Watch,-5,68.0,8.89,9.21,9.1,8.57,9.98,10.37,0.53,0.88,1.27,1.66,2.4,Momentum Trade,Watch,Positive trend and momentum. Prefer entry near current price or on a controlled pullback.,Below ₹8.57,1.66,Price is in an uptrend | Strong positive momentum | RSI supports positive momentum | Price is above 200 DMA,Acceptable,131,137
1400.0,1416.199951171875,1389.4000244140625,1412.199951171875,902109.0,1400.199951171875,0.8570204555397032,1339.539990234375,1362.6459985351562,1435.5740002441407,1344.3875006103515,1376.4969655161112,1358.0336121126766,1369.716256485315,66.1237781778311,35.078578404017854,2.483966833089667,967003.5,0.9328911425863505,1798.0,971.0999755859375,-21.457177354178253,45.42271513494672,5.044114924509242,True,1261.0,1426.9000244140625,Uptrend,Strong Positive,No Breakout,GESHIP,GESHIP.NS,The Great Eastern Shipping Company Limited,,Unavailable,0,60,,73.0,Momentum Watch,-5,68.0,1394.66,1420.97,1412.2,1368.35,1473.59,1517.44,43.85,61.39,105.24,1.4,2.4,Momentum Trade,Watch,Positive trend and momentum. Prefer entry near current price or on a controlled pullback.,Below ₹1368.35,1.4,Price is in an uptrend | Strong positive momentum | RSI supports positive momentum | Price is above 200 DMA,Poor,131,137
234.0,238.8000030517578,221.4199981689453,223.8699951171875,1450380.0,231.72999572753906,-3.39187880519064,205.44599990844728,205.61799957275392,181.83979934692383,167.80274971008302,216.83845245072993,210.08576767826858,199.9978678305402,69.32677105806617,12.446427481515068,5.559667553930053,861090.35,1.6843528672688064,248.8800048828125,103.52999877929688,-10.049023334518656,116.23683739669404,33.41259038005828,True,185.0,235.0,Uptrend,Strong Positive,No Breakout,IKIO,IKIO.NS,IKIO Technologies Limited,,Unavailable,0,60,,73.0,Momentum Watch,-5,68.0,217.65,226.98,223.87,208.31,245.65,261.21,15.56,21.78,37.34,1.4,2.4,Momentum Trade,Watch,Positive trend and momentum. Prefer entry near current price or on a controlled pullback.,Below ₹208.31,1.4,Price is in an uptrend | Strong positive momentum | Strong volume confirmation | RSI supports positive momentum | Price is above 200 DMA,Poor,131,137
595.2999877929688,634.0,561.6500244140625,627.9000244140625,40702.0,595.2999877929688,5.476236736028839,532.7074981689453,491.8089990234375,478.02099975585935,463.85624984741213,577.5019163867763,545.2775776248419,509.01116818513526,70.54828818986432,34.82143293108259,5.5456970181800695,26752.5,1.5214279039342118,650.0,357.29998779296875,-3.3999962439903846,75.73468957907947,35.36521812967129,True,487.0,650.0,Strong Uptrend,Strong Positive,No Breakout,NRAIL,NRAIL.NS,N R Agarwal Industries Limited,,Unavailable,0,60,,73.0,Momentum Watch,-5,68.0,610.49,636.61,627.9,584.37,688.84,732.36,43.53,60.94,104.46,1.4,2.4,Momentum Trade,Watch,Positive trend and momentum. Prefer entry near current price or on a controlled pullback.,Below ₹584.37,1.4,Strong price trend | Strong positive momentum | Strong volume confirmation | RSI indicates overbought conditions | Price is above 200 DMA,Poor,131,137
21.43000030517578,24.670000076293945,21.43000030517578,23.709999084472656,1605579.0,21.700000762939453,9.262664750528483,21.48400001525879,22.8553999710083,23.367299995422364,22.44955002784729,21.69875722670382,21.829991689106766,22.506764476944287,70.9774373550666,1.1157142094203405,4.705669559266267,233689.5,6.870565429768988,26.899999618530273,16.100000381469727,-11.858738212992986,47.267071569523985,5.614584947412555,True,19.260000228881836,26.600000381469727,Uptrend,Positive,No Breakout,PRIMO,PRIMO.NS,Primo Chemicals Limited,,Unavailable,0,60,,73.0,Momentum Watch,-5,68.0,23.15,23.99,23.71,22.32,26.6,27.06,1.39,2.89,3.35,2.07,2.4,Momentum Trade,Watch,Positive trend and momentum. Prefer entry near current price or on a controlled pullback.,Below ₹22.32,2.07,Price is in an uptrend | Positive momentum | Volume is more than 2x average | RSI indicates overbought conditions | Price is above 200 DMA,Strong,131,137
365.0,365.79998779296875,333.2699890136719,333.2699890136719,129115.0,370.29998779296875,-9.999999999999998,269.0599983215332,238.30279907226563,216.7695997619629,211.55229988098145,304.05042432998926,276.8116912365487,247.59683255273896,73.41541502104627,21.912858145577566,6.57510693069895,84677.65,1.524782513449535,400.0,165.25,-16.68250274658203,101.67624146061837,57.53550739045066,True,236.5,400.0,Strong Uptrend,Strong Positive,No Breakout,SREEL,SREEL.NS,Sreeleathers Limited,,Unavailable,0,60,,73.0,Momentum Watch,-5,68.0,322.31,338.75,333.27,305.88,400.0,432.87,27.39,66.73,99.6,2.44,3.64,Momentum Trade,Watch,Positive trend and momentum. Prefer entry near current price or on a controlled pullback.,Below ₹305.88,2.44,Strong price trend | Strong positive momentum | Strong volume confirmation | RSI indicates overbought conditions | Price is above 200 DMA,Strong,131,137
37.5,39.81999969482422,37.0,37.90999984741211,620683.0,36.61000061035156,3.550940222309018,35.24149990081787,34.78519996643067,35.86910007476806,37.13745004653931,36.028390522604845,35.52854868001531,35.273816056426,76.86565942610204,1.7692857469831194,4.667068726205489,85157.15,7.288677462784981,53.0,26.520000457763672,-28.47169840110923,42.948714905900545,2.0802446045828966,True,33.599998474121094,39.939998626708984,Sideways,Strong Positive,No Breakout,HPAL,HPAL.NS,HP Adhesives Limited,,Unavailable,0,60,,71.0,200 DMA Recovery Watch,-3,68.0,37.14,38.02,37.14,33.16,39.94,43.48,3.98,2.8,6.34,0.7,1.59,200 DMA Recovery,Confirmation Required,Stock is recovering around the 200 DMA. Confirmation above the recovery level is preferred.,Below ₹33.16,0.7,Strong positive momentum | Volume is more than 2x average | RSI indicates overbought conditions | Price is above 200 DMA | Price is near 200 DMA,Poor,188,137
412.6000061035156,420.0,409.25,419.0,15197483.0,416.54998779296875,0.5881676338564512,412.1425018310547,396.7459997558594,392.6270001220703,400.5447001647949,418.0699956865499,413.00153991127195,403.114517743576,65.71170661179153,7.264288766043527,1.7337204692227988,12249727.2,1.2406384854023524,453.20001220703125,345.5,-7.546339648245192,21.273516642547033,4.6075506248396465,True,386.75,429.1000061035156,Sideways,Strong Positive,No Breakout,KOTAKBANK,KOTAKBANK.NS,Kotak Mahindra Bank Limited,,Unavailable,0,60,,71.0,200 DMA Recovery Watch,-3,68.0,400.54,404.18,400.54,384.93,429.1,443.63,15.61,28.56,43.08,1.83,2.76,200 DMA Recovery,Confirmation Required,Stock is recovering around the 200 DMA. Confirmation above the recovery level is preferred.,Below ₹384.93,1.83,Strong positive momentum | Volume is above average | RSI supports positive momentum | Price is above 200 DMA,Acceptable,188,137
15.0,16.8700008392334,15.0,16.8700008392334,1521669.0,15.34000015258789,9.973928757669492,10.898500108718872,10.64080005645752,11.106700019836426,11.768250007629394,12.852701947454614,11.559838991741318,10.981309913116391,95.8500619952038,0.8907142366681781,5.279870731225486,310728.55,4.897100700917248,17.739999771118164,8.399999618530273,-4.90416540647976,100.83335244466475,43.35182230405135,True,9.670000076293945,15.550000190734863,Sideways,Strong Positive,Confirmed Breakout,ANMOL,ANMOL.NS,Anmol India Limited,,Unavailable,0,60,,75.0,Strong Breakout Watch,-8,67.0,17.87,18.19,17.87,16.85,19.66,20.99,1.02,1.78,3.12,1.74,3.04,Breakout Trade,Strong Setup,Confirmed breakout above resistance. Entry requires breakout confirmation.,Below ₹16.85,1.74,Strong positive momentum | Confirmed price breakout | Volume is more than 2x average | RSI indicates overbought conditions | Price is above 200 DMA,Acceptable,104,150
52.0,52.5,50.54999923706055,51.9900016784668,23362.0,52.06999969482422,-0.15363552300035055,49.70550003051758,48.82739997863769,47.11010002136231,46.99065004348755,50.740330331256224,49.82873292639961,48.751181968643735,64.3633558078613,2.090000425066267,4.020004534702492,102883.0,0.22707347180778165,64.75,33.5099983215332,-19.706561114336992,55.14772987934924,10.639034851300403,True,46.5,53.47999954223633,Strong Uptrend,Strong Positive,No Breakout,AARTECH,AARTECH.NS,Aartech Solonics Limited,,Unavailable,0,60,,72.0,Momentum Watch,-5,67.0,50.95,52.51,51.99,49.38,55.65,58.26,2.61,3.66,6.27,1.4,2.4,Momentum Trade,Watch,Positive trend and momentum. Prefer entry near current price or on a controlled pullback.,Below ₹49.38,1.4,Strong price trend | Strong positive momentum | RSI supports positive momentum | Price is above 200 DMA,Poor,143,150
437.0,444.0,426.1499938964844,428.5,173089.0,437.0,-1.94508009153318,420.1375,414.43500061035155,396.33050048828125,386.7092501831055,426.0162768521149,422.2377240625339,412.78100672045963,56.21500774216787,13.746429443359375,3.2080348759298425,155397.2,1.1138488981783454,534.5499877929688,318.95001220703125,-19.83911518375002,34.34707120244899,10.806762392445158,True,404.5,443.75,Strong Uptrend,Positive,No Breakout,AARTIDRUGS,AARTIDRUGS.NS,Aarti Drugs Limited,,Unavailable,0,60,,72.0,Momentum Watch,-5,67.0,421.63,431.94,428.5,411.32,452.56,469.74,17.18,24.06,41.24,1.4,2.4,Momentum Trade,Watch,Positive trend and momentum. Prefer entry near current price or on a controlled pullback.,Below ₹411.32,1.4,Strong price trend | Positive momentum | RSI supports positive momentum | Price is above 200 DMA,Poor,143,150
938.0999755859375,952.0,932.7000122070312,940.9000244140625,844305.0,942.2999877929688,-0.1485687569820704,913.8474975585938,845.0880029296875,809.0349987792969,735.6505020141601,935.4600662885298,913.4983282711727,864.4799228739048,63.95830125889696,32.67856706891741,3.473117889359999,839032.05,1.0062845632654913,977.5499877929688,579.1500244140625,-3.7491651410739104,62.462226495801254,27.900412198176095,True,865.6500244140625,977.5499877929688,Strong Uptrend,Strong Positive,No Breakout,ANTHEM,ANTHEM.NS,Anthem Biosciences Limited,,Unavailable,0,60,,72.0,Momentum Watch,-5,67.0,924.56,949.07,940.9,900.05,998.09,1038.94,40.85,57.19,98.04,1.4,2.4,Momentum Trade,Watch,Positive trend and momentum. Prefer entry near current price or on a controlled pullback.,Below ₹900.05,1.4,Strong price trend | Strong positive momentum | RSI supports positive momentum | Price is above 200 DMA,Poor,143,150
17200.0,17558.0,16686.0,17500.0,169196.0,17342.0,0.911082920078421,17206.05,15662.2,14710.125,12012.6225,17413.491060721135,17098.784430489828,16101.469957374857,57.5374531835206,642.2142857142857,3.6697959183673468,138164.8,1.2245955554526191,18465.0,6801.0,-5.226103438938532,157.3151007204823,45.68009608226681,True,16199.0,18395.0,Strong Uptrend,Positive,No Breakout,APARINDS,APARINDS.NS,Apar Industries Limited,,Unavailable,0,60,,72.0,Momentum Watch,-5,67.0,17178.89,17660.55,17500.0,16697.23,18623.88,19426.64,802.77,1123.88,1926.64,1.4,2.4,Momentum Trade,Watch,Positive trend and momentum. Prefer entry near current price or on a controlled pullback.,Below ₹16697.23,1.4,Strong price trend | Positive momentum | Volume is above average | RSI supports positive momentum | Price is above 200 DMA,Poor,143,150
1657.0,1673.5,1615.5,1656.0,4881695.0,1658.300048828125,-0.1386991955858896,1561.1700012207032,1411.0539990234374,1194.1199993896485,955.1129989624023,1616.8722162515392,1567.7472292761381,1424.2147098468365,68.09345442393249,67.63568987165179,4.084280789350954,5059419.65,0.9648725224838781,1744.0,529.2000122070312,-5.045871559633028,212.92516284979737,73.3826261184817,True,1421.699951171875,1744.0,Strong Uptrend,Strong Positive,No Breakout,ATHERENERG,ATHERENERG.NS,Ather Energy Limited,,Unavailable,0,60,,72.0,Momentum Watch,-5,67.0,1622.18,1672.91,1656.0,1571.46,1774.36,1858.91,84.54,118.36,202.91,1.4,2.4,Momentum Trade,Watch,Positive trend and momentum. Prefer entry near current price or on a controlled pullback.,Below ₹1571.46,1.4,Strong price trend | Strong positive momentum | RSI supports positive momentum | Price is above 200 DMA,Poor,143,150
427.0,433.0,418.20001220703125,431.0,6548117.0,429.5,0.34924330616996624,425.6675003051758,415.0770007324219,405.1801007080078,338.84145072937014,428.5121427567398,425.198678435719,415.2899437265766,60.876806201875965,12.453576224190849,2.889460840879547,6820293.0,0.9600932100717667,446.5,219.4199981689453,-3.4714445688689812,96.42694540000218,27.198133248531075,True,408.1499938964844,442.6499938964844,Strong Uptrend,Strong Positive,No Breakout,BHEL,BHEL.NS,Bharat Heavy Electricals Limited,,Unavailable,0,60,,72.0,Momentum Watch,-5,67.0,424.77,434.11,431.0,415.43,452.79,468.36,15.57,21.79,37.36,1.4,2.4,Momentum Trade,Watch,Positive trend and momentum. Prefer entry near current price or on a controlled pullback.,Below ₹415.43,1.4,Strong price trend | Strong positive momentum | RSI supports positive momentum | Price is above 200 DMA,Poor,143,150
187.8000030517578,189.0,187.0500030517578,188.02999877929688,1118348.0,188.05999755859375,-0.015951706735251037,187.37500228881837,186.57140106201172,185.2993005371094,185.3836003112793,188.07898268664385,187.65376031967273,186.79538135263172,55.123673959049434,2.4149976457868303,1.2843682717997946,1840214.4,0.6077270126785227,210.75,170.10000610351562,-10.780546249443951,10.540853634578836,1.4275256622344012,True,184.10000610351562,191.8000030517578,Strong Uptrend,Positive,No Breakout,CASTROLIND,CASTROLIND.NS,Castrol India Limited,,Unavailable,0,60,,72.0,Momentum Watch,-5,67.0,186.82,188.63,188.03,185.01,192.26,195.27,3.02,4.23,7.24,1.4,2.4,Momentum Trade,Watch,Positive trend and momentum. Prefer entry near current price or on a controlled pullback.,Below ₹185.01,1.4,Strong price trend | Positive momentum | RSI supports positive momentum | Price is above 200 DMA | Price is near 200 DMA,Poor,143,150
906.8499755859375,912.5,889.0,909.0,2163164.0,914.5499877929688,-0.606854504078258,891.4375,889.7849975585938,890.8979992675781,782.5704989624023,904.4619318803841,896.0429139378783,890.2042148294668,58.01118625461645,23.600001743861608,2.5962598178065575,2487467.65,0.8696249778363953,980.9000244140625,525.5,-7.330005364921033,72.97811607992388,16.15566919596746,True,860.2000122070312,931.0,Strong Uptrend,Positive,No Breakout,CGPOWER,CGPOWER.NS,CG Power and Industrial Solutions Limited,,Unavailable,0,60,,72.0,Momentum Watch,-5,67.0,897.2,914.9,909.0,879.5,950.3,979.8,29.5,41.3,70.8,1.4,2.4,Momentum Trade,Watch,Positive trend and momentum. Prefer entry near current price or on a controlled pullback.,Below ₹879.50,1.4,Strong price trend | Positive momentum | RSI supports positive momentum | Price is above 200 DMA,Poor,143,150
1190.0,1225.0,1180.0999755859375,1207.800048828125,1164.0,1195.9000244140625,0.9950684982963365,1161.9000061035156,1149.97,1147.1479919433593,1092.896496887207,1179.0546275165873,1166.4600044597892,1152.0673151607464,59.85784304650474,30.664306640625,2.5388562179954555,1183.5,0.9835234474017744,1370.5,898.0,-11.8715761526359,34.4988918516843,10.513671904721713,True,1101.0,1234.9000244140625,Strong Uptrend,Positive,No Breakout,CHEVIOT,CHEVIOT.NS,Cheviot Company Limited,,Unavailable,0,60,,72.0,Momentum Watch,-5,67.0,1192.47,1215.47,1207.8,1169.47,1261.46,1299.79,38.33,53.66,91.99,1.4,2.4,Momentum Trade,Watch,Positive trend and momentum. Prefer entry near current price or on a controlled pullback.,Below ₹1169.47,1.4,Strong price trend | Positive momentum | RSI supports positive momentum | Price is above 200 DMA,Poor,143,150
94.0,97.18000030517578,91.1500015258789,96.30999755859375,19934.0,93.58000183105469,2.9172853965825807,90.63550033569337,86.16300003051758,83.76580001831054,84.77225025177002,93.64474082188686,91.42078824610084,87.816074864419,64.71843464426277,3.9978561401367188,4.151029219686643,51919.55,0.38394015356450506,104.4000015258789,73.3499984741211,-7.749045832417721,31.3019762264525,13.610287886138575,True,85.01000213623047,104.4000015258789,Strong Uptrend,Strong Positive,No Breakout,CINELINE,CINELINE.NS,Cineline India Limited,,Unavailable,0,60,,72.0,Momentum Watch,-5,67.0,94.31,97.31,96.31,91.31,104.4,108.3,5.0,8.09,11.99,1.62,2.4,Momentum Trade,Watch,Positive trend and momentum. Prefer entry near current price or on a controlled pullback.,Below ₹91.31,1.62,Strong price trend | Strong positive momentum | RSI supports positive momentum | Price is above 200 DMA,Acceptable,143,150
136.5,138.3699951171875,130.32000732421875,135.0800018310547,31656.0,134.49000549316406,0.43869158583729195,123.61100158691406,117.35640029907226,107.66380027770997,103.99805015563965,128.77107242851113,124.41786970198415,117.86900515591391,64.85320246084294,7.832142421177456,5.798150958698653,28646.85,1.1050429628388463,156.7899932861328,73.51000213623047,-13.846541478867614,83.75730908117951,29.88705233309561,True,111.0,142.0,Strong Uptrend,Strong Positive,No Breakout,CPCAP,CPCAP.NS,CP Capital Limited,,Unavailable,0,60,,72.0,Momentum Watch,-5,67.0,131.16,137.04,135.08,125.29,148.79,158.58,9.79,13.71,23.5,1.4,2.4,Momentum Trade,Watch,Positive trend and momentum. Prefer entry near current price or on a controlled pullback.,Below ₹125.29,1.4,Strong price trend | Strong positive momentum | RSI supports positive momentum | Price is above 200 DMA,Poor,143,150
4711.0,4721.7001953125,4656.2998046875,4697.89990234375,24019.0,4721.7001953125,-0.5040619265148982,4644.8400390625,4451.65201171875,4262.371008300781,4320.419008789063,4718.418807438958,4658.562371229739,4497.8225595410395,64.73111126098667,119.39285714285714,2.541409132265523,52808.9,0.4548286368396236,5115.0,3686.0,-8.154449612047898,27.45252041084509,8.737136208010721,True,4401.2001953125,4872.0,Strong Uptrend,Positive,No Breakout,CRISIL,CRISIL.NS,Crisil Limited,,Unavailable,0,60,,72.0,Momentum Watch,-5,67.0,4638.2,4727.75,4697.9,4548.66,4906.84,5056.08,149.24,208.94,358.18,1.4,2.4,Momentum Trade,Watch,Positive trend and momentum. Prefer entry near current price or on a controlled pullback.,Below ₹4548.66,1.4,Strong price trend | Positive momentum | RSI supports positive momentum | Price is above 200 DMA,Poor,143,150
784.9000244140625,795.5,760.0,774.4000244140625,513815.0,782.7999877929688,-1.0730663655973194,708.1875030517579,603.906001586914,542.8594989013671,476.2494998168945,755.7888534477748,713.6460593761813,635.8838210175243,64.32245282655947,37.721426827566965,4.871051864455748,516881.4,0.9940674978824929,825.0,330.0,-6.13333037405303,134.66667406486744,62.60385044221549,True,626.0499877929688,825.0,Strong Uptrend,Strong Positive,No Breakout,DEEPINDS,DEEPINDS.NS,Deep Industries Limited,,Unavailable,0,60,,72.0,Momentum Watch,-5,67.0,755.54,783.83,774.4,727.25,840.41,887.56,47.15,66.01,113.16,1.4,2.4,Momentum Trade,Watch,Positive trend and momentum. Prefer entry near current price or on a controlled pullback.,Below ₹727.25,1.4,Strong price trend | Strong positive momentum | RSI supports positive momentum | Price is above 200 DMA,Poor,143,150
9370.0,9415.0,9310.5,9322.0,516756.0,9438.5,-1.2343062986703401,9035.075,8204.62,7443.36,6848.94,9310.498200580563,9046.271868568594,8377.99676400742,68.47048300536673,228.17857142857142,2.447742667116192,446820.9,1.15651707429084,9615.0,5636.5,-3.047321892875715,65.38632129867827,36.10865330985526,True,8457.5,9615.0,Strong Uptrend,Strong Positive,No Breakout,DIVISLAB,DIVISLAB.NS,Divi's Laboratories Limited,,Unavailable,0,60,,72.0,Momentum Watch,-5,67.0,9207.91,9379.04,9322.0,9036.78,9721.31,10006.54,285.22,399.31,684.54,1.4,2.4,Momentum Trade,Watch,Positive trend and momentum. Prefer entry near current price or on a controlled pullback.,Below ₹9036.78,1.4,Strong price trend | Strong positive momentum | RSI supports positive momentum | Price is above 200 DMA,Poor,143,150
286.70001220703125,290.0,282.45001220703125,286.20001220703125,8642.0,285.1000061035156,0.38583166607026875,279.85949859619143,261.11480041503904,251.89710052490236,253.52335014343262,285.8332477405545,280.2285531652676,266.921115260681,60.57999309035177,12.72285897391183,4.44544319750356,23761.8,0.3636929862215825,380.6000061035156,186.99000549316406,-24.802940720607726,53.056315203698986,12.889014777183865,True,261.3699951171875,304.0,Strong Uptrend,Strong Positive,No Breakout,DVL,DVL.NS,Dhunseri Ventures Limited,,Unavailable,0,60,,72.0,Momentum Watch,-5,67.0,279.84,289.38,286.2,270.3,308.47,324.37,15.9,22.27,38.17,1.4,2.4,Momentum Trade,Watch,Positive trend and momentum. Prefer entry near current price or on a controlled pullback.,Below ₹270.30,1.4,Strong price trend | Strong positive momentum | RSI supports positive momentum | Price is above 200 DMA,Poor,143,150
134.0,134.97999572753906,130.3000030517578,132.42999267578125,9724312.0,136.74000549316406,-3.1519764840131415,129.01449966430664,122.98559997558594,119.91449996948242,115.18219989776611,133.0175512462694,129.67726683857043,124.79904696460756,57.74833172268349,6.559286390032087,4.953021787210026,9003038.55,1.0801144464720747,140.89999389648438,98.0,-6.011356698088872,35.13264558753188,14.974356101310798,True,120.05000305175781,140.89999389648438,Strong Uptrend,Positive,No Breakout,EDELWEISS,EDELWEISS.NS,Edelweiss Financial Services Limited,,Unavailable,0,60,,72.0,Momentum Watch,-5,67.0,129.15,134.07,132.43,124.23,143.91,152.11,8.2,11.48,19.68,1.4,2.4,Momentum Trade,Watch,Positive trend and momentum. Prefer entry near current price or on a controlled pullback.,Below ₹124.23,1.4,Strong price trend | Positive momentum | RSI supports positive momentum | Price is above 200 DMA,Poor,143,150
175.64999389648438,183.5,172.1699981689453,182.27999877929688,1693706.0,176.72999572753906,3.140385438765092,165.8590003967285,163.25979858398438,152.80109924316406,127.62089946746826,175.7044705916599,169.39144943469336,162.466408186461,69.71670680725269,8.939285278320312,4.904150394001223,1862339.6,0.9094506716175718,189.1699981689453,75.5999984741211,-3.6422262813023165,141.11111436291074,42.829269766870524,True,146.0,189.1699981689453,Strong Uptrend,Strong Positive,No Breakout,EXICOM,EXICOM.NS,Exicom Tele-Systems Limited,,Unavailable,0,60,,72.0,Momentum Watch,-5,67.0,177.81,184.51,182.28,171.11,197.92,209.1,11.17,15.64,26.82,1.4,2.4,Momentum Trade,Watch,Positive trend and momentum. Prefer entry near current price or on a controlled pullback.,Below ₹171.11,1.4,Strong price trend | Strong positive momentum | RSI supports positive momentum | Price is above 200 DMA,Poor,143,150
58.36000061035156,59.13999938964844,56.529998779296875,57.720001220703125,23377217.0,58.709999084472656,-1.6862508588104563,50.468499946594235,43.87699996948242,39.5360000038147,31.404949979782103,55.14300539227289,51.33667582308519,45.83230172376677,68.88993864277498,3.0950001307896207,5.362092975284796,22851536.15,1.0230041799618799,62.400001525878906,19.100000381469727,-7.500000305664837,202.1989532351079,83.79268636906647,True,41.65999984741211,62.400001525878906,Strong Uptrend,Strong Positive,No Breakout,FCL,FCL.NS,Fineotex Chemical Limited,,Unavailable,0,60,,72.0,Momentum Watch,-5,67.0,56.17,58.49,57.72,53.85,63.14,67.01,3.87,5.42,9.29,1.4,2.4,Momentum Trade,Watch,Positive trend and momentum. Prefer entry near current price or on a controlled pullback.,Below ₹53.85,1.4,Strong price trend | Strong positive momentum | RSI supports positive momentum | Price is above 200 DMA,Poor,143,150
15.079999923706055,15.199999809265137,14.84000015258789,14.970000267028809,547907103.0,14.899999618530273,0.469803022085169,14.633500003814698,13.890400009155274,13.633500022888184,12.044850044250488,14.985441261211687,14.63529155392626,14.10185573978041,59.259262166358816,0.5878572463989258,3.926902043506787,446336858.9,1.2275640966563248,15.789999961853027,7.300000190734863,-5.193158307822998,105.06849145057127,24.285484767613337,True,13.489999771118164,15.789999961853027,Strong Uptrend,Positive,No Breakout,IDEA,IDEA.NS,Vodafone Idea Limited,,Unavailable,0,60,,72.0,Momentum Watch,-5,67.0,14.68,15.12,14.97,14.24,16.0,16.73,0.73,1.03,1.76,1.4,2.4,Momentum Trade,Watch,Positive trend and momentum. Prefer entry near current price or on a controlled pullback.,Below ₹14.24,1.4,Strong price trend | Positive momentum | Volume is above average | RSI supports positive momentum | Price is above 200 DMA,Poor,143,150
37.650001525878906,39.900001525878906,37.5,38.540000915527344,62188.0,39.09000015258789,-1.4070075080931832,36.31599998474121,33.49159984588623,30.987899951934814,28.282850036621095,37.04036142220403,36.15896369759462,34.14600513379071,60.131957597539035,1.5000010899135046,3.8920629327467675,62633.9,0.9928808520625412,39.900001525878906,21.0,-3.4085227026106106,83.52381388346353,36.266326998959165,True,33.25,39.4900016784668,Strong Uptrend,Strong Positive,No Breakout,IL&FSENGG,IL&FSENGG.NS,IL&FS Engineering and Construction Company Limited,,Unavailable,0,60,,72.0,Momentum Watch,-5,67.0,37.79,38.92,38.54,36.66,41.17,43.04,1.88,2.63,4.5,1.4,2.4,Momentum Trade,Watch,Positive trend and momentum. Prefer entry near current price or on a controlled pullback.,Below ₹36.66,1.4,Strong price trend | Strong positive momentum | RSI supports positive momentum | Price is above 200 DMA,Poor,143,150
204.0,205.10000610351562,199.35000610351562,202.8699951171875,14391.0,205.55999755859375,-1.3086215573822835,194.020499420166,182.9329992675781,174.49530014038086,177.3045004272461,200.08662238827534,194.67213632168412,185.44268335768433,67.5085958412946,7.408570425851004,3.6518808124244573,80534.55,0.1786934924203339,243.8000030517578,131.14999389648438,-16.788354151858247,54.68547812309556,14.418976748101084,True,177.8699951171875,209.89999389648438,Strong Uptrend,Strong Positive,No Breakout,INDIQUBE,INDIQUBE.NS,Indiqube Spaces Limited,,Unavailable,0,60,,72.0,Momentum Watch,-5,67.0,199.17,204.72,202.87,193.61,215.83,225.1,9.26,12.96,22.23,1.4,2.4,Momentum Trade,Watch,Positive trend and momentum. Prefer entry near current price or on a controlled pullback.,Below ₹193.61,1.4,Strong price trend | Strong positive momentum | RSI supports positive momentum | Price is above 200 DMA,Poor,143,150
411.8500061035156,418.8500061035156,406.79998779296875,414.25,395550.0,415.1499938964844,-0.21678764536096073,398.4674957275391,387.61499755859376,376.14449981689455,361.4315000915527,409.22573899858565,401.78775568056267,389.47216404881505,62.088883911213294,14.121427263532366,3.408914245873836,572328.05,0.6911246093914145,444.79998779296875,304.8500061035156,-6.868252839788336,35.88649883750904,14.613695788847414,True,375.0,429.70001220703125,Strong Uptrend,Strong Positive,No Breakout,JKPAPER,JKPAPER.NS,JK Paper Limited,,Unavailable,0,60,,72.0,Momentum Watch,-5,67.0,407.19,417.78,414.25,396.6,438.96,456.61,17.65,24.71,42.36,1.4,2.4,Momentum Trade,Watch,Positive trend and momentum. Prefer entry near current price or on a controlled pullback.,Below ₹396.60,1.4,Strong price trend | Strong positive momentum | RSI supports positive momentum | Price is above 200 DMA,Poor,143,150
1050.0,1058.0,1026.550048828125,1045.8499755859375,91972.0,1055.5999755859375,-0.9236453415592427,1015.9024963378906,998.8049963378907,1004.6469976806641,993.928249206543,1048.6525620721245,1027.0972925089254,1009.5455099202827,59.4397866945177,43.92500523158482,4.19993366706117,144272.6,0.6374876449166369,1210.0999755859375,831.2000122070312,-13.573258682239803,25.82410493582167,5.223890801055693,True,960.0,1195.0,Strong Uptrend,Positive,No Breakout,MAITHANALL,MAITHANALL.NS,Maithan Alloys Limited,,Unavailable,0,60,,72.0,Momentum Watch,-5,67.0,1023.89,1056.83,1045.85,990.94,1195.0,1260.89,54.91,149.15,215.04,2.72,3.92,Momentum Trade,Watch,Positive trend and momentum. Prefer entry near current price or on a controlled pullback.,Below ₹990.94,2.72,Strong price trend | Positive momentum | RSI supports positive momentum | Price is above 200 DMA,Strong,143,150
82.0,82.0,79.0999984741211,80.1500015258789,9000.0,81.6500015258789,-1.837109579874996,78.916499710083,76.88859954833984,79.2891999053955,71.08179996490479,79.84881263147345,78.93270595458334,78.04774190667155,51.99517696159651,4.1435699462890625,5.1697690173482815,6540.9,1.3759574370499474,91.69999694824219,49.560001373291016,-12.595415274530916,61.72316243936491,12.75741689919411,True,73.69999694824219,88.8499984741211,Strong Uptrend,Positive,No Breakout,MITCON,MITCON.NS,MITCON Consultancy & Engineering Services Limited,,Unavailable,0,60,,72.0,Momentum Watch,-5,67.0,78.08,81.19,80.15,74.97,88.85,92.58,5.18,8.7,12.43,1.68,2.4,Momentum Trade,Watch,Positive trend and momentum. Prefer entry near current price or on a controlled pullback.,Below ₹74.97,1.68,Strong price trend | Positive momentum | Volume is above average | RSI supports positive momentum | Price is above 200 DMA,Acceptable,143,150
183.99000549316406,186.8300018310547,173.50999450683594,175.86000061035156,15708657.0,181.32000732421875,-3.011254408403008,174.80650024414064,169.68640045166015,162.7681007385254,166.99525047302245,176.55637677813013,174.62746417780096,170.55262137670346,52.560856194102236,7.15142822265625,4.066546228725135,13444354.25,1.1684203426877122,212.30999755859375,126.01000213623047,-17.168290409019786,39.56035047140769,5.308384587118053,True,167.11000061035156,191.89999389648438,Strong Uptrend,Positive,No Breakout,MRPL,MRPL.NS,Mangalore Refinery and Petrochemicals Limited,,Unavailable,0,60,,72.0,Momentum Watch,-5,67.0,172.28,177.65,175.86,167.11,191.9,197.31,8.75,16.04,21.45,1.83,2.45,Momentum Trade,Watch,Positive trend and momentum. Prefer entry near current price or on a controlled pullback.,Below ₹167.11,1.83,Strong price trend | Positive momentum | RSI supports positive momentum | Price is above 200 DMA,Acceptable,143,150
258.6000061035156,259.0,252.0,258.8999938964844,1192.0,256.8999938964844,0.7785130585896027,257.5319969177246,254.77219848632814,254.61469940185546,248.04044944763183,258.3104603485323,257.8832714234509,255.88315471822165,56.13921641713981,7.125001089913504,2.7520282958223183,2389.25,0.49890132886889194,307.0,191.0,-15.667754431112582,35.54973502433737,4.378134482918398,True,251.6999969482422,265.0,Strong Uptrend,Positive,No Breakout,NAHARCAP,NAHARCAP.NS,Nahar Capital and Financial Services Limited,,Unavailable,0,60,,72.0,Momentum Watch,-5,67.0,255.34,260.68,258.9,251.7,271.37,280.27,7.2,12.47,21.38,1.73,2.97,Momentum Trade,Watch,Positive trend and momentum. Prefer entry near current price or on a controlled pullback.,Below ₹251.70,1.73,Strong price trend | Positive momentum | RSI supports positive momentum | Price is above 200 DMA,Acceptable,143,150
343.54998779296875,346.95001220703125,330.0,332.75,5811.0,343.54998779296875,-3.143643771420268,325.1824981689453,307.08399993896484,281.39830017089844,279.42415000915526,330.7495849836712,326.3695385069554,309.89727474865026,61.88954390492443,16.885718209402903,5.074596005831075,8606.05,0.6752226631265215,358.0,204.0,-7.0530726256983245,63.11274509803921,19.084195116670315,True,290.20001220703125,358.0,Strong Uptrend,Strong Positive,No Breakout,NURECA,NURECA.NS,Nureca Limited,,Unavailable,0,60,,72.0,Momentum Watch,-5,67.0,324.31,336.97,332.75,311.64,362.3,383.41,21.11,29.55,50.66,1.4,2.4,Momentum Trade,Watch,Positive trend and momentum. Prefer entry near current price or on a controlled pullback.,Below ₹311.64,1.4,Strong price trend | Strong positive momentum | RSI supports positive momentum | Price is above 200 DMA,Poor,143,150
331.29998779296875,332.0,324.45001220703125,331.04998779296875,1147765.0,334.79998779296875,-1.1200717254263748,321.9824981689453,321.8019970703125,309.0232977294922,298.2226496124268,326.5795889505292,323.7687397198127,319.3184419697991,64.93360412013644,9.614286150251116,2.9041795815632763,1701232.1,0.6746669075900931,425.95001220703125,226.5,-22.279615376072986,46.15893500793322,11.007660961769576,True,308.1499938964844,346.0,Strong Uptrend,Strong Positive,No Breakout,PCBL,PCBL.NS,PCBL Chemical Limited,,Unavailable,0,60,,72.0,Momentum Watch,-5,67.0,326.24,333.45,331.05,319.03,347.87,359.89,12.02,16.83,28.84,1.4,2.4,Momentum Trade,Watch,Positive trend and momentum. Prefer entry near current price or on a controlled pullback.,Below ₹319.03,1.4,Strong price trend | Strong positive momentum | RSI supports positive momentum | Price is above 200 DMA,Poor,143,150
97.73999786376953,99.79000091552734,96.1500015258789,97.69999694824219,231141.0,98.7699966430664,-1.0833246240667282,92.00649948120117,90.92879959106445,87.12139991760255,86.61814998626708,95.72764743508937,93.77089123574729,91.09420136688743,59.798700977381,5.136429922921317,5.2573491129609815,246577.9,0.9373954437928136,132.9600067138672,65.0,-26.519259916634407,50.30768761268028,12.793908625076938,True,86.0,104.72000122070312,Strong Uptrend,Positive,No Breakout,PDMJEPAPER,PDMJEPAPER.NS,Pudumjee Paper Products Limited,,Unavailable,0,60,,72.0,Momentum Watch,-5,67.0,95.13,98.98,97.7,91.28,106.69,113.11,6.42,8.99,15.41,1.4,2.4,Momentum Trade,Watch,Positive trend and momentum. Prefer entry near current price or on a controlled pullback.,Below ₹91.28,1.4,Strong price trend | Positive momentum | RSI supports positive momentum | Price is above 200 DMA,Poor,143,150
295.1000061035156,298.95001220703125,275.04998779296875,279.8500061035156,12804.0,299.3999938964844,-6.529722174853491,261.56250228881834,255.29960052490233,254.5229998779297,249.84135025024415,277.7434241806587,267.70027287896505,259.34623954420744,62.698413608950084,16.81428418840681,6.008320107803486,23767.75,0.5387131722607315,333.3999938964844,201.10000610351562,-16.06178427513565,39.15962089004795,12.011084563549804,True,242.35000610351562,333.3999938964844,Strong Uptrend,Strong Positive,No Breakout,PODDARMENT,PODDARMENT.NS,Poddar Pigments Limited,,Unavailable,0,60,,72.0,Momentum Watch,-5,67.0,271.44,284.05,279.85,258.83,333.4,358.62,21.02,53.55,78.77,2.55,3.75,Momentum Trade,Watch,Positive trend and momentum. Prefer entry near current price or on a controlled pullback.,Below ₹258.83,2.55,Strong price trend | Strong positive momentum | RSI supports positive momentum | Price is above 200 DMA,Strong,143,150
285.20001220703125,287.20001220703125,279.1000061035156,285.54998779296875,32412.0,290.8999938964844,-1.8391221092357246,269.5349975585938,267.8840002441406,247.3217007446289,231.70979995727538,275.7267830832981,270.7643044643813,264.52720661657094,61.168934678617,9.507138933454241,3.3294131815362458,29800.7,1.087625458462385,334.3999938964844,163.2100067138672,-14.608255680362678,74.95862756355545,23.236042603990374,True,254.0,295.79998779296875,Strong Uptrend,Strong Positive,No Breakout,PPL,PPL.NS,Prakash Pipes Limited,,Unavailable,0,60,,72.0,Momentum Watch,-5,67.0,280.8,287.93,285.55,273.67,302.19,314.07,11.88,16.64,28.52,1.4,2.4,Momentum Trade,Watch,Positive trend and momentum. Prefer entry near current price or on a controlled pullback.,Below ₹273.67,1.4,Strong price trend | Strong positive momentum | RSI supports positive momentum | Price is above 200 DMA,Poor,143,150
150.39999389648438,157.97999572753906,150.39999389648438,157.97999572753906,30304.0,150.4600067138672,4.997998589733399,149.57600173950195,126.68760086059571,109.22360054016113,97.89505020141601,154.3077045046114,147.75500592233522,131.34490665546974,62.342345385362236,7.344285147530692,4.648870329251715,36149.05,0.8383069541246588,164.6999969482422,68.94999694824219,-4.080146536259451,129.1225565189334,61.37689842591648,True,126.0,164.6999969482422,Strong Uptrend,Strong Positive,No Breakout,QMSMEDI,QMSMEDI.NS,QMS Medical Allied Services Limited,,Unavailable,0,60,,72.0,Momentum Watch,-5,67.0,154.31,159.82,157.98,148.8,170.83,180.01,9.18,12.85,22.03,1.4,2.4,Momentum Trade,Watch,Positive trend and momentum. Prefer entry near current price or on a controlled pullback.,Below ₹148.80,1.4,Strong price trend | Strong positive momentum | RSI supports positive momentum | Price is above 200 DMA,Poor,143,150
1096.0,1096.0,1065.300048828125,1074.800048828125,224493.0,1086.0999755859375,-1.0404131306343434,1046.1800109863282,1025.4319995117187,981.2664978027344,902.4342498779297,1073.0247753395984,1055.6575421233192,1024.5484085004928,69.40062382871665,33.157156808035715,3.084960485830606,473204.7,0.47440991182040243,1111.0,746.0,-3.258321437612511,44.07507356945376,19.100094990134835,True,970.0,1111.0,Strong Uptrend,Strong Positive,No Breakout,SHYAMMETL,SHYAMMETL.NS,Shyam Metalics and Energy Limited,,Unavailable,0,60,,72.0,Momentum Watch,-5,67.0,1058.22,1083.09,1074.8,1033.35,1132.83,1174.27,41.45,58.03,99.47,1.4,2.4,Momentum Trade,Watch,Positive trend and momentum. Prefer entry near current price or on a controlled pullback.,Below ₹1033.35,1.4,Strong price trend | Strong positive momentum | RSI supports positive momentum | Price is above 200 DMA,Poor,143,150
4929.0,4988.0,4894.0,4965.5,263114.0,4930.0,0.7200811359026282,4952.425,4947.8980078125,4692.148002929687,4372.554501953125,4944.3538897525905,4944.702585540989,4880.881836825162,55.38147138964578,101.35714285714286,2.041227325690119,282880.05,0.9301256840134184,5250.0,3480.60009765625,-5.419047619047619,42.66218067808608,13.560619948408181,True,4814.0,5066.0,Strong Uptrend,Positive,No Breakout,TORNTPHARM,TORNTPHARM.NS,Torrent Pharmaceuticals Limited,,Unavailable,0,60,,72.0,Momentum Watch,-5,67.0,4914.82,4990.84,4965.5,4838.8,5142.88,5269.57,126.7,177.38,304.07,1.4,2.4,Momentum Trade,Watch,Positive trend and momentum. Prefer entry near current price or on a controlled pullback.,Below ₹4838.80,1.4,Strong price trend | Positive momentum | RSI supports positive momentum | Price is above 200 DMA,Poor,143,150
15.619999885559082,15.619999885559082,15.619999885559082,15.619999885559082,428405.0,15.930000305175781,-1.946016407268858,14.72950005531311,11.479200010299683,7.876800019741058,5.268250007629394,15.756094027015893,14.685689962683176,11.947520224656651,75.32133795836734,0.3250000136239188,2.0806659155253007,143020.05,2.99541917374522,17.239999771118164,2.009999990463257,-9.396751201082012,677.1144258542532,196.49314028260716,True,12.149999618530273,17.239999771118164,Strong Uptrend,Positive,No Breakout,VIJIFIN,VIJIFIN.NS,Viji Finance Limited,,Unavailable,0,60,,72.0,Momentum Watch,-5,67.0,15.46,15.7,15.62,15.21,17.24,17.73,0.41,1.62,2.11,3.99,5.19,Momentum Trade,Watch,Positive trend and momentum. Prefer entry near current price or on a controlled pullback.,Below ₹15.21,3.99,Strong price trend | Positive momentum | Volume is more than 2x average | RSI indicates overbought conditions | Price is above 200 DMA,Strong,143,150
2200.0,2237.0,2167.300048828125,2179.39990234375,1109909.0,2220.60009765625,-1.8553631226074896,1984.104998779297,1935.9259936523438,1856.7839916992189,1605.2674926757813,2125.186243973836,2039.1593062594497,1953.2976143040885,69.66100327279361,87.91428048270089,4.033875581445926,1065531.45,1.0416482779555687,2422.300048828125,1086.699951171875,-10.027665507495106,100.55213032756004,35.76552894066031,True,1814.4000244140625,2272.89990234375,Strong Uptrend,Strong Positive,No Breakout,WOCKPHARMA,WOCKPHARMA.NS,Wockhardt Limited,,Unavailable,0,60,,72.0,Momentum Watch,-5,67.0,2135.44,2201.38,2179.4,2069.51,2333.25,2443.14,109.89,153.85,263.74,1.4,2.4,Momentum Trade,Watch,Positive trend and momentum. Prefer entry near current price or on a controlled pullback.,Below ₹2069.51,1.4,Strong price trend | Strong positive momentum | RSI supports positive momentum | Price is above 200 DMA,Poor,143,150
137.17999267578125,141.5,132.0,139.22000122070312,119406.0,136.42999267578125,2.045011137361996,124.66750068664551,119.40220016479492,112.5713005065918,91.85340030670166,131.16447615280728,126.18870264798765,119.89611636692453,64.00237118037143,7.89642824445452,5.6719064611531245,130098.55,0.9178119202712097,144.49000549316406,59.310001373291016,-3.6473140508741038,134.7327566972505,51.56760746563847,True,106.0,144.49000549316406,Strong Uptrend,Strong Positive,No Breakout,ZIMLAB,ZIMLAB.NS,Zim Laboratories Limited,,Unavailable,0,60,,72.0,Momentum Watch,-5,67.0,135.27,141.19,139.22,129.35,153.04,162.91,9.87,13.82,23.69,1.4,2.4,Momentum Trade,Watch,Positive trend and momentum. Prefer entry near current price or on a controlled pullback.,Below ₹129.35,1.4,Strong price trend | Strong positive momentum | RSI supports positive momentum | Price is above 200 DMA,Poor,143,150
171.75,178.5399932861328,170.85000610351562,176.52000427246094,25334991.0,174.0,1.4482783175062908,169.832999420166,180.11719940185546,191.14579956054686,174.3953998565674,170.68975922439697,171.0134348194771,177.64581177349478,54.69872910877802,4.865711757114956,2.7564647854895052,7956326.5,3.184257332828159,220.75999450683594,134.25,-20.039858368906188,31.48603670201932,1.2182686112368433,True,159.24000549316406,180.74000549316406,Sideways,Positive,No Breakout,BANDHANBNK,BANDHANBNK.NS,Bandhan Bank Limited,,Unavailable,0,60,,70.0,200 DMA Recovery Watch,-3,67.0,174.4,176.83,174.4,158.02,180.74,190.47,16.37,6.34,16.08,0.39,0.98,200 DMA Recovery,Confirmation Required,Stock is recovering around the 200 DMA. Confirmation above the recovery level is preferred.,Below ₹158.02,0.39,Positive momentum | Volume is more than 2x average | RSI supports positive momentum | Price is above 200 DMA | Price is near 200 DMA,Poor,196,150
411.0,423.5,409.54998779296875,422.25,7751875.0,413.20001220703125,2.190219633496593,393.4825012207031,394.96800048828123,384.9586996459961,311.6111999511719,406.8619066485016,398.9172082929368,392.6286273240543,73.75160256347637,11.525002615792411,2.7294263151669416,5853739.3,1.3242603749025859,466.5,179.5,-9.485530546623794,135.23676880222843,35.50539905695453,True,374.3500061035156,427.95001220703125,Uptrend,Strong Positive,Near Breakout,APOLLO,APOLLO.NS,Apollo Micro Systems Limited,,Unavailable,0,60,,71.0,Momentum Watch,-5,66.0,416.49,425.13,422.25,407.84,442.42,456.83,14.41,20.17,34.58,1.4,2.4,Momentum Trade,Watch,Positive trend and momentum. Prefer entry near current price or on a controlled pullback.,Below ₹407.84,1.4,Price is in an uptrend | Strong positive momentum | Price is close to resistance | Volume is above average | RSI indicates overbought conditions | Price is above 200 DMA,Poor,188,189
287.95001220703125,318.25,287.95001220703125,317.04998779296875,395692.0,303.1000061035156,4.602435304699037,251.06949844360352,226.87220001220703,205.6804000854492,185.0292504119873,294.723596676264,266.1339202484001,235.71704699822655,80.01841660236775,17.49356951032366,5.517606113817871,153598.65,2.576142433543524,342.0,127.51000213623047,-7.295325206734284,148.64715118915578,71.35127937178756,True,194.0,342.0,Strong Uptrend,Strong Positive,No Breakout,BHAGERIA,BHAGERIA.NS,Bhageria Industries Limited,,Unavailable,0,60,,71.0,Momentum Watch,-5,66.0,308.3,321.42,317.05,295.18,347.66,369.53,21.87,30.61,52.48,1.4,2.4,Momentum Trade,Watch,Positive trend and momentum. Prefer entry near current price or on a controlled pullback.,Below ₹295.18,1.4,Strong price trend | Strong positive momentum | Volume is more than 2x average | RSI indicates overbought conditions | Price is above 200 DMA,Poor,188,189
2180.10009765625,2219.0,2180.10009765625,2211.0,175283.0,2202.5,0.38592508513053403,2192.30498046875,2127.069997558594,1969.4324987792968,1757.6512445068358,2202.1444893592475,2183.7974342745815,2109.6531823282576,55.72709720405216,39.507132393973215,1.7868445225677618,194610.2,0.9006876309669277,2242.0,1353.8499755859375,-1.3826940231935771,63.31203899036845,25.792873125997495,True,2145.10009765625,2242.0,Strong Uptrend,Positive,No Breakout,ANANDRATHI,ANANDRATHI.NS,Anand Rathi Wealth Limited,,Unavailable,0,60,,69.0,52W High Watch,-3,66.0,2247.93,2261.75,2247.93,2202.49,2326.94,2386.2,45.43,79.01,138.27,1.74,3.04,52W High Breakout,Watch,Stock is near its rolling 52-week high. Entry requires breakout confirmation.,Below ₹2202.49,1.74,Strong price trend | Positive momentum | RSI supports positive momentum | Price is above 200 DMA | Price is near 52-week high,Acceptable,207,189
15.979999542236328,17.299999237060547,15.600000381469727,16.1299991607666,420547.0,15.979999542236328,0.9386709813965499,16.238500022888182,16.046800079345704,16.20920000076294,15.83925003528595,16.363599029624908,16.27156977850234,16.14717708920056,51.96373273158718,0.9028568267822266,5.597376774688667,220225.45,1.9096203458773724,22.469999313354492,12.0,-28.215399850145378,34.41665967305501,1.8356243182785428,True,14.600000381469727,17.5,Uptrend,Neutral,No Breakout,BLBLIMITED,BLBLIMITED.NS,BLB Limited,,Unavailable,0,60,,69.0,200 DMA Recovery Watch,-3,66.0,15.84,16.29,15.84,14.37,17.5,19.31,1.46,1.66,3.47,1.13,2.37,200 DMA Recovery,Confirmation Required,Stock is recovering around the 200 DMA. Confirmation above the recovery level is preferred.,Below ₹14.37,1.13,Price is in an uptrend | Strong volume confirmation | RSI supports positive momentum | Price is above 200 DMA | Price is near 200 DMA,Poor,207,189
2279.0,2335.0,2255.39990234375,2325.5,27993.0,2291.39990234375,1.4881774945251003,2209.6599975585937,1977.6100048828125,1796.3430029296876,1698.9985046386719,2253.1561024121597,2178.5060462387924,2016.6489617789875,68.57740623035997,80.37144252232143,3.4560929917145313,56191.3,0.4981732047487778,2380.0,1405.5,-2.2899159663865545,65.45713269299182,36.87475260577507,True,1818.0,2344.5,Strong Uptrend,Strong Positive,No Breakout,EIMCOELECO,EIMCOELECO.NS,Eimco Elecon (India) Limited,,Unavailable,0,60,,69.0,52W High Watch,-3,66.0,2392.06,2420.19,2392.06,2299.63,2552.8,2673.36,92.43,160.74,281.3,1.74,3.04,52W High Breakout,Watch,Stock is near its rolling 52-week high. Entry requires breakout confirmation.,Below ₹2299.63,1.74,Strong price trend | Strong positive momentum | RSI supports positive momentum | Price is above 200 DMA | Price is near 52-week high,Acceptable,207,189
86.19999694824219,86.7300033569336,85.41000366210938,86.20999908447266,13937814.0,86.83999633789062,-0.7254690004438458,85.61300010681153,83.9102001953125,78.3999998474121,77.38435012817382,86.16643358375839,85.65758726751285,83.49935007652597,51.29240775537093,1.6614281790597099,1.9271873294323592,14634731.8,0.952379188800713,88.76000213623047,58.08000183105469,-2.872919096874312,48.4331893363977,11.404953251763013,True,82.5,88.0999984741211,Strong Uptrend,Positive,No Breakout,IDFCFIRSTB,IDFCFIRSTB.NS,IDFC First Bank Limited,,Unavailable,0,60,,69.0,52W High Watch,-3,66.0,89.01,89.59,89.01,87.1,92.33,94.82,1.91,3.32,5.81,1.74,3.04,52W High Breakout,Watch,Stock is near its rolling 52-week high. Entry requires breakout confirmation.,Below ₹87.10,1.74,Strong price trend | Positive momentum | RSI supports positive momentum | Price is above 200 DMA | Price is near 52-week high,Acceptable,207,189
1975.800048828125,1995.0,1958.4000244140625,1968.5,176417.0,1970.9000244140625,-0.12177301660828421,1943.1399963378906,1845.7159985351564,1717.985,1597.2080004882812,1961.028600910279,1928.4600880175183,1845.2743475371979,65.56632284214227,42.06428745814732,2.136870076614037,619625.75,0.2847154108750322,2001.5,1251.5999755859375,-1.6487634274294278,57.2786863533171,23.24631478168225,True,1720.0,2001.5,Strong Uptrend,Strong Positive,No Breakout,IPCALAB,IPCALAB.NS,IPCA Laboratories Limited,,Unavailable,0,60,,69.0,52W High Watch,-3,66.0,2007.81,2022.53,2007.81,1959.44,2091.94,2155.03,48.37,84.13,147.23,1.74,3.04,52W High Breakout,Watch,Stock is near its rolling 52-week high. Entry requires breakout confirmation.,Below ₹1959.44,1.74,Strong price trend | Strong positive momentum | RSI supports positive momentum | Price is above 200 DMA | Price is near 52-week high,Acceptable,207,189
316.0,316.0,305.04998779296875,311.95001220703125,1875374.0,317.5,-1.748027651328743,298.12250061035155,277.56199951171874,259.7563000488281,220.99155014038087,309.27242537682383,299.7761931627278,281.6153025033535,68.62746361595163,11.792857578822545,3.780367724748157,3369076.85,0.5566432834561195,320.0,153.0,-2.5156211853027344,103.88889686734069,41.15924885312161,True,263.1499938964844,320.0,Strong Uptrend,Strong Positive,No Breakout,JINDALSAW,JINDALSAW.NS,Jindal Saw Limited,,Unavailable,0,60,,69.0,52W High Watch,-3,66.0,321.77,325.9,321.77,308.21,345.35,363.04,13.56,23.59,41.28,1.74,3.04,52W High Breakout,Watch,Stock is near its rolling 52-week high. Entry requires breakout confirmation.,Below ₹308.21,1.74,Strong price trend | Strong positive momentum | RSI supports positive momentum | Price is above 200 DMA | Price is near 52-week high,Acceptable,207,189
754.5499877929688,766.5,741.0,756.0999755859375,1619515.0,762.1500244140625,-0.7938133745749365,728.6250061035156,726.6460034179687,723.8510046386718,748.9362521362305,746.3303543482309,735.6683722028531,728.1269547543066,70.40623936492568,21.442853655133927,2.8359812653765597,862033.75,1.8787141454728427,884.0,652.25,-14.46832855362698,15.921805379216176,0.9565197878021771,True,696.0499877929688,794.0,Sideways,Strong Positive,No Breakout,JSL,JSL.NS,Jindal Stainless Limited,,Unavailable,0,60,,69.0,200 DMA Recovery Watch,-3,66.0,748.94,759.66,748.94,690.69,794.0,836.89,58.25,45.06,87.95,0.77,1.51,200 DMA Recovery,Confirmation Required,Stock is recovering around the 200 DMA. Confirmation above the recovery level is preferred.,Below ₹690.69,0.77,Strong positive momentum | Strong volume confirmation | RSI indicates overbought conditions | Price is above 200 DMA | Price is near 200 DMA,Poor,207,189
584.9500122070312,597.8499755859375,578.5499877929688,588.2000122070312,63762.0,584.9500122070312,0.55560303140052,550.720004272461,497.5030041503906,420.57850189208983,372.45366683959963,572.570748231619,554.4239504608257,504.1749238247204,66.40240349672332,24.039291381835938,4.086924665580375,82541.05,0.7724883557938746,600.0,238.00999450683594,-1.9666646321614583,147.13248425798247,57.925687025211815,True,495.75,593.9000244140625,Strong Uptrend,Strong Positive,No Breakout,KAPSTON,KAPSTON.NS,Kapston Services Limited,,Unavailable,0,60,,69.0,52W High Watch,-3,66.0,603.61,612.02,603.61,575.96,651.68,687.74,27.65,48.08,84.14,1.74,3.04,52W High Breakout,Watch,Stock is near its rolling 52-week high. Entry requires breakout confirmation.,Below ₹575.96,1.74,Strong price trend | Strong positive momentum | RSI supports positive momentum | Price is above 200 DMA | Price is near 52-week high,Acceptable,207,189
6215.0,6240.0,6087.0,6197.0,15424.0,6227.5,-0.48976314733039095,5972.825,5519.1,5328.4530029296875,4775.736507568359,6072.504065380805,5938.014715267447,5642.775806910105,66.88683399383532,174.85714285714286,2.821641808248231,22151.15,0.6963069637468031,6347.0,3649.89990234375,-2.3633212541358124,69.78547811737667,29.760090201360363,True,5670.0,6347.0,Strong Uptrend,Strong Positive,No Breakout,KINGFA,KINGFA.NS,Kingfa Science & Technology (India) Limited,,Unavailable,0,60,,69.0,52W High Watch,-3,66.0,6373.23,6434.43,6373.23,6172.14,6722.94,6985.23,201.09,349.71,612.0,1.74,3.04,52W High Breakout,Watch,Stock is near its rolling 52-week high. Entry requires breakout confirmation.,Below ₹6172.14,1.74,Strong price trend | Strong positive momentum | RSI supports positive momentum | Price is above 200 DMA | Price is near 52-week high,Acceptable,207,189
116.5,120.76000213623047,112.0999984741211,117.91000366210938,149999.0,115.01000213623047,2.5215211477379373,96.93500061035157,84.90380020141602,76.75970027923584,68.72465007781983,108.0962339910228,99.69069897568475,88.31588855019906,83.18674567278875,5.394999912806919,4.575523488462594,189290.4,0.7924279308406554,120.76000213623047,45.11000061035156,-2.360051692369121,161.3832898841773,71.56872174481047,True,83.75,115.01000213623047,Strong Uptrend,Strong Positive,Breakout - Volume Confirmation Required,MANAKSTEEL,MANAKSTEEL.NS,Manaksia Steels Limited,,Unavailable,0,60,,69.0,52W High Watch,-3,66.0,121.57,123.46,121.57,115.37,132.36,140.45,6.2,10.79,18.88,1.74,3.04,52W High Breakout,Watch,Stock is near its rolling 52-week high. Entry requires breakout confirmation.,Below ₹115.37,1.74,Strong price trend | Strong positive momentum | Breakout requires volume confirmation | RSI indicates overbought conditions | Price is above 200 DMA | Price is near 52-week high,Acceptable,207,189
372.3999938964844,374.6000061035156,362.0,370.29998779296875,1148490.0,374.6499938964844,-1.1610853261397658,362.53499908447264,336.84199768066406,309.95889862060545,283.33329917907713,369.01348561544404,361.8765675717682,341.45851732941867,62.74978179084219,11.489283970424108,3.102696286570676,1816004.45,0.6324268643724965,380.0,215.6999969482422,-2.5526347913240133,71.67361753918952,30.69412909314463,True,343.1000061035156,380.0,Strong Uptrend,Strong Positive,No Breakout,NAZARA,NAZARA.NS,Nazara Technologies Limited,,Unavailable,0,60,,69.0,52W High Watch,-3,66.0,381.72,385.74,381.72,368.51,404.7,421.94,13.21,22.98,40.21,1.74,3.04,52W High Breakout,Watch,Stock is near its rolling 52-week high. Entry requires breakout confirmation.,Below ₹368.51,1.74,Strong price trend | Strong positive momentum | RSI supports positive momentum | Price is above 200 DMA | Price is near 52-week high,Acceptable,207,189
341.1499938964844,344.5,339.04998779296875,344.5,3977712.0,341.95001220703125,0.7457194624765462,335.54499969482424,330.4620001220703,303.4620993041992,279.3871496582031,340.00978805080615,336.7459536133277,326.39196277129605,58.35987423645296,7.396427699497768,2.147003686356391,4167855.05,0.9543786797479917,349.54998779296875,227.89999389648438,-1.444711191338892,51.16279474604861,23.305599567286723,True,320.29998779296875,349.54998779296875,Strong Uptrend,Positive,No Breakout,NYKAA,NYKAA.NS,FSN E-Commerce Ventures Limited,,Unavailable,0,60,,69.0,52W High Watch,-3,66.0,350.66,353.25,350.66,342.15,365.45,376.55,8.51,14.79,25.89,1.74,3.04,52W High Breakout,Watch,Stock is near its rolling 52-week high. Entry requires breakout confirmation.,Below ₹342.15,1.74,Strong price trend | Positive momentum | RSI supports positive momentum | Price is above 200 DMA | Price is near 52-week high,Acceptable,207,189
1172.0,1189.5999755859375,1162.0,1178.9000244140625,1152599.0,1179.0,-0.00847969346373656,1163.3500061035156,1124.1320068359375,1080.0555059814453,977.3585034179688,1164.3720071089188,1156.3955515819716,1123.4110981039264,52.618749010316506,29.350010463169642,2.4896097934816144,799291.4,1.4420260245512462,1211.5,729.5999755859375,-2.6908770603332646,61.581697349605136,20.62104338288078,True,1125.4000244140625,1211.5,Strong Uptrend,Positive,No Breakout,PNBHOUSING,PNBHOUSING.NS,PNB Housing Finance Limited,,Unavailable,0,60,,69.0,52W High Watch,-3,66.0,1215.9,1226.18,1215.9,1182.15,1274.6,1318.63,33.75,58.7,102.73,1.74,3.04,52W High Breakout,Watch,Stock is near its rolling 52-week high. Entry requires breakout confirmation.,Below ₹1182.15,1.74,Strong price trend | Positive momentum | Volume is above average | RSI supports positive momentum | Price is above 200 DMA | Price is near 52-week high,Acceptable,207,189
4086.699951171875,4149.0,4050.0,4129.89990234375,127741.0,4107.89990234375,0.5355534585311572,3924.275012207031,3598.172001953125,3191.765007324219,2584.922000732422,3998.4976011654585,3897.5681038584576,3631.165897794755,63.27945117288014,146.92853655133928,3.5576779104974485,193920.0,0.6587304042904291,4170.0,1364.199951171875,-0.9616330373201439,202.73420687312614,59.76884026572438,True,3600.0,4170.0,Strong Uptrend,Strong Positive,No Breakout,SANSERA,SANSERA.NS,Sansera Engineering Limited,,Unavailable,0,60,,69.0,52W High Watch,-3,66.0,4192.04,4243.46,4192.04,4023.07,4485.9,4706.29,168.97,293.86,514.25,1.74,3.04,52W High Breakout,Watch,Stock is near its rolling 52-week high. Entry requires breakout confirmation.,Below ₹4023.07,1.74,Strong price trend | Strong positive momentum | RSI supports positive momentum | Price is above 200 DMA | Price is near 52-week high,Acceptable,207,189
559.0,571.0,550.5999755859375,565.2000122070312,101279.0,559.7000122070312,0.9826692656861313,546.1925003051758,524.1499987792969,510.63649780273437,456.9889991760254,558.9882554510356,548.0054502915526,528.9340008186515,67.0063956668539,18.446428571428573,3.2636992521280583,193967.8,0.5221433660638519,576.7999877929688,332.0,-2.011091510303757,70.24096753223833,23.679128649949092,True,506.20001220703125,576.7999877929688,Strong Uptrend,Strong Positive,No Breakout,SOMANYCERA,SOMANYCERA.NS,Somany Ceramics Limited,,Unavailable,0,60,,69.0,52W High Watch,-3,66.0,579.57,586.02,579.57,558.35,616.46,644.13,21.21,36.89,64.56,1.74,3.04,52W High Breakout,Watch,Stock is near its rolling 52-week high. Entry requires breakout confirmation.,Below ₹558.35,1.74,Strong price trend | Strong positive momentum | RSI supports positive momentum | Price is above 200 DMA | Price is near 52-week high,Acceptable,207,189
77.61000061035156,78.77999877929688,75.19999694824219,77.25,19801.0,79.19000244140625,-2.4498072756616973,69.99449996948242,73.65019958496094,75.92679969787598,72.99599985122681,75.27301758273856,72.40935090728563,73.03807505710517,60.4594072519056,5.311428342546735,6.875635394882505,34769.8,0.5694884641269147,107.37999725341797,46.79999923706055,-28.05922706657446,65.06410525499825,5.827716802897785,True,63.0099983215332,93.94999694824219,Uptrend,Strong Positive,No Breakout,ALKALI,ALKALI.NS,Alkali Metals Limited,,Unavailable,0,60,,70.0,Momentum Watch,-5,65.0,74.59,78.58,77.25,70.61,93.95,101.92,6.64,16.7,24.67,2.52,3.72,Momentum Trade,Watch,Positive trend and momentum. Prefer entry near current price or on a controlled pullback.,Below ₹70.61,2.52,Price is in an uptrend | Strong positive momentum | RSI supports positive momentum | Price is above 200 DMA,Strong,196,210
31.799999237060547,31.81999969482422,31.100000381469727,31.670000076293945,619170.0,31.989999771118164,-1.000311650871366,30.507500076293944,31.061800003051758,30.78559997558594,30.682099990844726,31.754312133357217,31.1699193574616,31.039501135946566,59.51859712698623,1.8928571428571428,5.976814456258905,673370.1,0.919509197096812,46.91999816894531,21.0,-32.502128490586344,50.80952417282831,3.219792927289853,True,28.059999465942383,35.34000015258789,Uptrend,Positive,No Breakout,COFFEEDAY,COFFEEDAY.NS,Coffee Day Enterprises Limited,,Unavailable,0,60,,70.0,Momentum Watch,-5,65.0,30.72,32.14,31.67,29.3,35.34,37.35,2.37,3.67,5.68,1.55,2.4,Momentum Trade,Watch,Positive trend and momentum. Prefer entry near current price or on a controlled pullback.,Below ₹29.30,1.55,Price is in an uptrend | Positive momentum | RSI supports positive momentum | Price is above 200 DMA,Acceptable,196,210
126.0999984741211,128.0,124.6500015258789,126.91999816894531,30597.0,127.87000274658203,-0.742945614476509,123.67599906921387,126.25859909057617,127.23879966735839,120.15109935760498,125.5591363086027,125.09678855911007,125.92286294232211,66.7399237507776,4.035713195800781,3.1797299511687487,47949.3,0.6381115052774493,149.0,81.9000015258789,-14.818793175204489,54.96946984651876,5.633655328607609,True,118.26000213623047,135.0,Uptrend,Strong Positive,No Breakout,INDOAMIN,INDOAMIN.NS,Indo Amines Limited,,Unavailable,0,60,,70.0,Momentum Watch,-5,65.0,124.9,127.93,126.92,121.88,135.0,139.03,5.04,8.08,12.11,1.6,2.4,Momentum Trade,Watch,Positive trend and momentum. Prefer entry near current price or on a controlled pullback.,Below ₹121.88,1.6,Price is in an uptrend | Strong positive momentum | RSI supports positive momentum | Price is above 200 DMA,Acceptable,196,210
520.4000244140625,520.4000244140625,509.54998779296875,514.0499877929688,90550.0,521.4500122070312,-1.419124410936723,485.1124984741211,498.6509997558594,471.86499908447263,437.65499954223634,499.64117760754465,492.6375271660724,489.1163972374132,64.99458370759862,17.328576224190847,3.370990494249336,107044.8,0.8459075078845493,572.8499755859375,327.1000061035156,-10.26446544452156,57.15376893948759,17.455527374447332,True,454.1000061035156,528.0,Uptrend,Strong Positive,No Breakout,JASH,JASH.NS,Jash Engineering Limited,,Unavailable,0,60,,70.0,Momentum Watch,-5,65.0,505.39,518.38,514.05,492.39,544.37,566.04,21.66,30.33,51.99,1.4,2.4,Momentum Trade,Watch,Positive trend and momentum. Prefer entry near current price or on a controlled pullback.,Below ₹492.39,1.4,Price is in an uptrend | Strong positive momentum | RSI supports positive momentum | Price is above 200 DMA,Poor,196,210
30.56999969482422,33.0,28.559999465942383,32.16999816894531,1909923.0,30.56999969482422,5.233884494908869,27.76900005340576,25.15800006866455,24.34989999771118,23.755350008010865,29.924732545248723,28.18581149963707,26.103876899584897,74.63263256588982,2.0142854963030135,6.261378958508816,1544957.3,1.2362302828693064,33.220001220703125,18.270000457763672,-3.160755608592324,76.08099268150244,35.422118209568914,True,24.299999237060547,33.220001220703125,Strong Uptrend,Strong Positive,No Breakout,MUKKA,MUKKA.NS,Mukka Proteins Limited,,Unavailable,0,60,,70.0,Momentum Watch,-5,65.0,31.16,32.67,32.17,29.65,35.69,38.21,2.52,3.52,6.04,1.4,2.4,Momentum Trade,Watch,Positive trend and momentum. Prefer entry near current price or on a controlled pullback.,Below ₹29.65,1.4,Strong price trend | Strong positive momentum | Volume is above average | RSI indicates overbought conditions | Price is above 200 DMA,Poor,196,210
193.5,194.3000030517578,188.02999877929688,189.64999389648438,1202651.0,195.30999755859375,-2.8979590050997484,171.37950057983397,169.14520080566408,170.65760040283203,161.01425018310547,181.7554768065653,175.19244765163273,170.96739944753006,77.55712265437226,6.828572954450335,3.600618599638626,1291507.5,0.9311993929574548,204.5,125.30999755859375,-7.261616676535758,51.34466330813379,17.78460209628298,True,160.5,200.49000549316406,Strong Uptrend,Strong Positive,No Breakout,NOCIL,NOCIL.NS,NOCIL Limited,,Unavailable,0,60,,70.0,Momentum Watch,-5,65.0,186.24,191.36,189.65,181.11,201.6,210.14,8.54,11.95,20.49,1.4,2.4,Momentum Trade,Watch,Positive trend and momentum. Prefer entry near current price or on a controlled pullback.,Below ₹181.11,1.4,Strong price trend | Strong positive momentum | RSI indicates overbought conditions | Price is above 200 DMA,Poor,196,210
13.829999923706055,13.920000076293945,13.220000267028809,13.699999809265137,420161544.0,13.829999923706055,-0.9399863713526413,11.346999979019165,10.352000007629394,9.67189998626709,9.694499974250794,12.792246354265714,11.7645136903548,10.674563983369667,70.87379120205895,0.838571412222726,6.120959298522112,315891012.9,1.3300838796987504,15.380000114440918,7.46999979019165,-10.92327888605384,83.40027033539782,41.31724014289755,True,9.449999809265137,14.4399995803833,Strong Uptrend,Strong Positive,No Breakout,PCJEWELLER,PCJEWELLER.NS,PC Jeweller Limited,,Unavailable,0,60,,70.0,Momentum Watch,-5,65.0,13.28,13.91,13.7,12.65,15.17,16.22,1.05,1.47,2.52,1.4,2.4,Momentum Trade,Watch,Positive trend and momentum. Prefer entry near current price or on a controlled pullback.,Below ₹12.65,1.4,Strong price trend | Strong positive momentum | Volume is above average | RSI indicates overbought conditions | Price is above 200 DMA,Poor,196,210
352.0,359.0,333.04998779296875,350.3500061035156,2806.0,342.6000061035156,2.2621132113051834,323.25500640869143,331.0550030517578,359.7175015258789,328.2415502929687,337.96357064682485,331.3090374892629,335.10480717238613,67.6854276985402,23.532141549246653,6.716752144794816,6740.65,0.4162803290483856,468.8999938964844,193.5,-25.282573968030412,81.05943467881944,6.735422676018382,True,270.0,367.0,Uptrend,Strong Positive,No Breakout,S&SPOWER,S&SPOWER.NS,S&S Power Switchgears Limited,,Unavailable,0,60,,70.0,Momentum Watch,-5,65.0,338.58,356.23,350.35,320.93,391.53,420.95,29.42,41.18,70.6,1.4,2.4,Momentum Trade,Watch,Positive trend and momentum. Prefer entry near current price or on a controlled pullback.,Below ₹320.93,1.4,Price is in an uptrend | Strong positive momentum | RSI supports positive momentum | Price is above 200 DMA,Poor,196,210
793.0,810.0,775.0,785.0499877929688,4356.0,793.0999755859375,-1.0150029051534726,785.6374969482422,752.8969946289062,695.79099609375,658.4039968872071,793.2863432396606,784.9063244732292,754.9520011880963,52.14592387104549,22.171430315290177,2.8242061855986127,2455.55,1.773940665024129,897.4500122070312,445.1499938964844,-12.524377166996253,76.35628407433497,19.2353010468522,True,743.5,838.0,Uptrend,Positive,No Breakout,SVLL,SVLL.NS,Shree Vasu Logistics Limited,,Unavailable,0,60,,70.0,Momentum Watch,-5,65.0,773.96,790.59,785.05,757.34,838.0,851.56,27.71,52.95,66.51,1.91,2.4,Momentum Trade,Watch,Positive trend and momentum. Prefer entry near current price or on a controlled pullback.,Below ₹757.34,1.91,Price is in an uptrend | Positive momentum | Strong volume confirmation | RSI supports positive momentum | Price is above 200 DMA,Acceptable,196,210
152.52000427246094,155.25999450683594,151.10000610351562,153.27000427246094,185071.0,154.02999877929688,-0.49340681221773375,145.73800201416014,147.58180114746094,147.9633009338379,143.2007006072998,152.2161408174164,149.3911248118417,147.79275174086496,64.92391577925463,5.558570861816406,3.626652774103923,313991.7,0.5894136692148232,175.75,121.51000213623047,-12.79089372832948,26.137767737525724,7.03160223550459,True,136.00999450683594,164.8000030517578,Uptrend,Strong Positive,No Breakout,TNPL,TNPL.NS,Tamil Nadu Newsprint & Papers Limited,,Unavailable,0,60,,70.0,Momentum Watch,-5,65.0,150.49,154.66,153.27,146.32,164.8,169.95,6.95,11.53,16.68,1.66,2.4,Momentum Trade,Watch,Positive trend and momentum. Prefer entry near current price or on a controlled pullback.,Below ₹146.32,1.66,Price is in an uptrend | Strong positive momentum | RSI supports positive momentum | Price is above 200 DMA,Acceptable,196,210
76.0,79.44000244140625,74.5199966430664,79.0,273519.0,76.47000122070312,3.308485339231182,77.44099998474121,76.30499954223633,72.76809978485107,76.90024997711181,78.12538706711125,77.67786143301645,76.03386523820583,58.26559229335916,2.7650015694754466,3.50000198667778,201608.45,1.3566842064407518,120.0,56.970001220703125,-34.166666666666664,38.6694721910785,2.7304853020804822,True,73.0,81.0,Sideways,Positive,No Breakout,ARIHANTCAP,ARIHANTCAP.NS,Arihant Capital Markets Limited,,Unavailable,0,60,,68.0,200 DMA Recovery Watch,-3,65.0,76.9,78.28,76.9,72.31,81.0,86.53,4.59,4.1,9.63,0.89,2.1,200 DMA Recovery,Confirmation Required,Stock is recovering around the 200 DMA. Confirmation above the recovery level is preferred.,Below ₹72.31,0.89,Positive momentum | Volume is above average | RSI supports positive momentum | Price is above 200 DMA | Price is near 200 DMA,Poor,291,210
43.36000061035156,43.83000183105469,42.459999084472656,43.65999984741211,3568740.0,43.86000061035156,-0.4559980851715939,43.40800037384033,43.353600311279294,44.257900161743166,42.34000011444092,44.53692680048745,44.12486400386921,43.79645011516082,61.907691816521705,1.9614290509905135,4.49250814898199,13228506.0,0.2697764963027571,53.75,33.0099983215332,-18.77209330714026,32.26295688398039,3.1176186334514857,True,39.29999923706055,49.400001525878906,Strong Uptrend,Neutral,No Breakout,NSLNISP,NSLNISP.NS,NMDC Steel Limited,,Unavailable,0,60,,68.0,200 DMA Recovery Watch,-3,65.0,42.34,43.32,42.34,38.81,49.4,53.32,3.53,7.06,10.98,2.0,3.11,200 DMA Recovery,Confirmation Required,Stock is recovering around the 200 DMA. Confirmation above the recovery level is preferred.,Below ₹38.81,2.0,Strong price trend | RSI supports positive momentum | Price is above 200 DMA,Strong,291,210
4158.0,4189.0,4084.0,4174.39990234375,17556.0,4158.60009765625,0.37993084972043345,4018.9299926757812,4247.118017578125,4293.671003417969,4097.059989013672,4117.276088764583,4109.577045023469,4186.058586926075,68.60669434597848,115.68570382254464,2.7713133990251384,19418.45,0.9040886373526208,,,,,1.8876929685546784,True,3846.10009765625,4247.7998046875,Sideways,Strong Positive,No Breakout,SHILCTECH,SHILCTECH.NS,Shilchar Technologies Limited,,Unavailable,0,60,,68.0,200 DMA Recovery Watch,-3,65.0,4097.06,4154.9,4097.06,3817.18,4247.8,4479.17,279.88,150.74,382.11,0.54,1.37,200 DMA Recovery,Confirmation Required,Stock is recovering around the 200 DMA. Confirmation above the recovery level is preferred.,Below ₹3817.18,0.54,Strong positive momentum | RSI supports positive momentum | Price is above 200 DMA | Price is near 200 DMA,Poor,291,210
71.0,72.69999694824219,61.369998931884766,62.59000015258789,560099.0,67.83999633789062,-7.738791964483727,58.409999465942384,56.52099975585938,57.951499977111816,63.315149974823,59.75990263961244,58.56840111765532,57.71422464653458,61.77146293448224,3.2328570229666576,5.165133431994391,63036.8,8.885270191380272,91.9000015258789,46.150001525878906,-31.893363315165303,35.622964427184584,-1.1453022262814871,False,55.0,69.98999786376953,Downtrend,Strong Positive,No Breakout,SSDL,SSDL.NS,Saraswati Saree Depot Limited,,Unavailable,0,60,,68.0,200 DMA Recovery Watch,-3,65.0,63.32,64.93,63.32,54.19,69.99,76.46,9.12,6.67,13.14,0.73,1.44,200 DMA Recovery,Confirmation Required,Stock is recovering around the 200 DMA. Confirmation above the recovery level is preferred.,Below ₹54.19,0.73,Price trend is weak | Strong positive momentum | Volume is more than 2x average | RSI supports positive momentum | Price is below 200 DMA | Price is near 200 DMA,Poor,291,210
209.89999389648438,225.75999450683594,200.0,221.14999389648438,431750.0,210.16000366210938,5.22934432949691,207.39249954223632,220.6941989135742,230.00629959106445,234.9700498199463,211.10295448196905,210.65624898498265,217.48502927220713,70.55051367402692,9.67499760219029,4.374857729690443,153400.3,2.814531653458305,314.70001220703125,186.0,-29.726728529328195,18.897846180905578,-5.881624459820307,False,197.1300048828125,219.7899932861328,Downtrend,Strong Positive,Confirmed Breakout,ALLTIME,ALLTIME.NS,All Time Plastics Limited,,Unavailable,0,60,,72.0,Strong Breakout Watch,-8,64.0,232.28,235.66,232.28,221.15,251.63,266.14,11.13,19.35,33.86,1.74,3.04,Breakout Trade,Strong Setup,Confirmed breakout above resistance. Entry requires breakout confirmation.,Below ₹221.15,1.74,Price trend is weak | Strong positive momentum | Confirmed price breakout | Volume is more than 2x average | RSI indicates overbought conditions | Price is below 200 DMA,Acceptable,143,231
28.59000015258789,32.38999938964844,28.43000030517578,31.899999618530273,1039887.0,28.610000610351562,11.499471995775966,29.5210000038147,29.813200073242186,30.95860004425049,33.4475001335144,29.888158935879876,29.759323171407463,30.01706050052726,74.39799411549839,1.0749999455043249,3.3699058255783556,213049.95,4.880953973469602,55.900001525878906,25.389999389648438,-42.933812615797216,25.640017272060188,-4.626655232250179,False,27.600000381469727,31.299999237060547,Downtrend,Strong Positive,Confirmed Breakout,TRACXN,TRACXN.NS,Tracxn Technologies Limited,,Unavailable,0,60,,72.0,Strong Breakout Watch,-8,64.0,33.14,33.51,33.14,31.9,35.29,36.9,1.24,2.15,3.76,1.74,3.04,Breakout Trade,Strong Setup,Confirmed breakout above resistance. Entry requires breakout confirmation.,Below ₹31.90,1.74,Price trend is weak | Strong positive momentum | Confirmed price breakout | Volume is more than 2x average | RSI indicates overbought conditions | Price is below 200 DMA,Acceptable,143,231
560.0,569.5,545.25,563.9500122070312,1042637.0,564.2000122070312,-0.04431052722279061,520.7575012207031,464.74800048828126,436.4142004394531,323.9101503753662,550.282305787873,524.3704160300975,481.7602642498371,65.46563149979943,27.62858145577567,4.8991188682930575,1515721.4,0.6878816911867841,584.1500244140625,158.0,-3.4580178657517084,256.93038747280457,74.1069279716899,True,443.1000061035156,584.1500244140625,Strong Uptrend,Strong Positive,No Breakout,AEROFLEX,AEROFLEX.NS,Aeroflex Industries Limited,,Unavailable,0,60,,69.0,Momentum Watch,-5,64.0,550.14,570.86,563.95,529.41,612.3,646.84,34.54,48.35,82.89,1.4,2.4,Momentum Trade,Watch,Positive trend and momentum. Prefer entry near current price or on a controlled pullback.,Below ₹529.41,1.4,Strong price trend | Strong positive momentum | RSI supports positive momentum | Price is above 200 DMA,Poor,207,231
105.31999969482422,105.9000015258789,103.13999938964844,104.33000183105469,698680.0,106.5,-2.037556966145837,99.74150047302246,93.02740036010742,91.45250015258789,92.1348498916626,105.15548875119407,100.98724192100563,95.51783756526194,66.57956757864534,5.556429181780134,5.325821033510437,2886194.9,0.24207651395960822,117.72000122070312,70.45999908447266,-11.374447205912508,48.069831374786375,13.236198847376258,True,83.12000274658203,117.72000122070312,Strong Uptrend,Positive,No Breakout,ALEMBICLTD,ALEMBICLTD.NS,Alembic Limited,,Unavailable,0,60,,69.0,Momentum Watch,-5,64.0,101.55,105.72,104.33,97.38,117.72,121.0,6.95,13.39,16.67,1.93,2.4,Momentum Trade,Watch,Positive trend and momentum. Prefer entry near current price or on a controlled pullback.,Below ₹97.38,1.93,Strong price trend | Positive momentum | RSI supports positive momentum | Price is above 200 DMA,Acceptable,207,231
564.0,579.7000122070312,552.2999877929688,575.0999755859375,470791.0,569.7999877929688,0.9301488077417153,551.842495727539,542.8419958496094,511.9844961547852,427.1012481689453,566.7257372510954,558.0247859202078,541.2879096217179,69.5887997493502,21.082148960658483,3.665823309969549,779550.9,0.6039259270946901,607.1500244140625,277.8999938964844,-5.278769256256769,106.94493998447436,34.651907024736545,True,511.79998779296875,607.1500244140625,Strong Uptrend,Strong Positive,No Breakout,ARVIND,ARVIND.NS,Arvind Limited,,Unavailable,0,60,,69.0,Momentum Watch,-5,64.0,564.56,580.37,575.1,548.75,611.99,638.35,26.35,36.89,63.25,1.4,2.4,Momentum Trade,Watch,Positive trend and momentum. Prefer entry near current price or on a controlled pullback.,Below ₹548.75,1.4,Strong price trend | Strong positive momentum | RSI supports positive momentum | Price is above 200 DMA,Poor,207,231
530.0,553.5499877929688,523.5,535.0999755859375,492430.0,533.9500122070312,0.21536910808428456,486.4774963378906,416.8879962158203,379.9135980224609,329.81569900512693,519.7002209653336,489.84179130364674,438.2482259298356,66.58986484754956,28.417859758649552,5.310757065075893,872179.5,0.5645970812200929,565.7000122070312,230.0,-5.409233862610374,132.65216329823372,62.24211800712963,True,366.3999938964844,565.7000122070312,Strong Uptrend,Strong Positive,No Breakout,ASIANENE,ASIANENE.NS,Asian Energy Services Limited,,Unavailable,0,60,,69.0,Momentum Watch,-5,64.0,520.89,542.2,535.1,499.58,584.83,620.35,35.52,49.73,85.25,1.4,2.4,Momentum Trade,Watch,Positive trend and momentum. Prefer entry near current price or on a controlled pullback.,Below ₹499.58,1.4,Strong price trend | Strong positive momentum | RSI supports positive momentum | Price is above 200 DMA,Poor,207,231
152.0,155.0,146.0,152.58999633789062,7199.0,153.0,-0.2679762497446947,150.34299926757814,139.11339950561523,134.1352995300293,122.66399974822998,153.6187379676269,150.30118877678694,141.91207765100503,60.53401333777591,6.878571646554129,4.507878505562338,7927.6,0.9080932438569049,178.0,93.0,-14.275282956241222,64.07526487945229,24.39672328562926,True,139.25,166.58999633789062,Strong Uptrend,Positive,No Breakout,AUSOMENT,AUSOMENT.NS,Ausom Enterprise Limited,,Unavailable,0,60,,69.0,Momentum Watch,-5,64.0,149.15,154.31,152.59,143.99,166.59,173.23,8.6,14.0,20.64,1.63,2.4,Momentum Trade,Watch,Positive trend and momentum. Prefer entry near current price or on a controlled pullback.,Below ₹143.99,1.63,Strong price trend | Positive momentum | RSI supports positive momentum | Price is above 200 DMA,Acceptable,207,231
2744.0,2864.0,2677.800048828125,2849.10009765625,454037.0,2773.5,2.725801249549309,2821.225,2571.536015625,2339.0230114746096,1977.1880072021484,2812.5515276391993,2767.637039548779,2591.0270975886933,55.534638650387926,97.9857177734375,3.4391812998793307,514115.8,0.8831415023619192,2986.60009765625,1360.0,-4.603897257885441,109.49265423943015,44.09859291468771,True,2652.10009765625,2986.60009765625,Strong Uptrend,Positive,No Breakout,AZAD,AZAD.NS,Azad Engineering Limited,,Unavailable,0,60,,69.0,Momentum Watch,-5,64.0,2800.11,2873.6,2849.1,2726.62,3020.58,3143.06,122.48,171.48,293.96,1.4,2.4,Momentum Trade,Watch,Positive trend and momentum. Prefer entry near current price or on a controlled pullback.,Below ₹2726.62,1.4,Strong price trend | Positive momentum | RSI supports positive momentum | Price is above 200 DMA,Poor,207,231
2019.0,2044.0,1982.199951171875,2023.4000244140625,230934.0,2029.0,-0.27599682532959413,1992.4600036621093,1877.3419970703126,1839.8869982910155,1770.6295007324218,2040.0680679060222,1992.511696047597,1909.3493609037628,62.103622392136906,70.71428571428571,3.4948247929750416,472856.8,0.488380414535648,2275.75,1355.0,-11.08865101992475,49.328415085908674,14.275743376978756,True,1869.0999755859375,2205.0,Strong Uptrend,Positive,No Breakout,BEML,BEML.NS,BEML Limited,,Unavailable,0,60,,69.0,Momentum Watch,-5,64.0,1988.04,2041.08,2023.4,1935.01,2205.0,2235.54,88.39,181.6,212.14,2.05,2.4,Momentum Trade,Watch,Positive trend and momentum. Prefer entry near current price or on a controlled pullback.,Below ₹1935.01,2.05,Strong price trend | Positive momentum | RSI supports positive momentum | Price is above 200 DMA,Strong,207,231
159.0,174.0,157.80999755859375,172.39999389648438,7456837.0,166.11000061035156,3.7866433465902016,114.05600090026856,85.37420066833496,77.2234001159668,64.7287001800537,153.37410608030063,126.65953739781307,97.94040192465572,86.12636085367092,13.839286259242467,8.027428508815442,4531235.65,1.6456519978165336,189.67999267578125,42.810001373291016,-9.110079843177484,302.70962010303515,166.34243143601674,True,67.0,189.67999267578125,Strong Uptrend,Strong Positive,No Breakout,BODALCHEM,BODALCHEM.NS,Bodal Chemicals Limited,,Unavailable,0,60,,69.0,Momentum Watch,-5,64.0,165.48,175.86,172.4,155.1,196.62,213.92,17.3,24.22,41.52,1.4,2.4,Momentum Trade,Watch,Positive trend and momentum. Prefer entry near current price or on a controlled pullback.,Below ₹155.10,1.4,Strong price trend | Strong positive momentum | Strong volume confirmation | RSI indicates overbought conditions | Price is above 200 DMA,Poor,207,231
2790.10009765625,2790.10009765625,2716.0,2754.89990234375,103090.0,2795.39990234375,-1.4488088078576378,2619.209997558594,2593.7540087890625,2351.7289990234376,2062.9174993896486,2726.6157153739623,2661.3889720169486,2558.5790639913625,63.04610449643635,104.8499755859375,3.8059450180652905,245583.6,0.41977558762067174,2877.300048828125,1500.300048828125,-4.253993132701836,83.62326285969164,33.54387187848457,True,2382.5,2877.300048828125,Strong Uptrend,Strong Positive,No Breakout,CAPLIPOINT,CAPLIPOINT.NS,Caplin Point Laboratories Limited,,Unavailable,0,60,,69.0,Momentum Watch,-5,64.0,2702.47,2781.11,2754.9,2623.84,2938.39,3069.45,131.06,183.49,314.55,1.4,2.4,Momentum Trade,Watch,Positive trend and momentum. Prefer entry near current price or on a controlled pullback.,Below ₹2623.84,1.4,Strong price trend | Strong positive momentum | RSI supports positive momentum | Price is above 200 DMA,Poor,207,231
302.3999938964844,311.3999938964844,301.3999938964844,301.5,2225.0,303.5,-0.658978583196046,279.15250091552736,278.19719970703125,252.96170028686524,224.23885032653808,292.57108457244794,285.00294360314666,274.1108132318806,66.62843803917589,11.903570992606026,3.9481164154580513,8406.95,0.26466197610310516,320.0,152.0,-5.78125,98.35526315789474,34.45484560813335,True,260.04998779296875,317.79998779296875,Strong Uptrend,Strong Positive,No Breakout,CONSOFINVT,CONSOFINVT.NS,Consolidated Finvest & Holdings Limited,,Unavailable,0,60,,69.0,Momentum Watch,-5,64.0,295.55,304.48,301.5,286.62,322.33,337.21,14.88,20.83,35.71,1.4,2.4,Momentum Trade,Watch,Positive trend and momentum. Prefer entry near current price or on a controlled pullback.,Below ₹286.62,1.4,Strong price trend | Strong positive momentum | RSI supports positive momentum | Price is above 200 DMA,Poor,207,231
225.89999389648438,231.85000610351562,223.69000244140625,227.32000732421875,1628700.0,226.4499969482422,0.38419535778373426,226.45900039672853,221.94180053710937,209.03182556152345,206.338500289917,229.96119719909942,226.93420049016257,220.24359596746223,62.2093110651606,8.869288853236608,3.9016754211989113,2667986.95,0.6104602573112285,248.85000610351562,150.05250549316406,-8.651797569312059,51.49364322648699,10.168488675075945,True,204.80999755859375,248.85000610351562,Strong Uptrend,Positive,No Breakout,CUB,CUB.NS,City Union Bank Limited,,Unavailable,0,60,,69.0,Momentum Watch,-5,64.0,222.89,229.54,227.32,216.23,248.85,253.93,11.09,21.53,26.61,1.94,2.4,Momentum Trade,Watch,Positive trend and momentum. Prefer entry near current price or on a controlled pullback.,Below ₹216.23,1.94,Strong price trend | Positive momentum | RSI supports positive momentum | Price is above 200 DMA,Acceptable,207,231
21.260000228881836,23.200000762939453,21.260000228881836,22.690000534057617,31616.0,22.3700008392334,1.4304858418377364,19.499000072479248,17.359600067138672,17.175399990081786,16.32944999694824,22.033570373101657,20.272254937120515,18.325780618388823,68.45124736235178,2.2071428298950195,9.727381128008814,160392.55,0.19711638726362293,28.450000762939453,11.300000190734863,-20.246045955770697,100.79646151388285,38.95140704860285,True,16.049999237060547,28.450000762939453,Strong Uptrend,Strong Positive,No Breakout,CYBERMEDIA,CYBERMEDIA.NS,Cyber Media (India) Limited,,Unavailable,0,60,,69.0,Momentum Watch,-5,64.0,21.59,23.24,22.69,19.93,28.45,29.31,2.76,5.76,6.62,2.09,2.4,Momentum Trade,Watch,Positive trend and momentum. Prefer entry near current price or on a controlled pullback.,Below ₹19.93,2.09,Strong price trend | Strong positive momentum | RSI supports positive momentum | Price is above 200 DMA,Strong,207,231
448.54998779296875,459.95001220703125,442.0,449.5,124277.0,449.54998779296875,-0.011119518257396432,432.0599960327148,410.9519976806641,376.6030990600586,329.5627991485596,448.9889148909117,437.0682111466709,413.00835696414515,64.48682718371539,26.950007847377233,5.995552357592265,714067.55,0.17404095732959718,519.9000244140625,216.8000030517578,-13.541069649574396,107.3339454209733,36.3928213867899,True,387.04998779296875,519.9000244140625,Strong Uptrend,Strong Positive,No Breakout,DIFFNKG,DIFFNKG.NS,Diffusion Engineers Limited,,Unavailable,0,60,,69.0,Momentum Watch,-5,64.0,436.02,456.24,449.5,415.81,519.9,530.35,33.69,70.4,80.85,2.09,2.4,Momentum Trade,Watch,Positive trend and momentum. Prefer entry near current price or on a controlled pullback.,Below ₹415.81,2.09,Strong price trend | Strong positive momentum | RSI supports positive momentum | Price is above 200 DMA,Strong,207,231
671.0,686.75,666.0999755859375,679.6500244140625,518414.0,677.9500122070312,0.2507577515187265,620.4725006103515,589.94,527.0579998779297,429.8987499237061,650.845031031389,625.4499470518883,586.7164225926718,64.02204843670378,36.521432059151785,5.373564444529744,832702.85,0.6225678223630434,704.9000244140625,239.0,-3.582068254429226,184.37239515232739,58.095371185582565,True,560.8499755859375,704.9000244140625,Strong Uptrend,Strong Positive,No Breakout,EBGNG,EBGNG.NS,GNG Electronics Limited,,Unavailable,0,60,,69.0,Momentum Watch,-5,64.0,661.39,688.78,679.65,634.0,743.56,789.21,45.65,63.91,109.56,1.4,2.4,Momentum Trade,Watch,Positive trend and momentum. Prefer entry near current price or on a controlled pullback.,Below ₹634.00,1.4,Strong price trend | Strong positive momentum | RSI supports positive momentum | Price is above 200 DMA,Poor,207,231
58.0,59.900001525878906,56.41999816894531,58.27000045776367,128897.0,58.439998626708984,-0.29089351974697086,55.986999702453616,50.55039985656738,48.7596000289917,49.67425010681152,58.03378658502646,56.003123147842494,52.33828890617901,57.35887308041874,3.047143118722098,5.229351458355976,174857.9,0.737152853831597,81.0,37.25,-28.06172782992139,56.42953143023804,17.30423777403631,True,48.119998931884766,63.88999938964844,Strong Uptrend,Positive,No Breakout,GFLLIMITED,GFLLIMITED.NS,GFL Limited,,Unavailable,0,60,,69.0,Momentum Watch,-5,64.0,56.75,59.03,58.27,54.46,63.89,67.41,3.81,5.62,9.14,1.48,2.4,Momentum Trade,Watch,Positive trend and momentum. Prefer entry near current price or on a controlled pullback.,Below ₹54.46,1.48,Strong price trend | Positive momentum | RSI supports positive momentum | Price is above 200 DMA,Poor,207,231
375.0,391.3999938964844,372.29998779296875,385.3500061035156,565658.0,377.5,2.079471815500833,352.8770004272461,282.8110015869141,219.44850036621094,169.37940013885498,372.9113203924702,348.5876232678397,294.81611581475346,69.46113001566567,21.160714285714285,5.491297249397197,1385875.8,0.40815923043031704,404.0,87.1500015258789,-4.616335122892172,342.1686739604786,127.507008401028,True,284.8399963378906,404.0,Strong Uptrend,Strong Positive,No Breakout,INDSWFTLAB,INDSWFTLAB.NS,Ind-Swift Laboratories Limited,,Unavailable,0,60,,69.0,Momentum Watch,-5,64.0,374.77,390.64,385.35,358.9,422.38,448.83,26.45,37.03,63.48,1.4,2.4,Momentum Trade,Watch,Positive trend and momentum. Prefer entry near current price or on a controlled pullback.,Below ₹358.90,1.4,Strong price trend | Strong positive momentum | RSI supports positive momentum | Price is above 200 DMA,Poor,207,231
1150.0999755859375,1168.0999755859375,1133.0999755859375,1147.199951171875,44230.0,1167.4000244140625,-1.7303471663302594,1095.017495727539,1025.0599975585938,953.7229986572265,826.2339987182618,1142.9766504476772,1102.7618727143433,1036.481214476944,64.4018304486747,45.18572562081473,3.938783781733699,89889.65,0.49204774965749676,1200.0,622.0,-4.400004069010417,84.43729118518891,38.84685851121211,True,1001.0,1200.0,Strong Uptrend,Strong Positive,No Breakout,INNOVACAP,INNOVACAP.NS,Innova Captab Limited,,Unavailable,0,60,,69.0,Momentum Watch,-5,64.0,1124.61,1158.5,1147.2,1090.72,1226.27,1282.76,56.48,79.08,135.56,1.4,2.4,Momentum Trade,Watch,Positive trend and momentum. Prefer entry near current price or on a controlled pullback.,Below ₹1090.72,1.4,Strong price trend | Strong positive momentum | RSI supports positive momentum | Price is above 200 DMA,Poor,207,231
2272.0,2313.39990234375,2236.89990234375,2246.60009765625,245450.0,2295.800048828125,-2.143041646723054,2088.1999755859374,2001.9179907226562,1817.8129956054688,1500.1864965820312,2201.199546312938,2124.0042307853237,2002.2020271948736,68.00000576143069,111.42143903459821,4.959558185314683,490129.45,0.5007860678439134,2339.5,1068.199951171875,-3.9709297860119683,110.31643890187452,49.754720681383255,True,1879.800048828125,2339.5,Strong Uptrend,Strong Positive,No Breakout,INOXINDIA,INOXINDIA.NS,INOX India Limited,,Unavailable,0,60,,69.0,Momentum Watch,-5,64.0,2190.89,2274.46,2246.6,2107.32,2441.59,2580.86,139.28,194.99,334.26,1.4,2.4,Momentum Trade,Watch,Positive trend and momentum. Prefer entry near current price or on a controlled pullback.,Below ₹2107.32,1.4,Strong price trend | Strong positive momentum | RSI supports positive momentum | Price is above 200 DMA,Poor,207,231
210.50999450683594,210.9499969482422,192.0,194.30999755859375,5129124.0,211.42999267578125,-8.097240557275276,186.70599822998048,169.54839935302735,145.3188996887207,111.85729984283448,200.5996438738394,190.19291782258904,171.09594532034671,65.74710095280327,11.46142578125,5.898526028128755,5057837.45,1.014094274619284,219.0399932861328,67.19000244140625,-11.290173705965271,189.19480651610905,73.71239769922012,True,155.05999755859375,219.0399932861328,Strong Uptrend,Positive,No Breakout,IOLCP,IOLCP.NS,IOL Chemicals and Pharmaceuticals Limited,,Unavailable,0,60,,69.0,Momentum Watch,-5,64.0,188.58,197.18,194.31,179.98,219.04,228.69,14.33,24.73,34.38,1.73,2.4,Momentum Trade,Watch,Positive trend and momentum. Prefer entry near current price or on a controlled pullback.,Below ₹179.98,1.73,Strong price trend | Positive momentum | RSI supports positive momentum | Price is above 200 DMA,Acceptable,207,231
62.599998474121094,62.84000015258789,60.900001525878906,61.470001220703125,437736.0,62.290000915527344,-1.3164226726152028,59.20249977111816,53.060800018310545,45.16150005340576,39.19699995994568,60.75918246346347,58.903132149729636,53.695063361210856,66.20739104744496,2.3342857360839844,3.7974388965813066,1184082.4,0.36968373147003963,64.12999725341797,26.350000381469727,-4.147818722342254,133.28273370322626,56.82322954184659,True,54.22999954223633,64.12999725341797,Strong Uptrend,Strong Positive,No Breakout,IRISDOREME,IRISDOREME.NS,Iris Clothings Limited,,Unavailable,0,60,,69.0,Momentum Watch,-5,64.0,60.3,62.05,61.47,58.55,65.56,68.47,2.92,4.09,7.0,1.4,2.4,Momentum Trade,Watch,Positive trend and momentum. Prefer entry near current price or on a controlled pullback.,Below ₹58.55,1.4,Strong price trend | Strong positive momentum | RSI supports positive momentum | Price is above 200 DMA,Poor,207,231
95.98999786376953,95.98999786376953,91.3499984741211,93.22000122070312,14169.0,95.51000213623047,-2.397655600783055,91.32249908447265,89.7041993713379,89.67029960632324,85.53779972076416,92.89270447538179,91.69050023566957,90.35990463886264,54.27394112348804,5.31785637991769,5.704630240593318,32379.15,0.43759641621228473,103.69999694824219,70.25,-10.106071394360546,32.69751063445285,8.981060449318674,True,86.0,103.69999694824219,Strong Uptrend,Positive,No Breakout,JMA,JMA.NS,Jullundur Motor Agency (Delhi) Limited,,Unavailable,0,60,,69.0,Momentum Watch,-5,64.0,90.56,94.55,93.22,86.57,103.7,109.17,6.65,10.48,15.95,1.58,2.4,Momentum Trade,Watch,Positive trend and momentum. Prefer entry near current price or on a controlled pullback.,Below ₹86.57,1.58,Strong price trend | Positive momentum | RSI supports positive momentum | Price is above 200 DMA,Acceptable,207,231
88.80000305175781,89.38999938964844,86.4000015258789,88.68000030517578,2156849.0,89.5999984741211,-1.0267836881839187,84.25050048828125,79.51820007324218,77.08860000610352,69.52929992675782,88.46090584268067,85.52113761930246,80.92429262063673,65.47298394475905,4.217857360839844,4.756266741457904,4272637.65,0.5048050353626407,94.0,40.25,-5.65957414343002,120.32298212466033,27.543352800317734,True,71.20999908447266,94.0,Strong Uptrend,Strong Positive,No Breakout,JTLIND,JTLIND.NS,JTL INDUSTRIES LIMITED,,Unavailable,0,60,,69.0,Momentum Watch,-5,64.0,86.57,89.73,88.68,83.41,96.06,101.33,5.27,7.38,12.65,1.4,2.4,Momentum Trade,Watch,Positive trend and momentum. Prefer entry near current price or on a controlled pullback.,Below ₹83.41,1.4,Strong price trend | Strong positive momentum | RSI supports positive momentum | Price is above 200 DMA,Poor,207,231
248.0500030517578,277.45001220703125,247.5,264.6000061035156,72663.0,251.6999969482422,5.125152686404721,259.9424987792969,228.82199981689453,214.07429946899413,199.82315032958985,256.1322813481829,252.50307113586422,235.55794224300053,51.88131037311291,14.957146780831474,5.6527386378744096,55409.35,1.311385172358095,283.1400146484375,151.25,-6.548000136237256,74.94215279571281,32.41709264771491,True,233.5500030517578,283.1400146484375,Strong Uptrend,Positive,No Breakout,KANPRPLA,KANPRPLA.NS,Kanpur Plastipack Limited,,Unavailable,0,60,,69.0,Momentum Watch,-5,64.0,257.12,268.34,264.6,245.9,290.78,309.47,18.7,26.18,44.87,1.4,2.4,Momentum Trade,Watch,Positive trend and momentum. Prefer entry near current price or on a controlled pullback.,Below ₹245.90,1.4,Strong price trend | Positive momentum | Volume is above average | RSI supports positive momentum | Price is above 200 DMA,Poor,207,231
158.39999389648438,165.0,154.39999389648438,162.50999450683594,2808.0,159.1199951171875,2.130467253440904,151.50649948120116,142.02100021362304,137.49290016174317,118.56170001983642,158.15671922745503,153.10783229836625,144.995617225112,64.40442728225133,9.600714547293526,5.90776867381512,5565.15,0.5045686100105119,178.0,85.0,-8.702250277058463,91.18822883157169,37.06786802116247,True,136.41000366210938,178.0,Strong Uptrend,Strong Positive,No Breakout,KHAITANLTD,KHAITANLTD.NS,Khaitan (India) Limited,,Unavailable,0,60,,69.0,Momentum Watch,-5,64.0,157.71,164.91,162.51,150.51,179.31,191.31,12.0,16.8,28.8,1.4,2.4,Momentum Trade,Watch,Positive trend and momentum. Prefer entry near current price or on a controlled pullback.,Below ₹150.51,1.4,Strong price trend | Strong positive momentum | RSI supports positive momentum | Price is above 200 DMA,Poor,207,231
423.25,425.8999938964844,416.04998779296875,421.04998779296875,377861.0,423.25,-0.5197902438349056,419.31499938964845,385.1679974365234,374.2434985351563,364.23924896240237,424.8757837841232,416.03063914244495,395.33061251069967,55.226085772289494,17.142854963030135,4.0714536183431305,1198990.35,0.3151493254303506,478.0,274.6499938964844,-11.914228495194822,53.304204314551185,15.597094215519459,True,365.70001220703125,452.79998779296875,Strong Uptrend,Positive,No Breakout,KRBL,KRBL.NS,KRBL Limited,,Unavailable,0,60,,69.0,Momentum Watch,-5,64.0,412.48,425.34,421.05,399.62,452.8,472.48,21.43,31.75,51.43,1.48,2.4,Momentum Trade,Watch,Positive trend and momentum. Prefer entry near current price or on a controlled pullback.,Below ₹399.62,1.48,Strong price trend | Positive momentum | RSI supports positive momentum | Price is above 200 DMA,Poor,207,231
1560.0,1610.699951171875,1531.5,1593.5999755859375,188504.0,1584.5999755859375,0.5679666880388679,1548.8699951171875,1367.2119995117187,1283.0119982910155,1055.3927487182618,1581.8674272923372,1528.026199856803,1409.5802908771936,61.72863564533165,79.31427873883929,4.977050699920906,280931.95,0.6709952356789607,1687.0,589.7999877929688,-5.536456693186871,170.19328731239682,50.99591858304028,True,1461.0999755859375,1687.0,Strong Uptrend,Strong Positive,No Breakout,KRN,KRN.NS,KRN Heat Exchanger and Refrigeration Limited,,Unavailable,0,60,,69.0,Momentum Watch,-5,64.0,1553.94,1613.43,1593.6,1494.46,1732.4,1831.54,99.14,138.8,237.94,1.4,2.4,Momentum Trade,Watch,Positive trend and momentum. Prefer entry near current price or on a controlled pullback.,Below ₹1494.46,1.4,Strong price trend | Strong positive momentum | RSI supports positive momentum | Price is above 200 DMA,Poor,207,231
136.49000549316406,138.5,136.16000366210938,137.3699951171875,4215.0,137.22000122070312,0.10930906219941416,130.43349990844726,120.14639999389648,113.98250007629395,112.42284980773925,136.14203443234504,131.64429899012856,123.16545962350179,66.9180712320965,8.785714285714286,6.395657420107917,89670.45,0.04700545162871381,162.0,81.80000305175781,-15.203706717785495,67.93397309565935,22.190458035988044,True,105.5,147.19000244140625,Strong Uptrend,Strong Positive,No Breakout,LAMBODHARA,LAMBODHARA.NS,Lambodhara Textiles Limited,,Unavailable,0,60,,69.0,Momentum Watch,-5,64.0,132.98,139.57,137.37,126.39,152.74,163.73,10.98,15.38,26.36,1.4,2.4,Momentum Trade,Watch,Positive trend and momentum. Prefer entry near current price or on a controlled pullback.,Below ₹126.39,1.4,Strong price trend | Strong positive momentum | RSI supports positive momentum | Price is above 200 DMA,Poor,207,231
38.79999923706055,39.790000915527344,36.29999923706055,36.95000076293945,150737.0,37.93000030517578,-2.5837056007157466,33.459500026702884,28.992600021362303,26.760300006866455,25.71634997367859,36.462866814141876,34.04330235878323,30.390820800945864,60.83042507846945,2.8000007356916154,7.5778096830244,523733.8,0.28781224354815366,41.75,18.1200008392334,-11.497004160624066,103.91831706174852,43.68291301354517,True,26.93000030517578,41.75,Strong Uptrend,Strong Positive,No Breakout,LANCORHOL,LANCORHOL.NS,Lancor Holdings Limited,,Unavailable,0,60,,69.0,Momentum Watch,-5,64.0,35.55,37.65,36.95,33.45,41.85,45.35,3.5,4.9,8.4,1.4,2.4,Momentum Trade,Watch,Positive trend and momentum. Prefer entry near current price or on a controlled pullback.,Below ₹33.45,1.4,Strong price trend | Strong positive momentum | RSI supports positive momentum | Price is above 200 DMA,Poor,207,231
126.5,131.11000061035156,125.5,129.07000732421875,162049.0,127.87999725341797,0.9305677950888214,129.04850082397462,125.46539993286133,119.2986996459961,112.8953500366211,129.3171386890551,128.84892060292674,125.16993814422192,55.317254874332114,6.832140241350446,5.293360078758174,281918.9,0.5748071519859079,180.89999389648438,71.05999755859375,-28.651182045878937,81.63525437471601,14.327124440777148,True,121.66000366210938,138.89999389648438,Strong Uptrend,Positive,No Breakout,LAXMIINDIA,LAXMIINDIA.NS,Laxmi India Finance Limited,,Unavailable,0,60,,69.0,Momentum Watch,-5,64.0,125.65,130.78,129.07,121.66,141.03,149.57,7.41,11.96,20.5,1.61,2.77,Momentum Trade,Watch,Positive trend and momentum. Prefer entry near current price or on a controlled pullback.,Below ₹121.66,1.61,Strong price trend | Positive momentum | RSI supports positive momentum | Price is above 200 DMA,Acceptable,207,231
691.5999755859375,696.0499877929688,680.0,681.75,4110589.0,693.2999877929688,-1.6659437467663407,661.8250061035156,600.2940075683593,553.5145050048828,513.3022528076172,680.5265572681437,659.1185528398813,613.5770328616906,61.31687811298291,20.046430315290177,2.9404371566248884,13448312.5,0.30565834932821495,,,,,32.81648312880406,True,597.75,703.5,Strong Uptrend,Strong Positive,No Breakout,LENSKART,LENSKART.NS,Lenskart Solutions Limited,,Unavailable,0,60,,69.0,Momentum Watch,-5,64.0,671.73,686.76,681.75,656.69,716.83,741.89,25.06,35.08,60.14,1.4,2.4,Momentum Trade,Watch,Positive trend and momentum. Prefer entry near current price or on a controlled pullback.,Below ₹656.69,1.4,Strong price trend | Strong positive momentum | RSI supports positive momentum | Price is above 200 DMA,Poor,207,231
85.48999786376953,87.6500015258789,82.22000122070312,84.93000030517578,2153198.0,86.2699966430664,-1.5532588269763448,79.55400123596192,70.7262003326416,65.58220012664795,60.693899974823,84.90591742791639,80.48680593613496,73.34995253535297,63.10146077774739,5.264286041259766,6.198382223411992,11198162.75,0.19228136329774276,93.0,39.130001068115234,-8.677419026692707,117.04573980801729,39.93169056594878,True,66.80999755859375,93.0,Strong Uptrend,Strong Positive,No Breakout,MANALIPETC,MANALIPETC.NS,Manali Petrochemicals Limited,,Unavailable,0,60,,69.0,Momentum Watch,-5,64.0,82.3,86.25,84.93,78.35,94.14,100.72,6.58,9.21,15.79,1.4,2.4,Momentum Trade,Watch,Positive trend and momentum. Prefer entry near current price or on a controlled pullback.,Below ₹78.35,1.4,Strong price trend | Strong positive momentum | RSI supports positive momentum | Price is above 200 DMA,Poor,207,231
2078.89990234375,2080.0,2040.0999755859375,2055.699951171875,120283.0,2085.0,-1.4052781212529952,1938.225,1737.6920043945313,1615.017998046875,1472.2874981689454,2010.7384218869634,1926.1740666917733,1782.970674587238,62.140685560477664,70.82857840401786,3.445472592614561,1082919.55,0.11107288625456987,2149.5,1060.5999755859375,-4.363807807775064,93.8242502821279,39.626258711597295,True,1605.0,2149.5,Strong Uptrend,Strong Positive,No Breakout,MANORAMA,MANORAMA.NS,Manorama Industries Limited,,Unavailable,0,60,,69.0,Momentum Watch,-5,64.0,2020.29,2073.41,2055.7,1967.16,2179.65,2268.19,88.54,123.95,212.49,1.4,2.4,Momentum Trade,Watch,Positive trend and momentum. Prefer entry near current price or on a controlled pullback.,Below ₹1967.16,1.4,Strong price trend | Strong positive momentum | RSI supports positive momentum | Price is above 200 DMA,Poor,207,231
575.7999877929688,584.5,562.0,582.3499755859375,230359.0,576.5999755859375,0.9972251549537292,553.4724914550782,481.0049981689453,451.33299896240237,465.955500793457,570.5386988155682,549.7046848958105,503.6080607902224,67.03834054031098,20.5,3.5202199466693047,552285.0,0.4171016775758893,779.0,329.20001220703125,-25.243905573050384,76.89852794407014,24.97974046755044,True,516.4000244140625,604.0,Strong Uptrend,Strong Positive,No Breakout,MANYAVAR,MANYAVAR.NS,Vedant Fashions Limited,,Unavailable,0,60,,69.0,Momentum Watch,-5,64.0,572.1,587.47,582.35,556.72,618.22,643.85,25.62,35.88,61.5,1.4,2.4,Momentum Trade,Watch,Positive trend and momentum. Prefer entry near current price or on a controlled pullback.,Below ₹556.72,1.4,Strong price trend | Strong positive momentum | RSI supports positive momentum | Price is above 200 DMA,Poor,207,231
63.349998474121094,63.349998474121094,59.0,62.40999984741211,12281.0,62.650001525878906,-0.3830832763310643,56.865000343322755,55.895200119018554,55.008500022888185,49.03869995117188,60.61100189248137,58.2809309508101,56.33417292959638,64.71158084863403,3.7635716029575894,6.030398353083235,39950.35,0.30740656840303027,68.88999938964844,34.11000061035156,-9.406299317241723,82.96686816379646,27.266831929790374,True,51.099998474121094,68.88999938964844,Strong Uptrend,Strong Positive,No Breakout,MARALOVER,MARALOVER.NS,Maral Overseas Limited,,Unavailable,0,60,,69.0,Momentum Watch,-5,64.0,60.53,63.35,62.41,57.71,69.0,73.7,4.7,6.59,11.29,1.4,2.4,Momentum Trade,Watch,Positive trend and momentum. Prefer entry near current price or on a controlled pullback.,Below ₹57.71,1.4,Strong price trend | Strong positive momentum | RSI supports positive momentum | Price is above 200 DMA,Poor,207,231
413.0,425.6499938964844,390.0,419.1499938964844,774758.0,408.8500061035156,2.519258319482809,397.0399993896484,327.04600036621093,286.4095004272461,240.59045013427735,414.3093914789004,394.07046230553385,345.99816961392867,65.84123909045526,21.935712541852677,5.233380141064738,1033353.2,0.7497513918764659,450.0,150.86000061035156,-6.855556911892362,177.84037664104554,74.21722003618602,True,347.0,450.0,Strong Uptrend,Strong Positive,No Breakout,MARINE,MARINE.NS,Marine Electricals (India) Limited,,Unavailable,0,60,,69.0,Momentum Watch,-5,64.0,408.18,424.63,419.15,391.73,457.54,484.96,27.42,38.39,65.81,1.4,2.4,Momentum Trade,Watch,Positive trend and momentum. Prefer entry near current price or on a controlled pullback.,Below ₹391.73,1.4,Strong price trend | Strong positive momentum | RSI supports positive momentum | Price is above 200 DMA,Poor,207,231
265.79998779296875,265.79998779296875,252.64999389648438,255.25,5715.0,261.0,-2.2030651340996132,249.18000106811525,237.9916000366211,228.91990020751953,217.2320499420166,260.2767489725125,252.30597651168924,240.89338401904743,66.18513892411138,11.90428706577846,4.663775539971972,16307.05,0.35046191677832594,308.0,159.1999969482422,-17.126623376623375,60.33291764633941,17.501077795901256,True,227.3000030517578,278.0,Strong Uptrend,Positive,No Breakout,MAZDA,MAZDA.NS,Mazda Limited,,Unavailable,0,60,,69.0,Momentum Watch,-5,64.0,249.3,258.23,255.25,240.37,278.0,290.96,14.88,22.75,35.71,1.53,2.4,Momentum Trade,Watch,Positive trend and momentum. Prefer entry near current price or on a controlled pullback.,Below ₹240.37,1.53,Strong price trend | Positive momentum | RSI supports positive momentum | Price is above 200 DMA,Acceptable,207,231
598.0999755859375,598.0999755859375,583.0,585.5,121416.0,595.6500244140625,-1.7040248464770924,572.9750030517578,571.192001953125,548.8720010375977,509.8645014953613,586.9642993029098,579.6014622103751,567.6609199434756,65.24292523076382,14.539284842354911,2.483225421409891,290697.05,0.41767193715932105,609.0499877929688,412.25,-3.8666756859001823,42.025469981807156,14.834431164125045,True,536.5999755859375,607.5,Strong Uptrend,Positive,No Breakout,METROPOLIS,METROPOLIS.NS,Metropolis Healthcare Limited,,Unavailable,0,60,,69.0,Momentum Watch,-5,64.0,578.23,589.13,585.5,567.33,610.94,629.12,18.17,25.44,43.62,1.4,2.4,Momentum Trade,Watch,Positive trend and momentum. Prefer entry near current price or on a controlled pullback.,Below ₹567.33,1.4,Strong price trend | Positive momentum | RSI supports positive momentum | Price is above 200 DMA,Poor,207,231
461.0,461.0,442.5,447.3999938964844,1941042.0,463.3500061035156,-3.4423248077972146,429.0824996948242,419.1200012207031,417.3499996948242,376.60899963378904,443.069171119083,432.927986736409,423.0175667421428,59.12805089410848,17.085717337472097,3.818890829360459,3115763.95,0.6229746640466778,482.3999938964844,266.6499938964844,-7.255389809874348,67.78548814449573,18.796947054247724,True,398.79998779296875,482.3999938964844,Strong Uptrend,Positive,No Breakout,MIDHANI,MIDHANI.NS,Mishra Dhatu Nigam Limited,,Unavailable,0,60,,69.0,Momentum Watch,-5,64.0,438.86,451.67,447.4,426.04,482.4,498.66,21.36,35.0,51.26,1.64,2.4,Momentum Trade,Watch,Positive trend and momentum. Prefer entry near current price or on a controlled pullback.,Below ₹426.04,1.64,Strong price trend | Positive momentum | RSI supports positive momentum | Price is above 200 DMA,Acceptable,207,231
445.0,475.0,439.70001220703125,469.95001220703125,94390.0,447.79998779296875,4.946410231771403,403.70250244140624,338.7070007324219,305.675099029541,274.866499710083,434.4196566076419,404.92951387043325,357.1056066312944,67.34642376447368,28.425000871930802,6.048515827978846,134029.95,0.7042455809317245,485.0,185.1999969482422,-3.1030902665914946,153.75271055666815,70.97391377367327,True,331.0,485.0,Strong Uptrend,Strong Positive,No Breakout,MMP,MMP.NS,MMP Industries Limited,,Unavailable,0,60,,69.0,Momentum Watch,-5,64.0,455.74,477.06,469.95,434.42,519.69,555.23,35.53,49.74,85.28,1.4,2.4,Momentum Trade,Watch,Positive trend and momentum. Prefer entry near current price or on a controlled pullback.,Below ₹434.42,1.4,Strong price trend | Strong positive momentum | RSI supports positive momentum | Price is above 200 DMA,Poor,207,231
498.8999938964844,517.0,495.0,503.04998779296875,92092.0,514.7999877929688,-2.282439836561412,443.91500091552734,351.46800048828123,301.24889984130857,221.51560012817382,485.5547292739776,445.44631939249405,377.40953759746816,69.74539689971861,32.31429399762835,6.423674541649599,289141.9,0.31850105432661263,546.0,114.0,-7.866302602020375,341.27191911663925,127.0946098161452,True,339.1499938964844,546.0,Strong Uptrend,Strong Positive,No Breakout,MODISONLTD,MODISONLTD.NS,MODISON LIMITED,,Unavailable,0,60,,69.0,Momentum Watch,-5,64.0,486.89,511.13,503.05,462.66,559.6,599.99,40.39,56.55,96.94,1.4,2.4,Momentum Trade,Watch,Positive trend and momentum. Prefer entry near current price or on a controlled pullback.,Below ₹462.66,1.4,Strong price trend | Strong positive momentum | RSI supports positive momentum | Price is above 200 DMA,Poor,207,231
213.8000030517578,217.0,201.35000610351562,207.38999938964844,46074.0,211.69000244140625,-2.03127356141819,196.1875,166.2467999267578,146.72720024108887,142.74634971618653,206.41737859864787,196.71664437829878,175.03363551229185,64.32690255220709,11.037142072405134,5.321925890779493,60516.75,0.7613429339810879,227.0,101.0999984741211,-8.638766788701128,105.13353364959224,45.28567616754387,True,171.0,227.0,Strong Uptrend,Strong Positive,No Breakout,MOLDTECH,MOLDTECH.NS,Mold-Tek Technologies Limited,,Unavailable,0,60,,69.0,Momentum Watch,-5,64.0,201.87,210.15,207.39,193.59,227.0,240.5,13.8,19.61,33.11,1.42,2.4,Momentum Trade,Watch,Positive trend and momentum. Prefer entry near current price or on a controlled pullback.,Below ₹193.59,1.42,Strong price trend | Strong positive momentum | RSI supports positive momentum | Price is above 200 DMA,Poor,207,231
192.60000610351562,192.60000610351562,185.0,189.38999938964844,8916.0,190.74000549316406,-0.7077729184421178,186.45599899291992,163.53039916992188,160.1636996459961,163.48044975280763,196.9991196275825,189.01615700728487,173.09757267841135,58.805503690612554,15.667857578822545,8.27280090253747,43874.1,0.2032178437848298,296.0,136.36000061035156,-36.016892098091745,38.88970265615501,15.848714434060843,True,146.0,234.0,Strong Uptrend,Positive,No Breakout,NATCAPSUQ,NATCAPSUQ.NS,Natural Capsules Limited,,Unavailable,0,60,,69.0,Momentum Watch,-5,64.0,181.56,193.31,189.39,169.81,234.0,236.39,19.58,44.61,47.0,2.28,2.4,Momentum Trade,Watch,Positive trend and momentum. Prefer entry near current price or on a controlled pullback.,Below ₹169.81,2.28,Strong price trend | Positive momentum | RSI supports positive momentum | Price is above 200 DMA,Strong,207,231
121.0,126.19999694824219,117.51000213623047,123.9800033569336,1063265.0,122.41999816894531,1.2743058416284203,115.34400062561035,99.31920013427734,89.19830047607422,81.891300239563,123.62578650749151,116.24971555924998,103.09891890983461,63.308900517606496,10.942858559744698,8.826309294605062,8274348.0,0.12850136349111738,138.88999938964844,62.5,-10.735111309839992,98.36800537109374,51.39581737528314,True,86.51000213623047,138.88999938964844,Strong Uptrend,Strong Positive,No Breakout,OMAXE,OMAXE.NS,Omaxe Limited,,Unavailable,0,60,,69.0,Momentum Watch,-5,64.0,118.51,126.72,123.98,110.3,143.13,156.81,13.68,19.15,32.83,1.4,2.4,Momentum Trade,Watch,Positive trend and momentum. Prefer entry near current price or on a controlled pullback.,Below ₹110.30,1.4,Strong price trend | Strong positive momentum | RSI supports positive momentum | Price is above 200 DMA,Poor,207,231
141.99000549316406,147.9600067138672,134.02999877929688,140.9199981689453,76296.0,141.0800018310547,-0.11341342503027319,120.80350036621094,106.39600006103515,98.34459983825684,95.92749973297119,138.22909157822258,126.64741444698089,111.8692641874178,67.75495308425565,12.20214353288923,8.658915477887245,174099.65,0.43823178277497976,180.0,78.05000305175781,-21.711112128363716,80.55091948618644,46.90260724111189,True,97.51000213623047,180.0,Strong Uptrend,Strong Positive,No Breakout,PAR,PAR.NS,Par Drugs And Chemicals Limited,,Unavailable,0,60,,69.0,Momentum Watch,-5,64.0,134.82,143.97,140.92,125.67,180.0,198.3,15.25,39.08,57.38,2.56,3.76,Momentum Trade,Watch,Positive trend and momentum. Prefer entry near current price or on a controlled pullback.,Below ₹125.67,2.56,Strong price trend | Strong positive momentum | RSI supports positive momentum | Price is above 200 DMA,Strong,207,231
156.25,156.3800048828125,153.02999877929688,155.9600067138672,1894916.0,157.11000061035156,-0.7319673426368745,155.2345001220703,148.35259979248048,138.6246999359131,136.20895008087157,157.07190530667094,155.15872478438143,148.87003479851842,58.05688683772821,5.9464296613420755,3.8127913601925667,6303543.2,0.30061124987610144,201.99000549316406,99.69999694824219,-22.78825562032804,56.42929938586816,14.500557137595427,True,145.07000732421875,168.0,Strong Uptrend,Positive,No Breakout,PARADEEP,PARADEEP.NS,Paradeep Phosphates Limited,,Unavailable,0,60,,69.0,Momentum Watch,-5,64.0,152.99,157.45,155.96,148.53,168.0,173.8,7.43,12.04,17.84,1.62,2.4,Momentum Trade,Watch,Positive trend and momentum. Prefer entry near current price or on a controlled pullback.,Below ₹148.53,1.62,Strong price trend | Positive momentum | RSI supports positive momentum | Price is above 200 DMA,Acceptable,207,231
310.0,315.6000061035156,307.0,310.8500061035156,313377.0,313.54998779296875,-0.861100875320675,294.53999786376954,284.11559814453125,268.9070991516113,262.3489493560791,304.96073859942703,297.5959129903996,285.25539150312494,58.72020560520783,12.275000435965401,3.948849990331904,1077328.0,0.2908835563542394,367.0,161.00999450683594,-15.299725857352692,93.06255307667747,18.487231173015807,True,263.29998779296875,324.8999938964844,Strong Uptrend,Positive,No Breakout,PFOCUS,PFOCUS.NS,Prime Focus Limited,,Unavailable,0,60,,69.0,Momentum Watch,-5,64.0,304.71,313.92,310.85,295.51,332.33,347.68,15.34,21.48,36.83,1.4,2.4,Momentum Trade,Watch,Positive trend and momentum. Prefer entry near current price or on a controlled pullback.,Below ₹295.51,1.4,Strong price trend | Positive momentum | RSI supports positive momentum | Price is above 200 DMA,Poor,207,231
2267.89990234375,2287.39990234375,2249.300048828125,2255.60009765625,290691.0,2295.60009765625,-1.742463769749747,2208.9400024414062,2149.5180029296876,2072.664002685547,1898.1925036621094,2260.696449836681,2220.575085233858,2154.2345588307976,58.30044678841774,66.64997209821429,2.954866519445046,424626.35,0.6845806907649514,,,,,18.828838134415133,True,2035.0,2326.39990234375,Strong Uptrend,Positive,No Breakout,PIRAMALFIN,PIRAMALFIN.NS,Piramal Finance Limited,,Unavailable,0,60,,69.0,Momentum Watch,-5,64.0,2222.28,2272.26,2255.6,2172.29,2372.24,2455.55,83.31,116.64,199.95,1.4,2.4,Momentum Trade,Watch,Positive trend and momentum. Prefer entry near current price or on a controlled pullback.,Below ₹2172.29,1.4,Strong price trend | Positive momentum | RSI supports positive momentum | Price is above 200 DMA,Poor,207,231
3288.0,3449.89990234375,3249.10009765625,3385.0,39123.0,3318.800048828125,1.994695377784228,3359.8250244140627,3198.02,3012.9839990234377,2741.56,3345.7862265877775,3335.4756299136106,3217.9905912616177,51.329001662488125,187.335693359375,5.534289316377401,29874.05,1.309598129480268,4105.5,2121.0,-17.549628547071002,59.594530881659594,23.469849282890035,True,3200.0,4105.5,Strong Uptrend,Positive,No Breakout,PRUDENT,PRUDENT.NS,Prudent Corporate Advisory Services Limited,,Unavailable,0,60,,69.0,Momentum Watch,-5,64.0,3291.33,3431.83,3385.0,3200.0,4105.5,4386.5,185.0,720.5,1001.5,3.89,5.41,Momentum Trade,Watch,Positive trend and momentum. Prefer entry near current price or on a controlled pullback.,Below ₹3200.00,3.89,Strong price trend | Positive momentum | Volume is above average | RSI supports positive momentum | Price is above 200 DMA,Strong,207,231
1228.0,1256.0,1212.0999755859375,1237.0999755859375,879763.0,1221.300048828125,1.2936973819802189,1216.9300048828125,1134.7139990234375,1065.142003173828,1038.1282528686525,1214.5704945711766,1203.8432052488201,1149.4344633790276,50.59589869296744,51.40000697544643,4.154878990366274,753838.55,1.167044322686867,1284.5,907.4000244140625,-3.6901537107094198,36.334575964418,19.166391259217527,True,1125.699951171875,1284.5,Strong Uptrend,Positive,No Breakout,PVRINOX,PVRINOX.NS,PVR INOX Limited,,Unavailable,0,60,,69.0,Momentum Watch,-5,64.0,1211.4,1249.95,1237.1,1172.85,1327.05,1391.3,64.25,89.95,154.2,1.4,2.4,Momentum Trade,Watch,Positive trend and momentum. Prefer entry near current price or on a controlled pullback.,Below ₹1172.85,1.4,Strong price trend | Positive momentum | RSI supports positive momentum | Price is above 200 DMA,Poor,207,231
1455.0,1473.5,1401.800048828125,1426.5,364591.0,1458.199951171875,-2.173909767751636,1398.8599853515625,1254.917998046875,1225.7244970703125,1019.6335000610352,1454.552979903353,1400.3036922216484,1302.3191271756766,61.72635333524024,70.40713936941964,4.9356564577230735,321788.1,1.1330157951770126,1570.0,581.0,-9.140127388535031,145.5249569707401,39.90321031180417,True,1235.5,1570.0,Strong Uptrend,Positive,No Breakout,QPOWER,QPOWER.NS,Quality Power Electrical Equipments Limited,,Unavailable,0,60,,69.0,Momentum Watch,-5,64.0,1391.3,1444.1,1426.5,1338.49,1570.0,1637.72,88.01,143.5,211.22,1.63,2.4,Momentum Trade,Watch,Positive trend and momentum. Prefer entry near current price or on a controlled pullback.,Below ₹1338.49,1.63,Strong price trend | Positive momentum | RSI supports positive momentum | Price is above 200 DMA,Acceptable,207,231
84.16000366210938,84.98999786376953,81.45999908447266,83.20999908447266,1473665.0,84.1500015258789,-1.1170557627585675,73.88049964904785,69.36040023803712,64.0240001296997,66.44010005950928,81.74055855955604,76.78103654117075,70.7319106948722,67.5087883845496,6.0799985613141745,7.306812436257709,3842959.65,0.38347136952114497,99.6500015258789,50.0099983215332,-16.49774429470211,66.3867264091554,25.240628791863447,True,64.48999786376953,97.5,Strong Uptrend,Strong Positive,No Breakout,RADHIKAJWE,RADHIKAJWE.NS,Radhika Jeweltech Limited,,Unavailable,0,60,,69.0,Momentum Watch,-5,64.0,80.17,84.73,83.21,75.61,97.5,101.45,7.6,14.29,18.24,1.88,2.4,Momentum Trade,Watch,Positive trend and momentum. Prefer entry near current price or on a controlled pullback.,Below ₹75.61,1.88,Strong price trend | Strong positive momentum | RSI supports positive momentum | Price is above 200 DMA,Acceptable,207,231
156.0,161.1999969482422,154.25,155.49000549316406,1372451.0,156.47999572753906,-0.632662488116853,139.41399993896485,127.01599975585937,116.82549964904786,115.65854976654053,148.2656387233438,140.7018382436583,129.8308321199909,63.760542639522605,9.866426740373884,6.3453768035320115,3537105.65,0.38801526892474925,161.1999969482422,85.0,-3.542178389067513,82.92941822725184,34.438833797435855,True,115.0,159.0,Strong Uptrend,Strong Positive,No Breakout,RGL,RGL.NS,Renaissance Global Limited,,Unavailable,0,60,,69.0,Momentum Watch,-5,64.0,150.56,157.96,155.49,143.16,172.76,185.09,12.33,17.27,29.6,1.4,2.4,Momentum Trade,Watch,Positive trend and momentum. Prefer entry near current price or on a controlled pullback.,Below ₹143.16,1.4,Strong price trend | Strong positive momentum | RSI supports positive momentum | Price is above 200 DMA,Poor,207,231
445.8999938964844,463.79998779296875,426.95001220703125,455.1000061035156,11703.0,445.8999938964844,2.063245645427614,407.19249725341797,390.3010003662109,334.9896002197266,272.86189994812014,433.4236094221332,413.7426335463983,385.1437674944258,65.8398041038378,26.54642595563616,5.833097253265691,14664.05,0.7980742018746527,488.29998779296875,169.02000427246094,-6.79909533471653,169.25807277219835,66.78767031602611,True,353.1000061035156,488.29998779296875,Strong Uptrend,Strong Positive,No Breakout,RUBYMILLS,RUBYMILLS.NS,The Ruby Mills Limited,,Unavailable,0,60,,69.0,Momentum Watch,-5,64.0,441.83,461.74,455.1,421.92,501.56,534.74,33.18,46.46,79.64,1.4,2.4,Momentum Trade,Watch,Positive trend and momentum. Prefer entry near current price or on a controlled pullback.,Below ₹421.92,1.4,Strong price trend | Strong positive momentum | RSI supports positive momentum | Price is above 200 DMA,Poor,207,231
762.5,762.5,740.4000244140625,740.9500122070312,97.0,762.5,-2.826227907274592,738.8500061035156,725.5030029296875,712.6475024414062,681.5825003051758,746.596357601686,738.8542767854216,727.3163593051403,52.06718346253229,28.350001743861608,3.8261692795465185,1580.0,0.06139240506329114,1300.0,491.1000061035156,-43.00384521484375,50.87558603101533,8.710245916712045,True,704.1500244140625,799.0,Strong Uptrend,Positive,No Breakout,RVTH,RVTH.NS,Revathi Equipment India Limited,,Unavailable,0,60,,69.0,Momentum Watch,-5,64.0,726.78,748.04,740.95,705.51,799.0,826.0,35.44,58.05,85.05,1.64,2.4,Momentum Trade,Watch,Positive trend and momentum. Prefer entry near current price or on a controlled pullback.,Below ₹705.51,1.64,Strong price trend | Positive momentum | RSI supports positive momentum | Price is above 200 DMA,Acceptable,207,231
148.0,148.0,138.0,141.30999755859375,2320.0,149.16000366210938,-5.262809004281177,137.56600036621094,130.73899993896484,128.72239990234374,120.69670001983643,142.9565372533266,139.11903329145693,133.09308998829,58.11684366648907,12.357143947056361,8.7447060792231,12134.35,0.19119277093540238,179.5,95.05000305175781,-21.275767376827996,48.66911417314302,17.078592484607732,True,123.30000305175781,179.5,Strong Uptrend,Positive,No Breakout,SECMARK,SECMARK.NS,SecMark Consultancy Limited,,Unavailable,0,60,,69.0,Momentum Watch,-5,64.0,135.13,144.4,141.31,125.86,179.5,198.04,15.45,38.19,56.73,2.47,3.67,Momentum Trade,Watch,Positive trend and momentum. Prefer entry near current price or on a controlled pullback.,Below ₹125.86,2.47,Strong price trend | Positive momentum | RSI supports positive momentum | Price is above 200 DMA,Strong,207,231
706.6500244140625,711.2999877929688,686.4500122070312,691.75,919480.0,713.0999755859375,-2.9939666690346978,655.4549926757812,629.8319952392578,542.3154977416992,451.0432485961914,686.3290198584981,666.6337994089345,623.1308985184266,69.31235934034406,22.689283098493302,3.279983100613416,1204714.75,0.763234616327226,721.5,222.0,-4.123354123354123,211.5990990990991,53.36666764284234,True,588.0999755859375,721.5,Strong Uptrend,Strong Positive,No Breakout,SHREEJISPG,SHREEJISPG.NS,Shreeji Shipping Global Limited,,Unavailable,0,60,,69.0,Momentum Watch,-5,64.0,680.41,697.42,691.75,663.39,731.46,759.82,28.36,39.71,68.07,1.4,2.4,Momentum Trade,Watch,Positive trend and momentum. Prefer entry near current price or on a controlled pullback.,Below ₹663.39,1.4,Strong price trend | Strong positive momentum | RSI supports positive momentum | Price is above 200 DMA,Poor,207,231
604.0,620.5999755859375,589.0,611.0999755859375,4670.0,590.2000122070312,3.5411662058005833,606.9300018310547,575.727001953125,541.7734991455078,512.0449990844727,605.0726054090759,600.5796419027192,580.2076030589967,50.015263453923936,30.48213849748884,4.9880771911767505,5775.45,0.8085950012553135,689.9500122070312,380.0,-11.428369479821598,60.81578304893092,19.34497489060011,True,535.5499877929688,689.9500122070312,Strong Uptrend,Positive,No Breakout,STEL,STEL.NS,Stel Holdings Limited,,Unavailable,0,60,,69.0,Momentum Watch,-5,64.0,595.86,618.72,611.1,573.0,689.95,702.55,38.1,78.85,91.45,2.07,2.4,Momentum Trade,Watch,Positive trend and momentum. Prefer entry near current price or on a controlled pullback.,Below ₹573.00,2.07,Strong price trend | Positive momentum | RSI supports positive momentum | Price is above 200 DMA,Strong,207,231
39.650001525878906,40.900001525878906,38.900001525878906,39.27000045776367,20479.0,39.63999938964844,-0.9333979252819757,38.971499824523924,38.51079978942871,37.8403999710083,34.47199998855591,39.57912224307613,39.20055405410352,38.49498542378134,57.1069310949918,1.8342862810407365,4.670960681585881,29675.3,0.6901025431924867,42.0,24.0,-6.499998910086495,63.62500190734863,13.918543951034506,True,36.310001373291016,42.0,Strong Uptrend,Positive,No Breakout,SUTLEJTEX,SUTLEJTEX.NS,Sutlej Textiles and Industries Limited,,Unavailable,0,60,,69.0,Momentum Watch,-5,64.0,38.35,39.73,39.27,36.98,42.48,44.77,2.29,3.21,5.5,1.4,2.4,Momentum Trade,Watch,Positive trend and momentum. Prefer entry near current price or on a controlled pullback.,Below ₹36.98,1.4,Strong price trend | Positive momentum | RSI supports positive momentum | Price is above 200 DMA,Poor,207,231
1598.9000244140625,1608.199951171875,1556.0999755859375,1589.300048828125,638884.0,1598.800048828125,-0.5941956285880345,1492.4800109863281,1434.826005859375,1297.6610070800782,1042.0625036621093,1545.169660215327,1502.8414491889446,1428.4962538367663,69.02587754692523,51.5,3.240420211273112,986557.5,0.647589218063823,1660.0,634.5,-4.259033203125,150.48070115494482,52.51484850888162,True,1392.5999755859375,1660.0,Strong Uptrend,Strong Positive,No Breakout,SYRMA,SYRMA.NS,Syrma SGS Technology Limited,,Unavailable,0,60,,69.0,Momentum Watch,-5,64.0,1563.55,1602.18,1589.3,1524.93,1679.43,1743.8,64.38,90.12,154.5,1.4,2.4,Momentum Trade,Watch,Positive trend and momentum. Prefer entry near current price or on a controlled pullback.,Below ₹1524.93,1.4,Strong price trend | Strong positive momentum | RSI supports positive momentum | Price is above 200 DMA,Poor,207,231
60.5,61.9900016784668,58.58000183105469,59.599998474121094,30543.0,60.65999984741211,-1.747447042461936,57.94999961853027,53.603599853515625,52.77029998779297,53.18214994430542,60.280875897332386,58.514697516207086,55.46690503206643,62.89790902492942,4.937143870762417,8.28379865295831,116513.0,0.26214242187567055,73.9000015258789,46.2599983215332,-19.350477343021595,28.837009590591272,12.067674090905898,True,49.060001373291016,69.6500015258789,Strong Uptrend,Positive,No Breakout,TARMAT,TARMAT.NS,Tarmat Limited,,Unavailable,0,60,,69.0,Momentum Watch,-5,64.0,57.13,60.83,59.6,53.43,69.65,74.41,6.17,10.05,14.81,1.63,2.4,Momentum Trade,Watch,Positive trend and momentum. Prefer entry near current price or on a controlled pullback.,Below ₹53.43,1.63,Strong price trend | Positive momentum | RSI supports positive momentum | Price is above 200 DMA,Acceptable,207,231
546.0,560.4000244140625,539.4000244140625,552.6500244140625,2465801.0,549.7999877929688,0.5183769887908696,542.2725006103516,535.2009985351563,530.2944995117188,471.57199935913087,563.2876655573423,551.9016080875745,540.8249445143405,59.958656503208935,29.307146344866073,5.30302090838383,5506835.55,0.44777095259363614,644.75,294.0,-14.284602650009692,87.97619878029337,17.19313809240522,True,499.70001220703125,622.7999877929688,Strong Uptrend,Positive,No Breakout,TEJASNET,TEJASNET.NS,Tejas Networks Limited,,Unavailable,0,60,,69.0,Momentum Watch,-5,64.0,538.0,559.98,552.65,516.02,622.8,640.57,36.63,70.15,87.92,1.91,2.4,Momentum Trade,Watch,Positive trend and momentum. Prefer entry near current price or on a controlled pullback.,Below ₹516.02,1.91,Strong price trend | Positive momentum | RSI supports positive momentum | Price is above 200 DMA,Acceptable,207,231
142.0,144.2100067138672,140.0500030517578,141.49000549316406,6496168.0,143.1699981689453,-1.1734250871462626,136.54350051879882,110.7513998413086,93.08410011291504,80.22954986572266,141.38294937957366,134.9232341159049,117.03221609704305,66.30434164510534,5.221430097307477,3.690317262415928,13114617.15,0.4953379824740061,147.64999389648438,51.0,-4.172020763941925,177.43138331992952,76.35647430400749,True,114.76000213623047,147.64999389648438,Strong Uptrend,Strong Positive,No Breakout,TFCILTD,TFCILTD.NS,Tourism Finance Corporation of India Limited,,Unavailable,0,60,,69.0,Momentum Watch,-5,64.0,138.88,142.8,141.49,134.96,150.63,157.15,6.53,9.14,15.66,1.4,2.4,Momentum Trade,Watch,Positive trend and momentum. Prefer entry near current price or on a controlled pullback.,Below ₹134.96,1.4,Strong price trend | Strong positive momentum | RSI supports positive momentum | Price is above 200 DMA,Poor,207,231
76.94999694824219,77.0,74.0,76.77999877929688,13215.0,76.9800033569336,-0.25981367746810147,70.91499900817871,61.61379943847656,57.55449970245361,61.517799873352054,73.40224351119058,70.34031742104267,64.32361142763104,60.39398334349136,3.966430119105748,5.165967937180098,18489.0,0.7147493104007788,87.88999938964844,45.0,-12.640801783484918,70.62221950954861,24.809403030286227,True,62.29999923706055,79.0,Strong Uptrend,Strong Positive,No Breakout,TOTAL,TOTAL.NS,Total Transport Systems Limited,,Unavailable,0,60,,69.0,Momentum Watch,-5,64.0,74.8,77.77,76.78,71.82,83.72,88.68,4.96,6.94,11.9,1.4,2.4,Momentum Trade,Watch,Positive trend and momentum. Prefer entry near current price or on a controlled pullback.,Below ₹71.82,1.4,Strong price trend | Strong positive momentum | RSI supports positive momentum | Price is above 200 DMA,Poor,207,231
94.0,97.44999694824219,93.44000244140625,96.2300033569336,7897.0,94.83999633789062,1.4656337755336146,93.51199989318847,91.28459991455078,89.09880004882812,86.94275024414063,96.77963230089725,94.70800331384075,91.93972577569114,58.713460885518465,5.152142660958426,5.353987822122633,29260.95,0.26988187328162616,110.9000015258789,70.0,-13.22813162046893,37.47143336704799,10.682032816668194,True,86.25,105.9000015258789,Strong Uptrend,Positive,No Breakout,UMIYA-MRO,UMIYA-MRO.NS,UMIYA BUILDCON LIMITED,,Unavailable,0,60,,69.0,Momentum Watch,-5,64.0,93.65,97.52,96.23,89.79,105.9,111.69,6.44,9.67,15.46,1.5,2.4,Momentum Trade,Watch,Positive trend and momentum. Prefer entry near current price or on a controlled pullback.,Below ₹89.79,1.5,Strong price trend | Positive momentum | RSI supports positive momentum | Price is above 200 DMA,Acceptable,207,231
178.0,180.61000061035156,173.0500030517578,174.35000610351562,1851750.0,176.92999267578125,-1.4581962804878223,168.5259994506836,160.57579956054687,152.7118999481201,150.12574974060058,175.25605368043406,170.16680200154715,162.2453517861939,63.57054998174496,8.80500248500279,5.0501876551556055,3695965.95,0.5010192261105652,189.39999389648438,120.23999786376953,-7.946139534299165,45.00167099225341,16.135976942510975,True,143.85000610351562,189.39999389648438,Strong Uptrend,Positive,No Breakout,VINCOFE,VINCOFE.NS,Vintage Coffee And Beverages Limited,,Unavailable,0,60,,69.0,Momentum Watch,-5,64.0,169.95,176.55,174.35,163.34,189.76,200.77,11.01,15.41,26.42,1.4,2.4,Momentum Trade,Watch,Positive trend and momentum. Prefer entry near current price or on a controlled pullback.,Below ₹163.34,1.4,Strong price trend | Positive momentum | RSI supports positive momentum | Price is above 200 DMA,Poor,207,231
2745.0,2761.800048828125,2658.5,2676.60009765625,1221515.0,2776.89990234375,-3.6119344670236475,2394.540002441406,1969.786005859375,1664.6175061035156,1248.4582528686524,2597.326817950933,2413.233143242415,2068.275901662636,64.86878119465464,120.49998256138393,4.501979308261219,3200537.95,0.381659276997481,2784.800048828125,710.0,-3.885375943504696,276.98592924735914,114.39243895469282,True,1846.0,2784.800048828125,Strong Uptrend,Strong Positive,No Breakout,WELCORP,WELCORP.NS,Welspun Corp Limited,,Unavailable,0,60,,69.0,Momentum Watch,-5,64.0,2616.35,2706.73,2676.6,2525.98,2887.48,3038.1,150.62,210.87,361.5,1.4,2.4,Momentum Trade,Watch,Positive trend and momentum. Prefer entry near current price or on a controlled pullback.,Below ₹2525.98,1.4,Strong price trend | Strong positive momentum | RSI supports positive momentum | Price is above 200 DMA,Poor,207,231
87.79000091552734,90.5,86.94999694824219,89.22000122070312,4722048.0,87.83999633789062,1.571043875621414,79.69350090026856,77.83780044555664,71.84640018463135,54.50895017623901,85.11162219821541,81.93516495589016,77.70077499450285,78.14763795763754,4.422857557024274,4.95724893130574,4255090.6,1.109740883073089,91.30000305175781,28.059999465942383,-2.2782056533728023,217.96152144975358,63.67954424408453,True,69.0,91.30000305175781,Strong Uptrend,Strong Positive,No Breakout,CONFIPET,CONFIPET.NS,Confidence Petroleum India Limited,,Unavailable,0,60,,67.0,52W High Watch,-3,64.0,91.96,93.51,91.96,86.88,100.81,107.44,5.09,8.85,15.48,1.74,3.04,52W High Breakout,Watch,Stock is near its rolling 52-week high. Entry requires breakout confirmation.,Below ₹86.88,1.74,Strong price trend | Strong positive momentum | RSI indicates overbought conditions | Price is above 200 DMA | Price is near 52-week high,Acceptable,304,231
11711.0,11831.0,11542.0,11669.0,53409.0,11851.0,-1.5357353809805074,11003.225,10194.85,9476.63,8426.9725,11439.716721453253,11070.668355211523,10387.408612711284,71.03264216793266,407.7142857142857,3.4939950785353133,52998.7,1.0077416993247004,11999.0,6324.0,-2.7502291857654804,84.51929158760278,38.472031325603595,True,10205.0,11999.0,Strong Uptrend,Strong Positive,No Breakout,CRAFTSMAN,CRAFTSMAN.NS,Craftsman Automation Limited,,Unavailable,0,60,,67.0,52W High Watch,-3,64.0,12060.16,12202.86,12060.16,11591.29,12875.59,13487.16,468.87,815.43,1427.0,1.74,3.04,52W High Breakout,Watch,Stock is near its rolling 52-week high. Entry requires breakout confirmation.,Below ₹11591.29,1.74,Strong price trend | Strong positive momentum | RSI indicates overbought conditions | Price is above 200 DMA | Price is near 52-week high,Acceptable,304,231
123.0,128.0,122.0,126.91000366210938,180836.0,123.55999755859375,2.711238402159255,113.166499710083,106.54900009155273,105.74299995422363,99.13540012359618,120.60870611033609,115.01342738377961,109.2810672218644,76.36939901433675,6.344998495919364,4.999604690590475,182134.0,0.9928733789407799,129.39999389648438,55.29999923706055,-1.9242583862615232,129.49368067451573,28.016837077255396,True,101.0,129.39999389648438,Strong Uptrend,Strong Positive,No Breakout,GLOBAL,GLOBAL.NS,Global Education Limited,,Unavailable,0,60,,67.0,52W High Watch,-3,64.0,130.35,132.57,130.35,123.05,143.04,152.56,7.3,12.69,22.21,1.74,3.04,52W High Breakout,Watch,Stock is near its rolling 52-week high. Entry requires breakout confirmation.,Below ₹123.05,1.74,Strong price trend | Strong positive momentum | RSI indicates overbought conditions | Price is above 200 DMA | Price is near 52-week high,Acceptable,304,231
6219.0,6591.5,6064.5,6583.0,109374.0,6278.0,4.858235106721875,5615.55,4998.48201171875,4420.171010742188,4232.6740051269535,6146.506126021662,5760.977853442661,5183.917508607765,77.47011952191235,294.42857142857144,4.472559189253706,129632.6,0.8437229524054906,6654.0,2719.0,-1.0670273519687408,142.11107024641413,55.52816002428119,True,5075.0,6654.0,Strong Uptrend,Strong Positive,No Breakout,SMLMAH,SMLMAH.NS,SML Mahindra Limited,,Unavailable,0,60,,67.0,52W High Watch,-3,64.0,6698.16,6801.21,6698.16,6359.57,7287.02,7728.66,338.59,588.86,1030.5,1.74,3.04,52W High Breakout,Watch,Stock is near its rolling 52-week high. Entry requires breakout confirmation.,Below ₹6359.57,1.74,Strong price trend | Strong positive momentum | RSI indicates overbought conditions | Price is above 200 DMA | Price is near 52-week high,Acceptable,304,231
22300.0,22500.0,22130.0,22290.0,148838.0,22370.0,-0.35762181493070866,20779.8,19450.86,18426.65,15869.02,21758.364513392782,20961.533252748282,19758.184713108814,78.66666666666667,509.92857142857144,2.28770108312504,147366.7,1.0099839380267048,22625.0,11646.0,-1.4806629834254144,91.3961875321999,40.462359994505015,True,19190.0,22625.0,Strong Uptrend,Strong Positive,No Breakout,SOLARINDS,SOLARINDS.NS,Solar Industries India Limited,,Unavailable,0,60,,67.0,52W High Watch,-3,64.0,22701.49,22879.96,22701.49,22115.07,23721.35,24486.24,586.42,1019.86,1784.75,1.74,3.04,52W High Breakout,Watch,Stock is near its rolling 52-week high. Entry requires breakout confirmation.,Below ₹22115.07,1.74,Strong price trend | Strong positive momentum | RSI indicates overbought conditions | Price is above 200 DMA | Price is near 52-week high,Acceptable,304,231
703.0,722.4000244140625,691.0499877929688,713.7999877929688,271781.0,710.0999755859375,0.5210551097369454,641.0899963378906,593.0419982910156,547.6805001831054,484.52925048828126,675.394377106879,647.6347866580073,603.2930513687243,72.73962485443124,29.242867606026785,4.096787350255379,295267.5,0.9204568738516768,722.4000244140625,375.0,-1.190481219608101,90.34666341145832,47.31824488896003,True,599.5999755859375,714.7999877929688,Strong Uptrend,Strong Positive,No Breakout,WSTCSTPAPR,WSTCSTPAPR.NS,West Coast Paper Mills Limited,,Unavailable,0,60,,67.0,52W High Watch,-3,64.0,726.79,737.02,726.79,693.16,785.27,829.14,33.63,58.49,102.35,1.74,3.04,52W High Breakout,Watch,Stock is near its rolling 52-week high. Entry requires breakout confirmation.,Below ₹693.16,1.74,Strong price trend | Strong positive momentum | RSI indicates overbought conditions | Price is above 200 DMA | Price is near 52-week high,Acceptable,304,231
753.0,784.4000244140625,740.5,776.3499755859375,398725.0,749.6500244140625,3.561655479534487,759.5149963378906,714.9909948730469,639.3469970703125,550.7802490234375,758.9324898356308,751.7645244230526,713.1602779154684,51.74520168952794,26.492863246372767,3.4124897378115726,364129.85,1.0950077286989792,796.5499877929688,409.29998779296875,-2.53593779632088,89.6774978597432,40.954577975961755,True,715.0999755859375,796.5499877929688,Strong Uptrend,Positive,No Breakout,AKUMS,AKUMS.NS,Akums Drugs and Pharmaceuticals Limited,,Unavailable,0,60,,66.0,52W High Watch,-3,63.0,800.52,809.8,800.52,770.06,853.51,893.25,30.47,52.99,92.73,1.74,3.04,52W High Breakout,Watch,Stock is near its rolling 52-week high. Entry requires breakout confirmation.,Below ₹770.06,1.74,Strong price trend | Positive momentum | RSI supports positive momentum | Price is above 200 DMA | Price is near 52-week high,Acceptable,355,309
1666.699951171875,1681.4000244140625,1655.5,1679.800048828125,494251.0,1668.4000244140625,0.6832908323689324,1647.860009765625,1608.2080029296876,1539.3969995117188,1384.8549975585938,1669.5954158497755,1652.16260126288,1607.4002204119488,59.57446808510638,40.257167271205354,2.396545189964119,821577.65,0.6015876892464151,1717.0,1036.0,-2.1665667543316833,62.14286185599662,21.297901353535167,True,1598.800048828125,1717.0,Strong Uptrend,Positive,No Breakout,AUROPHARMA,AUROPHARMA.NS,Aurobindo Pharma Limited,,Unavailable,0,60,,66.0,52W High Watch,-3,63.0,1723.04,1737.13,1723.04,1676.74,1803.55,1863.94,46.3,80.51,140.9,1.74,3.04,52W High Breakout,Watch,Stock is near its rolling 52-week high. Entry requires breakout confirmation.,Below ₹1676.74,1.74,Strong price trend | Positive momentum | RSI supports positive momentum | Price is above 200 DMA | Price is near 52-week high,Acceptable,355,309
609.9000244140625,613.4500122070312,598.0999755859375,600.7000122070312,862249.0,614.7999877929688,-2.2934248317984074,552.1549987792969,527.4289996337891,465.6485000610352,403.3,589.9137485634337,564.9029032553643,525.1246265211697,85.72007514298588,16.724993024553573,2.7842504885432406,646015.35,1.3347190589201945,616.9000244140625,213.14999389648438,-2.626035267613772,181.82032812947645,48.946196927109156,True,470.0,616.9000244140625,Strong Uptrend,Strong Positive,No Breakout,GCSL,GCSL.NS,Gretex Corporate Services Limited,,Unavailable,0,60,,66.0,52W High Watch,-3,63.0,619.41,625.26,619.41,600.18,652.86,677.95,19.23,33.45,58.54,1.74,3.04,52W High Breakout,Watch,Stock is near its rolling 52-week high. Entry requires breakout confirmation.,Below ₹600.18,1.74,Strong price trend | Strong positive momentum | Volume is above average | RSI indicates overbought conditions | Price is above 200 DMA | Price is near 52-week high,Acceptable,355,309
372.0,390.8500061035156,372.0,388.0,16707001.0,372.0,4.3010752688172005,377.3125,385.8669989013672,400.27449920654294,415.56999938964844,377.9347474545086,378.8462663560966,385.94014033030004,58.65324635017991,9.896429879324776,2.5506262575579317,4552819.2,3.6695946546702314,481.5,337.79998779296875,-19.418483904465216,14.86086856752579,-6.634261238814341,False,367.3500061035156,389.3999938964844,Downtrend,Positive,Near Breakout,INDUSTOWER,INDUSTOWER.NS,Indus Towers Limited,,Unavailable,0,60,,66.0,200 DMA Recovery Watch,-3,63.0,415.57,420.52,415.57,364.88,430.41,445.26,50.69,14.84,29.69,0.29,0.59,200 DMA Recovery,Confirmation Required,Stock is recovering around the 200 DMA. Confirmation above the recovery level is preferred.,Below ₹364.88,0.29,Price trend is weak | Positive momentum | Price is close to resistance | Volume is more than 2x average | RSI supports positive momentum | Price is below 200 DMA,Poor,355,309
1028.199951171875,1041.5,1022.7000122070312,1037.699951171875,2506618.0,1038.5999755859375,-0.08665746535905239,1009.0899963378906,1058.0460021972656,1045.6140002441407,1039.0899990844728,1018.8795063871369,1020.9058044284827,1037.9770108842954,59.573373920105645,24.349988664899552,2.3465346256787525,2024858.4,1.2379226122676035,1221.9000244140625,903.0,-15.074889071265623,14.916938114271872,-0.1337755068206331,False,980.2999877929688,1042.0999755859375,Downtrend,Positive,Near Breakout,MAXHEALTH,MAXHEALTH.NS,Max Healthcare Institute Limited,,Unavailable,0,60,,66.0,200 DMA Recovery Watch,-3,63.0,1039.09,1051.26,1039.09,974.21,1058.05,1106.75,64.88,18.96,67.66,0.29,1.04,200 DMA Recovery,Confirmation Required,Stock is recovering around the 200 DMA. Confirmation above the recovery level is preferred.,Below ₹974.21,0.29,Price trend is weak | Positive momentum | Price is close to resistance | Volume is above average | RSI supports positive momentum | Price is below 200 DMA | Price is near 200 DMA,Poor,355,309
23780.0,23895.0,23225.0,23535.0,43901.0,23800.0,-1.1134453781512565,23283.95,21160.34,19016.59,16573.635,23349.325032408364,22943.751637752106,21425.70064757356,52.360774818401936,685.1428571428571,2.9111657409936567,47164.55,0.930805021992153,24225.0,11500.0,-2.848297213622291,104.65217391304348,42.00264456167885,True,22527.0,24225.0,Strong Uptrend,Positive,No Breakout,NEULANDLAB,NEULANDLAB.NS,Neuland Laboratories Limited,,Unavailable,0,60,,66.0,52W High Watch,-3,63.0,24327.77,24567.57,24327.77,23539.86,25698.06,26725.77,787.91,1370.29,2398.0,1.74,3.04,52W High Breakout,Watch,Stock is near its rolling 52-week high. Entry requires breakout confirmation.,Below ₹23539.86,1.74,Strong price trend | Positive momentum | RSI supports positive momentum | Price is above 200 DMA | Price is near 52-week high,Acceptable,355,309
389.8999938964844,396.45001220703125,374.45001220703125,390.8999938964844,17080.0,383.3500061035156,1.9694763721824549,366.65249786376955,327.44899658203127,305.8153991699219,276.02674949645996,375.5365641224397,363.30253213059495,337.23616937952403,56.36569902774943,19.767857142857142,5.057011371581638,26930.5,0.6342251350699022,402.70001220703125,200.10000610351562,-2.9302254663157035,95.35231482914809,41.61670729723884,True,332.29998779296875,402.70001220703125,Strong Uptrend,Positive,No Breakout,SAHYADRI,SAHYADRI.NS,Sahyadri Industries Limited,,Unavailable,0,60,,66.0,52W High Watch,-3,63.0,405.67,412.58,405.67,382.93,445.2,474.85,22.73,39.54,69.19,1.74,3.04,52W High Breakout,Watch,Stock is near its rolling 52-week high. Entry requires breakout confirmation.,Below ₹382.93,1.74,Strong price trend | Positive momentum | RSI supports positive momentum | Price is above 200 DMA | Price is near 52-week high,Acceptable,355,309
3488.0,3488.0,3350.0,3383.699951171875,325242.0,3451.39990234375,-1.9615215010553189,3244.3449951171874,3330.047998046875,3163.8270043945313,2573.176999511719,3280.526677935653,3260.2118995676815,3247.432818321661,61.39234061869196,119.31431361607143,3.5261493435536257,307632.7,1.0572413140735688,3740.0,1302.0,-9.526739273479278,159.8847888764881,31.49891949966751,True,3081.199951171875,3464.0,Uptrend,Strong Positive,No Breakout,ACUTAAS,ACUTAAS.NS,Acutaas Chemicals Limited,,Unavailable,0,60,,67.0,Momentum Watch,-5,62.0,3324.04,3413.53,3383.7,3234.56,3592.5,3741.64,149.14,208.8,357.94,1.4,2.4,Momentum Trade,Watch,Positive trend and momentum. Prefer entry near current price or on a controlled pullback.,Below ₹3234.56,1.4,Price is in an uptrend | Strong positive momentum | RSI supports positive momentum | Price is above 200 DMA,Poor,304,318
1755.0,1771.9000244140625,1750.800048828125,1764.5999755859375,1674823.0,1768.0,-0.19230907319357504,1699.1899963378905,1739.03599609375,1757.5709985351561,1613.3700006103516,1727.905596229544,1712.708404727859,1723.0790392525043,57.96743607493683,41.985726492745535,2.379333960877118,2502756.45,0.6691913629869978,1891.0999755859375,1292.0,-6.6892285777120435,36.57894547878773,9.373545740801822,True,1593.0999755859375,1785.9000244140625,Uptrend,Positive,No Breakout,ADANIPORTS,ADANIPORTS.NS,Adani Ports and Special Economic Zone Limited,,Unavailable,0,60,,67.0,Momentum Watch,-5,62.0,1743.61,1775.1,1764.6,1712.12,1838.07,1890.56,52.48,73.48,125.96,1.4,2.4,Momentum Trade,Watch,Positive trend and momentum. Prefer entry near current price or on a controlled pullback.,Below ₹1712.12,1.4,Price is in an uptrend | Positive momentum | RSI supports positive momentum | Price is above 200 DMA,Poor,304,318
11.229999542236328,11.300000190734863,10.65999984741211,11.020000457763672,20102.0,10.869999885559082,1.3799500808078902,10.344000005722046,9.781800003051758,9.553899984359742,9.657099990844726,10.651844627185493,10.393278131604562,9.980143073035993,70.94020577381183,0.6685714040483747,6.066890891799929,28498.25,0.7053766459343995,12.199999809265137,7.550000190734863,-9.672125983193288,45.96026727637822,14.112937302202774,True,9.5,11.399999618530273,Strong Uptrend,Strong Positive,No Breakout,ADROITINFO,ADROITINFO.NS,Adroit Infotech Limited,,Unavailable,0,60,,67.0,Momentum Watch,-5,62.0,10.69,11.19,11.02,10.18,12.19,13.03,0.84,1.17,2.01,1.4,2.4,Momentum Trade,Watch,Positive trend and momentum. Prefer entry near current price or on a controlled pullback.,Below ₹10.18,1.4,Strong price trend | Strong positive momentum | RSI indicates overbought conditions | Price is above 200 DMA,Poor,304,318
390.0,428.8500061035156,388.04998779296875,423.3999938964844,18217.0,408.45001220703125,3.66017413212254,363.4840026855469,294.69420043945314,253.53739974975585,235.4292498779297,409.5467425857163,373.08105205009826,315.8510440395935,74.85523208183803,23.343571254185267,5.513361263744481,20180.25,0.90271428748405,472.0,141.3000030517578,-10.296611462609242,199.6461321670277,79.84171215599494,True,291.0,472.0,Strong Uptrend,Strong Positive,No Breakout,AKSHARCHEM,AKSHARCHEM.NS,AksharChem India Limited,,Unavailable,0,60,,67.0,Momentum Watch,-5,62.0,411.73,429.24,423.4,394.22,472.0,493.43,29.18,48.6,70.03,1.67,2.4,Momentum Trade,Watch,Positive trend and momentum. Prefer entry near current price or on a controlled pullback.,Below ₹394.22,1.67,Strong price trend | Strong positive momentum | RSI indicates overbought conditions | Price is above 200 DMA,Acceptable,304,318
1118.0,1200.0,1114.1500244140625,1139.3499755859375,4164751.0,1124.0999755859375,1.3566408977147226,900.7100006103516,859.4140002441407,814.8024969482422,661.3349980163574,1039.415617872462,950.5331705330999,874.6652699108122,78.61101252953091,74.33214896065849,6.524083956067268,3519526.35,1.1833271258219162,1218.300048828125,357.0,-6.4803472115206,219.14565142463235,72.28030861868237,True,773.7000122070312,1218.300048828125,Strong Uptrend,Strong Positive,No Breakout,ANTELOPUS,ANTELOPUS.NS,Antelopus Selan Energy Limited,,Unavailable,0,60,,67.0,Momentum Watch,-5,62.0,1102.18,1157.93,1139.35,1046.43,1269.43,1362.35,92.92,130.08,223.0,1.4,2.4,Momentum Trade,Watch,Positive trend and momentum. Prefer entry near current price or on a controlled pullback.,Below ₹1046.43,1.4,Strong price trend | Strong positive momentum | RSI indicates overbought conditions | Price is above 200 DMA,Poor,304,318
91.19999694824219,95.87999725341797,90.79000091552734,94.86000061035156,222204.0,91.20999908447266,4.001755906716453,82.67050018310547,80.57299987792969,79.81149993896484,78.57964988708495,89.41770251838254,85.13898255089076,81.73745159635493,70.29627316976666,4.884285518101284,5.1489410570046825,263268.1,0.8440217405754818,99.5,67.0,-4.663315969495917,41.58209046321129,20.718278519515753,True,75.4000015258789,99.5,Strong Uptrend,Strong Positive,No Breakout,ANUHPHR,ANUHPHR.NS,Anuh Pharma Limited,,Unavailable,0,60,,67.0,Momentum Watch,-5,62.0,92.42,96.08,94.86,88.75,103.41,109.51,6.11,8.55,14.65,1.4,2.4,Momentum Trade,Watch,Positive trend and momentum. Prefer entry near current price or on a controlled pullback.,Below ₹88.75,1.4,Strong price trend | Strong positive momentum | RSI indicates overbought conditions | Price is above 200 DMA,Poor,304,318
2176.199951171875,2176.199951171875,2109.800048828125,2153.5,591497.0,2194.800048828125,-1.8817226129631437,2174.3550048828124,1997.3500048828125,1926.3399963378906,1958.0189971923828,2184.23104388293,2152.1193732877346,2050.8465537791512,50.84982903829894,62.6785888671875,2.9105451064400976,651193.0,0.9083282529142666,2301.39990234375,1653.300048828125,-6.426519015366623,30.254638383784087,9.983611144116516,True,2037.0,2281.0,Uptrend,Positive,No Breakout,APLAPOLLO,APLAPOLLO.NS,APL Apollo Tubes Limited,,Unavailable,0,60,,67.0,Momentum Watch,-5,62.0,2122.16,2169.17,2153.5,2075.15,2281.0,2341.54,78.35,127.5,188.04,1.63,2.4,Momentum Trade,Watch,Positive trend and momentum. Prefer entry near current price or on a controlled pullback.,Below ₹2075.15,1.63,Price is in an uptrend | Positive momentum | RSI supports positive momentum | Price is above 200 DMA,Acceptable,304,318
1864.199951171875,1866.699951171875,1815.0,1831.800048828125,131542.0,1869.699951171875,-2.0270579950539824,1664.219989013672,1609.342001953125,1764.7520031738281,1585.6725042724609,1775.7211232303466,1702.5904419888864,1668.383088754641,72.04969200971416,73.45001220703125,4.009717777550019,196915.15,0.6680136089071866,2211.0,1063.300048828125,-17.150608375028266,72.27498962752541,15.521965846824878,True,1416.0999755859375,1939.0,Strong Uptrend,Strong Positive,No Breakout,AXISCADES,AXISCADES.NS,AXISCADES Technologies Limited,,Unavailable,0,60,,67.0,Momentum Watch,-5,62.0,1795.08,1850.16,1831.8,1739.99,1960.34,2052.15,91.81,128.54,220.35,1.4,2.4,Momentum Trade,Watch,Positive trend and momentum. Prefer entry near current price or on a controlled pullback.,Below ₹1739.99,1.4,Strong price trend | Strong positive momentum | RSI indicates overbought conditions | Price is above 200 DMA,Poor,304,318
301.45001220703125,301.45001220703125,301.45001220703125,301.45001220703125,11743.0,307.6000061035156,-1.9993477810318128,279.6200035095215,256.8960012817383,205.38690032958985,167.17340003967286,299.22057944061453,286.76113880361976,257.24468924711687,73.92539083475226,10.939284188406807,3.6288882884150873,11151.1,1.0530799652052263,318.5,94.7699966430664,-5.353214377698195,218.08591630786563,80.32175701127838,True,232.9499969482422,318.5,Strong Uptrend,Strong Positive,No Breakout,BAFNAPH,BAFNAPH.NS,Bafna Pharmaceuticals Limited,,Unavailable,0,60,,67.0,Momentum Watch,-5,62.0,295.98,304.18,301.45,287.78,320.59,334.27,13.67,19.14,32.82,1.4,2.4,Momentum Trade,Watch,Positive trend and momentum. Prefer entry near current price or on a controlled pullback.,Below ₹287.78,1.4,Strong price trend | Strong positive momentum | RSI indicates overbought conditions | Price is above 200 DMA,Poor,304,318
669.7999877929688,680.0,659.25,675.8499755859375,217886.0,673.0499877929688,0.416014834522227,623.4649963378906,587.1509973144531,581.2555004882812,581.2322515869141,657.685627297293,631.4770865151268,601.6450532346901,76.40769806262814,27.414289202008927,4.0562684312064565,1098931.9,0.19827070267047486,752.0999755859375,506.1000061035156,-10.138279813211803,33.54079577855249,16.278815179421404,True,548.7000122070312,695.5999755859375,Strong Uptrend,Strong Positive,No Breakout,GODREJAGRO,GODREJAGRO.NS,Godrej Agrovet Limited,,Unavailable,0,60,,67.0,Momentum Watch,-5,62.0,662.14,682.7,675.85,641.58,723.82,758.09,34.27,47.98,82.24,1.4,2.4,Momentum Trade,Watch,Positive trend and momentum. Prefer entry near current price or on a controlled pullback.,Below ₹641.58,1.4,Strong price trend | Strong positive momentum | RSI indicates overbought conditions | Price is above 200 DMA,Poor,304,318
519.7999877929688,522.0,508.54998779296875,516.8499755859375,636725.0,517.9000244140625,-0.2027512605957127,472.1749984741211,488.7886657714844,471.39149963378907,419.27816680908205,496.31257883481527,483.51655326251927,478.1790938656702,61.88161892899773,24.24285670689174,4.690501664319193,758974.15,0.8389284404482024,557.3666381835938,305.0,-7.269301716675454,69.45900838883196,23.27137840718634,True,422.5666809082031,539.0,Uptrend,Strong Positive,No Breakout,GOODLUCK,GOODLUCK.NS,Goodluck India Limited,,Unavailable,0,60,,67.0,Momentum Watch,-5,62.0,504.73,522.91,516.85,486.55,559.27,589.58,30.3,42.42,72.73,1.4,2.4,Momentum Trade,Watch,Positive trend and momentum. Prefer entry near current price or on a controlled pullback.,Below ₹486.55,1.4,Price is in an uptrend | Strong positive momentum | RSI supports positive momentum | Price is above 200 DMA,Poor,304,318
812.0,834.4000244140625,785.0999755859375,825.7999877929688,3972340.0,824.7999877929688,0.12124151488845936,733.5724945068359,688.507998046875,692.4954974365235,659.5602496337891,774.5683834566286,743.2167807997839,709.2782118475396,73.0607187537237,36.97143118722098,4.477044288415497,3535832.05,1.1234526820921826,874.3499755859375,516.2000122070312,-5.55269504759046,59.97674704853879,25.204632670249875,True,678.5,874.3499755859375,Strong Uptrend,Strong Positive,No Breakout,GRAPHITE,GRAPHITE.NS,Graphite India Limited,,Unavailable,0,60,,67.0,Momentum Watch,-5,62.0,807.31,835.04,825.8,779.59,890.5,936.71,46.21,64.7,110.91,1.4,2.4,Momentum Trade,Watch,Positive trend and momentum. Prefer entry near current price or on a controlled pullback.,Below ₹779.59,1.4,Strong price trend | Strong positive momentum | RSI indicates overbought conditions | Price is above 200 DMA,Poor,304,318
4500.0,4548.10009765625,4428.7001953125,4548.10009765625,588462.0,4545.0,0.06820896933443787,4338.6500244140625,4373.816005859375,4585.962001953125,3991.0819982910157,4491.523475222221,4414.446451627995,4422.784891098028,62.861316879967376,163.550048828125,3.5960081202347864,1009440.55,0.5829585506546175,5650.0,2523.199951171875,-19.502653138827434,80.25127558931389,13.956568659921043,True,4025.0,4825.0,Uptrend,Strong Positive,No Breakout,GVT&D,GVT&D.NS,GE Vernova T&D India Limited,,Unavailable,0,60,,67.0,Momentum Watch,-5,62.0,4466.33,4588.99,4548.1,4343.66,4834.31,5038.75,204.44,286.21,490.65,1.4,2.4,Momentum Trade,Watch,Positive trend and momentum. Prefer entry near current price or on a controlled pullback.,Below ₹4343.66,1.4,Price is in an uptrend | Strong positive momentum | RSI supports positive momentum | Price is above 200 DMA,Poor,304,318
231.02000427246094,232.38999938964844,221.97999572753906,224.9499969482422,902881.0,234.77999877929688,-4.186899174616365,218.0729995727539,222.32439910888672,212.01159942626953,207.10374992370606,228.63286457846078,223.12303267639894,218.79015479493793,55.48687162798221,13.926428658621651,6.190899687731903,3422524.85,0.26380553526148975,282.70001220703125,146.25,-20.428020079637164,53.8119637252938,8.617056442054004,True,195.0,257.0,Uptrend,Positive,No Breakout,HIKAL,HIKAL.NS,Hikal Limited,,Unavailable,0,60,,67.0,Momentum Watch,-5,62.0,217.99,228.43,224.95,207.54,257.0,266.73,17.41,32.05,41.78,1.84,2.4,Momentum Trade,Watch,Positive trend and momentum. Prefer entry near current price or on a controlled pullback.,Below ₹207.54,1.84,Price is in an uptrend | Positive momentum | RSI supports positive momentum | Price is above 200 DMA,Acceptable,304,318
189.44000244140625,192.39999389648438,184.5,185.22000122070312,1154009.0,187.66000366210938,-1.3002250846161023,169.88400115966797,163.25460021972657,163.8206004333496,155.13995056152345,183.34561252523554,174.88851165382528,167.01653756097593,73.7620275083135,8.133573259626116,4.391303966105891,2834566.8,0.4071200579926358,201.44000244140625,117.5,-8.05202592539737,57.63404359208777,19.388977855353197,True,149.9199981689453,201.44000244140625,Strong Uptrend,Strong Positive,No Breakout,HINDOILEXP,HINDOILEXP.NS,Hindustan Oil Exploration Company Limited,,Unavailable,0,60,,67.0,Momentum Watch,-5,62.0,181.15,187.25,185.22,175.05,201.44,209.62,10.17,16.22,24.4,1.6,2.4,Momentum Trade,Watch,Positive trend and momentum. Prefer entry near current price or on a controlled pullback.,Below ₹175.05,1.6,Strong price trend | Strong positive momentum | RSI indicates overbought conditions | Price is above 200 DMA,Acceptable,304,318
216.0,216.0,208.05999755859375,214.47000122070312,15176.0,219.00999450683594,-2.072961691248798,195.49949798583984,175.86139923095703,168.09459976196288,154.6230001449585,209.7043814210279,198.30075392514445,182.1790388069003,73.29370346800937,8.551428658621651,3.987237660255195,18388.65,0.8252916880793315,222.0,110.0,-3.391891342025619,94.97272838245738,38.705109213789854,True,174.0,222.0,Strong Uptrend,Strong Positive,No Breakout,IVP,IVP.NS,IVP Limited,,Unavailable,0,60,,67.0,Momentum Watch,-5,62.0,210.19,216.61,214.47,203.78,229.44,240.12,10.69,14.97,25.65,1.4,2.4,Momentum Trade,Watch,Positive trend and momentum. Prefer entry near current price or on a controlled pullback.,Below ₹203.78,1.4,Strong price trend | Strong positive momentum | RSI indicates overbought conditions | Price is above 200 DMA,Poor,304,318
40.0,40.0,37.650001525878906,39.09000015258789,860023.0,39.220001220703125,-0.33146625208826386,36.42100009918213,34.868799934387205,30.535500011444093,26.588400030136107,38.44371096612486,37.08517626141046,34.64556594659548,72.11426996971349,2.0528575352260043,5.251618130500566,783553.0,1.0975939087719657,40.95000076293945,16.149999618530273,-4.5421259479802,142.04335031523217,47.019001174505,True,31.770000457763672,40.95000076293945,Strong Uptrend,Strong Positive,No Breakout,KAMDHENU,KAMDHENU.NS,Kamdhenu Limited,,Unavailable,0,60,,67.0,Momentum Watch,-5,62.0,38.06,39.6,39.09,36.52,42.68,45.25,2.57,3.59,6.16,1.4,2.4,Momentum Trade,Watch,Positive trend and momentum. Prefer entry near current price or on a controlled pullback.,Below ₹36.52,1.4,Strong price trend | Strong positive momentum | RSI indicates overbought conditions | Price is above 200 DMA,Poor,304,318
143.0,143.05999755859375,136.3300018310547,138.57000732421875,35052.0,143.2100067138672,-3.239996628810393,135.2034996032715,136.2667999267578,131.9209999847412,126.30425010681152,138.2993824900833,137.02300971995103,135.1274529180769,58.032205700458086,6.227858407156808,4.494376905519818,100614.05,0.3483807678947423,169.0,94.75,-18.005912825906066,46.24802883822559,9.711278287970883,True,128.0,151.88999938964844,Uptrend,Positive,No Breakout,KOTHARIPET,KOTHARIPET.NS,Kothari Petrochemicals Limited,,Unavailable,0,60,,67.0,Momentum Watch,-5,62.0,135.46,140.13,138.57,130.79,151.89,157.25,7.78,13.32,18.68,1.71,2.4,Momentum Trade,Watch,Positive trend and momentum. Prefer entry near current price or on a controlled pullback.,Below ₹130.79,1.71,Price is in an uptrend | Positive momentum | RSI supports positive momentum | Price is above 200 DMA,Acceptable,304,318
170.0,176.38999938964844,169.0,175.55999755859375,1243946.0,170.6300048828125,2.88928824632404,173.22700042724608,173.81419982910157,163.9081996154785,154.57389961242677,174.27559433807406,173.94032725202618,171.38056208511045,51.80796241160578,7.165002005440848,4.081226990818056,916468.9,1.357324836663852,241.0,107.5999984741211,-27.153527983986,63.15985134592519,13.576740962598985,True,162.0,186.0,Uptrend,Positive,No Breakout,LXCHEM,LXCHEM.NS,Laxmi Organic Industries Limited,,Unavailable,0,60,,67.0,Momentum Watch,-5,62.0,171.98,177.35,175.56,166.6,188.1,197.06,8.96,12.54,21.5,1.4,2.4,Momentum Trade,Watch,Positive trend and momentum. Prefer entry near current price or on a controlled pullback.,Below ₹166.60,1.4,Price is in an uptrend | Positive momentum | Volume is above average | RSI supports positive momentum | Price is above 200 DMA,Poor,304,318
15.720000267028809,16.600000381469727,15.600000381469727,15.859999656677246,337674.0,16.030000686645508,-1.0605179206878534,14.78799991607666,15.501800003051757,15.134600019454956,13.907099990844726,15.251082761326163,15.03035398143836,15.130354306326954,67.17324426194202,0.8742858341761998,5.5125211418785565,1139431.65,0.2963530107312712,18.399999618530273,9.529999732971191,-13.804347904958888,66.42182687378245,14.042465122981401,True,13.899999618530273,17.0,Uptrend,Strong Positive,No Breakout,MGEL,MGEL.NS,Mangalam Global Enterprise Limited,,Unavailable,0,60,,67.0,Momentum Watch,-5,62.0,15.42,16.08,15.86,14.77,17.39,18.48,1.09,1.53,2.62,1.4,2.4,Momentum Trade,Watch,Positive trend and momentum. Prefer entry near current price or on a controlled pullback.,Below ₹14.77,1.4,Price is in an uptrend | Strong positive momentum | RSI supports positive momentum | Price is above 200 DMA,Poor,304,318
140.88999938964844,140.88999938964844,137.80999755859375,139.47999572753906,78890.0,142.57000732421875,-2.1673644090181465,136.47950134277343,138.0780014038086,137.8492004394531,133.789100151062,138.09663702126207,137.5375874835113,137.51435744055317,54.932605475117136,3.6678564889090404,2.6296648990969644,84209.35,0.9368318363697142,154.25,114.30999755859375,-9.575367437575972,22.019069815869354,4.253631700976716,True,132.19000244140625,146.5,Uptrend,Positive,No Breakout,MUKANDLTD,MUKANDLTD.NS,Mukand Limited,,Unavailable,0,60,,67.0,Momentum Watch,-5,62.0,137.65,140.4,139.48,134.9,146.5,150.48,4.58,7.02,11.0,1.53,2.4,Momentum Trade,Watch,Positive trend and momentum. Prefer entry near current price or on a controlled pullback.,Below ₹134.90,1.53,Price is in an uptrend | Positive momentum | RSI supports positive momentum | Price is above 200 DMA,Acceptable,304,318
19.399999618530273,19.399999618530273,18.360000610351562,19.100000381469727,28292.0,19.260000228881836,-0.8307364772103032,16.94200005531311,16.02199998855591,16.02850001335144,15.995850019454956,18.41603982017884,17.41143099380206,16.491005972186954,72.47957362686763,1.020714555467878,5.344055157496992,152574.35,0.1854309063089569,24.010000228881836,10.550000190734863,-20.44981174763101,81.04265437116841,19.405973163285147,True,14.100000381469727,19.950000762939453,Strong Uptrend,Strong Positive,No Breakout,NECCLTD,NECCLTD.NS,North Eastern Carrying Corporation Limited,,Unavailable,0,60,,67.0,Momentum Watch,-5,62.0,18.59,19.36,19.1,17.82,20.89,22.16,1.28,1.79,3.06,1.4,2.4,Momentum Trade,Watch,Positive trend and momentum. Prefer entry near current price or on a controlled pullback.,Below ₹17.82,1.4,Strong price trend | Strong positive momentum | RSI indicates overbought conditions | Price is above 200 DMA,Poor,304,318
306.1499938964844,307.6499938964844,302.3999938964844,305.1000061035156,699849.0,309.1499938964844,-1.3100397454074875,296.5900024414062,296.7560003662109,291.515400390625,270.30690048217775,304.48472911205596,299.4812685173933,294.8314537819999,63.208149729246294,12.232142857142858,4.009224061763107,2747948.4,0.2546805464032731,334.0,206.0,-8.652692783378555,48.106799079376515,12.871704554812835,True,275.8500061035156,319.6000061035156,Uptrend,Strong Positive,No Breakout,NORTHARC,NORTHARC.NS,Northern Arc Capital Limited,,Unavailable,0,60,,67.0,Momentum Watch,-5,62.0,298.98,308.16,305.1,289.81,326.51,341.8,15.29,21.41,36.7,1.4,2.4,Momentum Trade,Watch,Positive trend and momentum. Prefer entry near current price or on a controlled pullback.,Below ₹289.81,1.4,Price is in an uptrend | Strong positive momentum | RSI supports positive momentum | Price is above 200 DMA,Poor,304,318
2780.0,2890.0,2741.5,2811.39990234375,71947.0,2823.0,-0.41091383833687933,2596.2350219726563,2512.4720068359375,2574.4900024414064,2430.6059997558596,2743.3873208141868,2639.369579763583,2556.2924442351195,76.2946062591061,154.39285714285714,5.49167185408757,159686.3,0.4505521137379976,3345.0,1936.5,-15.95217033352018,45.17944241382649,15.666623987027886,True,2227.60009765625,2889.0,Strong Uptrend,Strong Positive,No Breakout,RATNAMANI,RATNAMANI.NS,Ratnamani Metals & Tubes Limited,,Unavailable,0,60,,67.0,Momentum Watch,-5,62.0,2734.2,2850.0,2811.4,2618.41,3081.59,3274.58,192.99,270.19,463.18,1.4,2.4,Momentum Trade,Watch,Positive trend and momentum. Prefer entry near current price or on a controlled pullback.,Below ₹2618.41,1.4,Strong price trend | Strong positive momentum | RSI indicates overbought conditions | Price is above 200 DMA,Poor,304,318
1118.0,1195.0,1096.050048828125,1158.550048828125,181225.0,1117.300048828125,3.6919357555980525,960.9550018310547,907.9630017089844,826.0625,645.1672496032714,1066.4794689677617,997.0699227213789,918.9884221312359,76.81239072824592,66.3107169015067,5.723595365481196,194444.2,0.9320154573908607,1211.0,328.0,-4.331127264399257,253.21647830125764,79.5735988676649,True,831.5499877929688,1211.0,Strong Uptrend,Strong Positive,No Breakout,SAKAR,SAKAR.NS,Sakar Healthcare Limited,,Unavailable,0,60,,67.0,Momentum Watch,-5,62.0,1125.39,1175.13,1158.55,1075.66,1274.59,1357.48,82.89,116.04,198.93,1.4,2.4,Momentum Trade,Watch,Positive trend and momentum. Prefer entry near current price or on a controlled pullback.,Below ₹1075.66,1.4,Strong price trend | Strong positive momentum | RSI indicates overbought conditions | Price is above 200 DMA,Poor,304,318
1774.5,1849.0,1774.5,1788.4000244140625,150565.0,1772.9000244140625,0.8742737766684217,1686.8199951171875,1543.0219970703124,1539.2250012207032,1382.909748840332,1752.106835948151,1691.2992550078004,1598.3123072330125,70.63291608666687,56.278573172433035,3.1468671664143884,129924.75,1.1588631111470293,1849.0,771.75,-3.2774459484011627,131.73307734552154,29.321528459377983,True,1476.5,1812.199951171875,Strong Uptrend,Strong Positive,No Breakout,SEAMECLTD,SEAMECLTD.NS,Seamec Limited,,Unavailable,0,60,,67.0,Momentum Watch,-5,62.0,1760.26,1802.47,1788.4,1718.05,1886.89,1957.24,70.35,98.49,168.84,1.4,2.4,Momentum Trade,Watch,Positive trend and momentum. Prefer entry near current price or on a controlled pullback.,Below ₹1718.05,1.4,Strong price trend | Strong positive momentum | RSI indicates overbought conditions | Price is above 200 DMA,Poor,304,318
590.7999877929688,602.4500122070312,590.0,592.2000122070312,8771.0,602.0,-1.6279049489981268,583.7850006103515,589.6470007324219,574.1770025634765,544.8510026550293,595.9819605458831,591.8152199766456,585.4622560332347,61.92293175743099,22.153573172433035,3.74089373788939,12562.35,0.6981973914116387,633.25,420.0,-6.482429971254441,41.00000290643601,8.690267489877556,True,526.0,628.5,Uptrend,Positive,No Breakout,SGIL,SGIL.NS,Synergy Green Industries Limited,,Unavailable,0,60,,67.0,Momentum Watch,-5,62.0,581.12,597.74,592.2,564.51,630.97,658.66,27.69,38.77,66.46,1.4,2.4,Momentum Trade,Watch,Positive trend and momentum. Prefer entry near current price or on a controlled pullback.,Below ₹564.51,1.4,Price is in an uptrend | Positive momentum | RSI supports positive momentum | Price is above 200 DMA,Poor,304,318
148.0,148.50999450683594,146.0,148.2899932861328,75913.0,148.41000366210938,-0.08086407453354871,145.5819984436035,141.08379943847658,130.1013996887207,120.45004974365234,147.58858464109343,145.8584837070576,140.4525003464367,78.21655656055606,2.4214281354631697,1.6329005631491973,78375.15,0.9685850680987533,1048.5999755859375,98.25,-85.85828755114446,50.93129087647106,23.11326861361269,True,140.50999450683594,152.0,Strong Uptrend,Strong Positive,No Breakout,SHANKARA,SHANKARA.NS,Shankara Building Products Limited,,Unavailable,0,60,,67.0,Momentum Watch,-5,62.0,147.08,148.9,148.29,145.26,152.53,155.55,3.03,4.24,7.26,1.4,2.4,Momentum Trade,Watch,Positive trend and momentum. Prefer entry near current price or on a controlled pullback.,Below ₹145.26,1.4,Strong price trend | Strong positive momentum | RSI indicates overbought conditions | Price is above 200 DMA,Poor,304,318
62.70000076293945,62.70000076293945,59.59000015258789,61.470001220703125,162.0,60.380001068115234,1.8052337418117181,61.17050018310547,61.22540000915527,62.4934001159668,59.49725004196167,61.233995500249286,61.29115784364586,61.38565324002825,55.38674524381264,2.781428745814732,4.524855523962387,1367.95,0.11842538104462882,77.01000213623047,43.0099983215332,-20.17919813589555,42.920259520047026,3.315701443932502,True,59.0,63.4900016784668,Uptrend,Positive,No Breakout,SHIVAMILLS,SHIVAMILLS.NS,Shiva Mills Limited,,Unavailable,0,60,,67.0,Momentum Watch,-5,62.0,60.08,62.17,61.47,59.0,66.34,69.81,2.47,4.87,8.34,1.97,3.38,Momentum Trade,Watch,Positive trend and momentum. Prefer entry near current price or on a controlled pullback.,Below ₹59.00,1.97,Price is in an uptrend | Positive momentum | RSI supports positive momentum | Price is above 200 DMA,Acceptable,304,318
495.54998779296875,506.45001220703125,478.79998779296875,486.8999938964844,157309.0,491.6000061035156,-0.9560643101459987,452.2,423.80500061035156,401.2309997558594,372.9725003051758,484.92158521699287,462.4906681307456,431.2690189726161,71.72337348716009,28.33929443359375,5.820352185015374,134196.3,1.1722305309460843,545.2000122070312,272.45001220703125,-10.693326670067709,78.71167997103827,30.545815977877762,True,371.0,545.2000122070312,Strong Uptrend,Strong Positive,No Breakout,SHREEPUSHK,SHREEPUSHK.NS,Shree Pushkar Chemicals & Fertilisers Limited,,Unavailable,0,60,,67.0,Momentum Watch,-5,62.0,472.73,493.98,486.9,451.48,545.2,571.92,35.42,58.3,85.02,1.65,2.4,Momentum Trade,Watch,Positive trend and momentum. Prefer entry near current price or on a controlled pullback.,Below ₹451.48,1.65,Strong price trend | Strong positive momentum | RSI indicates overbought conditions | Price is above 200 DMA,Acceptable,304,318
38.0,38.5,36.70000076293945,37.93000030517578,4502407.0,37.560001373291016,0.985087642057092,32.28999996185303,27.879400024414064,24.739699993133545,25.165599985122682,34.99016672584323,32.675641901618306,29.09083172925354,78.92802887292306,2.109999792916434,5.562878396888681,5211596.1,0.8639209396906258,46.72999954223633,16.649999618530273,-18.8315842569328,127.8078148600218,50.72162129096511,True,25.799999237060547,38.77000045776367,Strong Uptrend,Strong Positive,No Breakout,SIGACHI,SIGACHI.NS,Sigachi Industries Limited,,Unavailable,0,60,,67.0,Momentum Watch,-5,62.0,36.88,38.46,37.93,35.29,41.62,44.26,2.64,3.69,6.33,1.4,2.4,Momentum Trade,Watch,Positive trend and momentum. Prefer entry near current price or on a controlled pullback.,Below ₹35.29,1.4,Strong price trend | Strong positive momentum | RSI indicates overbought conditions | Price is above 200 DMA,Poor,304,318
836.0,836.0499877929688,804.5999755859375,818.3499755859375,176561.0,828.1500244140625,-1.1833663634869485,735.279995727539,726.102001953125,720.9620013427734,684.9960006713867,782.4765630456038,752.152744619571,731.5683090823173,75.50242629880132,28.064278738839285,3.429373688041635,279079.45,0.6326549661754027,979.0,462.29998779296875,-16.409604128096273,77.01708786382625,19.46784722594676,True,688.0499877929688,843.7999877929688,Strong Uptrend,Strong Positive,No Breakout,SPLPETRO,SPLPETRO.NS,Supreme Petrochem Limited,,Unavailable,0,60,,67.0,Momentum Watch,-5,62.0,804.32,825.37,818.35,783.27,867.46,902.54,35.08,49.11,84.19,1.4,2.4,Momentum Trade,Watch,Positive trend and momentum. Prefer entry near current price or on a controlled pullback.,Below ₹783.27,1.4,Strong price trend | Strong positive momentum | RSI indicates overbought conditions | Price is above 200 DMA,Poor,304,318
114.25,117.0,112.0999984741211,115.5199966430664,140099.0,114.20999908447266,1.14700776560277,111.7819995880127,112.87219985961914,106.90170021057129,102.3173002243042,114.74073796277024,113.3621840599274,111.35758303993107,64.90250434219766,4.057857513427734,3.512688392785969,205908.5,0.680394447048082,121.30000305175781,82.5,-4.765050505584176,40.02423835523201,12.903679426469136,True,103.5,121.30000305175781,Uptrend,Strong Positive,No Breakout,TEXINFRA,TEXINFRA.NS,Texmaco Infrastructure & Holdings Limited,,Unavailable,0,60,,67.0,Momentum Watch,-5,62.0,113.49,116.53,115.52,110.45,122.62,127.69,5.07,7.1,12.17,1.4,2.4,Momentum Trade,Watch,Positive trend and momentum. Prefer entry near current price or on a controlled pullback.,Below ₹110.45,1.4,Price is in an uptrend | Strong positive momentum | RSI supports positive momentum | Price is above 200 DMA,Poor,304,318
232.0,233.0,225.85000610351562,230.9499969482422,15876.0,230.47000122070312,0.20826820193375895,223.71850128173827,225.7167999267578,224.47300048828126,206.50000022888185,227.2619213349562,225.60948305857178,224.65212252501453,54.98736461514255,11.254284449986049,4.873039445204334,11394.45,1.3933099008727932,254.97000122070312,146.0,-9.42071779325487,58.184929416604234,11.840192102789487,True,204.1999969482422,239.97000122070312,Uptrend,Positive,No Breakout,UNIDT,UNIDT.NS,United Drilling Tools Limited,,Unavailable,0,60,,67.0,Momentum Watch,-5,62.0,225.32,233.76,230.95,216.88,250.64,264.71,14.07,19.69,33.76,1.4,2.4,Momentum Trade,Watch,Positive trend and momentum. Prefer entry near current price or on a controlled pullback.,Below ₹216.88,1.4,Price is in an uptrend | Positive momentum | Volume is above average | RSI supports positive momentum | Price is above 200 DMA,Poor,304,318
44.0,44.0,41.0,43.279998779296875,144169.0,43.06999969482422,0.48757623858979304,38.303999710083005,33.51159984588623,33.174999980926515,30.793199939727785,41.21532369220853,38.621175097118716,35.31092682684181,74.44112687650727,2.336428778512137,5.398403060098456,136687.95,1.054730866912555,51.15999984741211,20.600000381469727,-15.402660460550877,110.09707756233071,40.55050746271833,True,31.25,44.0,Strong Uptrend,Strong Positive,No Breakout,UNITEDPOLY,UNITEDPOLY.NS,United Polyfab Gujarat Limited,,Unavailable,0,60,,67.0,Momentum Watch,-5,62.0,42.11,43.86,43.28,40.36,47.37,50.29,2.92,4.09,7.01,1.4,2.4,Momentum Trade,Watch,Positive trend and momentum. Prefer entry near current price or on a controlled pullback.,Below ₹40.36,1.4,Strong price trend | Strong positive momentum | RSI indicates overbought conditions | Price is above 200 DMA,Poor,304,318
389.1000061035156,405.0,381.25,397.45001220703125,621233.0,392.0,1.3903092364875747,360.89000091552737,325.83300048828124,301.1963003540039,280.876050491333,371.9107675446544,359.0204832747237,333.7123938210938,70.543611449195,19.132147652762278,4.813724258434886,604412.9,1.027828823640263,423.8500061035156,206.39999389648438,-6.228617085365048,92.56299610472084,41.50370297210348,True,326.1000061035156,423.8500061035156,Strong Uptrend,Strong Positive,No Breakout,VSSL,VSSL.NS,Vardhman Special Steels Limited,,Unavailable,0,60,,67.0,Momentum Watch,-5,62.0,387.88,402.23,397.45,373.53,430.93,454.85,23.92,33.48,57.4,1.4,2.4,Momentum Trade,Watch,Positive trend and momentum. Prefer entry near current price or on a controlled pullback.,Below ₹373.53,1.4,Strong price trend | Strong positive momentum | RSI indicates overbought conditions | Price is above 200 DMA,Poor,304,318
164.11000061035156,169.8800048828125,164.11000061035156,169.5800018310547,145.0,164.5500030517578,3.0568208362261373,166.14750061035156,167.91620056152342,162.12860031127929,156.86975036621095,166.96859891740198,166.70264694734456,166.00899489241664,55.899024687247824,5.104997907366071,3.010377315865324,2159.65,0.0671405088787535,193.1999969482422,133.10000610351562,-12.225670543625961,27.407959470090137,8.102423466074098,True,160.0,172.97000122070312,Uptrend,Positive,No Breakout,WIPL,WIPL.NS,The Western India Plywoods Limited,,Unavailable,0,60,,67.0,Momentum Watch,-5,62.0,167.03,170.86,169.58,163.2,178.51,184.89,6.38,8.93,15.31,1.4,2.4,Momentum Trade,Watch,Positive trend and momentum. Prefer entry near current price or on a controlled pullback.,Below ₹163.20,1.4,Price is in an uptrend | Positive momentum | RSI supports positive momentum | Price is above 200 DMA,Poor,304,318
1269.800048828125,1309.199951171875,1239.199951171875,1294.699951171875,50993.0,1265.5,2.30738452563215,1208.1149963378907,1271.20599609375,1230.6520001220704,1100.105999145508,1281.8474147018683,1246.491847490193,1240.2031463210772,62.10380918710484,65.27143205915179,5.0414331135235235,167762.7,0.3039591041393587,1574.800048828125,788.0499877929688,-17.786391222471977,64.29160221140819,17.68865474577134,True,1080.0999755859375,1408.699951171875,Uptrend,Strong Positive,No Breakout,XPROINDIA,XPROINDIA.NS,Xpro India Limited,,Unavailable,0,60,,67.0,Momentum Watch,-5,62.0,1262.06,1311.02,1294.7,1213.11,1408.92,1490.51,81.59,114.23,195.81,1.4,2.4,Momentum Trade,Watch,Positive trend and momentum. Prefer entry near current price or on a controlled pullback.,Below ₹1213.11,1.4,Price is in an uptrend | Strong positive momentum | RSI supports positive momentum | Price is above 200 DMA,Poor,304,318
567.8499755859375,570.0,545.2999877929688,552.0,210690.0,566.2999877929688,-2.5251612398403678,528.4400009155273,546.9560009765624,529.7704992675781,481.05224975585935,547.8810228588503,539.1646404614254,535.9478332876794,68.44001403421873,16.88213893345424,3.058358502437362,610705.3,0.3449945497443693,611.8499755859375,367.54998779296875,-9.781805667087301,50.18365347108299,14.748449940759578,True,490.0,581.0,Uptrend,Strong Positive,No Breakout,ZYDUSWELL,ZYDUSWELL.NS,Zydus Wellness Limited,,Unavailable,0,60,,67.0,Momentum Watch,-5,62.0,543.56,556.22,552.0,530.9,581.54,602.65,21.1,29.54,50.65,1.4,2.4,Momentum Trade,Watch,Positive trend and momentum. Prefer entry near current price or on a controlled pullback.,Below ₹530.90,1.4,Price is in an uptrend | Strong positive momentum | RSI supports positive momentum | Price is above 200 DMA,Poor,304,318
716.0,722.4000244140625,694.0,699.7999877929688,83837.0,715.7999877929688,-2.235261284277601,606.9849975585937,635.2740002441407,687.4780029296875,671.2710025024414,653.0380990547803,627.8548195065976,639.1578341373029,65.54877584113848,38.817862374441965,5.546993862755822,393003.0,0.21332407131752176,941.75,513.4000244140625,-25.691533019063577,36.306964260791055,4.249995185874807,True,540.0,779.3499755859375,Sideways,Strong Positive,No Breakout,ASTEC,ASTEC.NS,Astec LifeSciences Limited,,Unavailable,0,60,,65.0,200 DMA Recovery Watch,-3,62.0,671.27,690.68,671.27,530.3,779.35,856.99,140.98,108.08,185.71,0.77,1.32,200 DMA Recovery,Confirmation Required,Stock is recovering around the 200 DMA. Confirmation above the recovery level is preferred.,Below ₹530.30,0.77,Strong positive momentum | RSI supports positive momentum | Price is above 200 DMA,Poor,419,318
3280.0,3394.39990234375,3193.199951171875,3384.0,4326473.0,3306.0,2.3593466424682408,3321.355017089844,3506.8040087890627,3730.5120092773436,3292.3140063476562,3332.624673410087,3358.350580509119,3479.3181908228617,58.158376080233246,114.22141810825893,3.3753374145466584,4774466.5,0.9061688881888689,4446.7998046875,2021.5,-23.90032948115119,67.40044521395004,2.784849606555483,True,3131.5,3539.39990234375,Sideways,Positive,No Breakout,BSE,BSE.NS,BSE Limited,,Unavailable,0,60,,65.0,200 DMA Recovery Watch,-3,62.0,3292.31,3349.42,3292.31,3102.94,3539.4,3767.84,189.37,247.09,475.53,1.3,2.51,200 DMA Recovery,Confirmation Required,Stock is recovering around the 200 DMA. Confirmation above the recovery level is preferred.,Below ₹3102.94,1.3,Positive momentum | RSI supports positive momentum | Price is above 200 DMA | Price is near 200 DMA,Poor,419,318
161.97999572753906,161.97999572753906,157.0,157.1999969482422,808.0,155.27999877929688,1.2364748738015185,154.62950057983397,152.79320037841796,152.78170043945312,156.0665503692627,157.04664053103977,155.49187659149163,153.72420460938918,62.95936843772551,6.893567766462054,4.385221310616023,1875.25,0.43087588321557124,194.97000122070312,124.98999786376953,-19.372213179455162,25.770061312889474,0.7262584944036284,True,145.0,166.00999450683594,Sideways,Strong Positive,No Breakout,HISARMETAL,HISARMETAL.NS,Hisar Metal Industries Limited,,Unavailable,0,60,,65.0,200 DMA Recovery Watch,-3,62.0,156.07,159.51,156.07,143.28,166.01,179.8,12.79,9.94,23.73,0.78,1.86,200 DMA Recovery,Confirmation Required,Stock is recovering around the 200 DMA. Confirmation above the recovery level is preferred.,Below ₹143.28,0.78,Strong positive momentum | RSI supports positive momentum | Price is above 200 DMA | Price is near 200 DMA,Poor,419,318
227.38999938964844,228.0,220.22999572753906,221.1199951171875,163779.0,227.38999938964844,-2.7573790796827646,212.02199935913086,202.51039978027345,201.54279998779296,215.25735008239747,217.82610698342046,212.89409154200783,206.3907468455568,65.23615859839245,7.3528562273297995,3.325278758003313,298389.2,0.5488771041311147,312.5,188.5,-29.2416015625,17.30503719744695,2.7235516150997388,True,190.0,233.99000549316406,Sideways,Strong Positive,No Breakout,JUNIPER,JUNIPER.NS,Juniper Hotels Limited,,Unavailable,0,60,,65.0,200 DMA Recovery Watch,-3,62.0,215.26,218.93,215.26,188.16,233.99,248.7,27.1,18.73,33.44,0.69,1.23,200 DMA Recovery,Confirmation Required,Stock is recovering around the 200 DMA. Confirmation above the recovery level is preferred.,Below ₹188.16,0.69,Strong positive momentum | RSI supports positive momentum | Price is above 200 DMA | Price is near 200 DMA,Poor,419,318
1711.0,1729.0999755859375,1697.0999755859375,1711.0,21366.0,1715.4000244140625,-0.2565013612825018,1666.2949951171875,1602.0019995117189,1598.8439990234374,1709.5505004882812,1706.297859258422,1672.817521666505,1628.949203017049,69.66078149573507,42.92143031529018,2.5085581715540726,27927.6,0.7650496283246682,2048.0,1314.9000244140625,-16.455078125,30.1239613834858,0.08478834122214204,True,1555.5999755859375,1750.0,Sideways,Strong Positive,No Breakout,LGBBROSLTD,LGBBROSLTD.NS,LG Balakrishnan & Bros Limited,,Unavailable,0,60,,65.0,200 DMA Recovery Watch,-3,62.0,1709.55,1731.01,1709.55,1544.87,1750.0,1835.84,164.68,40.45,126.29,0.25,0.77,200 DMA Recovery,Confirmation Required,Stock is recovering around the 200 DMA. Confirmation above the recovery level is preferred.,Below ₹1544.87,0.25,Strong positive momentum | RSI supports positive momentum | Price is above 200 DMA | Price is near 200 DMA,Poor,419,318
91.98999786376953,93.4000015258789,88.7699966430664,90.61000061035156,346480.0,92.3499984741211,-1.884134155407835,84.39149932861328,83.9997998046875,83.05069984436035,89.07865007400513,88.79292701997817,85.96389547388014,83.85251463699323,63.61268911159788,4.832856859479632,5.333690350872276,1103265.5,0.31404951935866754,164.5,55.599998474121094,-44.9179327596647,62.9676314694969,1.7190993970768704,True,76.97000122070312,100.0,Sideways,Strong Positive,No Breakout,MASTERTR,MASTERTR.NS,Master Trust Limited,,Unavailable,0,60,,65.0,200 DMA Recovery Watch,-3,62.0,89.08,91.5,89.08,75.76,100.0,109.67,13.32,10.92,20.59,0.82,1.55,200 DMA Recovery,Confirmation Required,Stock is recovering around the 200 DMA. Confirmation above the recovery level is preferred.,Below ₹75.76,0.82,Strong positive momentum | RSI supports positive momentum | Price is above 200 DMA | Price is near 200 DMA,Poor,419,318
44.25,45.5,43.470001220703125,45.20000076293945,24429679.0,44.40999984741211,1.778880698585228,44.70650005340576,43.39179992675781,42.23039989471435,44.30545000076294,45.398471823564996,44.92937855581695,43.72995776591201,61.71226010713816,1.351428440638951,2.989885880150292,24452802.75,0.99905435175524,57.88999938964844,35.83000183105469,-21.92088229487551,26.151265568073654,2.019053552466142,True,41.77000045776367,47.4900016784668,Sideways,Positive,No Breakout,SAGILITY,SAGILITY.NS,SAGILITY LIMITED,,Unavailable,0,60,,65.0,200 DMA Recovery Watch,-3,62.0,44.31,44.98,44.31,41.43,47.49,50.19,2.87,3.18,5.89,1.11,2.05,200 DMA Recovery,Confirmation Required,Stock is recovering around the 200 DMA. Confirmation above the recovery level is preferred.,Below ₹41.43,1.11,Positive momentum | RSI supports positive momentum | Price is above 200 DMA | Price is near 200 DMA,Poor,419,318
673.7999877929688,673.7999877929688,656.0999755859375,662.0,8117.0,669.1500244140625,-1.0685233734129218,656.4324981689454,657.392998046875,660.2599993896484,660.791499633789,661.614296170974,659.9496413381707,658.873011832975,61.1031440953337,16.875004359654017,2.5490943141471325,16650.45,0.4874943319850214,883.4500122070312,556.0,-25.066501686247726,19.06474820143885,0.18288679059593035,True,640.0999755859375,685.0,Sideways,Strong Positive,No Breakout,SUNDROP,SUNDROP.NS,Sundrop Brands Limited,,Unavailable,0,60,,65.0,200 DMA Recovery Watch,-3,62.0,660.79,669.23,660.79,635.88,685.0,718.75,24.91,24.21,57.96,0.97,2.33,200 DMA Recovery,Confirmation Required,Stock is recovering around the 200 DMA. Confirmation above the recovery level is preferred.,Below ₹635.88,0.97,Strong positive momentum | RSI supports positive momentum | Price is above 200 DMA | Price is near 200 DMA,Poor,419,318
1756.199951171875,1785.0,1747.800048828125,1761.5999755859375,167102.0,1764.4000244140625,-0.1586969388676418,1710.3000122070312,1765.747998046875,1795.732996826172,1714.6769989013671,1742.9609485814985,1733.285421552146,1756.7642247482124,67.06297683723302,44.17143031529018,2.507460883711583,263907.45,0.633184095409205,2110.0,1322.5,-16.5118494982968,33.20226658494801,2.736549024372228,True,1640.199951171875,1784.0,Sideways,Strong Positive,No Breakout,TATACOMM,TATACOMM.NS,Tata Communications Limited,,Unavailable,0,60,,65.0,200 DMA Recovery Watch,-3,62.0,1714.68,1736.76,1714.68,1629.16,1784.0,1872.34,85.52,69.32,157.67,0.81,1.84,200 DMA Recovery,Confirmation Required,Stock is recovering around the 200 DMA. Confirmation above the recovery level is preferred.,Below ₹1629.16,0.81,Strong positive momentum | RSI supports positive momentum | Price is above 200 DMA | Price is near 200 DMA,Poor,419,318
55.9900016784668,55.9900016784668,54.060001373291016,55.650001525878906,2687.0,55.959999084472656,-0.5539627656637403,53.946000480651854,51.721800079345705,53.90320014953613,53.27585006713867,55.105157434729314,54.024593748873635,52.89076344107962,65.85542146303209,3.660000664847238,6.57682042137093,14914.0,0.18016628671047338,69.4000015258789,35.400001525878906,-19.81267967965778,57.20338736481801,4.4563370753320894,True,48.099998474121094,59.0,Sideways,Strong Positive,No Breakout,VITAL,VITAL.NS,Vital Chemtech Limited,,Unavailable,0,60,,65.0,200 DMA Recovery Watch,-3,62.0,53.28,55.11,53.28,47.18,59.0,66.32,6.09,5.72,13.04,0.94,2.14,200 DMA Recovery,Confirmation Required,Stock is recovering around the 200 DMA. Confirmation above the recovery level is preferred.,Below ₹47.18,0.94,Strong positive momentum | RSI supports positive momentum | Price is above 200 DMA,Poor,419,318
118.44999694824219,122.80000305175781,117.0,119.70999908447266,8436.0,120.16999816894531,-0.38279028999064213,113.87450065612794,111.96580032348633,116.29670021057129,118.95615020751953,118.82450080365246,115.64685011056773,113.89612050451251,69.1479470814163,4.184285845075335,3.495351998225911,15519.15,0.5435864721972531,164.5800018310547,100.80000305175781,-27.263338344498354,18.75991613115837,0.6337199679361141,True,101.0,126.0,Sideways,Strong Positive,No Breakout,VSTL,VSTL.NS,Vibhor Steel Tubes Limited,,Unavailable,0,60,,65.0,200 DMA Recovery Watch,-3,62.0,118.96,121.05,118.96,99.95,126.0,134.37,19.0,7.04,15.41,0.37,0.81,200 DMA Recovery,Confirmation Required,Stock is recovering around the 200 DMA. Confirmation above the recovery level is preferred.,Below ₹99.95,0.37,Strong positive momentum | RSI supports positive momentum | Price is above 200 DMA | Price is near 200 DMA,Poor,419,318
248.5,299.45001220703125,244.10000610351562,293.20001220703125,23945553.0,249.60000610351562,17.467950736120397,263.10000076293943,275.4010000610352,300.73109970092776,342.73539947509767,263.3758549773874,264.3294856447263,275.389707404047,57.64300078791961,12.628570556640625,4.307152125124563,1456754.95,16.437598513051217,639.4000244140625,229.0500030517578,-54.14451032032478,28.006988998283326,-14.452953311484693,False,247.0500030517578,284.6000061035156,Downtrend,Positive,Confirmed Breakout,AWFIS,AWFIS.NS,Awfis Space Solutions Limited,,Unavailable,0,60,,69.0,Strong Breakout Watch,-8,61.0,307.72,312.14,307.72,293.2,332.98,351.92,14.52,25.26,44.2,1.74,3.04,Breakout Trade,Strong Setup,Confirmed breakout above resistance. Entry requires breakout confirmation.,Below ₹293.20,1.74,Price trend is weak | Positive momentum | Confirmed price breakout | Volume is more than 2x average | RSI supports positive momentum | Price is below 200 DMA,Acceptable,207,380
1500.0,1565.0999755859375,1489.0,1558.0,1336366.0,1514.0,2.9062087186261465,1493.2350036621094,1580.2619995117188,1624.145001220703,1714.209998779297,1497.7874750439269,1507.206988740506,1557.0332993626535,56.837735436377265,41.935703822544646,2.691636959085022,513687.55,2.6015152596164732,2032.9000244140625,1432.300048828125,-23.36071713860802,8.776090685378374,-9.112652410762704,False,1432.300048828125,1535.4000244140625,Downtrend,Positive,Confirmed Breakout,BLUESTARCO,BLUESTARCO.NS,Blue Star Limited,,Unavailable,0,60,,69.0,Strong Breakout Watch,-8,61.0,1586.55,1601.23,1586.55,1538.33,1670.42,1733.33,48.23,83.87,146.77,1.74,3.04,Breakout Trade,Strong Setup,Confirmed breakout above resistance. Entry requires breakout confirmation.,Below ₹1538.33,1.74,Price trend is weak | Positive momentum | Confirmed price breakout | Volume is more than 2x average | RSI supports positive momentum | Price is below 200 DMA,Acceptable,207,380
778.0,778.0,756.0,762.6500244140625,80322.0,778.0499877929688,-1.979302566739971,746.9425018310546,719.2940026855468,676.0300006103515,651.3987504577636,765.4287868761241,750.7797277715904,721.3265825048762,51.974699512091696,31.646436418805802,4.149535882217992,212168.75,0.37857601555365716,939.0,465.0,-18.780615078374602,64.01075793850806,17.078828271948357,True,699.5,806.7999877929688,Strong Uptrend,Positive,No Breakout,AGI,AGI.NS,AGI Greenpac Limited,,Unavailable,0,60,,66.0,Momentum Watch,-5,61.0,746.83,770.56,762.65,723.09,818.03,857.59,39.56,55.38,94.94,1.4,2.4,Momentum Trade,Watch,Positive trend and momentum. Prefer entry near current price or on a controlled pullback.,Below ₹723.09,1.4,Strong price trend | Positive momentum | RSI supports positive momentum | Price is above 200 DMA,Poor,355,380
1385.0,1398.0999755859375,1376.0999755859375,1386.800048828125,74367.0,1390.199951171875,-0.24456211071537393,1382.7449951171875,1272.0079956054688,1170.368500366211,1050.6585006713867,1388.6394126845607,1369.198013052404,1290.997332803709,56.51070849972084,53.90004185267857,3.886648395940369,182226.95,0.4081009971357145,1493.800048828125,819.0,-7.162939918494493,69.32845529036935,31.993416313858287,True,1331.0999755859375,1493.800048828125,Strong Uptrend,Positive,No Breakout,ALIVUS,ALIVUS.NS,Alivus Life Sciences Limited,,Unavailable,0,60,,66.0,Momentum Watch,-5,61.0,1359.85,1400.28,1386.8,1331.1,1493.8,1548.5,55.7,107.0,161.7,1.92,2.9,Momentum Trade,Watch,Positive trend and momentum. Prefer entry near current price or on a controlled pullback.,Below ₹1331.10,1.92,Strong price trend | Positive momentum | RSI supports positive momentum | Price is above 200 DMA,Acceptable,355,380
462.0,485.0,445.20001220703125,475.6000061035156,24528.0,468.6000061035156,1.4938113335093872,467.0175018310547,394.37300048828126,371.5169985961914,353.4359989929199,478.25526294753627,458.87302013372414,415.1676556990977,55.55286031280372,32.81428963797433,6.899556185210018,147551.3,0.16623370990292868,517.9000244140625,285.3500061035156,-8.167603073277304,66.67250602089825,34.56467577119753,True,381.0,517.9000244140625,Strong Uptrend,Positive,No Breakout,ARIES,ARIES.NS,Aries Agro Limited,,Unavailable,0,60,,66.0,Momentum Watch,-5,61.0,459.19,483.8,475.6,434.58,533.03,574.04,41.02,57.43,98.44,1.4,2.4,Momentum Trade,Watch,Positive trend and momentum. Prefer entry near current price or on a controlled pullback.,Below ₹434.58,1.4,Strong price trend | Positive momentum | RSI supports positive momentum | Price is above 200 DMA,Poor,355,380
347.5,347.5,326.45001220703125,330.54998779296875,380378.0,344.8999938964844,-4.16062811175999,328.41999969482424,305.79400024414065,284.9585000610352,265.8704493713379,337.4410174873858,329.30711955050316,310.45956531080463,53.78242766945431,12.93571036202567,3.9133900589122423,431195.8,0.882146811263004,362.0,203.35000610351562,-8.687848675975482,62.552238933645164,24.32746421220125,True,309.04998779296875,362.0,Strong Uptrend,Positive,No Breakout,ARTEMISMED,ARTEMISMED.NS,Artemis Medicare Services Limited,,Unavailable,0,60,,66.0,Momentum Watch,-5,61.0,324.08,333.78,330.55,314.38,362.0,369.36,16.17,31.45,38.81,1.95,2.4,Momentum Trade,Watch,Positive trend and momentum. Prefer entry near current price or on a controlled pullback.,Below ₹314.38,1.95,Strong price trend | Positive momentum | RSI supports positive momentum | Price is above 200 DMA,Acceptable,355,380
90.4800033569336,90.9800033569336,87.70999908447266,90.12999725341797,180833.0,90.5999984741211,-0.5187651530009441,88.2639991760254,77.63099960327149,73.52269989013672,69.07754995346069,89.85172419388373,86.7570385231923,80.360401162331,55.354203162682545,4.415001460484096,4.898481743065478,648172.6,0.2789889606564671,97.0,53.5,-7.082477058331992,68.46728458582798,30.47654022781765,True,69.81999969482422,97.0,Strong Uptrend,Positive,No Breakout,AVTNPL,AVTNPL.NS,AVT Natural Products Limited,,Unavailable,0,60,,66.0,Momentum Watch,-5,61.0,87.92,91.23,90.13,84.61,97.86,103.38,5.52,7.73,13.25,1.4,2.4,Momentum Trade,Watch,Positive trend and momentum. Prefer entry near current price or on a controlled pullback.,Below ₹84.61,1.4,Strong price trend | Positive momentum | RSI supports positive momentum | Price is above 200 DMA,Poor,355,380
270.8999938964844,271.95001220703125,265.20001220703125,266.0,1958467.0,272.25,-2.2956841138659367,251.64650115966796,244.79960144042968,223.02760025024415,199.62370040893555,266.5522529082085,257.0313771207199,243.00624212616282,65.8336615203085,12.882143293108259,4.842911012446714,7740493.9,0.25301576686211197,287.45001220703125,151.10000610351562,-7.462171263218533,76.0423489445584,33.25071094017918,True,217.0,287.45001220703125,Strong Uptrend,Positive,No Breakout,CGCL,CGCL.NS,Capri Global Capital Limited,,Unavailable,0,60,,66.0,Momentum Watch,-5,61.0,259.56,269.22,266.0,249.9,288.54,304.65,16.1,22.54,38.65,1.4,2.4,Momentum Trade,Watch,Positive trend and momentum. Prefer entry near current price or on a controlled pullback.,Below ₹249.90,1.4,Strong price trend | Positive momentum | RSI supports positive momentum | Price is above 200 DMA,Poor,355,380
299.3500061035156,304.8999938964844,297.1000061035156,299.1499938964844,71613.0,299.0,0.05016518277070059,292.6375,242.7767999267578,200.86269973754884,177.94464973449706,298.0014327862484,287.16761518587714,252.56953151282136,59.504732253612985,14.28072030203683,4.773765867760113,377298.4,0.1898046744963668,314.8500061035156,136.44000244140625,-4.986505289083412,119.25387609469844,68.11407049486016,True,266.0400085449219,314.8500061035156,Strong Uptrend,Positive,No Breakout,COMSYN,COMSYN.NS,Commercial Syn Bags Limited,,Unavailable,0,60,,66.0,Momentum Watch,-5,61.0,292.01,302.72,299.15,281.3,324.14,341.99,17.85,24.99,42.84,1.4,2.4,Momentum Trade,Watch,Positive trend and momentum. Prefer entry near current price or on a controlled pullback.,Below ₹281.30,1.4,Strong price trend | Positive momentum | RSI supports positive momentum | Price is above 200 DMA,Poor,355,380
357.6000061035156,382.79998779296875,353.1499938964844,373.3999938964844,522110.0,363.1000061035156,2.8366806994853944,285.92749938964846,240.74320037841798,225.48689956665038,198.11949996948243,337.0679624529947,300.4844624313764,258.5288295878895,80.93838525268501,30.837139674595424,8.258473534722187,396848.15,1.315641763732551,394.8999938964844,127.01000213623047,-5.444416392074147,193.99258925763726,88.47210595322595,True,210.00999450683594,394.8999938964844,Strong Uptrend,Strong Positive,No Breakout,CORDSCABLE,CORDSCABLE.NS,Cords Cable Industries Limited,,Unavailable,0,60,,66.0,Momentum Watch,-5,61.0,357.98,381.11,373.4,334.85,427.36,465.91,38.55,53.96,92.51,1.4,2.4,Momentum Trade,Watch,Positive trend and momentum. Prefer entry near current price or on a controlled pullback.,Below ₹334.85,1.4,Strong price trend | Strong positive momentum | Volume is above average | RSI indicates overbought conditions | Price is above 200 DMA,Poor,355,380
602.0,619.75,600.0,602.0999755859375,2447.0,601.25,0.14136808082121366,592.739990234375,546.7199963378906,531.9839978027344,522.487247467041,600.4831022215519,586.5567316245093,559.3229333521234,52.5560941158922,28.617867606026785,4.753009261987948,11162.7,0.2192121977657735,638.9500122070312,450.5,-5.767280055885448,33.651492915857375,15.237257656497832,True,547.2999877929688,638.9500122070312,Strong Uptrend,Positive,No Breakout,DICIND,DICIND.NS,DIC India Limited,,Unavailable,0,60,,66.0,Momentum Watch,-5,61.0,587.79,609.25,602.1,566.33,652.18,687.95,35.77,50.08,85.85,1.4,2.4,Momentum Trade,Watch,Positive trend and momentum. Prefer entry near current price or on a controlled pullback.,Below ₹566.33,1.4,Strong price trend | Positive momentum | RSI supports positive momentum | Price is above 200 DMA,Poor,355,380
191.85000610351562,192.97000122070312,185.5,188.3800048828125,2336802.0,191.82000732421875,-1.7933491346353025,183.92200164794923,158.30360107421876,137.487900390625,118.9467002105713,183.64834865444996,179.10576344793367,162.50103095993805,51.448896048311276,8.830713544573102,4.687712769763711,2160056.8,1.0818243298046608,196.74000549316406,84.9000015258789,-4.249263178272118,121.88457184584524,58.37346017108794,True,167.5399932861328,196.74000549316406,Strong Uptrend,Positive,No Breakout,EMIL,EMIL.NS,Electronics Mart India Limited,,Unavailable,0,60,,66.0,Momentum Watch,-5,61.0,183.96,190.59,188.38,177.34,203.83,214.87,11.04,15.45,26.49,1.4,2.4,Momentum Trade,Watch,Positive trend and momentum. Prefer entry near current price or on a controlled pullback.,Below ₹177.34,1.4,Strong price trend | Positive momentum | RSI supports positive momentum | Price is above 200 DMA,Poor,355,380
270.6000061035156,272.25,267.1000061035156,268.95001220703125,1652427.0,272.04998779296875,-1.1394874931207832,258.8565017700195,243.30120086669922,243.15700057983398,221.03790008544922,270.5034580556336,261.82873552111175,249.66395085577193,66.53826435172996,10.505708966936384,3.906193898533584,6079598.4,0.2717987095989761,289.6499938964844,163.5500030517578,-7.146550017484524,64.4451282106782,21.675971452434208,True,235.33999633789062,289.6499938964844,Strong Uptrend,Positive,No Breakout,ENGINERSIN,ENGINERSIN.NS,Engineers India Limited,,Unavailable,0,60,,66.0,Momentum Watch,-5,61.0,263.7,271.58,268.95,255.82,289.65,300.47,13.13,20.7,31.52,1.58,2.4,Momentum Trade,Watch,Positive trend and momentum. Prefer entry near current price or on a controlled pullback.,Below ₹255.82,1.58,Strong price trend | Positive momentum | RSI supports positive momentum | Price is above 200 DMA,Acceptable,355,380
4750.0,4820.0,4730.0,4773.2001953125,130082.0,4786.2998046875,-0.2736896957890256,4695.9400390625,4471.200029296875,4091.4390112304686,3726.6740063476564,4720.705248361859,4671.600605455885,4469.0678748416585,58.81806213961579,148.33572823660714,3.1076787515067896,171557.55,0.7582411849551361,4958.89990234375,2916.60009765625,-3.744776274743554,63.6563133611699,28.08204278620271,True,4461.10009765625,4958.89990234375,Strong Uptrend,Positive,No Breakout,FLUOROCHEM,FLUOROCHEM.NS,Gujarat Fluorochemicals Limited,,Unavailable,0,60,,66.0,Momentum Watch,-5,61.0,4699.03,4810.28,4773.2,4587.78,5032.79,5218.21,185.42,259.59,445.01,1.4,2.4,Momentum Trade,Watch,Positive trend and momentum. Prefer entry near current price or on a controlled pullback.,Below ₹4587.78,1.4,Strong price trend | Positive momentum | RSI supports positive momentum | Price is above 200 DMA,Poor,355,380
133.35000610351562,134.5,130.0,131.6300048828125,118200.0,133.35000610351562,-1.289839626529854,121.80450096130372,114.6140007019043,107.90750053405762,94.21140018463134,126.70686539084272,122.86036466378239,116.37790105518555,58.86705716223618,6.7471433367047995,5.125839919790053,180053.2,0.6564726425300966,135.85000610351562,68.4000015258789,-3.1063680758965506,92.44152331343258,39.717703616388064,True,108.0,135.85000610351562,Strong Uptrend,Positive,No Breakout,GANESHBE,GANESHBE.NS,Ganesh Benzoplast Limited,,Unavailable,0,60,,66.0,Momentum Watch,-5,61.0,128.26,133.32,131.63,123.2,143.44,151.87,8.43,11.81,20.24,1.4,2.4,Momentum Trade,Watch,Positive trend and momentum. Prefer entry near current price or on a controlled pullback.,Below ₹123.20,1.4,Strong price trend | Positive momentum | RSI supports positive momentum | Price is above 200 DMA,Poor,355,380
131.99000549316406,134.39999389648438,129.22000122070312,130.75999450683594,509572.0,132.5399932861328,-1.3429899422539915,129.48649978637695,120.30539978027343,106.70739959716796,91.30094966888427,132.7902970750541,129.61946370644824,120.60655722125914,62.25185518743797,5.679286956787109,4.343290911112882,816161.75,0.6243517292987573,144.58999633789062,65.26000213623047,-9.564978339674013,100.36774475408998,43.21865761643821,True,114.30999755859375,144.58999633789062,Strong Uptrend,Positive,No Breakout,GHCLTEXTIL,GHCLTEXTIL.NS,GHCL Textiles Limited,,Unavailable,0,60,,66.0,Momentum Watch,-5,61.0,127.92,132.18,130.76,123.66,144.59,147.8,7.1,13.83,17.04,1.95,2.4,Momentum Trade,Watch,Positive trend and momentum. Prefer entry near current price or on a controlled pullback.,Below ₹123.66,1.95,Strong price trend | Positive momentum | RSI supports positive momentum | Price is above 200 DMA,Acceptable,355,380
2940.0,2950.10009765625,2882.0,2922.300048828125,389004.0,2946.89990234375,-0.8347705836923791,2891.9400024414062,2691.68400390625,2420.9060046386717,2077.6540020751954,2935.2623121257857,2881.16159371588,2709.7558968370618,63.20279915247765,87.72138323102679,3.001792484183958,582400.45,0.6679321762199876,3042.0,1573.5999755859375,-3.934909637471236,85.70793684335133,40.65383581237699,True,2776.10009765625,3042.0,Strong Uptrend,Positive,No Breakout,GLAND,GLAND.NS,Gland Pharma Limited,,Unavailable,0,60,,66.0,Momentum Watch,-5,61.0,2878.44,2944.23,2922.3,2812.65,3075.81,3185.46,109.65,153.51,263.16,1.4,2.4,Momentum Trade,Watch,Positive trend and momentum. Prefer entry near current price or on a controlled pullback.,Below ₹2812.65,1.4,Strong price trend | Positive momentum | RSI supports positive momentum | Price is above 200 DMA,Poor,355,380
2411.199951171875,2431.89990234375,2384.10009765625,2419.199951171875,346692.0,2415.0,0.1739110216097295,2411.8749755859376,2316.743984375,2291.7159912109373,2176.7964947509768,2435.5436274766826,2408.2549395232254,2341.288917901834,54.70141715894831,58.28566196986607,2.4092949382556057,507758.5,0.6827891605950467,2537.60009765625,1792.5999755859375,-4.665831570298662,34.954813350431074,11.135788623576818,True,2222.5,2537.60009765625,Strong Uptrend,Positive,No Breakout,GLENMARK,GLENMARK.NS,Glenmark Pharmaceuticals Limited,,Unavailable,0,60,,66.0,Momentum Watch,-5,61.0,2390.06,2433.77,2419.2,2346.34,2537.6,2594.06,72.86,118.4,174.86,1.63,2.4,Momentum Trade,Watch,Positive trend and momentum. Prefer entry near current price or on a controlled pullback.,Below ₹2346.34,1.63,Strong price trend | Positive momentum | RSI supports positive momentum | Price is above 200 DMA,Acceptable,355,380
430.0,430.0,413.6000061035156,422.6499938964844,390855.0,430.1000061035156,-1.7321581263214814,408.1700012207031,381.0739996337891,383.24,361.44525009155274,424.6994532782024,410.7189726606727,391.71916694344327,53.61743535912026,23.37500217982701,5.530581454486434,741816.6,0.5268889911603488,479.0,225.0500030517578,-11.76409313225796,87.80270525003361,16.93333742508131,True,345.0,470.04998779296875,Strong Uptrend,Positive,No Breakout,GUJTHEM,GUJTHEM.NS,Gujarat Themis Biosyn Limited,,Unavailable,0,60,,66.0,Momentum Watch,-5,61.0,410.96,428.49,422.65,393.43,470.05,492.78,29.22,47.4,70.13,1.62,2.4,Momentum Trade,Watch,Positive trend and momentum. Prefer entry near current price or on a controlled pullback.,Below ₹393.43,1.62,Strong price trend | Positive momentum | RSI supports positive momentum | Price is above 200 DMA,Acceptable,355,380
444.0,446.54998779296875,436.0,445.0,107635.0,447.20001220703125,-0.4919526267840868,442.0974975585938,426.3109985351563,416.6120010375977,394.0605006408691,449.27442113544316,442.3004030507675,429.6216807844614,54.08839579659841,15.1107177734375,3.395666915379213,174326.15,0.6174346189599208,470.95001220703125,313.29998779296875,-5.510141529760388,42.036392383794066,12.926821966750504,True,401.5,470.95001220703125,Strong Uptrend,Positive,No Breakout,HARSHA,HARSHA.NS,Harsha Engineers International Limited,,Unavailable,0,60,,66.0,Momentum Watch,-5,61.0,437.44,448.78,445.0,426.11,471.44,490.33,18.89,26.44,45.33,1.4,2.4,Momentum Trade,Watch,Positive trend and momentum. Prefer entry near current price or on a controlled pullback.,Below ₹426.11,1.4,Strong price trend | Positive momentum | RSI supports positive momentum | Price is above 200 DMA,Poor,355,380
331.75,337.75,331.3999938964844,334.5,3865.0,332.25,0.6772009029345272,334.12499847412107,326.2750006103516,277.3893006896973,215.98210025787353,334.8347813730468,332.97560113860794,319.1320277423621,56.60792596197539,7.739283970424107,2.3136872856275357,12469.85,0.30994759359575297,345.0,112.0,-3.0434782608695654,198.66071428571428,54.87394538742845,True,324.6499938964844,345.0,Strong Uptrend,Positive,No Breakout,HITECHCORP,HITECHCORP.NS,Hitech Corporation Limited,,Unavailable,0,60,,66.0,Momentum Watch,-5,61.0,330.63,336.43,334.5,324.83,348.04,357.72,9.67,13.54,23.22,1.4,2.4,Momentum Trade,Watch,Positive trend and momentum. Prefer entry near current price or on a controlled pullback.,Below ₹324.83,1.4,Strong price trend | Positive momentum | RSI supports positive momentum | Price is above 200 DMA,Poor,355,380
555.9000244140625,555.9000244140625,535.7000122070312,547.0499877929688,58951.0,553.5,-1.1653138585422274,519.454997253418,481.48999755859376,461.4749981689453,418.1027487182617,548.7521520141147,528.1728513283227,494.52663517258884,69.89755007220784,23.357149396623885,4.269655409527841,125629.75,0.4692439489850135,590.0,315.0,-7.2796630859375,73.66666279141864,30.841040741781413,True,455.04998779296875,590.0,Strong Uptrend,Positive,No Breakout,IGPL,IGPL.NS,IG Petrochemicals Limited,,Unavailable,0,60,,66.0,Momentum Watch,-5,61.0,535.37,552.89,547.05,517.85,590.0,617.12,29.2,42.95,70.07,1.47,2.4,Momentum Trade,Watch,Positive trend and momentum. Prefer entry near current price or on a controlled pullback.,Below ₹517.85,1.47,Strong price trend | Positive momentum | RSI supports positive momentum | Price is above 200 DMA,Poor,355,380
83.0199966430664,87.63999938964844,80.0,86.5,1794174.0,82.93000030517578,4.304835019518749,67.51749992370605,58.82620002746582,50.35120002746582,45.4884001159668,77.1287996497188,70.22819925391306,61.189436612656955,81.96413919428127,5.975714002336774,6.908339887094536,1385508.75,1.2949568164040826,90.0,29.0,-3.888888888888889,198.27586206896552,90.15836956120555,True,54.099998474121094,90.0,Strong Uptrend,Strong Positive,No Breakout,INDORAMA,INDORAMA.NS,Indo Rama Synthetics (India) Limited,,Unavailable,0,60,,66.0,Momentum Watch,-5,61.0,83.51,87.99,86.5,79.03,96.96,104.43,7.47,10.46,17.93,1.4,2.4,Momentum Trade,Watch,Positive trend and momentum. Prefer entry near current price or on a controlled pullback.,Below ₹79.03,1.4,Strong price trend | Strong positive momentum | Volume is above average | RSI indicates overbought conditions | Price is above 200 DMA,Poor,355,380
1942.0,2011.9000244140625,1893.699951171875,1993.699951171875,164997.0,1942.5999755859375,2.630493988888505,1985.2099975585938,1751.8420043945312,1692.3970043945312,1633.4385034179688,1973.4647138926653,1945.9371207489555,1829.713307885747,53.03467261259754,76.00713239397321,3.812365664617539,148226.55,1.1131406620473863,2148.699951171875,1061.0999755859375,-7.213664239879787,87.88992527032691,22.055403187818786,True,1900.0,2148.699951171875,Strong Uptrend,Positive,No Breakout,LUMAXTECH,LUMAXTECH.NS,Lumax Auto Technologies Limited,,Unavailable,0,60,,66.0,Momentum Watch,-5,61.0,1955.7,2012.7,1993.7,1900.0,2148.7,2221.72,93.7,155.0,228.02,1.65,2.43,Momentum Trade,Watch,Positive trend and momentum. Prefer entry near current price or on a controlled pullback.,Below ₹1900.00,1.65,Strong price trend | Positive momentum | RSI supports positive momentum | Price is above 200 DMA,Acceptable,355,380
1339.0,1345.0,1265.0999755859375,1276.0999755859375,4655.0,1331.5999755859375,-4.16791837019812,1239.9599853515624,1033.8969921875,942.4809967041016,891.7807485961914,1293.7109093441754,1233.8323545995631,1097.6041286134953,62.06895884372362,82.79999651227679,6.488519559312595,20798.55,0.223813679318991,1421.0,381.25,-10.197046053065623,234.71474769467213,43.09570795228842,True,953.0,1421.0,Strong Uptrend,Positive,No Breakout,MAHASTEEL,MAHASTEEL.NS,Mahamaya Steel Industries Limited,,Unavailable,0,60,,66.0,Momentum Watch,-5,61.0,1234.7,1296.8,1276.1,1172.6,1421.0,1524.5,103.5,144.9,248.4,1.4,2.4,Momentum Trade,Watch,Positive trend and momentum. Prefer entry near current price or on a controlled pullback.,Below ₹1172.60,1.4,Strong price trend | Positive momentum | RSI supports positive momentum | Price is above 200 DMA,Poor,355,380
325.0,333.75,324.20001220703125,329.3999938964844,1631814.0,330.3999938964844,-0.30266344384779487,327.53499908447264,291.5200015258789,260.58700103759764,218.73490013122557,328.97845629954594,321.0093286164851,296.952100459031,55.79399628811914,12.871431623186384,3.9075385129579865,3835338.75,0.42546802417387514,349.95001220703125,155.0,-5.872272494275393,112.51612509450607,50.59324949921915,True,300.75,349.95001220703125,Strong Uptrend,Positive,No Breakout,MARKSANS,MARKSANS.NS,Marksans Pharma Limited,,Unavailable,0,60,,66.0,Momentum Watch,-5,61.0,322.96,332.62,329.4,313.31,351.92,368.01,16.09,22.53,38.61,1.4,2.4,Momentum Trade,Watch,Positive trend and momentum. Prefer entry near current price or on a controlled pullback.,Below ₹313.31,1.4,Strong price trend | Positive momentum | RSI supports positive momentum | Price is above 200 DMA,Poor,355,380
1450.0999755859375,1459.699951171875,1432.300048828125,1447.199951171875,74678.0,1459.5999755859375,-0.8495495081852544,1442.5499877929688,1405.0919970703126,1315.744501953125,1219.4892483520507,1452.7500085542313,1443.2218989759872,1400.2097223786282,54.74563284373397,51.835719517299104,3.581793896228711,297423.65,0.2510829249792341,1544.0,956.0,-6.2694332142568,51.38074803053085,18.672628981972554,True,1390.0,1544.0,Strong Uptrend,Positive,No Breakout,MEDANTA,MEDANTA.NS,Global Health Limited,,Unavailable,0,60,,66.0,Momentum Watch,-5,61.0,1421.28,1460.16,1447.2,1390.0,1544.0,1602.71,57.2,96.8,155.51,1.69,2.72,Momentum Trade,Watch,Positive trend and momentum. Prefer entry near current price or on a controlled pullback.,Below ₹1390.00,1.69,Strong price trend | Positive momentum | RSI supports positive momentum | Price is above 200 DMA,Acceptable,355,380
297.5,305.04998779296875,286.6000061035156,297.5,49421.0,301.6499938964844,-1.3757646214004216,281.096997833252,236.44299926757813,192.69499893188475,154.22739959716796,297.1182078132264,281.70196873592306,245.1588432824391,58.05382549077119,19.38357216971261,6.515486443600878,96245.8,0.5134873417853039,323.95001220703125,101.5,-8.164843713642917,193.10344827586206,92.89698249276772,True,226.0,323.95001220703125,Strong Uptrend,Positive,No Breakout,MENONBE,MENONBE.NS,Menon Bearings Limited,,Unavailable,0,60,,66.0,Momentum Watch,-5,61.0,287.81,302.35,297.5,273.27,331.42,355.65,24.23,33.92,58.15,1.4,2.4,Momentum Trade,Watch,Positive trend and momentum. Prefer entry near current price or on a controlled pullback.,Below ₹273.27,1.4,Strong price trend | Positive momentum | RSI supports positive momentum | Price is above 200 DMA,Poor,355,380
1003.2999877929688,1030.699951171875,988.0,1026.5,625141.0,1015.0,1.133004926108372,1010.7850006103515,951.5660009765625,915.0725018310546,851.6065011596679,1026.1569805439715,1004.980724352173,962.3355618118923,59.934672141333046,29.321424211774552,2.856446586631715,1278406.75,0.4890000776356977,1097.0999755859375,614.9000244140625,-6.435145124147102,66.93770682122685,20.53689099392411,True,890.0,1060.199951171875,Strong Uptrend,Positive,No Breakout,MOTILALOFS,MOTILALOFS.NS,Motilal Oswal Financial Services Limited,,Unavailable,0,60,,66.0,Momentum Watch,-5,61.0,1011.84,1033.83,1026.5,989.85,1077.81,1114.46,36.65,51.31,87.96,1.4,2.4,Momentum Trade,Watch,Positive trend and momentum. Prefer entry near current price or on a controlled pullback.,Below ₹989.85,1.4,Strong price trend | Positive momentum | RSI supports positive momentum | Price is above 200 DMA,Poor,355,380
7102.0,7399.0,7005.0,7312.5,53464.0,7305.0,0.10266940451746365,7098.425,6676.1,6938.825004882812,5069.246999511719,7250.402916721677,7090.1302148530285,6884.495034942316,56.08864027538726,310.9642857142857,4.2525030525030525,93338.75,0.5727953288425225,8714.0,1456.0,-16.08331420702318,402.2321428571429,44.25219368289523,True,6611.5,7945.0,Strong Uptrend,Positive,No Breakout,MTARTECH,MTARTECH.NS,Mtar Technologies Limited,,Unavailable,0,60,,66.0,Momentum Watch,-5,61.0,7157.02,7390.24,7312.5,6923.79,7945.0,8245.39,388.71,632.5,932.89,1.63,2.4,Momentum Trade,Watch,Positive trend and momentum. Prefer entry near current price or on a controlled pullback.,Below ₹6923.79,1.63,Strong price trend | Positive momentum | RSI supports positive momentum | Price is above 200 DMA,Acceptable,355,380
8671.0,8699.5,8486.5,8543.5,86538.0,8700.5,-1.804493994598011,8482.125,8064.06,7614.33,6858.6775,8619.138765429081,8485.043316545747,8127.60187825348,62.16308427157966,216.10714285714286,2.5294919278649597,128467.75,0.6736165302186735,8949.5,4498.5,-4.5365662886194755,89.9188618428365,24.564830464765258,True,8090.0,8949.5,Strong Uptrend,Positive,No Breakout,NAVINFLUOR,NAVINFLUOR.NS,Navin Fluorine International Limited,,Unavailable,0,60,,66.0,Momentum Watch,-5,61.0,8435.45,8597.53,8543.5,8273.37,8949.5,9191.82,270.13,406.0,648.32,1.5,2.4,Momentum Trade,Watch,Positive trend and momentum. Prefer entry near current price or on a controlled pullback.,Below ₹8273.37,1.5,Strong price trend | Positive momentum | RSI supports positive momentum | Price is above 200 DMA,Acceptable,355,380
197.0,203.77000427246094,194.1300048828125,198.38999938964844,7024229.0,197.35000610351562,0.5269791000600765,194.48149948120118,183.90260009765626,175.29279998779296,162.36779987335206,202.385435540397,196.3770447315275,186.4600236366751,56.798102544921036,13.875002179827009,6.993801211005486,11596493.25,0.6057200955987276,242.60000610351562,116.97000122070312,-18.22341533454171,69.60758939834427,22.18555621520642,True,176.60000610351562,242.60000610351562,Strong Uptrend,Positive,No Breakout,NIACL,NIACL.NS,The New India Assurance Company Limited,,Unavailable,0,60,,66.0,Momentum Watch,-5,61.0,191.45,201.86,198.39,181.05,242.6,263.41,17.34,44.21,65.02,2.55,3.75,Momentum Trade,Watch,Positive trend and momentum. Prefer entry near current price or on a controlled pullback.,Below ₹181.05,2.55,Strong price trend | Positive momentum | RSI supports positive momentum | Price is above 200 DMA,Strong,355,380
233.0,237.10000610351562,226.0,233.25,5204.0,231.16000366210938,0.904134065054607,209.29300079345703,207.64940002441406,201.45470031738282,198.53850028991698,221.43464282082877,214.34578427653523,208.30200838359474,81.18417807289083,13.929285321916852,5.971826504573141,4657.95,1.117229682585687,241.0,168.0,-3.2157676348547715,38.839285714285715,17.48351058328503,True,182.02999877929688,241.0,Strong Uptrend,Strong Positive,No Breakout,NITIRAJ,NITIRAJ.NS,Nitiraj Engineers Limited,,Unavailable,0,60,,66.0,Momentum Watch,-5,61.0,226.29,236.73,233.25,215.84,257.63,275.04,17.41,24.38,41.79,1.4,2.4,Momentum Trade,Watch,Positive trend and momentum. Prefer entry near current price or on a controlled pullback.,Below ₹215.84,1.4,Strong price trend | Strong positive momentum | RSI indicates overbought conditions | Price is above 200 DMA,Poor,355,380
1720.0,1723.0999755859375,1663.4000244140625,1686.0999755859375,20477.0,1718.5,-1.8853665646821338,1650.725,1601.2559936523437,1467.2034979248047,1373.6162506103515,1688.987312714526,1657.2030710337099,1594.015175367173,61.45002519025877,84.04286411830357,4.984453195849065,51654.25,0.39642430196934425,2208.60009765625,846.5999755859375,-23.657525082281115,99.16135414709602,22.748982828117917,True,1530.0999755859375,1775.0,Strong Uptrend,Positive,No Breakout,NPST,NPST.NS,Network People Services Technologies Limited,,Unavailable,0,60,,66.0,Momentum Watch,-5,61.0,1644.08,1707.11,1686.1,1581.05,1833.17,1938.23,105.05,147.08,252.13,1.4,2.4,Momentum Trade,Watch,Positive trend and momentum. Prefer entry near current price or on a controlled pullback.,Below ₹1581.05,1.4,Strong price trend | Positive momentum | RSI supports positive momentum | Price is above 200 DMA,Poor,355,380
408.79998779296875,412.0,400.20001220703125,401.95001220703125,22419.0,412.0,-2.4393174254778494,382.04750366210936,346.02300231933594,336.12200225830077,308.49550125122073,403.3804609551601,385.8593758094926,358.49933485417597,69.80427803349707,19.67142813546317,4.893998641137263,48851.75,0.4589190765939808,424.95001220703125,246.5500030517578,-5.4124013035195855,63.029814330462855,30.29363818168182,True,335.8999938964844,424.95001220703125,Strong Uptrend,Positive,No Breakout,ORIENTBELL,ORIENTBELL.NS,Orient Bell Limited,,Unavailable,0,60,,66.0,Momentum Watch,-5,61.0,392.11,406.87,401.95,377.36,436.38,460.96,24.59,34.42,59.01,1.4,2.4,Momentum Trade,Watch,Positive trend and momentum. Prefer entry near current price or on a controlled pullback.,Below ₹377.36,1.4,Strong price trend | Positive momentum | RSI supports positive momentum | Price is above 200 DMA,Poor,355,380
45.810001373291016,46.70000076293945,45.150001525878906,46.0099983215332,58539.0,46.68000030517578,-1.4353084388653903,44.82499980926514,42.7192000579834,41.48040004730225,41.63814998626709,45.446065472630906,44.6296948685549,43.14834996298651,51.35907499839007,2.4071426391601562,5.231781627850193,134888.65,0.4339801755003108,56.63999938964844,34.0,-18.767657455268232,35.323524475097656,10.499621949361389,True,40.060001373291016,48.88999938964844,Strong Uptrend,Positive,No Breakout,ORIENTCER,ORIENTCER.NS,ORIENT CERATECH LIMITED,,Unavailable,0,60,,66.0,Momentum Watch,-5,61.0,44.81,46.61,46.01,43.0,50.22,53.23,3.01,4.21,7.22,1.4,2.4,Momentum Trade,Watch,Positive trend and momentum. Prefer entry near current price or on a controlled pullback.,Below ₹43.00,1.4,Strong price trend | Positive momentum | RSI supports positive momentum | Price is above 200 DMA,Poor,355,380
84.0,84.0,78.11000061035156,82.75,845.0,81.7300033569336,1.2480075873872787,81.13400077819824,77.99099990844726,71.35419982910156,69.67654987335204,82.0848212330311,81.21761290583241,77.8762683162353,54.52990724736471,3.5542847769601003,4.2952081896798795,2861.0,0.2953512757777001,102.30000305175781,53.720001220703125,-19.11046184609267,54.03946038651433,18.76305607899786,True,71.25,86.5,Strong Uptrend,Positive,No Breakout,ORIENTLTD,ORIENTLTD.NS,Orient Press Limited,,Unavailable,0,60,,66.0,Momentum Watch,-5,61.0,80.97,83.64,82.75,78.31,88.97,93.41,4.44,6.22,10.66,1.4,2.4,Momentum Trade,Watch,Positive trend and momentum. Prefer entry near current price or on a controlled pullback.,Below ₹78.31,1.4,Strong price trend | Positive momentum | RSI supports positive momentum | Price is above 200 DMA,Poor,355,380
463.0,469.5,447.5,462.54998779296875,535295.0,464.6499938964844,-0.45195440247514096,460.49000091552733,416.32200012207034,414.395,344.96729949951174,470.31267616642634,458.54829642211035,432.5260554563041,55.71665714942304,26.757145472935267,5.784703530229345,1106133.9,0.4839332742627272,524.9000244140625,178.8000030517578,-11.878459462960418,158.69685676631275,34.085169366502065,True,405.45001220703125,524.9000244140625,Strong Uptrend,Positive,No Breakout,PRECWIRE,PRECWIRE.NS,Precision Wires India Limited,,Unavailable,0,60,,66.0,Momentum Watch,-5,61.0,449.17,469.24,462.55,429.1,524.9,542.82,33.45,62.35,80.27,1.86,2.4,Momentum Trade,Watch,Positive trend and momentum. Prefer entry near current price or on a controlled pullback.,Below ₹429.10,1.86,Strong price trend | Positive momentum | RSI supports positive momentum | Price is above 200 DMA,Acceptable,355,380
531.0,538.7999877929688,524.0999755859375,532.4000244140625,107590.0,536.75,-0.8104286140544925,524.7325012207032,470.25500061035154,444.3600003051758,379.6182495117188,536.2938016783095,522.6054151584157,484.0181224125142,59.06171036455576,30.064298357282365,5.646937824687346,510256.6,0.21085469546106803,602.4500122070312,268.0,-11.627518694264074,98.65672552763526,40.2461617951345,True,451.79998779296875,602.4500122070312,Strong Uptrend,Positive,No Breakout,RAMRAT,RAMRAT.NS,Ram Ratna Wires Limited,,Unavailable,0,60,,66.0,Momentum Watch,-5,61.0,517.37,539.92,532.4,494.82,602.45,622.59,37.58,70.05,90.19,1.86,2.4,Momentum Trade,Watch,Positive trend and momentum. Prefer entry near current price or on a controlled pullback.,Below ₹494.82,1.86,Strong price trend | Positive momentum | RSI supports positive momentum | Price is above 200 DMA,Acceptable,355,380
310.0,310.3999938964844,283.1499938964844,288.29998779296875,4371239.0,310.6000061035156,-7.17965804003069,279.12407302856445,224.84902923583985,199.24791427612305,174.53210693359375,293.76906215185124,276.43169919533267,239.83797147386625,58.316291070187454,18.942151750837052,6.570292248655803,7646351.05,0.5716764730544251,314.8999938964844,130.5,-8.447128173733699,120.91953087583813,65.1844997795515,True,208.92999267578125,314.8999938964844,Strong Uptrend,Positive,No Breakout,RATNAVEER,RATNAVEER.NS,Ratnaveer Precision Engineering Limited,,Unavailable,0,60,,66.0,Momentum Watch,-5,61.0,278.83,293.04,288.3,264.62,321.45,345.13,23.68,33.15,56.83,1.4,2.4,Momentum Trade,Watch,Positive trend and momentum. Prefer entry near current price or on a controlled pullback.,Below ₹264.62,1.4,Strong price trend | Positive momentum | RSI supports positive momentum | Price is above 200 DMA,Poor,355,380
182.99000549316406,182.99000549316406,170.05999755859375,174.19000244140625,110293.0,178.6699981689453,-2.5074135408581055,159.11700057983398,152.04840057373048,142.35330024719238,138.61120010375976,174.9675536381656,165.5986730761894,154.05228799002126,62.38471142254775,14.527857099260602,8.340235889340123,1930118.8,0.05714311471397512,204.6999969482422,100.0,-14.904736180602047,74.19000244140625,25.66805735107508,True,133.5,204.6999969482422,Strong Uptrend,Positive,No Breakout,RBZJEWEL,RBZJEWEL.NS,RBZ Jewellers Limited,,Unavailable,0,60,,66.0,Momentum Watch,-5,61.0,166.93,177.82,174.19,156.03,204.7,217.77,18.16,30.51,43.58,1.68,2.4,Momentum Trade,Watch,Positive trend and momentum. Prefer entry near current price or on a controlled pullback.,Below ₹156.03,1.68,Strong price trend | Positive momentum | RSI supports positive momentum | Price is above 200 DMA,Acceptable,355,380
1792.0,1848.5999755859375,1758.0999755859375,1835.4000244140625,318589.0,1790.0,2.5363142130761185,1794.775,1621.5139965820313,1381.8249975585939,1056.8329989624024,1804.6756075194926,1767.0095991080393,1629.444052426627,55.20998630221022,79.04285539899554,4.306573735838833,465912.7,0.6837954835744979,,,,,73.66982543278422,True,1591.5,1899.0,Strong Uptrend,Positive,No Breakout,RUBICON,RUBICON.NS,Rubicon Research Limited,,Unavailable,0,60,,66.0,Momentum Watch,-5,61.0,1795.88,1855.16,1835.4,1736.6,1973.73,2072.53,98.8,138.32,237.13,1.4,2.4,Momentum Trade,Watch,Positive trend and momentum. Prefer entry near current price or on a controlled pullback.,Below ₹1736.60,1.4,Strong price trend | Positive momentum | RSI supports positive momentum | Price is above 200 DMA,Poor,355,380
1107.800048828125,1108.0,1072.5999755859375,1087.0,165852.0,1112.0,-2.248201438848918,1059.427490234375,897.8799987792969,792.1774981689454,619.7169987487792,1094.0321502638362,1049.3274644711107,936.8945038792756,63.16158380467113,61.19642857142857,5.629846234722039,340296.25,0.4873753383999971,1215.699951171875,368.6000061035156,-10.586489787041167,194.8996153013445,75.4026438188196,True,986.5,1215.699951171875,Strong Uptrend,Positive,No Breakout,SBCL,SBCL.NS,Shivalik Bimetal Controls Limited,,Unavailable,0,60,,66.0,Momentum Watch,-5,61.0,1056.4,1102.3,1087.0,1010.5,1215.7,1270.59,76.5,128.7,183.59,1.68,2.4,Momentum Trade,Watch,Positive trend and momentum. Prefer entry near current price or on a controlled pullback.,Below ₹1010.50,1.68,Strong price trend | Positive momentum | RSI supports positive momentum | Price is above 200 DMA,Acceptable,355,380
96.76000213623047,97.87999725341797,91.93000030517578,92.62000274658203,54813.0,96.76000213623047,-4.2786268067870115,90.63600006103516,78.17699996948242,73.91299980163575,70.02244985580444,97.851640635856,92.15867331495969,82.36612978373441,62.433004279374316,7.850000108991351,8.475491120929641,246921.85,0.22198521516018124,116.8499984741211,53.099998474121094,-20.735982921647455,74.4256222374874,32.27186843264152,True,70.55000305175781,116.8499984741211,Strong Uptrend,Positive,No Breakout,SHAHALLOYS,SHAHALLOYS.NS,Shah Alloys Limited,,Unavailable,0,60,,66.0,Momentum Watch,-5,61.0,88.7,94.58,92.62,82.81,116.85,128.62,9.81,24.23,36.0,2.47,3.67,Momentum Trade,Watch,Positive trend and momentum. Prefer entry near current price or on a controlled pullback.,Below ₹82.81,2.47,Strong price trend | Positive momentum | RSI supports positive momentum | Price is above 200 DMA,Strong,355,380
85.5,86.44999694824219,84.80000305175781,85.7300033569336,139971.0,85.44000244140625,0.339420537500823,83.36100006103516,73.17620025634766,62.38520004272461,60.10049997329712,83.61093288610854,82.04982621783932,75.02587390686482,59.08408913673596,3.4907139369419644,4.071752945591884,179743.5,0.7787263517178646,95.94999694824219,35.209999084472656,-10.651374587142001,143.48198121578446,42.644409605616865,True,76.5999984741211,95.94999694824219,Strong Uptrend,Positive,No Breakout,SHALPAINTS,SHALPAINTS.NS,Shalimar Paints Limited,,Unavailable,0,60,,66.0,Momentum Watch,-5,61.0,83.98,86.6,85.73,81.37,95.95,96.2,4.36,10.22,10.47,2.34,2.4,Momentum Trade,Watch,Positive trend and momentum. Prefer entry near current price or on a controlled pullback.,Below ₹81.37,2.34,Strong price trend | Positive momentum | RSI supports positive momentum | Price is above 200 DMA,Strong,355,380
826.0499877929688,834.4500122070312,814.0,827.4000244140625,436603.0,830.2999877929688,-0.34926694225477783,801.7024993896484,721.6439990234375,608.8389993286132,476.4569990539551,810.0280068036084,791.8491152305069,724.7060950025382,55.85191682500498,36.585719517299104,4.421769209302104,867477.75,0.5033016696970037,868.7999877929688,259.0,-4.7651892219837,219.4594688857384,73.65680975553595,True,733.0,868.7999877929688,Strong Uptrend,Positive,No Breakout,SKYGOLD,SKYGOLD.NS,SKY GOLD AND DIAMONDS LIMITED,,Unavailable,0,60,,66.0,Momentum Watch,-5,61.0,809.11,836.55,827.4,781.67,891.43,937.16,45.73,64.03,109.76,1.4,2.4,Momentum Trade,Watch,Positive trend and momentum. Prefer entry near current price or on a controlled pullback.,Below ₹781.67,1.4,Strong price trend | Positive momentum | RSI supports positive momentum | Price is above 200 DMA,Poor,355,380
75.0999984741211,75.0999984741211,72.5,72.9000015258789,26317.0,73.54000091552734,-0.8702738396530352,67.48800106048584,59.80660049438477,56.787800254821775,51.567950077056885,71.2016242109595,67.69308966776975,62.12824471778982,59.33879652244099,5.329286302839007,7.3104062980672975,287796.5,0.09144308565253573,80.31999969482422,37.400001525878906,-9.238045564165326,94.91978222363386,41.36687887912161,True,53.2599983215332,80.31999969482422,Strong Uptrend,Positive,No Breakout,SONAMLTD,SONAMLTD.NS,SONAM LIMITED,,Unavailable,0,60,,66.0,Momentum Watch,-5,61.0,70.24,74.23,72.9,66.24,82.23,88.89,6.66,9.33,15.99,1.4,2.4,Momentum Trade,Watch,Positive trend and momentum. Prefer entry near current price or on a controlled pullback.,Below ₹66.24,1.4,Strong price trend | Positive momentum | RSI supports positive momentum | Price is above 200 DMA,Poor,355,380
697.0999755859375,732.7999877929688,681.2999877929688,716.25,461088.0,697.0999755859375,2.7470987067480745,704.0,659.9480017089844,568.2375003051758,462.88750030517576,707.6131431037411,700.936062007091,657.6562049752537,56.19492871698028,43.41070556640625,6.060831492691972,1199056.4,0.3845423784902862,850.0999755859375,285.79998779296875,-15.745204026582925,150.61232700921101,54.73522173914517,True,666.9500122070312,850.0999755859375,Strong Uptrend,Positive,No Breakout,SOTL,SOTL.NS,Savita Oil Technologies Limited,,Unavailable,0,60,,66.0,Momentum Watch,-5,61.0,694.54,727.1,716.25,666.95,850.1,915.22,49.3,133.85,198.97,2.72,4.04,Momentum Trade,Watch,Positive trend and momentum. Prefer entry near current price or on a controlled pullback.,Below ₹666.95,2.72,Strong price trend | Positive momentum | RSI supports positive momentum | Price is above 200 DMA,Strong,355,380
141.75999450683594,147.0,137.49000549316406,141.6999969482422,41348.0,141.75999450683594,-0.042323335862470834,140.42549819946288,137.34339920043945,123.94739944458007,115.28344974517822,139.4452489819223,139.98979916983362,135.8903526504153,50.93901603831086,7.355712890625,5.191046611886501,35780.4,1.155604744496987,167.4600067138672,82.69999694824219,-15.382783191714658,71.34220335815147,22.914431569713546,True,131.1999969482422,160.97999572753906,Strong Uptrend,Positive,No Breakout,SPECIALITY,SPECIALITY.NS,Speciality Restaurants Limited,,Unavailable,0,60,,66.0,Momentum Watch,-5,61.0,138.02,143.54,141.7,132.51,160.98,163.77,9.19,19.28,22.07,2.1,2.4,Momentum Trade,Watch,Positive trend and momentum. Prefer entry near current price or on a controlled pullback.,Below ₹132.51,2.1,Strong price trend | Positive momentum | RSI supports positive momentum | Price is above 200 DMA,Strong,355,380
1257.300048828125,1284.5999755859375,1227.0999755859375,1270.0,158860.0,1256.0999755859375,1.1066017581585097,1223.0424926757812,1088.537998046875,973.6629998779297,932.0760012817383,1233.7917561209383,1204.1087058713883,1113.3845289924207,58.666948793906045,41.760707310267854,3.288244670099831,244458.6,0.6498441862957572,1347.199951171875,730.0999755859375,-5.730400383753122,73.94877995726118,36.25498331182948,True,1187.0999755859375,1347.199951171875,Strong Uptrend,Positive,No Breakout,SUNDRMFAST,SUNDRMFAST.NS,Sundram Fasteners Limited,,Unavailable,0,60,,66.0,Momentum Watch,-5,61.0,1249.12,1280.44,1270.0,1217.8,1347.2,1395.28,52.2,77.2,125.28,1.48,2.4,Momentum Trade,Watch,Positive trend and momentum. Prefer entry near current price or on a controlled pullback.,Below ₹1217.80,1.48,Strong price trend | Positive momentum | RSI supports positive momentum | Price is above 200 DMA,Poor,355,380
18.979999542236328,20.100000381469727,18.510000228881836,19.459999084472656,9148018.0,19.260000228881836,1.0384156449328996,18.463999843597414,15.619799900054932,14.963199958801269,14.153249969482422,19.75221269228149,18.622853092865117,16.631904316620723,62.66667062265237,1.4864285332815987,7.6383792559766155,13550002.15,0.6751303725807896,22.59000015258789,10.210000038146973,-13.855692992355575,90.59744379789913,37.49491548890025,True,14.800000190734863,22.59000015258789,Strong Uptrend,Positive,No Breakout,SYNCOMF,SYNCOMF.NS,Syncom Formulations (India) Limited,,Unavailable,0,60,,66.0,Momentum Watch,-5,61.0,18.72,19.83,19.46,17.6,22.59,23.92,1.86,3.13,4.46,1.68,2.4,Momentum Trade,Watch,Positive trend and momentum. Prefer entry near current price or on a controlled pullback.,Below ₹17.60,1.68,Strong price trend | Positive momentum | RSI supports positive momentum | Price is above 200 DMA,Acceptable,355,380
7.409999847412109,7.409999847412109,7.409999847412109,7.409999847412109,55909.0,7.789999961853027,-4.878050273449885,6.774499988555908,5.5119999980926515,5.005399994850158,4.991849988698959,7.706752710164581,6.999498669829992,5.975627000209569,61.339420398238154,0.7485714639936175,10.102179209289064,228682.0,0.24448360605557062,9.539999961853027,3.549999952316284,-22.32704531402526,108.73239287164705,48.441957674761774,True,5.199999809265137,9.539999961853027,Strong Uptrend,Positive,No Breakout,TIJARIA,TIJARIA.NS,Tijaria Polypipes Limited,,Unavailable,0,60,,66.0,Momentum Watch,-5,61.0,7.04,7.6,7.41,6.47,9.54,9.66,0.94,2.13,2.25,2.28,2.4,Momentum Trade,Watch,Positive trend and momentum. Prefer entry near current price or on a controlled pullback.,Below ₹6.47,2.28,Strong price trend | Positive momentum | RSI supports positive momentum | Price is above 200 DMA,Strong,355,380
918.0,920.0,904.0,910.9000244140625,89596.0,923.6500244140625,-1.380392969522004,892.8574951171875,852.8489990234375,789.6169989013672,691.1677505493165,915.7728669881808,898.8583717268548,856.0392275119859,58.62437715986526,24.657139369419642,2.706898529866697,162691.35,0.5507115160086876,949.9500122070312,420.0,-4.1107413328248095,116.8809581938244,31.79145347712048,True,823.5999755859375,949.9500122070312,Strong Uptrend,Positive,No Breakout,TMB,TMB.NS,Tamilnad Mercantile Bank Limited,,Unavailable,0,60,,66.0,Momentum Watch,-5,61.0,898.57,917.06,910.9,880.08,954.05,984.87,30.82,43.15,73.97,1.4,2.4,Momentum Trade,Watch,Positive trend and momentum. Prefer entry near current price or on a controlled pullback.,Below ₹880.08,1.4,Strong price trend | Positive momentum | RSI supports positive momentum | Price is above 200 DMA,Poor,355,380
5220.0,5250.5,4940.5,5146.0,9142.0,5222.5,-1.4648157012924878,5106.049975585937,4467.681987304688,4194.088986816406,4111.387996826172,5215.927527237502,5032.280557722628,4632.9677544892975,58.01838646788823,250.55709402901786,4.868968014555342,89643.3,0.1019819663042302,5760.0,2871.5,-10.659722222222221,79.20947240118406,25.1645430684846,True,3850.0,5760.0,Strong Uptrend,Positive,No Breakout,TVSSRICHAK,TVSSRICHAK.NS,TVS Srichakra Limited,,Unavailable,0,60,,66.0,Momentum Watch,-5,61.0,5020.72,5208.64,5146.0,4832.8,5760.0,5897.67,313.2,614.0,751.67,1.96,2.4,Momentum Trade,Watch,Positive trend and momentum. Prefer entry near current price or on a controlled pullback.,Below ₹4832.80,1.96,Strong price trend | Positive momentum | RSI supports positive momentum | Price is above 200 DMA,Acceptable,355,380
666.5,674.9500122070312,650.0,653.4500122070312,184116.0,672.5999755859375,-2.8471549322052425,636.3449935913086,533.0649987792968,477.8854983520508,466.04549942016604,663.6752531656342,630.5344287993219,560.0448374094866,58.425508156151444,31.774998256138392,4.862651719726525,897838.95,0.20506573032947614,723.5,330.0,-9.682099211191257,98.01515521425189,40.211634490629336,True,482.20001220703125,723.5,Strong Uptrend,Positive,No Breakout,UFLEX,UFLEX.NS,UFLEX Limited,,Unavailable,0,60,,66.0,Momentum Watch,-5,61.0,637.56,661.39,653.45,613.73,723.5,748.78,39.72,70.05,95.32,1.76,2.4,Momentum Trade,Watch,Positive trend and momentum. Prefer entry near current price or on a controlled pullback.,Below ₹613.73,1.76,Strong price trend | Positive momentum | RSI supports positive momentum | Price is above 200 DMA,Acceptable,355,380
1495.0,1517.4000244140625,1466.0999755859375,1502.0,98574.0,1498.800048828125,0.21350087187259614,1492.8800109863282,1421.836005859375,1349.0450024414063,1167.4642510986328,1496.6859300003227,1481.7788993823842,1427.791870056757,55.18517537746506,44.81431361607143,2.9836427174481646,134297.65,0.7339964623357148,1578.0,848.0,-4.816223067173637,77.12264150943396,28.65490301622128,True,1440.0,1578.0,Strong Uptrend,Positive,No Breakout,VIJAYA,VIJAYA.NS,Vijaya Diagnostic Centre Limited,,Unavailable,0,60,,66.0,Momentum Watch,-5,61.0,1479.59,1513.2,1502.0,1445.98,1580.43,1636.44,56.02,78.43,134.44,1.4,2.4,Momentum Trade,Watch,Positive trend and momentum. Prefer entry near current price or on a controlled pullback.,Below ₹1445.98,1.4,Strong price trend | Positive momentum | RSI supports positive momentum | Price is above 200 DMA,Poor,355,380
10800.0,11255.0,10672.0,11217.0,22505.0,10924.0,2.6821677041376724,10823.875,10109.7,10036.415,9136.8075,11069.37411278141,10826.974010708675,10372.965879125513,55.66976668298254,461.35714285714283,4.113017231498108,39972.35,0.563014183554382,12863.0,6666.0,-12.796392754411878,68.27182718271827,22.767170042709107,True,9950.0,11699.0,Strong Uptrend,Positive,No Breakout,VOLTAMP,VOLTAMP.NS,Voltamp Transformers Limited,,Unavailable,0,60,,66.0,Momentum Watch,-5,61.0,10986.32,11332.34,11217.0,10640.3,12024.38,12601.07,576.7,807.38,1384.07,1.4,2.4,Momentum Trade,Watch,Positive trend and momentum. Prefer entry near current price or on a controlled pullback.,Below ₹10640.30,1.4,Strong price trend | Positive momentum | RSI supports positive momentum | Price is above 200 DMA,Poor,355,380
971.0999755859375,975.9000244140625,960.9000244140625,966.2999877929688,128509.0,977.2000122070312,-1.1154343305260994,931.6474975585937,879.8739990234375,852.7469989013672,763.5114990234375,968.6724046640205,941.8207759816055,895.7137854465137,69.10778683751339,39.17143031529018,4.0537546114181175,430500.0,0.2985110336817654,1024.8499755859375,538.25,-5.713030120286041,79.52624018448095,26.559978340719955,True,824.0,1024.8499755859375,Strong Uptrend,Positive,No Breakout,YATHARTH,YATHARTH.NS,Yatharth Hospital & Trauma Care Services Limited,,Unavailable,0,60,,66.0,Momentum Watch,-5,61.0,946.71,976.09,966.3,917.34,1034.85,1083.81,48.96,68.55,117.51,1.4,2.4,Momentum Trade,Watch,Positive trend and momentum. Prefer entry near current price or on a controlled pullback.,Below ₹917.34,1.4,Strong price trend | Positive momentum | RSI supports positive momentum | Price is above 200 DMA,Poor,355,380
782.0,818.9500122070312,780.0,813.0,19342.0,791.7000122070312,2.6904114518819577,745.5225006103516,725.102998046875,636.6919985961914,553.8087498474121,781.4769935030246,758.4245105681861,716.4169616886501,71.0787388385667,31.907161167689733,3.9246200698265357,26902.7,0.7189612938478294,824.0,341.95001220703125,-1.3349514563106795,137.75404912334812,46.8015809111,True,677.0,824.0,Strong Uptrend,Strong Positive,No Breakout,ARROWGREEN,ARROWGREEN.NS,Arrow Greentech Limited,,Unavailable,0,60,,64.0,52W High Watch,-3,61.0,828.79,839.95,828.79,792.09,892.6,940.46,36.69,63.81,111.68,1.74,3.04,52W High Breakout,Watch,Stock is near its rolling 52-week high. Entry requires breakout confirmation.,Below ₹792.09,1.74,Strong price trend | Strong positive momentum | RSI indicates overbought conditions | Price is above 200 DMA | Price is near 52-week high,Acceptable,445,380
698.0,724.0,676.0,720.9500122070312,190726.0,700.4500122070312,2.926689934005,610.3549987792969,536.7549987792969,457.3804989624023,326.4377494812012,672.3509787110653,622.3243687003935,550.13378960328,75.75811782626747,35.517857142857146,4.92653534107406,420650.65,0.45340712061184263,725.9000244140625,118.0,-0.68191376781215,510.97458661612814,120.8537503253891,True,496.1000061035156,725.9000244140625,Strong Uptrend,Strong Positive,No Breakout,BLISSGVS,BLISSGVS.NS,Bliss GVS Pharma Limited,,Unavailable,0,60,,64.0,52W High Watch,-3,61.0,731.23,743.66,731.23,690.38,802.26,855.54,40.85,71.04,124.31,1.74,3.04,52W High Breakout,Watch,Stock is near its rolling 52-week high. Entry requires breakout confirmation.,Below ₹690.38,1.74,Strong price trend | Strong positive momentum | RSI indicates overbought conditions | Price is above 200 DMA | Price is near 52-week high,Acceptable,445,380
649.0,652.9500122070312,636.5499877929688,651.0499877929688,63163.0,649.5,0.23864323217379635,619.6000030517578,577.8530017089844,547.704001159668,447.73375076293945,640.5030051959169,621.3068807666529,586.6171475028315,76.33729880718366,23.407152448381698,3.59529266373707,347811.9,0.18160103205209482,665.5,302.20001220703125,-2.1713016088702104,115.43678408157949,45.410076118581166,True,534.0,665.5,Strong Uptrend,Strong Positive,No Breakout,NITINSPIN,NITINSPIN.NS,Nitin Spinners Limited,,Unavailable,0,60,,64.0,52W High Watch,-3,61.0,669.01,677.2,669.01,642.09,715.83,750.94,26.92,46.81,81.93,1.74,3.04,52W High Breakout,Watch,Stock is near its rolling 52-week high. Entry requires breakout confirmation.,Below ₹642.09,1.74,Strong price trend | Strong positive momentum | RSI indicates overbought conditions | Price is above 200 DMA | Price is near 52-week high,Acceptable,445,380
1170.0,1172.0,1123.800048828125,1167.9000244140625,128175.0,1171.4000244140625,-0.2987877690843188,1102.8725036621095,1010.8130029296875,983.5500024414063,903.0387521362304,1138.4060963559568,1100.7799799167003,1038.9033842395825,71.1594848043906,49.47857666015625,4.236542137669681,164418.0,0.7795679305185563,1199.9000244140625,675.0,-2.6668888531464363,73.02222583912037,29.330000695017315,True,1028.1500244140625,1199.9000244140625,Strong Uptrend,Strong Positive,No Breakout,PITTIENG,PITTIENG.NS,Pitti Engineering Limited,,Unavailable,0,60,,64.0,52W High Watch,-3,61.0,1207.32,1224.64,1207.32,1150.42,1306.28,1380.5,56.9,98.96,173.18,1.74,3.04,52W High Breakout,Watch,Stock is near its rolling 52-week high. Entry requires breakout confirmation.,Below ₹1150.42,1.74,Strong price trend | Strong positive momentum | RSI indicates overbought conditions | Price is above 200 DMA | Price is near 52-week high,Acceptable,445,380
2322.0,2322.0,2321.0,2322.0,236.0,2345.0,-0.9808102345415737,2146.0550170898437,1962.8040063476562,1848.0580053710937,1572.0335009765624,2268.2570183864455,2169.871310067073,2009.7481422766975,70.3527815468114,79.99286760602679,3.4449986049107144,7968.8,0.02961550045176187,2367.10009765625,980.3499755859375,-1.9052889947875553,136.8541906284215,47.70677587707585,True,1790.0,2367.10009765625,Strong Uptrend,Strong Positive,No Breakout,WELINV,WELINV.NS,Welspun Investments and Commercials Limited,,Unavailable,0,60,,64.0,52W High Watch,-3,61.0,2379.1,2407.1,2379.1,2287.11,2539.08,2659.07,91.99,159.99,279.98,1.74,3.04,52W High Breakout,Watch,Stock is near its rolling 52-week high. Entry requires breakout confirmation.,Below ₹2287.11,1.74,Strong price trend | Strong positive momentum | RSI indicates overbought conditions | Price is above 200 DMA | Price is near 52-week high,Acceptable,445,380
1965.0,1999.0,1948.199951171875,1978.9000244140625,122389.0,1962.800048828125,0.8202555117904131,1887.250018310547,1892.4140014648438,1813.02599609375,1652.6659985351562,1924.879918296481,1908.5428778757152,1879.7663593943748,76.37895764802632,47.635716029575896,2.4071815373129057,130991.45,0.9343281565323539,2048.0,1260.0,-3.3740222454071045,57.05555749317956,19.73986432637112,True,1830.0999755859375,2012.0,Uptrend,Strong Positive,No Breakout,EMCURE,EMCURE.NS,Emcure Pharmaceuticals Limited,,Unavailable,0,60,,65.0,Momentum Watch,-5,60.0,1955.08,1990.81,1978.9,1919.36,2062.26,2121.81,59.54,83.36,142.91,1.4,2.4,Momentum Trade,Watch,Positive trend and momentum. Prefer entry near current price or on a controlled pullback.,Below ₹1919.36,1.4,Price is in an uptrend | Strong positive momentum | RSI indicates overbought conditions | Price is above 200 DMA,Poor,419,444
161.0,161.1999969482422,157.1199951171875,159.3800048828125,97541.0,161.2899932861328,-1.184195227742335,154.51650009155273,157.0272003173828,150.84699951171876,141.3784496307373,158.46694463269293,156.83219821556256,155.11620529458474,70.33826078901049,4.299281529017857,2.6975037001529736,101612.95,0.9599268597162075,175.0,115.0,-8.925711495535714,38.59130859375,12.732884890938474,True,148.61000061035156,165.39999389648438,Uptrend,Strong Positive,No Breakout,GPTHEALTH,GPTHEALTH.NS,GPT Healthcare Limited,,Unavailable,0,60,,65.0,Momentum Watch,-5,60.0,157.23,160.45,159.38,154.01,166.9,172.28,5.37,7.52,12.9,1.4,2.4,Momentum Trade,Watch,Positive trend and momentum. Prefer entry near current price or on a controlled pullback.,Below ₹154.01,1.4,Price is in an uptrend | Strong positive momentum | RSI indicates overbought conditions | Price is above 200 DMA,Poor,419,444
255.25,258.75,253.14999389648438,256.80999755859375,416095.0,258.7799987792969,-0.7612648697719715,240.91549911499024,249.6922006225586,243.7459001159668,237.6381000518799,252.01276096032325,246.9066174521544,246.04870028772763,75.04471832608543,8.024285452706474,3.1246001047430614,1396921.9,0.297865614391184,280.0,196.50999450683594,-8.282143729073661,30.685463710427296,8.067686748264842,True,223.25,261.5899963378906,Uptrend,Strong Positive,No Breakout,RELIGARE,RELIGARE.NS,Religare Enterprises Limited,,Unavailable,0,60,,65.0,Momentum Watch,-5,60.0,252.8,258.82,256.81,246.78,270.85,280.88,10.03,14.04,24.07,1.4,2.4,Momentum Trade,Watch,Positive trend and momentum. Prefer entry near current price or on a controlled pullback.,Below ₹246.78,1.4,Price is in an uptrend | Strong positive momentum | RSI indicates overbought conditions | Price is above 200 DMA,Poor,419,444
508.0,558.0,503.0,544.3499755859375,5994616.0,512.2999877929688,6.256097707720576,539.0550048828125,543.3320025634765,521.1125021362304,519.2210508728027,527.9932262639707,536.0624455909361,537.2998030870765,46.99514500321951,21.582142421177455,3.9647549167144662,697146.6,8.59878826060401,683.0,400.0,-20.300149987417644,36.087493896484375,4.839735344106992,True,504.8500061035156,583.0,Uptrend,Negative,No Breakout,AIIL,AIIL.NS,Authum Investment & Infrastructure Limited,,Unavailable,0,60,,63.0,Neutral Watch,-3,60.0,,,,,,,,,,,,No Immediate Trade,Confirmation Required,Technical setup is not strong enough for an immediate trade.,Wait for a clearer setup.,,Price is in an uptrend | Weak momentum | Volume is more than 2x average | Price is above 200 DMA,Not Ready,493,444
16.6200008392334,17.360000610351562,16.5,17.1299991607666,109228.0,17.040000915527344,0.5281586878158384,15.47199993133545,15.377199974060058,15.994899988174438,16.383450031280518,16.320902138023108,15.768282899578303,15.606003921910633,72.24577337084725,0.8600001335144043,5.0204330160394335,117409.75,0.9303145607583697,27.489999771118164,12.630000114440918,-37.686433963655745,35.6294458080049,4.556727234256009,True,14.180000305175781,18.049999237060547,Sideways,Strong Positive,No Breakout,AIRAN,AIRAN.NS,Airan Limited,,Unavailable,0,60,,63.0,200 DMA Recovery Watch,-3,60.0,16.38,16.81,16.38,13.97,18.05,19.77,2.42,1.67,3.39,0.69,1.4,200 DMA Recovery,Confirmation Required,Stock is recovering around the 200 DMA. Confirmation above the recovery level is preferred.,Below ₹13.97,0.69,Strong positive momentum | RSI indicates overbought conditions | Price is above 200 DMA,Poor,493,444
10990.0,11146.0,10922.0,11134.0,49910.0,10992.0,1.2918486171761279,11248.85,11057.86,10740.145,10681.365,11126.476408476636,11187.221426495122,11067.57002171489,50.33460803059274,255.64285714285714,2.2960558392568453,46840.35,1.065534309628344,13880.0,8588.0,-19.78386167146974,29.646017699115045,4.237613825573793,True,10811.0,11644.0,Uptrend,Neutral,No Breakout,BAJAJHLDNG,BAJAJHLDNG.NS,Bajaj Holdings & Investment Limited,,Unavailable,0,60,,63.0,200 DMA Recovery Watch,-3,60.0,10811.0,10809.19,10811.0,10425.72,11644.0,12155.29,385.28,833.0,1344.29,2.16,3.49,200 DMA Recovery,Confirmation Required,Stock is recovering around the 200 DMA. Confirmation above the recovery level is preferred.,Below ₹10425.72,2.16,Price is in an uptrend | RSI supports positive momentum | Price is above 200 DMA,Strong,493,444
64.69999694824219,69.72000122070312,63.119998931884766,65.69000244140625,101530.0,63.849998474121094,2.8817603935118674,63.359000015258786,64.8068000793457,63.208800354003905,68.05685005187988,64.49644339380183,64.0116100995236,64.13507690222818,62.86749038388876,3.6249997275216237,5.518343115841757,29004.7,3.500467165666254,163.89999389648438,36.29999923706055,-59.920680361407086,80.96419785689673,-3.477750746132644,False,58.5,71.4000015258789,Downtrend,Strong Positive,No Breakout,BROOKS,BROOKS.NS,Brooks Laboratories Limited,,Unavailable,0,60,,63.0,200 DMA Recovery Watch,-3,60.0,68.06,69.87,68.06,57.59,71.4,78.65,10.46,3.34,10.59,0.32,1.01,200 DMA Recovery,Confirmation Required,Stock is recovering around the 200 DMA. Confirmation above the recovery level is preferred.,Below ₹57.59,0.32,Price trend is weak | Strong positive momentum | Volume is more than 2x average | RSI supports positive momentum | Price is below 200 DMA,Poor,493,444
89.0,89.0,86.0,88.94999694824219,18027.0,89.2300033569336,-0.31380297899501475,86.2390007019043,87.59259994506836,87.29060005187988,89.0596000289917,89.02055013821949,87.75072076258729,87.39788786355565,67.15209730066056,3.6385716029575894,4.090580919384162,9592.85,1.879212121528013,116.9000015258789,60.29999923706055,-23.90932781249729,47.512434616372715,-0.12306711540791679,False,80.0999984741211,94.98999786376953,Downtrend,Positive,No Breakout,EMMBI,EMMBI.NS,Emmbi Industries Limited,,Unavailable,0,60,,63.0,200 DMA Recovery Watch,-3,60.0,89.06,90.88,89.06,79.19,94.99,102.27,9.87,5.93,13.21,0.6,1.34,200 DMA Recovery,Confirmation Required,Stock is recovering around the 200 DMA. Confirmation above the recovery level is preferred.,Below ₹79.19,0.6,Price trend is weak | Positive momentum | Strong volume confirmation | RSI supports positive momentum | Price is below 200 DMA | Price is near 200 DMA,Poor,493,444
175.0,178.3000030517578,171.00999450683594,175.5399932861328,471310.0,177.33999633789062,-1.0150011779227808,165.19749908447267,165.64079895019532,163.5602993774414,168.5609994506836,173.14773895636213,168.6013230309602,165.47251277335656,70.98728860035408,5.868571690150669,3.3431536485163296,523597.45,0.9001380736288918,279.8999938964844,129.10000610351562,-37.28474558271949,35.972103010886336,4.140337241825077,True,150.05999755859375,182.5,Sideways,Strong Positive,No Breakout,PENIND,PENIND.NS,Pennar Industries Limited,,Unavailable,0,60,,63.0,200 DMA Recovery Watch,-3,60.0,168.56,171.5,168.56,148.59,182.5,194.24,19.97,13.94,25.68,0.7,1.29,200 DMA Recovery,Confirmation Required,Stock is recovering around the 200 DMA. Confirmation above the recovery level is preferred.,Below ₹148.59,0.7,Strong positive momentum | RSI indicates overbought conditions | Price is above 200 DMA,Poor,493,444
47.79999923706055,48.38999938964844,47.70000076293945,48.33000183105469,8267285.0,48.04999923706055,0.5827317345266092,42.29650020599365,41.986800003051755,39.58620021820068,34.80030003547668,45.81718441127285,43.73194764726214,41.86425819311608,90.06815936290496,1.3321432386125838,2.75634841328851,8459552.2,0.9772721775982423,49.380001068115234,20.559999465942383,-2.1263653591504954,135.06810839714896,38.878118239743166,True,35.36000061035156,49.380001068115234,Strong Uptrend,Strong Positive,No Breakout,SBC,SBC.NS,SBC Exports Limited,,Unavailable,0,60,,63.0,52W High Watch,-3,60.0,49.58,50.05,49.58,48.05,52.24,54.24,1.53,2.66,4.66,1.74,3.04,52W High Breakout,Watch,Stock is near its rolling 52-week high. Entry requires breakout confirmation.,Below ₹48.05,1.74,Strong price trend | Strong positive momentum | RSI indicates overbought conditions | Price is above 200 DMA | Price is near 52-week high,Acceptable,493,444
10074.0,10339.0,10074.0,10273.0,2921.0,10201.0,0.7058131555729874,10053.25,9455.91,8635.61,8049.9825,10049.55514306596,9928.399959746037,9475.883983641223,54.250386398763524,320.92857142857144,3.1240005006188207,17500.6,0.16690856313497823,10544.0,6430.0,-2.570182094081942,59.76671850699844,27.615184256611734,True,9009.0,10544.0,Strong Uptrend,Positive,No Breakout,TASTYBITE,TASTYBITE.NS,Tasty Bite Eatables Limited,,Unavailable,0,60,,63.0,52W High Watch,-3,60.0,10592.14,10704.46,10592.14,10223.07,11234.0,11715.39,369.07,641.86,1123.25,1.74,3.04,52W High Breakout,Watch,Stock is near its rolling 52-week high. Entry requires breakout confirmation.,Below ₹10223.07,1.74,Strong price trend | Positive momentum | RSI supports positive momentum | Price is above 200 DMA | Price is near 52-week high,Acceptable,493,444
26.700000762939453,27.389999389648438,26.0,26.969999313354492,157483.0,26.940000534057617,0.11135404121076498,26.813999938964844,25.794799880981444,25.92579996109009,25.788299989700317,26.94624482302628,26.714111159497953,26.217570447740147,48.918919615540254,1.2300002234322684,4.56062385890837,119637.9,1.3163303601952225,34.04999923706055,21.469999313354492,-20.7929517836819,25.61714101489962,4.582307961851455,True,24.760000228881836,27.989999771118164,Strong Uptrend,Negative,No Breakout,TREL,TREL.NS,Transindia Real Estate Limited,,Unavailable,0,60,,63.0,Neutral Watch,-3,60.0,,,,,,,,,,,,No Immediate Trade,Confirmation Required,Technical setup is not strong enough for an immediate trade.,Wait for a clearer setup.,,Strong price trend | Weak momentum | Volume is above average | Price is above 200 DMA,Not Ready,493,444
179.00999450683594,187.5,175.10000610351562,186.67999267578125,631557.0,179.6999969482422,3.884249218740643,171.95149917602538,182.93719970703125,197.1172004699707,219.66330032348634,174.30087829186647,174.4311898273382,182.52581976993295,62.83612728468548,7.365001133510044,3.945254672417574,328364.2,1.92334304409555,363.45001220703125,159.9499969482422,-48.63668003691161,16.71146998282754,-15.015392921408512,False,159.9499969482422,181.69000244140625,Downtrend,Positive,Confirmed Breakout,CRIZAC,CRIZAC.NS,Crizac Limited,,Unavailable,0,60,,67.0,Strong Breakout Watch,-8,59.0,195.15,197.73,195.15,186.68,209.88,220.93,8.47,14.73,25.78,1.74,3.04,Breakout Trade,Strong Setup,Confirmed breakout above resistance. Entry requires breakout confirmation.,Below ₹186.68,1.74,Price trend is weak | Positive momentum | Confirmed price breakout | Strong volume confirmation | RSI supports positive momentum | Price is below 200 DMA,Acceptable,304,464
1311.0999755859375,1364.5999755859375,1287.699951171875,1353.5999755859375,1216825.0,1307.5999755859375,3.5178954465326706,1308.2349853515625,1313.19599609375,1080.7344995117187,885.9019998168945,1304.0136813137274,1301.3060501817574,1254.98601765593,51.45677555019095,56.16428920200893,4.149253118721202,904017.2,1.34601974387213,1497.800048828125,576.0999755859375,-9.627458174741633,134.95921419007584,52.793421379081494,True,1180.0,1449.0,Uptrend,Positive,No Breakout,AEGISLOG,AEGISLOG.NS,Aegis Logistics Limited,,Unavailable,0,60,,64.0,Momentum Watch,-5,59.0,1325.52,1367.64,1353.6,1283.39,1451.89,1522.09,70.21,98.29,168.49,1.4,2.4,Momentum Trade,Watch,Positive trend and momentum. Prefer entry near current price or on a controlled pullback.,Below ₹1283.39,1.4,Price is in an uptrend | Positive momentum | Volume is above average | RSI supports positive momentum | Price is above 200 DMA,Poor,445,464
384.6000061035156,404.0,370.1000061035156,378.79998779296875,26340.0,382.1499938964844,-0.8766207397671866,339.59000091552736,322.1170001220703,310.54000091552734,308.4645004272461,375.7476627326538,352.94611579150353,329.06876210926094,79.20288970504981,24.810716901506698,6.549819878839826,92985.35,0.2832704291590019,423.79998779296875,247.5,-10.618216445533033,53.05050011837121,22.801809371354828,True,291.8999938964844,423.79998779296875,Strong Uptrend,Strong Positive,No Breakout,ASIANHOTNR,ASIANHOTNR.NS,Asian Hotels (North) Limited,,Unavailable,0,60,,64.0,Momentum Watch,-5,59.0,366.39,385.0,378.8,347.79,423.8,453.23,31.01,45.0,74.43,1.45,2.4,Momentum Trade,Watch,Positive trend and momentum. Prefer entry near current price or on a controlled pullback.,Below ₹347.79,1.45,Strong price trend | Strong positive momentum | RSI indicates overbought conditions | Price is above 200 DMA,Poor,445,464
36.79999923706055,38.7400016784668,35.209999084472656,38.7400016784668,338230.0,36.900001525878906,4.986450071817616,33.58300046920776,26.55260013580322,23.799600162506103,18.95305009841919,37.280352970617905,34.09752594782034,28.77694166682515,70.312502882665,2.165714536394392,5.590383176462742,447746.75,0.7554047014299936,43.130001068115234,10.899999618530273,-10.178528358288954,255.41287187393863,104.39982734862274,True,23.43000030517578,43.130001068115234,Strong Uptrend,Strong Positive,No Breakout,CALSOFT,CALSOFT.NS,California Software Company Limited,,Unavailable,0,60,,64.0,Momentum Watch,-5,59.0,37.66,39.28,38.74,36.03,43.13,45.24,2.71,4.39,6.5,1.62,2.4,Momentum Trade,Watch,Positive trend and momentum. Prefer entry near current price or on a controlled pullback.,Below ₹36.03,1.62,Strong price trend | Strong positive momentum | RSI indicates overbought conditions | Price is above 200 DMA,Acceptable,445,464
547.0,549.75,533.0,538.4500122070312,90810.0,551.9500122070312,-2.445873666352283,536.4300018310547,538.1160046386718,546.7600045776367,533.2492529296875,540.9751289925978,538.2562352936815,537.9562395903937,52.214838226507226,17.699999128069198,3.2872130609709482,139203.2,0.6523556929725753,667.5499877929688,416.0,-19.339372024073207,29.435099088228668,0.9752961206735191,True,499.04998779296875,572.5999755859375,Uptrend,Positive,No Breakout,CARRARO,CARRARO.NS,Carraro India Limited,,Unavailable,0,60,,64.0,Momentum Watch,-5,59.0,529.6,542.88,538.45,516.33,572.6,591.55,22.12,34.15,53.1,1.54,2.4,Momentum Trade,Watch,Positive trend and momentum. Prefer entry near current price or on a controlled pullback.,Below ₹516.33,1.54,Price is in an uptrend | Positive momentum | RSI supports positive momentum | Price is above 200 DMA | Price is near 200 DMA,Acceptable,445,464
4214.0,4258.0,4082.5,4192.0,27427.0,4210.39990234375,-0.4370108011238494,3657.084997558594,3656.9820068359377,3472.838000488281,2985.6465026855467,4022.4474996550066,3823.26029529322,3661.0723944697334,78.9042506011547,179.0428466796875,4.271060273847508,107344.25,0.25550506897202224,4450.0,2044.199951171875,-5.797752808988764,105.06800215883281,40.40510141536701,True,3255.10009765625,4450.0,Strong Uptrend,Strong Positive,No Breakout,CENTUM,CENTUM.NS,Centum Electronics Limited,,Unavailable,0,60,,64.0,Momentum Watch,-5,59.0,4102.48,4236.76,4192.0,3968.2,4505.32,4729.13,223.8,313.32,537.13,1.4,2.4,Momentum Trade,Watch,Positive trend and momentum. Prefer entry near current price or on a controlled pullback.,Below ₹3968.20,1.4,Strong price trend | Strong positive momentum | RSI indicates overbought conditions | Price is above 200 DMA,Poor,445,464
222.60000610351562,225.82000732421875,211.10000610351562,217.1199951171875,15946.0,225.82000732421875,-3.852631265988893,180.5115005493164,179.45300079345702,175.1115003967285,162.39389991760254,198.29372946714176,187.02730634045142,179.7846405174034,75.99017190957471,14.051429748535156,6.471734554411303,30037.4,0.5308715135131535,236.8000030517578,105.1500015258789,-8.31081405445287,106.48596478027743,33.6996003097115,True,163.0,236.8000030517578,Strong Uptrend,Strong Positive,No Breakout,CHEMBOND,CHEMBOND.NS,Chembond Material Technologies Limited,,Unavailable,0,60,,64.0,Momentum Watch,-5,59.0,210.09,220.63,217.12,199.56,241.71,259.27,17.56,24.59,42.15,1.4,2.4,Momentum Trade,Watch,Positive trend and momentum. Prefer entry near current price or on a controlled pullback.,Below ₹199.56,1.4,Strong price trend | Strong positive momentum | RSI indicates overbought conditions | Price is above 200 DMA,Poor,445,464
3810.0,3900.0,3775.0,3825.5,161471.0,3829.10009765625,-0.09401941877814624,3596.74501953125,3592.4060009765626,3284.8620092773435,2451.1370050048827,3750.8714716795616,3673.9963713641746,3542.6870800726438,73.53896370446071,153.27141462053572,4.006572072161436,264247.4,0.6110599385273043,4094.0,1227.0,-6.55837811431363,211.7766911165444,56.07042740527592,True,3251.0,3887.199951171875,Strong Uptrend,Strong Positive,No Breakout,CPPLUS,CPPLUS.NS,Aditya Infotech Limited,,Unavailable,0,60,,64.0,Momentum Watch,-5,59.0,3748.86,3863.82,3825.5,3633.91,4093.72,4285.31,191.59,268.22,459.81,1.4,2.4,Momentum Trade,Watch,Positive trend and momentum. Prefer entry near current price or on a controlled pullback.,Below ₹3633.91,1.4,Strong price trend | Strong positive momentum | RSI indicates overbought conditions | Price is above 200 DMA,Poor,445,464
907.0499877929688,921.2999877929688,893.2999877929688,904.4000244140625,506275.0,923.2999877929688,-2.0470013677877597,813.3925018310547,699.656001586914,567.4485006713867,464.92350051879885,886.9144332214778,828.3373496555798,718.5187903280257,74.88119484046165,47.714285714285715,5.2757943859188385,820827.5,0.6167861091398619,1009.0,265.20001220703125,-10.366697283046333,241.0256345342974,94.52663145761842,True,685.0499877929688,1009.0,Strong Uptrend,Strong Positive,No Breakout,CYIENTDLM,CYIENTDLM.NS,Cyient DLM Limited,,Unavailable,0,60,,64.0,Momentum Watch,-5,59.0,880.54,916.33,904.4,844.76,1009.0,1047.54,59.64,104.6,143.14,1.75,2.4,Momentum Trade,Watch,Positive trend and momentum. Prefer entry near current price or on a controlled pullback.,Below ₹844.76,1.75,Strong price trend | Strong positive momentum | RSI indicates overbought conditions | Price is above 200 DMA,Acceptable,445,464
225.0,226.99000549316406,223.41000366210938,226.3699951171875,1245963.0,227.1300048828125,-0.33461442754652015,211.64649963378906,197.83059967041015,190.02719970703126,185.53239974975585,223.2255547607883,214.69921322035242,202.28689529103275,76.9698202231425,7.6207155500139505,3.366486599104642,3478726.4,0.35816642550561034,234.8000030517578,122.4000015258789,-3.590292940802073,84.94280416273224,22.011031724115554,True,180.0,234.8000030517578,Strong Uptrend,Strong Positive,No Breakout,DCBBANK,DCBBANK.NS,DCB Bank Limited,,Unavailable,0,60,,64.0,Momentum Watch,-5,59.0,222.56,228.28,226.37,216.84,239.71,249.23,9.53,13.34,22.86,1.4,2.4,Momentum Trade,Watch,Positive trend and momentum. Prefer entry near current price or on a controlled pullback.,Below ₹216.84,1.4,Strong price trend | Strong positive momentum | RSI indicates overbought conditions | Price is above 200 DMA,Poor,445,464
1792.9000244140625,1840.4000244140625,1792.9000244140625,1815.4000244140625,98792.0,1792.9000244140625,1.254950063785798,1683.810009765625,1426.2060009765626,1306.341005859375,1207.951003112793,1802.282467254565,1699.2488410801968,1505.3112137792211,75.3911773815702,79.70002092633929,4.390218125730345,411827.6,0.23988678757810308,1920.0,944.0,-5.447915395100911,92.30932462013374,50.28755468855294,True,1380.5999755859375,1920.0,Strong Uptrend,Strong Positive,No Breakout,ENTERO,ENTERO.NS,Entero Healthcare Solutions Limited,,Unavailable,0,60,,64.0,Momentum Watch,-5,59.0,1775.55,1835.33,1815.4,1715.77,1954.88,2054.5,99.63,139.48,239.1,1.4,2.4,Momentum Trade,Watch,Positive trend and momentum. Prefer entry near current price or on a controlled pullback.,Below ₹1715.77,1.4,Strong price trend | Strong positive momentum | RSI indicates overbought conditions | Price is above 200 DMA,Poor,445,464
6231.5,6351.5,6100.0,6194.5,9080.0,6194.0,0.008072328059416378,5938.65,5496.04,5249.59599609375,5051.241491699218,6150.68897161739,5972.831901504187,5632.201189492778,71.96479420139788,282.17857142857144,4.5553082803869795,19357.25,0.4690748944194036,6580.0,4300.0,-5.858662613981763,44.05813953488372,22.633218193577076,True,5257.0,6580.0,Strong Uptrend,Strong Positive,No Breakout,FOSECOIND,FOSECOIND.NS,Foseco India Limited,,Unavailable,0,60,,64.0,Momentum Watch,-5,59.0,6053.41,6265.04,6194.5,5841.78,6688.31,7041.04,352.72,493.81,846.54,1.4,2.4,Momentum Trade,Watch,Positive trend and momentum. Prefer entry near current price or on a controlled pullback.,Below ₹5841.78,1.4,Strong price trend | Strong positive momentum | RSI indicates overbought conditions | Price is above 200 DMA,Poor,445,464
431.0,446.3500061035156,426.54998779296875,441.54998779296875,203952.0,432.20001220703125,2.1633445908971094,409.2050033569336,407.2960009765625,387.76400177001955,331.6877508544922,426.0445790643157,416.6459751902658,405.8690671879767,74.61496118014855,14.478572300502233,3.2790335637583254,380646.05,0.5358048507268104,459.8999938964844,223.35000610351562,-3.98999920570686,97.69419105738658,33.122186953075605,True,382.54998779296875,448.0,Strong Uptrend,Strong Positive,No Breakout,GOCLCORP,GOCLCORP.NS,GOCL Corporation Limited,,Unavailable,0,60,,64.0,Momentum Watch,-5,59.0,434.31,445.17,441.55,423.45,466.89,484.99,18.1,25.34,43.44,1.4,2.4,Momentum Trade,Watch,Positive trend and momentum. Prefer entry near current price or on a controlled pullback.,Below ₹423.45,1.4,Strong price trend | Strong positive momentum | RSI indicates overbought conditions | Price is above 200 DMA,Poor,445,464
194.6999969482422,200.91000366210938,192.60000610351562,200.24000549316406,31136422.0,195.83999633789062,2.2467367430307306,195.2330009460449,197.2383999633789,197.6027001953125,181.79850006103516,195.46445618268638,195.1780842577978,195.82064086272675,55.44956585837759,5.315714154924665,2.65467139887096,48962683.05,0.635921482656576,,,,,10.143926064262105,True,185.35000610351562,205.2100067138672,Uptrend,Positive,No Breakout,GROWW,GROWW.NS,Billionbrains Garage Ventures Limited,,Unavailable,0,60,,64.0,Momentum Watch,-5,59.0,197.58,201.57,200.24,193.6,209.54,216.19,6.64,9.3,15.95,1.4,2.4,Momentum Trade,Watch,Positive trend and momentum. Prefer entry near current price or on a controlled pullback.,Below ₹193.60,1.4,Price is in an uptrend | Positive momentum | RSI supports positive momentum | Price is above 200 DMA,Poor,445,464
64.9800033569336,64.9800033569336,61.5099983215332,62.52000045776367,6188.0,64.66000366210938,-3.30962431664652,49.39950008392334,44.05000015258789,44.18200012207031,43.81915000915527,59.51602533407716,52.96424308039216,47.04689385474295,71.90827169077772,5.02071407863072,8.030572683732686,18243.85,0.33918279310562194,71.44999694824219,36.400001525878906,-12.498246146808563,71.75823581577193,42.67734642205787,True,38.810001373291016,71.44999694824219,Strong Uptrend,Strong Positive,No Breakout,ICDSLTD,ICDSLTD.NS,ICDS Limited,,Unavailable,0,60,,64.0,Momentum Watch,-5,59.0,60.01,63.78,62.52,56.24,71.45,77.58,6.28,8.93,15.06,1.42,2.4,Momentum Trade,Watch,Positive trend and momentum. Prefer entry near current price or on a controlled pullback.,Below ₹56.24,1.42,Strong price trend | Strong positive momentum | RSI indicates overbought conditions | Price is above 200 DMA,Poor,445,464
1108.0,1134.800048828125,1105.0,1113.199951171875,1166.0,1127.699951171875,-1.2858030174544233,1102.7899963378907,1108.207998046875,1084.3709967041016,1056.4399990844727,1116.209942426592,1108.0439737985066,1100.1482728798526,53.53259596347012,41.050013950892854,3.6875687883096973,2778.6,0.4196357878068092,1238.9000244140625,928.0,-10.146103056349306,19.956891290072736,5.372756818805742,True,1046.0,1170.0,Uptrend,Positive,No Breakout,IMPAL,IMPAL.NS,India Motor Parts and Accessories Limited,,Unavailable,0,60,,64.0,Momentum Watch,-5,59.0,1092.67,1123.46,1113.2,1061.89,1185.04,1236.35,51.31,71.84,123.15,1.4,2.4,Momentum Trade,Watch,Positive trend and momentum. Prefer entry near current price or on a controlled pullback.,Below ₹1061.89,1.4,Price is in an uptrend | Positive momentum | RSI supports positive momentum | Price is above 200 DMA,Poor,445,464
54.70000076293945,55.5,52.0099983215332,52.880001068115234,14626067.0,55.63999938964844,-4.960457138406593,43.11350021362305,38.243800201416015,33.474600086212156,29.83435004234314,51.362178631712595,46.09759164812468,39.93687774845829,74.99999444892848,4.351428713117327,8.228874102162385,35376069.5,0.41344522460303285,61.9900016784668,17.850000381469727,-14.695919283248001,196.24649825223827,77.24535977175297,True,34.56999969482422,61.9900016784668,Strong Uptrend,Strong Positive,No Breakout,JINDWORLD,JINDWORLD.NS,Jindal Worldwide Limited,,Unavailable,0,60,,64.0,Momentum Watch,-5,59.0,50.7,53.97,52.88,47.44,61.99,65.93,5.44,9.11,13.05,1.67,2.4,Momentum Trade,Watch,Positive trend and momentum. Prefer entry near current price or on a controlled pullback.,Below ₹47.44,1.67,Strong price trend | Strong positive momentum | RSI indicates overbought conditions | Price is above 200 DMA,Acceptable,445,464
990.0,1021.8499755859375,930.0499877929688,1021.6500244140625,8554.0,973.2000122070312,4.978422893476542,834.260009765625,705.5570068359375,658.7995043945313,635.5510018920899,968.1356773418743,875.5042380252397,755.8638917215037,71.72468480764749,90.16429356166294,8.825360094654139,22309.0,0.3834326953247568,1192.25,523.5999755859375,-14.309077423857202,95.12033461628398,60.750281467973885,True,629.6500244140625,1192.25,Strong Uptrend,Strong Positive,No Breakout,KALYANIFRG,KALYANIFRG.NS,Kalyani Forge Limited,,Unavailable,0,60,,64.0,Momentum Watch,-5,59.0,976.57,1044.19,1021.65,908.94,1192.25,1292.14,112.71,170.6,270.49,1.51,2.4,Momentum Trade,Watch,Positive trend and momentum. Prefer entry near current price or on a controlled pullback.,Below ₹908.94,1.51,Strong price trend | Strong positive momentum | RSI indicates overbought conditions | Price is above 200 DMA,Acceptable,445,464
1900.0,1924.5999755859375,1893.9000244140625,1909.0,224876.0,1916.699951171875,-0.4017296065128573,1909.1899963378905,1840.7999975585938,1715.7499975585938,1564.4507495117186,1912.616797456878,1905.368396945536,1841.4826576145279,53.28598314430118,49.2071533203125,2.5776402996496857,187158.95,1.2015241590102956,1988.9000244140625,1272.5999755859375,-4.017297170962696,50.007860806460236,22.023655944159238,True,1855.699951171875,1977.0,Uptrend,Positive,No Breakout,LALPATHLAB,LALPATHLAB.NS,Dr. Lal Path Labs Ltd.,,Unavailable,0,60,,64.0,Momentum Watch,-5,59.0,1884.4,1921.3,1909.0,1855.7,1995.11,2056.62,53.3,86.11,147.62,1.62,2.77,Momentum Trade,Watch,Positive trend and momentum. Prefer entry near current price or on a controlled pullback.,Below ₹1855.70,1.62,Price is in an uptrend | Positive momentum | Volume is above average | RSI supports positive momentum | Price is above 200 DMA,Acceptable,445,464
82.9000015258789,84.0,82.80000305175781,82.9000015258789,8273.0,84.19999694824219,-1.5439376122096449,75.17599983215332,70.22999992370606,67.07720005035401,67.67520002365113,79.84617608011162,76.17217558626693,71.73243339563466,73.01588322781097,2.102856227329799,2.536617839112283,19002.9,0.4353546037710033,101.9000015258789,44.099998474121094,-18.645730829723973,87.98186937472698,22.496869602021142,True,66.63999938964844,84.80000305175781,Strong Uptrend,Strong Positive,No Breakout,LYKALABS,LYKALABS.NS,Lyka Labs Limited,,Unavailable,0,60,,64.0,Momentum Watch,-5,59.0,81.85,83.43,82.9,80.27,86.58,89.21,2.63,3.68,6.31,1.4,2.4,Momentum Trade,Watch,Positive trend and momentum. Prefer entry near current price or on a controlled pullback.,Below ₹80.27,1.4,Strong price trend | Strong positive momentum | RSI indicates overbought conditions | Price is above 200 DMA,Poor,445,464
61.9900016784668,63.25,60.61000061035156,62.52000045776367,903722.0,62.54999923706055,-0.04795967971666926,63.24299964904785,56.57019989013672,53.58889995574951,54.50690010070801,63.78788487728195,62.42730283701425,58.40549047621224,55.50146756317653,3.265000479561942,5.2223295835828765,2490990.35,0.3627962669546271,87.75,36.5,-28.75213623046875,71.28767248702376,14.70107517075912,True,57.0099983215332,68.80000305175781,Uptrend,Positive,No Breakout,MOL,MOL.NS,Meghmani Organics Limited,,Unavailable,0,60,,64.0,Momentum Watch,-5,59.0,60.89,63.34,62.52,58.44,68.8,72.32,4.08,6.28,9.8,1.54,2.4,Momentum Trade,Watch,Positive trend and momentum. Prefer entry near current price or on a controlled pullback.,Below ₹58.44,1.54,Price is in an uptrend | Positive momentum | RSI supports positive momentum | Price is above 200 DMA,Acceptable,445,464
114.5,117.69999694824219,111.01000213623047,115.77999877929688,15303804.0,115.27999877929688,0.4337265833574966,104.28800048828126,80.21000022888184,63.59710010528565,51.64795009613037,113.13324766024311,104.20236193107061,86.15946668352501,72.6431645512186,6.979286193847656,6.028058617578473,24308318.05,0.6295706666549888,122.55000305175781,33.04999923706055,-5.52427915452739,250.317704847228,124.17152774466354,True,78.5,122.55000305175781,Strong Uptrend,Strong Positive,No Breakout,MOREPENLAB,MOREPENLAB.NS,Morepen Laboratories Limited,,Unavailable,0,60,,64.0,Momentum Watch,-5,59.0,112.29,117.52,115.78,107.06,127.99,136.72,8.72,12.21,20.94,1.4,2.4,Momentum Trade,Watch,Positive trend and momentum. Prefer entry near current price or on a controlled pullback.,Below ₹107.06,1.4,Strong price trend | Strong positive momentum | RSI indicates overbought conditions | Price is above 200 DMA,Poor,445,464
134.83999633789062,138.0,132.0,133.05999755859375,39928.0,134.83999633789062,-1.3200821919606365,122.69300079345703,113.21820007324219,89.77960025787354,71.98575006484985,128.45204019611663,123.57551914021815,111.88671111607736,75.01623539186535,3.608570098876953,2.7119871975707035,74137.6,0.5385661256906077,138.0,45.099998474121094,-3.5797119140625,195.0332639921155,84.84213533751318,True,113.0,137.7899932861328,Strong Uptrend,Strong Positive,No Breakout,NRL,NRL.NS,Nupur Recyclers Limited,,Unavailable,0,60,,64.0,Momentum Watch,-5,59.0,131.26,133.96,133.06,128.55,139.37,143.89,4.51,6.31,10.83,1.4,2.4,Momentum Trade,Watch,Positive trend and momentum. Prefer entry near current price or on a controlled pullback.,Below ₹128.55,1.4,Strong price trend | Strong positive momentum | RSI indicates overbought conditions | Price is above 200 DMA,Poor,445,464
67.25,67.87000274658203,66.05999755859375,67.08000183105469,32213.0,67.76000213623047,-1.003542331372198,63.47700080871582,61.4594002532959,60.976399955749514,55.32934989929199,66.12047569192958,64.34561666929238,62.46825357004024,77.76630694630072,2.29714230128697,3.4244815721270716,66219.4,0.48645865109016395,78.94999694824219,40.40999984741211,-15.034826568732102,65.99852037700651,21.237646842319148,True,58.11000061035156,69.81999969482422,Strong Uptrend,Strong Positive,No Breakout,PASUPTAC,PASUPTAC.NS,Pasupati Acrylon Limited,,Unavailable,0,60,,64.0,Momentum Watch,-5,59.0,65.93,67.65,67.08,64.21,71.1,73.97,2.87,4.02,6.89,1.4,2.4,Momentum Trade,Watch,Positive trend and momentum. Prefer entry near current price or on a controlled pullback.,Below ₹64.21,1.4,Strong price trend | Strong positive momentum | RSI indicates overbought conditions | Price is above 200 DMA,Poor,445,464
194.39999389648438,195.0399932861328,186.72999572753906,192.77999877929688,28068.0,194.14999389648438,-0.7056374763101725,189.53649978637696,190.8722003173828,181.73019989013673,166.61070007324219,190.79981902393345,190.47218494016352,188.1381449901161,50.44699710511521,6.807856968470982,3.5314124969286467,27997.55,1.0025162916040868,216.2899932861328,121.01000213623047,-10.8696635242548,59.30914418319676,15.706853578161937,True,181.8000030517578,202.8000030517578,Uptrend,Positive,No Breakout,PLASTIBLEN,PLASTIBLEN.NS,Plastiblends India Limited,,Unavailable,0,60,,64.0,Momentum Watch,-5,59.0,189.38,194.48,192.78,184.27,204.69,213.2,8.51,11.91,20.42,1.4,2.4,Momentum Trade,Watch,Positive trend and momentum. Prefer entry near current price or on a controlled pullback.,Below ₹184.27,1.4,Price is in an uptrend | Positive momentum | RSI supports positive momentum | Price is above 200 DMA,Poor,445,464
1783.0,1813.300048828125,1757.300048828125,1797.300048828125,564406.0,1800.0,-0.14999728732638662,1806.554998779297,1683.043994140625,1670.4559997558595,1651.9390032958984,1815.3081144798637,1791.7012818594071,1724.4218694063209,50.331768982030006,48.32142857142857,2.6885565714492183,1060281.0,0.532317376242713,1964.199951171875,1364.0,-8.497093294609579,31.76686574986254,8.799419666356124,True,1715.5,1875.0,Uptrend,Positive,No Breakout,POLICYBZR,POLICYBZR.NS,PB Fintech Limited,,Unavailable,0,60,,64.0,Momentum Watch,-5,59.0,1773.14,1809.38,1797.3,1736.9,1881.86,1942.26,60.4,84.56,144.96,1.4,2.4,Momentum Trade,Watch,Positive trend and momentum. Prefer entry near current price or on a controlled pullback.,Below ₹1736.90,1.4,Price is in an uptrend | Positive momentum | RSI supports positive momentum | Price is above 200 DMA,Poor,445,464
1740.0999755859375,1741.199951171875,1709.699951171875,1738.5,69913.0,1747.699951171875,-0.5264033546322544,1740.7849853515625,1719.3359985351562,1625.6110009765625,1582.2420013427734,1736.263952511836,1737.6654004897214,1706.039477832062,50.25421374195945,60.464303152901785,3.4779581911361395,166718.0,0.4193488405571084,2107.800048828125,1182.0,-17.520639542324947,47.08121827411168,9.875733201660548,True,1681.699951171875,1858.0,Uptrend,Positive,No Breakout,POLYMED,POLYMED.NS,Poly Medicure Limited,,Unavailable,0,60,,64.0,Momentum Watch,-5,59.0,1708.27,1753.62,1738.5,1681.7,1858.0,1919.89,56.8,119.5,181.39,2.1,3.19,Momentum Trade,Watch,Positive trend and momentum. Prefer entry near current price or on a controlled pullback.,Below ₹1681.70,2.1,Price is in an uptrend | Positive momentum | RSI supports positive momentum | Price is above 200 DMA,Strong,445,464
239.0,247.0,230.39999389648438,244.63999938964844,816981.0,247.5800018310547,-1.1874959284524422,217.57400131225586,176.90440063476564,168.46210037231447,168.66053756713868,236.03404387953356,217.7533783079937,190.9732040336676,70.33448013896958,14.936427525111608,6.10547235218135,1530139.65,0.5339257759904464,262.79998779296875,137.91000366210938,-6.910193777340116,77.39104698237567,45.048748757998375,True,154.00999450683594,262.79998779296875,Strong Uptrend,Strong Positive,No Breakout,PRABHA,PRABHA.NS,Prabha Energy Limited,,Unavailable,0,60,,64.0,Momentum Watch,-5,59.0,237.17,248.37,244.64,225.97,270.78,289.45,18.67,26.14,44.81,1.4,2.4,Momentum Trade,Watch,Positive trend and momentum. Prefer entry near current price or on a controlled pullback.,Below ₹225.97,1.4,Strong price trend | Strong positive momentum | RSI indicates overbought conditions | Price is above 200 DMA,Poor,445,464
66.0,66.0,63.20000076293945,64.81999969482422,1157979.0,66.0999984741211,-1.9364581071783404,57.07400035858154,40.537800064086916,35.12470006942749,33.0132999420166,63.78065614993807,57.46086540694073,46.05684032456521,70.35364543681625,4.935000010899135,7.61339098138439,3698686.3,0.313078457072718,71.9000015258789,23.0,-9.847012073437005,181.8260856296705,96.34510881575542,True,35.0,71.9000015258789,Strong Uptrend,Strong Positive,No Breakout,PVP,PVP.NS,PVP Ventures Limited,,Unavailable,0,60,,64.0,Momentum Watch,-5,59.0,62.35,66.05,64.82,58.65,73.46,79.62,6.17,8.64,14.81,1.4,2.4,Momentum Trade,Watch,Positive trend and momentum. Prefer entry near current price or on a controlled pullback.,Below ₹58.65,1.4,Strong price trend | Strong positive momentum | RSI indicates overbought conditions | Price is above 200 DMA,Poor,445,464
214.4600067138672,217.39999389648438,208.63999938964844,215.97000122070312,4334459.0,217.27999877929688,-0.6029075690139329,207.4805015563965,212.28480163574218,191.37290092468263,161.30465038299562,213.48421115871068,211.1719752851256,206.6648425067352,55.353508357375446,9.402854919433594,4.353778240629202,4305893.75,1.0066339885883158,252.0,99.9000015258789,-14.297618563213046,116.18618410606982,33.88950703399572,True,193.10000610351562,230.0,Uptrend,Positive,No Breakout,RAIN,RAIN.NS,Rain Industries Limited,,Unavailable,0,60,,64.0,Momentum Watch,-5,59.0,211.27,218.32,215.97,204.22,232.42,244.18,11.75,16.45,28.21,1.4,2.4,Momentum Trade,Watch,Positive trend and momentum. Prefer entry near current price or on a controlled pullback.,Below ₹204.22,1.4,Price is in an uptrend | Positive momentum | RSI supports positive momentum | Price is above 200 DMA,Poor,445,464
1415.800048828125,1415.9000244140625,1340.0999755859375,1360.0,72216.0,1408.9000244140625,-3.470794489793494,1177.1399963378906,1173.4519995117187,1055.2525012207032,912.7745007324219,1287.6131469470922,1217.0692652339749,1151.1967371066642,73.23287095234133,60.82145472935268,4.472165788922991,155125.55,0.4655325960165814,1440.0,608.5,-5.555555555555555,123.50041084634347,48.99627442579944,True,1072.0,1440.0,Strong Uptrend,Strong Positive,No Breakout,RML,RML.NS,Rane (Madras) Limited,,Unavailable,0,60,,64.0,Momentum Watch,-5,59.0,1329.59,1375.21,1360.0,1283.97,1466.44,1542.46,76.03,106.44,182.46,1.4,2.4,Momentum Trade,Watch,Positive trend and momentum. Prefer entry near current price or on a controlled pullback.,Below ₹1283.97,1.4,Strong price trend | Strong positive momentum | RSI indicates overbought conditions | Price is above 200 DMA,Poor,445,464
4.420000076293945,4.840000152587891,4.420000076293945,4.75,415991.0,4.610000133514404,3.0368733716037433,3.968000030517578,3.0926000022888185,2.735499997138977,2.012649998664856,4.433542033663346,4.031055079626525,3.3889051567523394,78.46153507571256,0.3028571435383388,6.375939863965027,679219.85,0.6124541265983319,4.949999809265137,1.0299999713897705,-4.04040034286038,361.1650613534352,136.00725427426713,True,2.9700000286102295,4.949999809265137,Strong Uptrend,Strong Positive,No Breakout,ROLLT,ROLLT.NS,Rollatainers Limited,,Unavailable,0,60,,64.0,Momentum Watch,-5,59.0,4.6,4.83,4.75,4.37,5.28,5.66,0.38,0.53,0.91,1.4,2.4,Momentum Trade,Watch,Positive trend and momentum. Prefer entry near current price or on a controlled pullback.,Below ₹4.37,1.4,Strong price trend | Strong positive momentum | RSI indicates overbought conditions | Price is above 200 DMA,Poor,445,464
217.6999969482422,219.0,208.0,218.22999572753906,30165.0,214.4600067138672,1.7578983939424253,204.9760009765625,207.484599609375,193.75150009155274,169.99670001983642,213.79202531516984,209.59269665809336,204.54445633787685,60.55450379594945,8.235000610351562,3.7735420297734827,46781.05,0.6448123759513734,238.0,120.0,-8.306724484227285,81.85832977294922,28.37307765508062,True,191.0,228.57000732421875,Uptrend,Strong Positive,No Breakout,RSWM,RSWM.NS,RSWM Limited,,Unavailable,0,60,,64.0,Momentum Watch,-5,59.0,214.11,220.29,218.23,207.94,232.64,242.93,10.29,14.41,24.71,1.4,2.4,Momentum Trade,Watch,Positive trend and momentum. Prefer entry near current price or on a controlled pullback.,Below ₹207.94,1.4,Price is in an uptrend | Strong positive momentum | RSI supports positive momentum | Price is above 200 DMA,Poor,445,464
476.0,476.0,462.04998779296875,465.3999938964844,13315.0,461.45001220703125,0.8559934088117283,449.1100021362305,432.04900024414064,391.1995007324219,347.8987498474121,456.52995140761135,448.8350556732785,428.9854308451736,76.86469502521652,18.364288330078125,3.945915034576206,67902.75,0.1960892600078789,483.8999938964844,275.0,-3.823103995317989,69.2363614169034,33.77455196392864,True,400.0,483.8999938964844,Strong Uptrend,Strong Positive,No Breakout,SHIVAUM,SHIVAUM.NS,Shiv Aum Steels Limited,,Unavailable,0,60,,64.0,Momentum Watch,-5,59.0,456.22,469.99,465.4,442.44,497.54,520.49,22.96,32.14,55.09,1.4,2.4,Momentum Trade,Watch,Positive trend and momentum. Prefer entry near current price or on a controlled pullback.,Below ₹442.44,1.4,Strong price trend | Strong positive momentum | RSI indicates overbought conditions | Price is above 200 DMA,Poor,445,464
12.489999771118164,12.529999732971191,12.010000228881836,12.140000343322754,11073848.0,12.170000076293945,-0.24650561037898866,11.020500040054321,11.401199970245361,11.398900012969971,9.87630001783371,11.559197083024463,11.274991771819321,11.272726435551471,82.35296474728213,0.5971427645002093,4.918803522346273,7114971.15,1.5564150249576205,13.949999809265137,7.0,-12.974906743297874,73.42857633318219,22.920530172245304,True,10.25,12.899999618530273,Uptrend,Strong Positive,No Breakout,STEELXIND,STEELXIND.NS,STEEL EXCHANGE INDIA LIMITED,,Unavailable,0,60,,64.0,Momentum Watch,-5,59.0,11.84,12.29,12.14,11.39,13.19,13.93,0.75,1.04,1.79,1.4,2.4,Momentum Trade,Watch,Positive trend and momentum. Prefer entry near current price or on a controlled pullback.,Below ₹11.39,1.4,Price is in an uptrend | Strong positive momentum | Strong volume confirmation | RSI indicates overbought conditions | Price is above 200 DMA,Poor,445,464
132.02000427246094,132.02000427246094,126.16000366210938,128.25,110605.0,132.07000732421875,-2.892410927820277,119.4895004272461,114.81040008544922,109.461499710083,99.62449977874756,127.10328963821586,122.15394460190664,115.77283616683812,72.81732515626472,7.516427721296038,5.860762355786385,271399.35,0.40753597972876504,148.0,64.94999694824219,-13.344594594594595,97.4595935735005,28.733394179971565,True,101.25,136.1999969482422,Strong Uptrend,Strong Positive,No Breakout,THEMISMED,THEMISMED.NS,Themis Medicare Limited,,Unavailable,0,60,,64.0,Momentum Watch,-5,59.0,124.49,130.13,128.25,118.85,141.4,150.8,9.4,13.15,22.55,1.4,2.4,Momentum Trade,Watch,Positive trend and momentum. Prefer entry near current price or on a controlled pullback.,Below ₹118.85,1.4,Strong price trend | Strong positive momentum | RSI indicates overbought conditions | Price is above 200 DMA,Poor,445,464
514.25,540.4000244140625,514.1500244140625,540.1500244140625,889.0,540.5,-0.06475033967391353,476.70500030517576,451.88300170898435,431.9520022583008,370.25015174865723,511.55926786019575,487.75079987212536,459.14660786029697,73.73552987089998,24.078567504882812,4.457755515424159,1410.75,0.6301612617402091,580.0,180.60000610351562,-6.870685445851294,199.0863821479947,45.88786037304344,True,438.0,580.0,Strong Uptrend,Strong Positive,No Breakout,UNIVPHOTO,UNIVPHOTO.NS,Universus Photo Imagings Limited,,Unavailable,0,60,,64.0,Momentum Watch,-5,59.0,528.11,546.17,540.15,510.05,582.29,612.39,30.1,42.14,72.24,1.4,2.4,Momentum Trade,Watch,Positive trend and momentum. Prefer entry near current price or on a controlled pullback.,Below ₹510.05,1.4,Strong price trend | Strong positive momentum | RSI indicates overbought conditions | Price is above 200 DMA,Poor,445,464
2795.0,2865.5,2760.60009765625,2813.5,64033.0,2818.300048828125,-0.17031716797226704,2600.439990234375,2281.33798828125,2085.60048828125,1663.927244873047,2755.8880036523324,2624.304930213574,2380.060205188475,78.21586405644956,141.03567940848214,5.012819598666505,91980.8,0.6961561543278597,2952.60009765625,963.9000244140625,-4.711105231171215,191.8871178274195,69.08792188294642,True,2325.60009765625,2952.60009765625,Strong Uptrend,Strong Positive,No Breakout,VINDHYATEL,VINDHYATEL.NS,Vindhya Telelinks Limited,,Unavailable,0,60,,64.0,Momentum Watch,-5,59.0,2742.98,2848.76,2813.5,2637.21,3060.31,3236.61,176.29,246.81,423.11,1.4,2.4,Momentum Trade,Watch,Positive trend and momentum. Prefer entry near current price or on a controlled pullback.,Below ₹2637.21,1.4,Strong price trend | Strong positive momentum | RSI indicates overbought conditions | Price is above 200 DMA,Poor,445,464
724.4500122070312,724.4500122070312,708.2000122070312,713.9500122070312,101468.0,723.7999877929688,-1.360869819295285,660.1549987792969,629.9909985351562,614.154501953125,566.5470011901856,696.5249735659941,669.3886910511164,638.7325516538634,76.45221512581207,25.325007847377233,3.547168207069585,174227.4,0.5823883040210668,742.0,443.70001220703125,-3.780321804982311,60.90826967881643,26.01779035228951,True,586.5999755859375,742.0,Strong Uptrend,Strong Positive,No Breakout,VISHNU,VISHNU.NS,Vishnu Chemicals Limited,,Unavailable,0,60,,64.0,Momentum Watch,-5,59.0,701.29,720.28,713.95,682.29,758.27,789.93,31.66,44.32,75.98,1.4,2.4,Momentum Trade,Watch,Positive trend and momentum. Prefer entry near current price or on a controlled pullback.,Below ₹682.29,1.4,Strong price trend | Strong positive momentum | RSI indicates overbought conditions | Price is above 200 DMA,Poor,445,464
797.9500122070312,797.9500122070312,777.0,786.2000122070312,250248.0,797.9500122070312,-1.472523318534824,697.0599975585938,638.677998046875,587.6969989013672,535.6024995422363,766.0085791526237,717.144534081071,653.3442130854453,74.57356179658547,32.996429443359375,4.196951021500413,880038.9,0.28436015726123015,825.0,412.0,-4.703028823390151,90.82524568131826,46.787965492874534,True,557.0999755859375,825.0,Strong Uptrend,Strong Positive,No Breakout,WELENT,WELENT.NS,Welspun Enterprises Limited,,Unavailable,0,60,,64.0,Momentum Watch,-5,59.0,769.7,794.45,786.2,744.95,843.94,885.19,41.25,57.74,98.99,1.4,2.4,Momentum Trade,Watch,Positive trend and momentum. Prefer entry near current price or on a controlled pullback.,Below ₹744.95,1.4,Strong price trend | Strong positive momentum | RSI indicates overbought conditions | Price is above 200 DMA,Poor,445,464
208.0,208.89999389648438,203.52000427246094,207.67999267578125,2653493.0,210.5,-1.3396709378711402,195.5614990234375,176.33599884033202,160.42679916381837,144.20924999237062,205.26147727039887,196.02519462606296,180.11175625125645,74.6640183751405,6.762855529785156,3.2563827851934493,8140212.05,0.32597344930344907,216.0,107.0999984741211,-3.8518552426938655,93.91222748333055,44.01294832805007,True,162.83999633789062,216.0,Strong Uptrend,Strong Positive,No Breakout,WELSPUNLIV,WELSPUNLIV.NS,Welspun Living Limited,,Unavailable,0,60,,64.0,Momentum Watch,-5,59.0,204.3,209.37,207.68,199.23,219.51,227.97,8.45,11.83,20.29,1.4,2.4,Momentum Trade,Watch,Positive trend and momentum. Prefer entry near current price or on a controlled pullback.,Below ₹199.23,1.4,Strong price trend | Strong positive momentum | RSI indicates overbought conditions | Price is above 200 DMA,Poor,445,464
2288.10009765625,2319.89990234375,2215.199951171875,2230.10009765625,386291.0,2313.0,-3.584085704442286,1687.59501953125,1538.8100048828126,1517.3140002441405,1205.2647485351563,2001.633330223416,1785.7390655758854,1611.4749679954168,78.57448453955101,134.67857142857142,6.039126744584848,800225.15,0.48272789226881957,2498.0,705.8499755859375,-10.724575754353483,215.9453389234742,85.02989491451142,True,1355.0,2498.0,Strong Uptrend,Strong Positive,No Breakout,WHEELS,WHEELS.NS,Wheels India Limited,,Unavailable,0,60,,64.0,Momentum Watch,-5,59.0,2162.76,2263.77,2230.1,2061.75,2498.0,2634.14,168.35,267.9,404.04,1.59,2.4,Momentum Trade,Watch,Positive trend and momentum. Prefer entry near current price or on a controlled pullback.,Below ₹2061.75,1.59,Strong price trend | Strong positive momentum | RSI indicates overbought conditions | Price is above 200 DMA,Acceptable,445,464
19.139999389648438,19.350000381469727,18.6299991607666,19.049999237060547,493330.0,19.139999389648438,-0.4702202479513473,18.461499977111817,17.598799991607667,17.23609999656677,19.02163330554962,18.9795160476368,18.644222467139205,17.97615908375501,55.895191899516334,0.9807145254952567,5.148107951560123,912240.25,0.5407895562599875,34.400001525878906,12.300000190734863,-44.62209769749762,54.87804017604982,0.14912458386341776,True,16.549999237060547,21.200000762939453,Sideways,Positive,No Breakout,BESTAGRO,BESTAGRO.NS,Best Agrolife Limited,,Unavailable,0,60,,62.0,200 DMA Recovery Watch,-3,59.0,19.02,19.51,19.02,16.3,21.2,23.16,2.72,2.18,4.14,0.8,1.52,200 DMA Recovery,Confirmation Required,Stock is recovering around the 200 DMA. Confirmation above the recovery level is preferred.,Below ₹16.30,0.8,Positive momentum | RSI supports positive momentum | Price is above 200 DMA | Price is near 200 DMA,Poor,525,464
248.0,253.8000030517578,242.39999389648438,250.89999389648438,16946.0,249.1999969482422,0.6821817692860055,247.9845001220703,247.9358004760742,248.57979949951172,249.38139930725097,253.2922206424397,250.63846626882633,249.48278822229713,57.05708959907321,11.371429443359375,4.532255767232488,34694.6,0.4884333585053582,409.8999938964844,186.0,-38.78994934558444,34.89246983681956,0.6089446099235386,True,230.4199981689453,270.0,Sideways,Positive,No Breakout,EMKAY,EMKAY.NS,Emkay Global Financial Services Limited,,Unavailable,0,60,,62.0,200 DMA Recovery Watch,-3,59.0,249.38,255.07,249.38,227.58,270.0,292.74,21.8,20.62,43.36,0.95,1.99,200 DMA Recovery,Confirmation Required,Stock is recovering around the 200 DMA. Confirmation above the recovery level is preferred.,Below ₹227.58,0.95,Positive momentum | RSI supports positive momentum | Price is above 200 DMA | Price is near 200 DMA,Poor,525,464
301.0,310.0,295.04998779296875,308.1499938964844,3397.0,305.3500061035156,0.9169764981172168,298.7649978637695,308.2,302.84900054931643,298.47650009155274,301.6393946206131,301.1155509372837,303.4339257481853,57.3146045014268,12.739290509905134,4.1341199942339095,5046.6,0.6731264613799389,363.0,252.5,-15.110194518874827,22.039601543162128,3.240956591880585,True,285.0,327.8999938964844,Sideways,Positive,No Breakout,HEALTHX,HEALTHX.NS,Health X Platform Limited,,Unavailable,0,60,,62.0,200 DMA Recovery Watch,-3,59.0,298.48,304.85,298.48,281.82,327.9,353.38,16.66,29.42,54.9,1.77,3.3,200 DMA Recovery,Confirmation Required,Stock is recovering around the 200 DMA. Confirmation above the recovery level is preferred.,Below ₹281.82,1.77,Positive momentum | RSI supports positive momentum | Price is above 200 DMA,Acceptable,525,464
56.0,58.689998626708984,55.900001525878906,58.56999969482422,862.0,56.880001068115234,2.9711648997424733,57.06649971008301,56.151999893188474,57.994799766540524,57.01105003356933,57.543738922717814,57.2299955598327,57.06454760841149,57.19236919399028,2.4542857578822543,4.190346202271088,3169.45,0.27197147770117847,72.80000305175781,37.0099983215332,-19.546707088482737,58.25453215637394,2.734469300840701,True,54.099998474121094,60.70000076293945,Sideways,Positive,No Breakout,MUKTAARTS,MUKTAARTS.NS,Mukta Arts Limited,,Unavailable,0,60,,62.0,200 DMA Recovery Watch,-3,59.0,57.01,58.24,57.01,53.49,60.7,65.61,3.52,3.69,8.6,1.05,2.44,200 DMA Recovery,Confirmation Required,Stock is recovering around the 200 DMA. Confirmation above the recovery level is preferred.,Below ₹53.49,1.05,Positive momentum | RSI supports positive momentum | Price is above 200 DMA | Price is near 200 DMA,Poor,525,464
56.70000076293945,56.70000076293945,55.70000076293945,55.779998779296875,4948.0,55.88999938964844,-0.19681626686854914,55.196000289916995,54.03900016784668,54.66840003967285,55.12220003128052,55.542724260910084,55.13094567934928,54.694914542758056,59.34064910384916,2.819286346435547,5.05429617808085,15546.3,0.3182750879630523,62.0,46.5099983215332,-10.032260033392138,19.931199295425145,1.1933463244265818,True,46.5099983215332,59.90999984741211,Sideways,Positive,No Breakout,OBCL,OBCL.NS,OBCL Limited,,Unavailable,0,60,,62.0,200 DMA Recovery Watch,-3,59.0,55.12,56.53,55.12,45.81,59.91,65.55,9.32,4.79,10.43,0.51,1.12,200 DMA Recovery,Confirmation Required,Stock is recovering around the 200 DMA. Confirmation above the recovery level is preferred.,Below ₹45.81,0.51,Positive momentum | RSI supports positive momentum | Price is above 200 DMA | Price is near 200 DMA,Poor,525,464
116.0,117.79000091552734,114.5199966430664,116.75,11479971.0,116.8499984741211,-0.08557849843980891,116.28600044250489,112.74380035400391,109.70500030517579,114.60800006866455,116.26186240486129,115.82656198469668,113.73464984327322,54.056520184886125,2.169999803815569,1.8586722088356051,12001181.6,0.9565700597347848,135.14999389648438,98.5,-13.614498503475708,18.527918781725887,1.8689794168401175,True,113.16000366210938,119.0999984741211,Sideways,Positive,No Breakout,PNB,PNB.NS,Punjab National Bank,,Unavailable,0,60,,62.0,200 DMA Recovery Watch,-3,59.0,114.61,115.69,114.61,112.44,119.1,123.44,2.17,4.49,8.83,2.07,4.07,200 DMA Recovery,Confirmation Required,Stock is recovering around the 200 DMA. Confirmation above the recovery level is preferred.,Below ₹112.44,2.07,Positive momentum | RSI supports positive momentum | Price is above 200 DMA | Price is near 200 DMA,Strong,525,464
533.0,534.5,522.7999877929688,524.1500244140625,374526.0,537.25,-2.4383388712773346,513.8700012207031,507.5559997558594,526.0579998779297,520.536499633789,520.5614099575043,514.7252636715507,513.490279119488,56.0572273451673,14.021429879324776,2.6750795051472274,660657.65,0.5668987561106724,639.75,453.1000061035156,-18.06955460507034,15.680868981121737,0.6941923924288997,True,489.5,555.0,Sideways,Positive,No Breakout,SARDAEN,SARDAEN.NS,Sarda Energy & Minerals Limited,,Unavailable,0,60,,62.0,200 DMA Recovery Watch,-3,59.0,520.54,527.55,520.54,485.99,555.0,583.04,34.54,34.46,62.51,1.0,1.81,200 DMA Recovery,Confirmation Required,Stock is recovering around the 200 DMA. Confirmation above the recovery level is preferred.,Below ₹485.99,1.0,Positive momentum | RSI supports positive momentum | Price is above 200 DMA | Price is near 200 DMA,Poor,525,464
97.98999786376953,99.01000213623047,96.5199966430664,98.19000244140625,411967.0,98.4800033569336,-0.2944769553634763,96.87249984741212,94.21759963989258,93.35969963073731,95.18944965362549,98.48298083681728,97.2602859920278,95.16781604522824,59.50046126921006,3.799285888671875,3.869320495168594,2985488.75,0.13798980150235032,123.0,79.5999984741211,-20.170729722433943,23.354276788496406,3.152190498736096,True,91.5199966430664,104.38999938964844,Sideways,Positive,No Breakout,SBFC,SBFC.NS,SBFC Finance Limited,,Unavailable,0,60,,62.0,200 DMA Recovery Watch,-3,59.0,95.19,97.09,95.19,90.57,104.39,111.99,4.62,9.2,16.8,1.99,3.64,200 DMA Recovery,Confirmation Required,Stock is recovering around the 200 DMA. Confirmation above the recovery level is preferred.,Below ₹90.57,1.99,Positive momentum | RSI supports positive momentum | Price is above 200 DMA,Acceptable,525,464
2000.5999755859375,2024.0,1960.5,2011.300048828125,13661.0,2036.5,-1.237414739596121,1982.2800048828126,1948.766005859375,1807.23400390625,1670.6405023193358,2013.111055202438,1993.5966301526555,1930.7933509423724,54.70663708948129,67.57856968470982,3.3599447145682797,32197.35,0.42428957662664785,2158.60009765625,1301.0,-6.8238692747239025,54.59646801138547,20.390954609076843,True,1872.0,2158.60009765625,Strong Uptrend,Positive,No Breakout,ARMANFIN,ARMANFIN.NS,Arman Financial Services Limited,,Unavailable,0,60,,63.0,Momentum Watch,-5,58.0,1977.51,2028.19,2011.3,1926.83,2158.6,2214.04,84.47,147.3,202.74,1.74,2.4,Momentum Trade,Watch,Positive trend and momentum. Prefer entry near current price or on a controlled pullback.,Below ₹1926.83,1.74,Strong price trend | Positive momentum | RSI supports positive momentum | Price is above 200 DMA,Acceptable,493,530
2225.0,2299.800048828125,2188.39990234375,2264.5,334741.0,2227.0,1.6838796587337335,2211.005029296875,1946.5720141601562,1712.4555078125,1328.5672555541992,2247.561695569169,2181.4188241731918,1993.0862031841375,54.5867858848657,123.47855050223214,5.45279534123348,497687.1,0.6725932820038937,2400.0,777.2999877929688,-5.645833333333333,191.32896379295224,70.44677192916254,True,1912.0,2400.0,Strong Uptrend,Positive,No Breakout,AVALON,AVALON.NS,Avalon Technologies Limited,,Unavailable,0,60,,63.0,Momentum Watch,-5,58.0,2202.76,2295.37,2264.5,2110.15,2480.59,2634.94,154.35,216.09,370.44,1.4,2.4,Momentum Trade,Watch,Positive trend and momentum. Prefer entry near current price or on a controlled pullback.,Below ₹2110.15,1.4,Strong price trend | Positive momentum | RSI supports positive momentum | Price is above 200 DMA,Poor,493,530
129.0,129.75999450683594,126.26000213623047,128.0800018310547,1126927.0,130.2899932861328,-1.6962096622606393,126.33649978637695,119.5281997680664,108.54799995422363,97.80254997253418,129.0133538839458,126.62313449842034,119.93885569234766,53.407443066699685,5.308571406773159,4.144730895441029,1887306.15,0.5971087414726011,138.5,74.19999694824219,-7.523464381909973,72.61456482322528,30.957732561189154,True,118.44999694824219,136.0,Strong Uptrend,Positive,No Breakout,BEPL,BEPL.NS,Bhansali Engineering Polymers Limited,,Unavailable,0,60,,63.0,Momentum Watch,-5,58.0,125.43,129.41,128.08,121.44,137.37,144.01,6.64,9.29,15.93,1.4,2.4,Momentum Trade,Watch,Positive trend and momentum. Prefer entry near current price or on a controlled pullback.,Below ₹121.44,1.4,Strong price trend | Positive momentum | RSI supports positive momentum | Price is above 200 DMA,Poor,493,530
48480.0,48960.0,48080.0,48385.0,19898.0,48775.0,-0.7995899538698059,48344.75,44724.1,41303.0,38349.8,48353.26898073702,47672.45825900133,45213.14741585168,51.65987186953989,1116.0714285714287,2.306647573775816,38205.8,0.5208109763439058,50000.0,28610.0,-3.2300000000000004,69.11918909472212,26.167541942852363,True,46410.0,50000.0,Strong Uptrend,Positive,No Breakout,BOSCHLTD,BOSCHLTD.NS,Bosch Limited,,Unavailable,0,60,,63.0,Momentum Watch,-5,58.0,47826.96,48664.02,48385.0,46989.91,50338.12,51733.21,1395.09,1953.12,3348.21,1.4,2.4,Momentum Trade,Watch,Positive trend and momentum. Prefer entry near current price or on a controlled pullback.,Below ₹46989.91,1.4,Strong price trend | Positive momentum | RSI supports positive momentum | Price is above 200 DMA,Poor,493,530
3005.89990234375,3105.199951171875,2982.10009765625,3087.89990234375,273739.0,3034.699951171875,1.7530547344995817,2994.1,2869.385986328125,2468.3329919433595,2377.6059924316405,3041.0167946612237,2990.306021436397,2832.168688535719,51.014610791733304,125.3214111328125,4.058467408146623,386142.8,0.7089061352432313,3290.5,1600.0,-6.157121946702629,92.99374389648438,29.87433208753285,True,2690.89990234375,3254.0,Strong Uptrend,Positive,No Breakout,CARTRADE,CARTRADE.NS,Cartrade Tech Limited,,Unavailable,0,60,,63.0,Momentum Watch,-5,58.0,3025.24,3119.23,3087.9,2931.25,3307.21,3463.86,156.65,219.31,375.96,1.4,2.4,Momentum Trade,Watch,Positive trend and momentum. Prefer entry near current price or on a controlled pullback.,Below ₹2931.25,1.4,Strong price trend | Positive momentum | RSI supports positive momentum | Price is above 200 DMA,Poor,493,530
650.0499877929688,668.7000122070312,627.2000122070312,649.0,66808.0,654.0,-0.7645259938837912,620.5199966430664,485.492998046875,443.2699978637695,427.7892489624023,644.5947261210292,604.7818723613617,524.9227493424122,50.809133695863586,41.29286411830357,6.3625368441145715,104735.25,0.6378750229745954,731.0,322.0,-11.21751025991792,101.5527950310559,51.71021749007056,True,475.0,731.0,Strong Uptrend,Positive,No Breakout,DOLPHIN,DOLPHIN.NS,Dolphin Offshore Enterprises (India) Limited,,Unavailable,0,60,,63.0,Momentum Watch,-5,58.0,628.35,659.32,649.0,597.38,731.0,772.88,51.62,82.0,123.88,1.59,2.4,Momentum Trade,Watch,Positive trend and momentum. Prefer entry near current price or on a controlled pullback.,Below ₹597.38,1.59,Strong price trend | Positive momentum | RSI supports positive momentum | Price is above 200 DMA,Acceptable,493,530
1327.0,1330.0,1295.5999755859375,1307.9000244140625,261557.0,1319.199951171875,-0.8565742249895147,1094.7625,942.195,885.4084991455078,933.7545007324219,1208.4139671071625,1115.9614900647439,997.8639237554346,85.52943463686472,55.471426827566965,4.241258948857203,315333.3,0.8294620327126885,1352.0,735.0,-3.2618325137527737,77.94558155293367,40.06893925417943,True,981.0,1352.0,Strong Uptrend,Strong Positive,No Breakout,GMMPFAUDLR,GMMPFAUDLR.NS,GMM Pfaudler Limited,,Unavailable,0,60,,63.0,Momentum Watch,-5,58.0,1280.16,1321.77,1307.9,1238.56,1404.98,1474.31,69.34,97.07,166.41,1.4,2.4,Momentum Trade,Watch,Positive trend and momentum. Prefer entry near current price or on a controlled pullback.,Below ₹1238.56,1.4,Strong price trend | Strong positive momentum | RSI indicates overbought conditions | Price is above 200 DMA,Poor,493,530
235.75,237.60000610351562,226.1999969482422,235.25999450683594,399882.0,235.82000732421875,-0.23747468407668837,211.7029998779297,200.68800018310546,189.12230041503906,162.50050029754638,227.7369822497181,215.96332017147108,202.55596439826368,81.6346197688877,12.023574829101562,5.110760481953592,400266.2,0.9990401387876368,249.99000549316406,107.0,-5.892239954661274,119.86915374470648,44.77493550854511,True,172.5,249.99000549316406,Strong Uptrend,Strong Positive,No Breakout,KOPRAN,KOPRAN.NS,Kopran Limited,,Unavailable,0,60,,63.0,Momentum Watch,-5,58.0,229.25,238.27,235.26,220.23,256.3,271.33,15.03,21.04,36.07,1.4,2.4,Momentum Trade,Watch,Positive trend and momentum. Prefer entry near current price or on a controlled pullback.,Below ₹220.23,1.4,Strong price trend | Strong positive momentum | RSI indicates overbought conditions | Price is above 200 DMA,Poor,493,530
557.8499755859375,568.0,537.9500122070312,560.4500122070312,105077.0,559.75,0.1250580092954534,527.720002746582,459.9950018310547,443.5910000610352,425.64475006103515,543.2135847363851,520.5616363515945,480.27291270297314,54.27059290838775,26.824996948242188,4.786331762685908,359180.55,0.29254646444524907,579.0,305.45001220703125,-3.203797546281304,83.48338183308479,31.6708386810047,True,435.0,579.0,Strong Uptrend,Positive,No Breakout,MAXESTATES,MAXESTATES.NS,Max Estates Limited,,Unavailable,0,60,,63.0,Momentum Watch,-5,58.0,547.04,567.16,560.45,526.92,607.39,640.93,33.53,46.94,80.47,1.4,2.4,Momentum Trade,Watch,Positive trend and momentum. Prefer entry near current price or on a controlled pullback.,Below ₹526.92,1.4,Strong price trend | Positive momentum | RSI supports positive momentum | Price is above 200 DMA,Poor,493,530
3326.0,3389.0,3247.199951171875,3276.0,1686562.0,3300.0,-0.727272727272732,3239.6449951171876,2955.036005859375,2975.205,2677.852498168945,3291.9409484651615,3212.6752030183075,3054.9276505379426,50.51975045379823,101.60712541852679,3.1015606049611355,2319847.3,0.7270142306349215,3480.0,1505.199951171875,-5.862068965517241,117.64550267553932,22.3368352902206,True,2892.10009765625,3400.0,Strong Uptrend,Positive,No Breakout,MCX,MCX.NS,Multi Commodity Exchange of India Limited,,Unavailable,0,60,,63.0,Momentum Watch,-5,58.0,3225.2,3301.4,3276.0,3148.99,3453.81,3580.82,127.01,177.81,304.82,1.4,2.4,Momentum Trade,Watch,Positive trend and momentum. Prefer entry near current price or on a controlled pullback.,Below ₹3148.99,1.4,Strong price trend | Positive momentum | RSI supports positive momentum | Price is above 200 DMA,Poor,493,530
727.0,758.9500122070312,717.0,738.5499877929688,311849.0,737.5499877929688,0.13558403044549028,728.7749969482422,663.4939990234375,594.0149981689453,526.6072486877441,745.1779766080316,721.6741504766421,672.1401680702805,51.66492444804392,34.857147216796875,4.719673386084745,482049.7,0.64692292101831,805.0,362.1499938964844,-8.254659901494566,103.93483369878868,40.246832840483314,True,578.0,805.0,Strong Uptrend,Positive,No Breakout,MSTCLTD,MSTCLTD.NS,Mstc Limited,,Unavailable,0,60,,63.0,Momentum Watch,-5,58.0,721.12,747.26,738.55,694.98,805.0,843.12,43.57,66.45,104.57,1.53,2.4,Momentum Trade,Watch,Positive trend and momentum. Prefer entry near current price or on a controlled pullback.,Below ₹694.98,1.53,Strong price trend | Positive momentum | RSI supports positive momentum | Price is above 200 DMA,Acceptable,493,530
2067.10009765625,2067.10009765625,2005.0,2050.800048828125,24037.0,2077.39990234375,-1.2804397210962937,2038.5700073242188,1785.006005859375,1533.6419995117187,1444.1105010986328,2066.1982541174825,2015.359442222009,1829.6670289493575,52.45473022344757,71.87857491629464,3.5049040962022473,110172.4,0.21817624014726011,2149.5,1050.5,-4.591763255262852,95.2213278275226,42.01129673026699,True,1776.0999755859375,2149.5,Strong Uptrend,Positive,No Breakout,NILKAMAL,NILKAMAL.NS,Nilkamal Limited,,Unavailable,0,60,,63.0,Momentum Watch,-5,58.0,2014.86,2068.77,2050.8,1960.95,2176.59,2266.44,89.85,125.79,215.64,1.4,2.4,Momentum Trade,Watch,Positive trend and momentum. Prefer entry near current price or on a controlled pullback.,Below ₹1960.95,1.4,Strong price trend | Positive momentum | RSI supports positive momentum | Price is above 200 DMA,Poor,493,530
1200.800048828125,1224.800048828125,1155.300048828125,1187.699951171875,130774.0,1189.199951171875,-0.1261352221316403,1173.7550048828125,1105.3559997558593,976.1870013427734,878.3697497558594,1170.295414351087,1163.3778991348674,1105.0504437332452,50.20186410496749,51.517857142857146,4.3376154972495975,163489.1,0.7998943048802641,1269.800048828125,600.0,-6.465592573572403,97.94999186197917,35.216399642860324,True,1107.75,1247.5,Strong Uptrend,Positive,No Breakout,PGIL,PGIL.NS,Pearl Global Industries Limited,,Unavailable,0,60,,63.0,Momentum Watch,-5,58.0,1161.94,1200.58,1187.7,1123.3,1277.86,1342.25,64.4,90.16,154.55,1.4,2.4,Momentum Trade,Watch,Positive trend and momentum. Prefer entry near current price or on a controlled pullback.,Below ₹1123.30,1.4,Strong price trend | Positive momentum | RSI supports positive momentum | Price is above 200 DMA,Poor,493,530
1199.9000244140625,1215.9000244140625,1179.0,1183.4000244140625,161625.0,1217.0,-2.760885422016224,1050.5699981689454,1044.4419958496094,1072.163497314453,989.2364974975586,1139.5912619434491,1085.8655236323007,1057.167672955722,83.89286586216518,41.69285365513393,3.523141185988849,620648.4,0.2604131421268467,1231.0,768.6500244140625,-3.866772996420593,53.958236756209246,19.62761457019362,True,931.2999877929688,1223.0,Strong Uptrend,Strong Positive,No Breakout,STAR,STAR.NS,Strides Pharma Science Limited,,Unavailable,0,60,,63.0,Momentum Watch,-5,58.0,1162.55,1193.82,1183.4,1131.28,1256.36,1308.48,52.12,72.96,125.08,1.4,2.4,Momentum Trade,Watch,Positive trend and momentum. Prefer entry near current price or on a controlled pullback.,Below ₹1131.28,1.4,Strong price trend | Strong positive momentum | RSI indicates overbought conditions | Price is above 200 DMA,Poor,493,530
1262.0,1277.5,1232.199951171875,1248.199951171875,316394.0,1270.800048828125,-1.778414918782134,1221.9800170898438,1113.397010498047,1010.4020025634766,954.7620010375977,1244.6885021997646,1213.818094245739,1129.1104762484138,52.90445306690061,44.38572474888393,3.5559787281847193,515190.55,0.6141300534336276,1603.0,726.4000244140625,-22.133502734131316,71.833687943322,30.734146291471653,True,1013.7000122070312,1347.0,Strong Uptrend,Positive,No Breakout,SUDARSCHEM,SUDARSCHEM.NS,Sudarshan Chemical Industries Limited,,Unavailable,0,60,,63.0,Momentum Watch,-5,58.0,1226.01,1259.3,1248.2,1192.72,1347.0,1381.36,55.48,98.8,133.16,1.78,2.4,Momentum Trade,Watch,Positive trend and momentum. Prefer entry near current price or on a controlled pullback.,Below ₹1192.72,1.78,Strong price trend | Positive momentum | RSI supports positive momentum | Price is above 200 DMA,Acceptable,493,530
418.0,427.20001220703125,414.8999938964844,423.75,164443.0,420.20001220703125,0.8448328628842816,415.67249908447263,411.7909997558594,382.289499206543,323.7438488769531,418.9818678769297,416.434394805965,406.31261459717535,53.24046809698354,14.432146344866071,3.405816246576064,215856.15,0.7618175345015651,451.6000061035156,219.89999389648438,-6.1669631813804395,92.7012331794224,30.89051775654175,True,394.5,441.8500061035156,Strong Uptrend,Positive,No Breakout,TALBROAUTO,TALBROAUTO.NS,Talbros Automotive Components Limited,,Unavailable,0,60,,63.0,Momentum Watch,-5,58.0,416.53,427.36,423.75,405.71,449.01,467.05,18.04,25.26,43.3,1.4,2.4,Momentum Trade,Watch,Positive trend and momentum. Prefer entry near current price or on a controlled pullback.,Below ₹405.71,1.4,Strong price trend | Positive momentum | RSI supports positive momentum | Price is above 200 DMA,Poor,493,530
1338.5999755859375,1404.0,1300.0,1358.9000244140625,274425.0,1369.0,-0.7377630084687725,1132.4849975585937,1145.407998046875,1001.7209979248047,894.3189996337891,1222.9208237832918,1167.486172430632,1113.785314549645,76.87900956581034,76.02142333984375,5.594335269264791,252107.1,1.0885254719125323,1564.0,675.0,-13.113809180686541,101.31852213541667,51.948021340317354,True,1034.0999755859375,1564.0,Uptrend,Strong Positive,No Breakout,INDNIPPON,INDNIPPON.NS,India Nippon Electricals Limited,,Unavailable,0,60,,62.0,Momentum Watch,-5,57.0,1320.89,1377.91,1358.9,1263.87,1564.0,1586.96,95.03,205.1,228.06,2.16,2.4,Momentum Trade,Watch,Positive trend and momentum. Prefer entry near current price or on a controlled pullback.,Below ₹1263.87,2.16,Price is in an uptrend | Strong positive momentum | RSI indicates overbought conditions | Price is above 200 DMA,Strong,525,549
915.0,915.2999877929688,891.25,901.75,208583.0,917.4500122070312,-1.7112662268392254,825.8875091552734,848.6490051269532,841.7710034179687,761.2984997558593,874.4564027012576,852.2782530282054,847.5773195093377,73.36242446498034,28.81787109375,3.1957716766010535,324588.45,0.6426075850819707,1085.0,545.5,-16.889400921658986,65.3070577451879,18.448939580096642,True,740.4500122070312,933.1500244140625,Uptrend,Strong Positive,No Breakout,SUPRIYA,SUPRIYA.NS,Supriya Lifescience Limited,,Unavailable,0,60,,62.0,Momentum Watch,-5,57.0,887.34,908.95,901.75,865.73,952.18,988.2,36.02,50.43,86.45,1.4,2.4,Momentum Trade,Watch,Positive trend and momentum. Prefer entry near current price or on a controlled pullback.,Below ₹865.73,1.4,Price is in an uptrend | Strong positive momentum | RSI indicates overbought conditions | Price is above 200 DMA,Poor,525,549
25.5,26.290000915527344,24.75,24.989999771118164,21404.0,25.489999771118164,-1.961553568025265,25.05349998474121,24.914799919128416,24.54670000076294,24.513200063705444,25.34179944671948,25.17277699265753,24.91838250056253,51.31578557108788,1.609285490853446,6.439717909534977,41721.45,0.5130214793589389,29.68000030517578,20.0,-15.801888429360112,24.94999885559082,1.945073291832982,True,23.200000762939453,28.350000381469727,Uptrend,Neutral,No Breakout,AMBICAAGAR,AMBICAAGAR.NS,Ambica Agarbathies & Aroma industries Limited,,Unavailable,0,60,,60.0,200 DMA Recovery Watch,-3,57.0,24.51,25.32,24.51,22.8,28.35,31.57,1.72,3.84,7.06,2.24,4.11,200 DMA Recovery,Confirmation Required,Stock is recovering around the 200 DMA. Confirmation above the recovery level is preferred.,Below ₹22.80,2.24,Price is in an uptrend | RSI supports positive momentum | Price is above 200 DMA | Price is near 200 DMA,Strong,565,549
4.800000190734863,4.920000076293945,4.679999828338623,4.889999866485596,14697.0,4.800000190734863,1.8749931703013978,4.7029999732971195,4.681799964904785,4.8660000038146975,4.963349995613098,4.784123710695652,4.731749103118217,4.735716378046446,60.606075201644565,0.19714273725237166,4.03154892914254,15406.75,0.9539325295730767,7.489999771118164,4.099999904632568,-34.71295038830716,19.268292200700067,-1.477835115241384,False,4.480000019073486,4.980000019073486,Downtrend,Strong Positive,No Breakout,AURUS,AURUS.NS,AURUS GEM CORPORATION LIMITED,,Unavailable,0,60,,60.0,200 DMA Recovery Watch,-3,57.0,4.96,5.06,4.96,4.43,4.98,5.37,0.53,0.02,0.41,0.03,0.77,200 DMA Recovery,Confirmation Required,Stock is recovering around the 200 DMA. Confirmation above the recovery level is preferred.,Below ₹4.43,0.03,Price trend is weak | Strong positive momentum | RSI supports positive momentum | Price is below 200 DMA | Price is near 200 DMA,Poor,565,549
332.0,338.3999938964844,325.0,334.04998779296875,131431.0,333.29998779296875,0.2250225104916126,326.4200012207031,333.9580010986328,322.1,342.4069999694824,330.8810317621155,329.2378546913447,328.657194132144,60.81313965423296,10.057141985212054,3.010669765821121,115399.0,1.1389266804738343,515.9000244140625,272.3500061035156,-35.249084709315795,22.6546650658058,-2.4406662764658673,False,317.0,340.0,Downtrend,Strong Positive,No Breakout,BAJAJHCARE,BAJAJHCARE.NS,Bajaj Healthcare Limited,,Unavailable,0,60,,60.0,200 DMA Recovery Watch,-3,57.0,342.41,347.44,342.41,314.49,357.49,360.11,27.92,15.09,17.71,0.54,0.63,200 DMA Recovery,Confirmation Required,Stock is recovering around the 200 DMA. Confirmation above the recovery level is preferred.,Below ₹314.49,0.54,Price trend is weak | Strong positive momentum | RSI supports positive momentum | Price is below 200 DMA | Price is near 200 DMA,Poor,565,549
10.079999923706055,10.260000228881836,9.829999923706055,9.989999771118164,8199526.0,10.100000381469727,-1.0891149128407829,9.36799988746643,9.481799983978272,9.780700006484984,10.03979998588562,9.758001215559961,9.550475529390946,9.565160939723793,68.65077487887018,0.3707143919808524,3.7108548596028537,9335160.3,0.8783487092342699,16.389999389648438,7.699999809265137,-39.04819924869779,29.740259981533395,-0.4960279571053987,False,8.899999618530273,11.180000305175781,Downtrend,Strong Positive,No Breakout,BCG,BCG.NS,Brightcom Group Limited,,Unavailable,0,60,,60.0,200 DMA Recovery Watch,-3,57.0,10.04,10.23,10.04,8.81,11.18,11.92,1.23,1.14,1.88,0.93,1.53,200 DMA Recovery,Confirmation Required,Stock is recovering around the 200 DMA. Confirmation above the recovery level is preferred.,Below ₹8.81,0.93,Price trend is weak | Strong positive momentum | RSI supports positive momentum | Price is below 200 DMA | Price is near 200 DMA,Poor,565,549
251.00999450683594,259.0,251.0,258.2699890136719,2539.0,258.0899963378906,0.06974027600263888,243.9265007019043,250.3056005859375,252.84040100097656,251.04250045776368,249.8863915617922,247.11088390033527,247.90123550404823,70.03737016921878,7.482855660574777,2.8972997169170367,6053.7,0.4194129210235063,379.0,208.00999450683594,-31.854884165258078,24.16229788669324,2.878990028672127,True,229.5,261.0,Sideways,Strong Positive,No Breakout,DIAMINESQ,DIAMINESQ.NS,Diamines & Chemicals Limited,,Unavailable,0,60,,60.0,200 DMA Recovery Watch,-3,57.0,251.04,254.78,251.04,227.63,261.0,275.97,23.41,9.96,24.92,0.43,1.06,200 DMA Recovery,Confirmation Required,Stock is recovering around the 200 DMA. Confirmation above the recovery level is preferred.,Below ₹227.63,0.43,Strong positive momentum | RSI indicates overbought conditions | Price is above 200 DMA | Price is near 200 DMA,Poor,565,549
57.70000076293945,57.70000076293945,55.9900016784668,56.38999938964844,363820.0,57.7400016784668,-2.3380710938251004,56.071499824523926,56.2339998626709,57.44920009613037,54.085800113677976,56.651560391413526,56.46869214555639,56.52373418719376,54.69084053130881,1.8721438816615514,3.31999273262135,776272.35,0.46867571671205344,65.8499984741211,40.58000183105469,-14.365982237934926,38.96007108233992,4.2602665970134055,True,53.54999923706055,59.70000076293945,Uptrend,Neutral,No Breakout,ONEPOINT,ONEPOINT.NS,One Point One Solutions Limited,,Unavailable,0,60,,60.0,200 DMA Recovery Watch,-3,57.0,54.09,55.02,54.09,52.21,59.7,63.44,1.87,5.61,9.36,3.0,5.0,200 DMA Recovery,Confirmation Required,Stock is recovering around the 200 DMA. Confirmation above the recovery level is preferred.,Below ₹52.21,3.0,Price is in an uptrend | RSI supports positive momentum | Price is above 200 DMA,Strong,565,549
817.75,848.4000244140625,800.0,829.5999755859375,223706.0,809.5499877929688,2.4766831073186557,719.9649993896485,675.0839990234375,602.1390002441407,503.2309994506836,775.1858842063123,733.934315184834,677.1995338427091,83.63407385740926,39.007149832589285,4.701922731499474,454301.3,0.49241769724189655,852.0,315.0,-2.629110846720951,163.36507161458334,64.85470419976342,True,620.0,852.0,Strong Uptrend,Strong Positive,No Breakout,RISHABH,RISHABH.NS,Rishabh Instruments Limited,,Unavailable,0,60,,60.0,52W High Watch,-3,57.0,857.85,871.5,857.85,812.99,935.87,994.38,44.86,78.01,136.53,1.74,3.04,52W High Breakout,Watch,Stock is near its rolling 52-week high. Entry requires breakout confirmation.,Below ₹812.99,1.74,Strong price trend | Strong positive momentum | RSI indicates overbought conditions | Price is above 200 DMA | Price is near 52-week high,Acceptable,565,549
1200.0999755859375,1236.0,1189.199951171875,1214.300048828125,147435.0,1206.5999755859375,0.638162887285687,1124.1324890136718,1057.7849926757813,1019.2024993896484,864.1592492675782,1173.4193400079341,1134.379944722557,1075.7355221214239,80.86454352760289,47.828560965401785,3.9387761708120914,236404.45,0.6236557729772007,1241.699951171875,551.9000244140625,-2.206644392463001,120.02174218370708,40.51808736147998,True,1032.75,1241.699951171875,Strong Uptrend,Strong Positive,No Breakout,ROSSTECH,ROSSTECH.NS,Rossell Techsys Limited,,Unavailable,0,60,,60.0,52W High Watch,-3,57.0,1248.87,1265.61,1248.87,1193.87,1344.53,1416.27,55.0,95.66,167.4,1.74,3.04,52W High Breakout,Watch,Stock is near its rolling 52-week high. Entry requires breakout confirmation.,Below ₹1193.87,1.74,Strong price trend | Strong positive momentum | RSI indicates overbought conditions | Price is above 200 DMA | Price is near 52-week high,Acceptable,565,549
3040.0,3065.0,2999.0,3060.0,1815342.0,3077.199951171875,-0.5589481166254684,3007.4450073242188,3049.1380029296874,2931.36,2531.695999145508,3016.067069215848,3010.7256235621803,2997.018861698384,53.98390432572039,97.8642578125,3.198178359885621,2120281.3,0.8561797908607693,3245.0,1753.0,-5.701078582434515,74.55790074158585,20.867592358355985,True,2830.5,3173.699951171875,Uptrend,Positive,No Breakout,ADANIENT,ADANIENT.NS,Adani Enterprises Limited,,Unavailable,0,60,,61.0,Momentum Watch,-5,56.0,3011.07,3084.47,3060.0,2937.67,3231.26,3353.59,122.33,171.26,293.59,1.4,2.4,Momentum Trade,Watch,Positive trend and momentum. Prefer entry near current price or on a controlled pullback.,Below ₹2937.67,1.4,Price is in an uptrend | Positive momentum | RSI supports positive momentum | Price is above 200 DMA,Poor,550,582
171.10000610351562,183.9600067138672,171.10000610351562,178.77000427246094,16378.0,175.1999969482422,2.037675448860532,181.24700012207032,163.0947994995117,157.705,142.07720008850097,180.58835230910705,178.28066180112006,168.10487963617652,57.420815294277055,10.21714346749442,5.715244852778887,24597.2,0.6658481453173531,198.5800018310547,95.5999984741211,-9.975827060092104,86.99791540358022,25.825962336746315,True,170.0,198.5800018310547,Uptrend,Positive,No Breakout,DCMNVL,DCMNVL.NS,DCM Nouvelle Limited,,Unavailable,0,60,,61.0,Momentum Watch,-5,56.0,173.66,181.32,178.77,170.0,198.58,209.42,8.77,19.81,30.65,2.26,3.5,Momentum Trade,Watch,Positive trend and momentum. Prefer entry near current price or on a controlled pullback.,Below ₹170.00,2.26,Price is in an uptrend | Positive momentum | RSI supports positive momentum | Price is above 200 DMA,Strong,550,582
5156.0,5180.5,5056.5,5167.5,16852.0,5156.0,0.22304111714508412,5176.594995117188,5059.286005859375,4929.561000976562,4650.224005126953,5175.507550024139,5158.786164454685,5076.383269694139,50.53764183692855,131.64285714285714,2.5475153777040567,28062.3,0.6005209836684805,5407.0,3856.0,-4.429443314222305,34.011929460580916,11.123679080894629,True,4985.5,5387.5,Uptrend,Positive,No Breakout,FINEORG,FINEORG.NS,Fine Organic Industries Limited,,Unavailable,0,60,,61.0,Momentum Watch,-5,56.0,5101.68,5200.41,5167.5,5002.95,5397.88,5562.43,164.55,230.38,394.93,1.4,2.4,Momentum Trade,Watch,Positive trend and momentum. Prefer entry near current price or on a controlled pullback.,Below ₹5002.95,1.4,Price is in an uptrend | Positive momentum | RSI supports positive momentum | Price is above 200 DMA,Poor,550,582
196.5,204.0,195.00999450683594,199.72000122070312,428319.0,201.3000030517578,-0.7848990596629246,191.70350036621093,174.23199920654298,166.15789962768554,155.33319988250733,200.13535692389007,192.81932385922937,179.46917928408868,72.4023774822349,7.9778594970703125,3.9945220550315725,1002408.65,0.42728980840299013,211.7100067138672,119.9000015258789,-5.66340990644289,66.57214235113756,28.575218544245264,True,167.24000549316406,211.7100067138672,Strong Uptrend,Positive,No Breakout,GIPCL,GIPCL.NS,Gujarat Industries Power Company Limited,,Unavailable,0,60,,61.0,Momentum Watch,-5,56.0,195.73,201.71,199.72,189.75,213.68,223.65,9.97,13.96,23.93,1.4,2.4,Momentum Trade,Watch,Positive trend and momentum. Prefer entry near current price or on a controlled pullback.,Below ₹189.75,1.4,Strong price trend | Positive momentum | RSI indicates overbought conditions | Price is above 200 DMA,Poor,550,582
994.0,998.5999755859375,966.0,985.0,692249.0,1003.9000244140625,-1.8826600213595723,987.7350067138672,878.2400012207031,791.7350024414062,822.2407516479492,1001.5352669443604,974.0029214420218,899.2388737405377,50.736320396256644,40.885716029575896,4.150834114677756,1364396.8,0.5073663321403274,1058.8499755859375,580.0999755859375,-6.974545713623974,69.79831778222159,19.794597631635977,True,822.4000244140625,1058.8499755859375,Uptrend,Positive,No Breakout,JYOTICNC,JYOTICNC.NS,Jyoti CNC Automation Limited,,Unavailable,0,60,,61.0,Momentum Watch,-5,56.0,964.56,995.22,985.0,933.89,1058.85,1107.66,51.11,73.85,122.66,1.45,2.4,Momentum Trade,Watch,Positive trend and momentum. Prefer entry near current price or on a controlled pullback.,Below ₹933.89,1.45,Price is in an uptrend | Positive momentum | RSI supports positive momentum | Price is above 200 DMA,Poor,550,582
185.02999877929688,189.89999389648438,180.0,185.97000122070312,22611.0,185.02999877929688,0.5080270483747151,173.5415008544922,180.66820068359374,177.53240051269532,169.51780029296876,181.2485468976936,178.77138697794098,178.90796007621418,80.57424531924862,7.729285103934152,4.156199953325423,36001.45,0.6280580365513057,219.5,117.25,-15.275625867561219,58.60980914345683,9.705294015909177,True,156.0,192.0,Uptrend,Strong Positive,No Breakout,KILITCH,KILITCH.NS,Kilitch Drugs (India) Limited,,Unavailable,0,60,,61.0,Momentum Watch,-5,56.0,182.11,187.9,185.97,176.31,199.5,209.16,9.66,13.53,23.19,1.4,2.4,Momentum Trade,Watch,Positive trend and momentum. Prefer entry near current price or on a controlled pullback.,Below ₹176.31,1.4,Price is in an uptrend | Strong positive momentum | RSI indicates overbought conditions | Price is above 200 DMA,Poor,550,582
2904.89990234375,2950.800048828125,2812.10009765625,2869.199951171875,93353.0,2915.60009765625,-1.5914441257453116,2875.8400024414063,2632.2900048828124,2333.7919970703124,2006.2287451171876,2935.5333473133733,2868.5312667657604,2656.8785867550578,57.26488054762229,137.69280133928572,4.798996364232039,122228.55,0.7637577309065681,3175.0,876.9500122070312,-9.631497600885828,227.17941857950638,43.01459682277056,True,2632.0,3175.0,Uptrend,Positive,No Breakout,KMEW,KMEW.NS,Knowledge Marine & Engineering Works Limited,,Unavailable,0,60,,61.0,Momentum Watch,-5,56.0,2800.35,2903.62,2869.2,2697.08,3175.0,3282.28,172.12,305.8,413.08,1.78,2.4,Momentum Trade,Watch,Positive trend and momentum. Prefer entry near current price or on a controlled pullback.,Below ₹2697.08,1.78,Price is in an uptrend | Positive momentum | RSI supports positive momentum | Price is above 200 DMA,Acceptable,550,582
345.79998779296875,354.8999938964844,336.54998779296875,347.1499938964844,33450.0,347.25,-0.02879945385618754,335.18500061035155,335.7200006103516,298.71240081787107,242.54390029907228,347.821274295169,341.2149624911747,327.4110989738523,60.64489351018977,22.153568812779017,6.381555293757235,58266.2,0.5740892661611706,385.79998779296875,138.9600067138672,-10.018142851063299,149.8200756504723,43.12872575580175,True,296.1000061035156,385.79998779296875,Uptrend,Positive,No Breakout,LOKESHMACH,LOKESHMACH.NS,Lokesh Machines Limited,,Unavailable,0,60,,61.0,Momentum Watch,-5,56.0,336.07,352.69,347.15,319.46,385.92,413.61,27.69,38.77,66.46,1.4,2.4,Momentum Trade,Watch,Positive trend and momentum. Prefer entry near current price or on a controlled pullback.,Below ₹319.46,1.4,Price is in an uptrend | Positive momentum | RSI supports positive momentum | Price is above 200 DMA,Poor,550,582
932.0499877929688,955.0,919.5999755859375,947.25,159706.0,937.5499877929688,1.0346128028720258,947.4449951171875,942.3549975585937,841.3619989013672,756.372748260498,944.4243133915504,946.5604283555646,922.8474688038209,58.80181926336527,38.582144601004465,4.073068841488991,504079.35,0.3168271027170623,1120.0,500.1000061035156,-15.424107142857144,89.41211526478743,25.235871093780204,True,875.5,1120.0,Uptrend,Positive,No Breakout,NELCO,NELCO.NS,NELCO Limited,,Unavailable,0,60,,61.0,Momentum Watch,-5,56.0,927.96,956.9,947.25,899.02,1120.0,1177.87,48.23,172.75,230.62,3.58,4.78,Momentum Trade,Watch,Positive trend and momentum. Prefer entry near current price or on a controlled pullback.,Below ₹899.02,3.58,Price is in an uptrend | Positive momentum | RSI supports positive momentum | Price is above 200 DMA,Strong,550,582
1005.5,1010.0,973.5499877929688,1003.0499877929688,68916.0,1016.0999755859375,-1.2843212387091518,984.2574981689453,1001.4499987792968,900.8049951171874,787.3497479248047,986.9083967485519,987.1875014375939,973.1054762005078,50.144508670520224,46.553562709263396,4.641200665551688,81796.9,0.8425258169930646,1133.0,480.0,-11.469550945015998,108.96874745686848,27.39573365415803,True,923.7000122070312,1078.5,Uptrend,Positive,No Breakout,ORCHPHARMA,ORCHPHARMA.NS,Orchid Pharma Limited,,Unavailable,0,60,,61.0,Momentum Watch,-5,56.0,979.77,1014.69,1003.05,944.86,1084.52,1142.71,58.19,81.47,139.66,1.4,2.4,Momentum Trade,Watch,Positive trend and momentum. Prefer entry near current price or on a controlled pullback.,Below ₹944.86,1.4,Price is in an uptrend | Positive momentum | RSI supports positive momentum | Price is above 200 DMA,Poor,550,582
330.1000061035156,330.1000061035156,318.1000061035156,323.75,50564.0,327.8500061035156,-1.2505737462823463,328.975,288.16000091552735,285.91429946899416,278.6921994781494,331.8144067776773,323.11115036227153,301.85568647419115,50.460661748961726,11.925000871930804,3.683397952719939,128608.5,0.39316219378967954,349.0,224.10000610351562,-7.234957020057306,44.46675197788898,16.167585819129933,True,295.8500061035156,349.0,Uptrend,Positive,No Breakout,SURAKSHA,SURAKSHA.NS,Suraksha Diagnostic Limited,,Unavailable,0,60,,61.0,Momentum Watch,-5,56.0,317.79,326.73,323.75,308.84,349.0,359.53,14.91,25.25,35.78,1.69,2.4,Momentum Trade,Watch,Positive trend and momentum. Prefer entry near current price or on a controlled pullback.,Below ₹308.84,1.69,Price is in an uptrend | Positive momentum | RSI supports positive momentum | Price is above 200 DMA,Acceptable,550,582
24.200000762939453,25.700000762939453,24.200000762939453,25.18000030517578,242102.0,24.610000610351562,2.316130356309154,25.179499912261964,24.257599906921385,24.577899913787842,24.922149972915648,25.13128432359682,25.055099217116908,24.666214849496797,51.34453636047154,1.5307143075125558,6.079087724228167,322263.4,0.7512550292710869,40.5099983215332,18.200000762939453,-37.84250469398,38.351644228771995,1.0346231466400553,True,23.219999313354492,28.18000030517578,Sideways,Positive,No Breakout,ATL,ATL.NS,Allcargo Terminals Limited,,Unavailable,0,60,,59.0,200 DMA Recovery Watch,-3,56.0,24.92,25.69,24.92,22.84,28.18,31.24,2.08,3.26,6.32,1.56,3.03,200 DMA Recovery,Confirmation Required,Stock is recovering around the 200 DMA. Confirmation above the recovery level is preferred.,Below ₹22.84,1.56,Positive momentum | RSI supports positive momentum | Price is above 200 DMA | Price is near 200 DMA,Acceptable,603,582
262.8800048828125,262.8800048828125,255.39999389648438,257.4800109863281,117326.0,263.7799987792969,-2.388349314627114,251.3005012512207,243.91720031738282,238.59190017700195,250.51889991760254,254.95646059035627,251.25329332304062,245.49342182240662,52.14120148065365,13.520715985979352,5.251171123609004,1305887.15,0.0898439041995321,397.95001220703125,213.72999572753906,-35.2984035461279,20.469759104174205,2.7786770064115505,True,229.25,289.0,Sideways,Positive,No Breakout,BOROLTD,BOROLTD.NS,Borosil Limited,,Unavailable,0,60,,59.0,200 DMA Recovery Watch,-3,56.0,250.52,257.28,250.52,225.87,289.0,316.04,24.65,38.48,65.52,1.56,2.66,200 DMA Recovery,Confirmation Required,Stock is recovering around the 200 DMA. Confirmation above the recovery level is preferred.,Below ₹225.87,1.56,Positive momentum | RSI supports positive momentum | Price is above 200 DMA | Price is near 200 DMA,Acceptable,603,582
883.0,892.9500122070312,873.2000122070312,889.5,9546.0,883.7999877929688,0.6449436847431267,885.5125,846.3030017089844,846.605,863.2535000610352,885.2553098048253,876.765360369567,857.9706138396766,52.879790154057844,26.996442522321427,3.0350132121777884,372869.3,0.02560146410551901,1175.0999755859375,640.0,-24.30431295375778,38.984375,3.040416278313274,True,808.0,945.9000244140625,Sideways,Positive,No Breakout,EXPLEOSOL,EXPLEOSOL.NS,Expleo Solutions Limited,,Unavailable,0,60,,59.0,200 DMA Recovery Watch,-3,56.0,863.25,876.75,863.25,801.25,945.9,999.89,62.0,82.65,136.64,1.33,2.2,200 DMA Recovery,Confirmation Required,Stock is recovering around the 200 DMA. Confirmation above the recovery level is preferred.,Below ₹801.25,1.33,Positive momentum | RSI supports positive momentum | Price is above 200 DMA,Poor,603,582
291.80999755859375,316.94000244140625,286.9800109863281,307.80999755859375,2809027.0,299.6700134277344,2.716315869496344,226.83500213623046,249.43777709960938,265.33698745727537,298.6902444458008,266.4387969468126,245.38569202586046,247.6536915227923,80.79378266202447,24.790713718959264,8.05390140527849,2977048.05,0.9435611897496918,612.0,168.5,-49.70424876493566,82.6765564145957,3.0532477315133115,True,168.5,323.2300109863281,Sideways,Strong Positive,No Breakout,GENESYS,GENESYS.NS,Genesys International Corporation Limited,,Unavailable,0,60,,59.0,200 DMA Recovery Watch,-3,56.0,298.69,311.09,298.69,162.3,323.23,372.81,136.39,24.54,74.12,0.18,0.54,200 DMA Recovery,Confirmation Required,Stock is recovering around the 200 DMA. Confirmation above the recovery level is preferred.,Below ₹162.30,0.18,Strong positive momentum | RSI indicates overbought conditions | Price is above 200 DMA,Poor,603,582
80.36000061035156,81.0,79.04000091552734,80.33999633789062,230861.0,80.36000061035156,-0.02489332044425252,79.28950004577636,82.8549998474121,82.22959983825683,79.7342497253418,79.88887773767556,80.0201386107848,81.53813586555133,51.93492719124797,3.175714765276228,3.9528440503282303,386451.6,0.5973865808810211,106.0,58.599998474121094,-24.207550624631484,37.09897342978659,0.7597069197182201,True,74.5,85.5,Sideways,Positive,No Breakout,PNBGILTS,PNBGILTS.NS,PNB Gilts Limited,,Unavailable,0,60,,59.0,200 DMA Recovery Watch,-3,56.0,79.73,81.32,79.73,73.71,85.5,91.85,6.03,5.77,12.12,0.96,2.01,200 DMA Recovery,Confirmation Required,Stock is recovering around the 200 DMA. Confirmation above the recovery level is preferred.,Below ₹73.71,0.96,Positive momentum | RSI supports positive momentum | Price is above 200 DMA | Price is near 200 DMA,Poor,603,582
518.75,530.4500122070312,504.1000061035156,520.9500122070312,73285.0,519.0499877929688,0.3660580789417889,513.100001525879,491.6890014648437,492.09850128173827,506.0275001525879,522.0117394924939,514.6815628624253,501.3313729050747,51.03980805329016,16.260724748883927,3.1213598940125826,149494.55,0.4902185397394086,649.9500122070312,455.0,-19.847680218045618,14.494508177369505,2.9489527841754875,True,461.0,555.0,Sideways,Positive,No Breakout,WONDERLA,WONDERLA.NS,Wonderla Holidays Limited,,Unavailable,0,60,,59.0,200 DMA Recovery Watch,-3,56.0,506.03,514.16,506.03,456.93,555.0,587.52,49.09,48.97,81.49,1.0,1.66,200 DMA Recovery,Confirmation Required,Stock is recovering around the 200 DMA. Confirmation above the recovery level is preferred.,Below ₹456.93,1.0,Positive momentum | RSI supports positive momentum | Price is above 200 DMA | Price is near 200 DMA,Poor,603,582
72.52999877929688,72.52999877929688,72.52999877929688,72.52999877929688,27101.0,71.11000061035156,1.9969036095586867,60.50049991607666,60.96119995117188,63.92389995574951,81.5889002418518,65.81538711806125,62.60199845712368,61.98385290353446,89.16875930492957,2.3092858450753346,3.1839044311889637,12625.8,2.1464778469483123,,,,,-11.103105245568782,False,55.209999084472656,71.11000061035156,Downtrend,Strong Positive,Confirmed Breakout,SYSTMTXC,SYSTMTXC.NS,Systematix Corporate Services Limited,,Unavailable,0,60,,63.0,Strong Breakout Watch,-8,55.0,75.19,75.99,75.19,72.53,79.8,83.27,2.66,4.62,8.08,1.74,3.04,Breakout Trade,Strong Setup,Confirmed breakout above resistance. Entry requires breakout confirmation.,Below ₹72.53,1.74,Price trend is weak | Strong positive momentum | Confirmed price breakout | Volume is more than 2x average | RSI indicates overbought conditions | Price is below 200 DMA,Acceptable,493,607
1097.0,1097.0,1030.199951171875,1073.0,17520.0,1081.699951171875,-0.8042850665242018,896.629995727539,816.2899975585938,777.3204992675782,769.8960000610351,985.8689305136487,919.532498757088,846.3212853046648,82.79556296833486,57.246433803013396,5.33517556412054,29128.1,0.601481044077712,1150.0,602.0,-6.695652173913043,78.23920265780731,39.36947326845907,True,802.7999877929688,1150.0,Strong Uptrend,Strong Positive,No Breakout,BIL,BIL.NS,Bhartiya International Limited,,Unavailable,0,60,,60.0,Momentum Watch,-5,55.0,1044.38,1087.31,1073.0,1001.44,1173.18,1244.74,71.56,100.18,171.74,1.4,2.4,Momentum Trade,Watch,Positive trend and momentum. Prefer entry near current price or on a controlled pullback.,Below ₹1001.44,1.4,Strong price trend | Strong positive momentum | RSI indicates overbought conditions | Price is above 200 DMA,Poor,565,607
271.29998779296875,274.95001220703125,266.54998779296875,272.70001220703125,748277.0,271.29998779296875,0.5160429329362337,259.72149963378905,240.0047998046875,199.93169952392577,170.60759979248047,266.30736603938226,259.3659380516117,238.65748237804237,80.08981659779661,7.805719648088727,2.8623833145129085,1007218.4,0.742914347077059,303.1700134277344,115.0,-10.050466692335375,137.13044539741847,59.84048338921095,True,241.0,278.0,Strong Uptrend,Strong Positive,No Breakout,GANDHAR,GANDHAR.NS,Gandhar Oil Refinery (India) Limited,,Unavailable,0,60,,60.0,Momentum Watch,-5,55.0,268.8,274.65,272.7,262.94,286.36,296.12,9.76,13.66,23.42,1.4,2.4,Momentum Trade,Watch,Positive trend and momentum. Prefer entry near current price or on a controlled pullback.,Below ₹262.94,1.4,Strong price trend | Strong positive momentum | RSI indicates overbought conditions | Price is above 200 DMA,Poor,565,607
522.0999755859375,544.7999877929688,511.0,532.0999755859375,43221.0,524.7000122070312,1.4103226999709673,429.02000122070314,388.1000012207031,353.1071002197266,316.2148006439209,500.7771610599557,455.58315135452733,402.991008984437,81.09332221150073,36.66785321916853,6.891158598304885,146317.7,0.295391466650993,559.7000122070312,228.0,-4.931219585338259,133.377182274534,68.27168573463383,True,332.1499938964844,559.7000122070312,Strong Uptrend,Strong Positive,No Breakout,OAL,OAL.NS,Oriental Aromatics Limited,,Unavailable,0,60,,60.0,Momentum Watch,-5,55.0,513.77,541.27,532.1,486.27,596.27,642.1,45.83,64.17,110.0,1.4,2.4,Momentum Trade,Watch,Positive trend and momentum. Prefer entry near current price or on a controlled pullback.,Below ₹486.27,1.4,Strong price trend | Strong positive momentum | RSI indicates overbought conditions | Price is above 200 DMA,Poor,565,607
720.0,733.9000244140625,708.5499877929688,714.9500122070312,146091.0,725.4500122070312,-1.447377465479105,551.6875015258789,472.81200134277344,461.14800018310547,458.23075012207033,653.1290934609237,580.7263387194898,507.5674713107083,80.05795076285624,41.6107177734375,5.820087707249119,1112089.4,0.13136623728272206,743.0,384.0,-3.7752338886902757,86.18489901224771,56.02401454214328,True,384.0,743.0,Strong Uptrend,Strong Positive,No Breakout,SHANTIGEAR,SHANTIGEAR.NS,Shanthi Gears Limited,,Unavailable,0,60,,60.0,Momentum Watch,-5,55.0,694.14,725.35,714.95,662.94,787.77,839.78,52.01,72.82,124.83,1.4,2.4,Momentum Trade,Watch,Positive trend and momentum. Prefer entry near current price or on a controlled pullback.,Below ₹662.94,1.4,Strong price trend | Strong positive momentum | RSI indicates overbought conditions | Price is above 200 DMA,Poor,565,607
370.0,384.1499938964844,364.54998779296875,370.6499938964844,1219997.0,373.6000061035156,-0.7896178155344713,327.0750015258789,300.8438006591797,259.96190017700195,229.97260055541992,356.50341973444336,336.38861301778604,305.1442464696032,84.65414481297603,16.200001307896205,4.370700546246485,2259495.6,0.5399421888672852,384.1499938964844,169.0,-3.5142523010524376,119.31952301567124,61.17137128566902,True,287.8500061035156,379.04998779296875,Strong Uptrend,Strong Positive,No Breakout,SSWL,SSWL.NS,Steel Strips Wheels Limited,,Unavailable,0,60,,60.0,Momentum Watch,-5,55.0,362.55,374.7,370.65,350.4,399.0,419.25,20.25,28.35,48.6,1.4,2.4,Momentum Trade,Watch,Positive trend and momentum. Prefer entry near current price or on a controlled pullback.,Below ₹350.40,1.4,Strong price trend | Strong positive momentum | RSI indicates overbought conditions | Price is above 200 DMA,Poor,565,607
485.20001220703125,526.2999877929688,476.20001220703125,526.2999877929688,2734893.0,501.25,4.997503799096004,356.09249954223634,295.0688009643555,228.20730010986327,191.0381998825073,463.77234479574605,392.9315090550972,313.521181847084,82.87160520362966,39.23929050990513,7.455689040475664,4134092.25,0.6615461955402664,583.0499877929688,110.5,-9.733299234739196,376.28958171309387,175.49463307163424,True,236.60000610351562,583.0499877929688,Strong Uptrend,Strong Positive,No Breakout,TBZ,TBZ.NS,Tribhovandas Bhimji Zaveri Limited,,Unavailable,0,60,,60.0,Momentum Watch,-5,55.0,506.68,536.11,526.3,477.25,594.97,644.02,49.05,68.67,117.72,1.4,2.4,Momentum Trade,Watch,Positive trend and momentum. Prefer entry near current price or on a controlled pullback.,Below ₹477.25,1.4,Strong price trend | Strong positive momentum | RSI indicates overbought conditions | Price is above 200 DMA,Poor,565,607
1127.0999755859375,1141.9000244140625,1110.75,1129.25,66749.0,1129.4000244140625,-0.013283549744946832,1039.9724975585937,935.5420007324219,880.603999633789,834.3329995727539,1108.979969813584,1052.966595770601,968.1998088547855,80.50134418210689,42.914297921316965,3.8002477681042257,208548.2,0.3200650976608765,1181.9000244140625,697.4000244140625,-4.454693571917321,61.92285065501205,35.347637043994126,True,911.9500122070312,1181.9000244140625,Strong Uptrend,Strong Positive,No Breakout,WINDLAS,WINDLAS.NS,Windlas Biotech Limited,,Unavailable,0,60,,60.0,Momentum Watch,-5,55.0,1107.79,1139.98,1129.25,1075.61,1204.35,1257.99,53.64,75.1,128.74,1.4,2.4,Momentum Trade,Watch,Positive trend and momentum. Prefer entry near current price or on a controlled pullback.,Below ₹1075.61,1.4,Strong price trend | Strong positive momentum | RSI indicates overbought conditions | Price is above 200 DMA,Poor,565,607
8.039999961853027,8.0600004196167,7.980000019073486,7.980000019073486,1291259.0,8.0,-0.2499997615814209,7.79500002861023,7.550600023269653,7.711700015068054,8.53865897655487,7.962761847658905,7.832878182794963,7.704015541282973,68.23525187887465,0.2607142925262451,3.267096389763107,1045754.4,1.2347631528014609,12.199999809265137,6.570000171661377,-34.59016275546845,21.461184331378156,-6.542701365815512,False,7.210000038146973,8.529999732971191,Downtrend,Strong Positive,No Breakout,AXITA,AXITA.NS,Axita Cotton Limited,,Unavailable,0,60,,58.0,200 DMA Recovery Watch,-3,55.0,8.54,8.67,8.54,7.14,8.93,9.05,1.39,0.39,0.51,0.28,0.37,200 DMA Recovery,Confirmation Required,Stock is recovering around the 200 DMA. Confirmation above the recovery level is preferred.,Below ₹7.14,0.28,Price trend is weak | Strong positive momentum | Volume is above average | RSI supports positive momentum | Price is below 200 DMA,Poor,617,607
79.79000091552734,79.79000091552734,76.5,77.62000274658203,1640745.0,79.86000061035156,-2.8049058936260307,77.8224998474121,75.36439956665039,77.90009979248048,75.87274995803833,79.91127605183074,78.57457799564803,76.92208351589638,58.40430392282923,3.3914288112095425,4.369271696990352,2428532.8,0.6756116285520213,103.94999694824219,60.150001525878906,-25.329480495098178,29.044057817998294,2.3028726249015996,True,70.3499984741211,87.77999877929688,Sideways,Neutral,No Breakout,ELECTCAST,ELECTCAST.NS,Electrosteel Castings Limited,,Unavailable,0,60,,58.0,200 DMA Recovery Watch,-3,55.0,75.87,77.57,75.87,69.5,87.78,94.56,6.37,11.91,18.69,1.87,2.93,200 DMA Recovery,Confirmation Required,Stock is recovering around the 200 DMA. Confirmation above the recovery level is preferred.,Below ₹69.50,1.87,RSI supports positive momentum | Price is above 200 DMA | Price is near 200 DMA,Acceptable,617,607
80.80999755859375,81.83999633789062,79.26000213623047,81.02999877929688,2108387.0,80.08000183105469,1.1863098483019474,71.7939998626709,75.64039978027344,80.47919967651367,82.6951997756958,74.44971116373266,73.49212336473082,75.41959196609373,77.92009067724568,3.054999760219029,3.7702083256103665,1637363.55,1.2876718795896,,,,,-2.0136610116616795,False,66.9000015258789,83.4000015258789,Downtrend,Strong Positive,No Breakout,EXCELSOFT,EXCELSOFT.NS,Excelsoft Technologies Limited,,Unavailable,0,60,,58.0,200 DMA Recovery Watch,-3,55.0,82.7,84.22,82.7,66.14,83.4,89.51,16.56,0.7,6.81,0.04,0.41,200 DMA Recovery,Confirmation Required,Stock is recovering around the 200 DMA. Confirmation above the recovery level is preferred.,Below ₹66.14,0.04,Price trend is weak | Strong positive momentum | Volume is above average | RSI indicates overbought conditions | Price is below 200 DMA | Price is near 200 DMA,Poor,617,607
9.140000343322754,9.59000015258789,9.020000457763672,9.430000305175781,14442.0,9.149999618530273,3.06011692151833,9.51200008392334,9.568800048828125,9.950799989700318,9.242250008583069,9.572981088391153,9.590914204606184,9.637564039954922,56.2030042166016,0.6700000762939453,7.104984672441706,41986.8,0.3439652462202406,13.9399995803833,6.739999771118164,-32.3529369509745,39.91098850751663,2.031434947316433,True,8.100000381469727,11.149999618530273,Sideways,Neutral,No Breakout,FMNL,FMNL.NS,Future Market Networks Limited,,Unavailable,0,60,,58.0,200 DMA Recovery Watch,-3,55.0,9.24,9.58,9.24,7.93,11.15,12.49,1.31,1.91,3.25,1.46,2.48,200 DMA Recovery,Confirmation Required,Stock is recovering around the 200 DMA. Confirmation above the recovery level is preferred.,Below ₹7.93,1.46,RSI supports positive momentum | Price is above 200 DMA | Price is near 200 DMA,Poor,617,607
1195.0,1195.0,1100.5999755859375,1184.5,435329.0,1209.4000244140625,-2.058874145146994,1192.7200012207031,1199.55599609375,1161.19599609375,1129.506997680664,1200.1418960916553,1195.9924702294559,1185.7123355842207,47.71372927322036,36.328578404017854,3.066996910427848,167783.05,2.5945946268112303,1317.699951171875,893.7000122070312,-10.108519094458172,32.53888148382425,4.8687615421824715,True,1151.9000244140625,1248.0999755859375,Sideways,Negative,No Breakout,HOMEFIRST,HOMEFIRST.NS,Home First Finance Company India Limited,,Unavailable,0,60,,58.0,Neutral Watch,-3,55.0,,,,,,,,,,,,No Immediate Trade,Confirmation Required,Technical setup is not strong enough for an immediate trade.,Wait for a clearer setup.,,Weak momentum | Volume is more than 2x average | Price is above 200 DMA,Not Ready,617,607
1067.4000244140625,1075.0,1047.0999755859375,1065.5,70159.0,1070.0,-0.42056074766355644,1045.1750030517578,1165.4880041503907,1169.633502807617,1043.206501159668,1055.264602444494,1067.3114880956834,1119.5886870544527,58.97078855673388,39.34999738420759,3.6931015846276485,100463.2,0.6983552186273183,1400.0,665.0,-23.892857142857142,60.225563909774436,2.137016862485965,True,965.2999877929688,1143.699951171875,Sideways,Neutral,No Breakout,KRISHNADEF,KRISHNADEF.NS,Krishna Defence And Allied Industries Limited,,Unavailable,0,60,,58.0,200 DMA Recovery Watch,-3,55.0,1043.21,1062.88,1043.21,955.46,1165.49,1244.19,87.74,122.28,200.98,1.39,2.29,200 DMA Recovery,Confirmation Required,Stock is recovering around the 200 DMA. Confirmation above the recovery level is preferred.,Below ₹955.46,1.39,RSI supports positive momentum | Price is above 200 DMA | Price is near 200 DMA,Poor,617,607
206.6999969482422,211.75,204.0,210.2899932861328,1607823.0,206.69000244140625,1.741734385893734,211.01699981689453,217.95059997558593,214.16169998168945,202.3609999847412,211.36026775778643,211.77295145801716,212.93008132377292,55.706591182770204,6.926428658621652,3.2937509533309797,2133806.55,0.7534998896690049,288.45001220703125,146.8000030517578,-27.09655594148497,43.24931124966673,3.918241806469375,True,204.5,224.0,Sideways,Neutral,No Breakout,MOSCHIP,MOSCHIP.NS,Moschip Technologies Limited,,Unavailable,0,60,,58.0,200 DMA Recovery Watch,-3,55.0,204.5,205.82,204.5,195.43,224.0,237.85,9.07,19.5,33.35,2.15,3.68,200 DMA Recovery,Confirmation Required,Stock is recovering around the 200 DMA. Confirmation above the recovery level is preferred.,Below ₹195.43,2.15,RSI supports positive momentum | Price is above 200 DMA,Strong,617,607
1903.0,1908.300048828125,1864.5999755859375,1869.199951171875,183488.0,1909.699951171875,-2.1207520047925588,1870.4799865722657,1933.2059985351561,1906.8019982910157,1858.7299969482422,1889.2649484856684,1889.5522840774706,1902.850572066909,57.158163853049594,43.985709054129465,2.353183725826287,233145.2,0.7870116991471409,2093.300048828125,1589.0,-10.70558889929354,17.63372883397577,0.5632853744665952,True,1781.0,1949.5999755859375,Sideways,Neutral,No Breakout,NH,NH.NS,Narayana Hrudayalaya Ltd.,,Unavailable,0,60,,58.0,200 DMA Recovery Watch,-3,55.0,1858.73,1880.72,1858.73,1770.0,1949.6,2037.57,88.73,90.87,178.84,1.02,2.02,200 DMA Recovery,Confirmation Required,Stock is recovering around the 200 DMA. Confirmation above the recovery level is preferred.,Below ₹1770.00,1.02,RSI supports positive momentum | Price is above 200 DMA | Price is near 200 DMA,Poor,617,607
330.8500061035156,331.5,325.25,330.1499938964844,101606.0,331.29998779296875,-0.3471155867361575,328.8350006103516,336.85400024414065,326.1715008544922,328.77175079345704,333.82865029000976,332.9931923984999,332.0770626517741,57.18584352040062,9.996427263532366,3.0278441460964127,370497.1,0.2742423624908265,453.25,276.25,-27.159405648872724,19.511310007777148,0.4192097099890976,True,310.29998779296875,354.79998779296875,Sideways,Neutral,No Breakout,NUVOCO,NUVOCO.NS,Nuvoco Vistas Corporation Limited,,Unavailable,0,60,,58.0,200 DMA Recovery Watch,-3,55.0,328.77,333.77,328.77,307.8,354.8,374.79,20.97,26.03,46.02,1.24,2.19,200 DMA Recovery,Confirmation Required,Stock is recovering around the 200 DMA. Confirmation above the recovery level is preferred.,Below ₹307.80,1.24,RSI supports positive momentum | Price is above 200 DMA | Price is near 200 DMA,Poor,617,607
80.04000091552734,81.58000183105469,79.62000274658203,80.27999877929688,17030.0,81.58000183105469,-1.5935315304969055,79.47249984741211,76.84879989624024,76.99610000610352,77.97220001220703,81.86099031020821,80.30931626760065,78.17086392848806,65.5583310877528,3.571429661342076,4.44871663633246,39161.15,0.43486976250697434,114.75,68.81999969482422,-30.039216750068082,16.652134750495406,2.9597712604345516,True,73.61000061035156,86.9000015258789,Sideways,Neutral,No Breakout,SINCLAIR,SINCLAIR.NS,Sinclairs Hotels Limited,,Unavailable,0,60,,58.0,200 DMA Recovery Watch,-3,55.0,77.97,79.76,77.97,72.72,86.9,94.04,5.26,8.93,16.07,1.7,3.06,200 DMA Recovery,Confirmation Required,Stock is recovering around the 200 DMA. Confirmation above the recovery level is preferred.,Below ₹72.72,1.7,RSI supports positive momentum | Price is above 200 DMA | Price is near 200 DMA,Acceptable,617,607
23.520000457763672,24.170000076293945,23.440000534057617,23.989999771118164,3110385.0,23.809999465942383,0.7559861789717903,24.37849998474121,24.778400001525878,24.79579999923706,23.632500076293944,24.415905615314756,24.45834866092689,24.598913906577664,52.35920388390666,1.142857279096331,4.763890329303921,3150479.35,0.9872735715598326,32.7400016784668,17.639999389648438,-26.725722232028893,35.997735834367745,1.5127459797739833,True,23.18000030517578,25.950000762939453,Sideways,Neutral,No Breakout,SINDHUTRAD,SINDHUTRAD.NS,Sindhu Trade Links Limited,,Unavailable,0,60,,58.0,200 DMA Recovery Watch,-3,55.0,23.63,24.2,23.63,22.49,25.95,28.24,1.14,2.32,4.6,2.03,4.03,200 DMA Recovery,Confirmation Required,Stock is recovering around the 200 DMA. Confirmation above the recovery level is preferred.,Below ₹22.49,2.03,RSI supports positive momentum | Price is above 200 DMA | Price is near 200 DMA,Strong,617,607
14.760000228881836,14.760000228881836,14.289999961853027,14.520000457763672,14252337.0,14.800000190734863,-1.89189006326147,14.669000101089477,14.591200046539306,14.230200071334838,14.066000046730041,14.942801170019338,14.783890395391916,14.537269303331852,50.97614116210157,0.7478570938110352,5.150530786733996,16270115.0,0.8759825606641379,22.59000015258789,10.119999885559082,-35.7237699881101,43.47826701543001,3.227644031887896,True,13.850000381469727,16.489999771118164,Sideways,Neutral,No Breakout,UTKARSHBNK,UTKARSHBNK.NS,Utkarsh Small Finance Bank Limited,,Unavailable,0,60,,58.0,200 DMA Recovery Watch,-3,55.0,14.07,14.44,14.07,13.32,16.49,17.99,0.75,2.42,3.92,3.24,5.24,200 DMA Recovery,Confirmation Required,Stock is recovering around the 200 DMA. Confirmation above the recovery level is preferred.,Below ₹13.32,3.24,RSI supports positive momentum | Price is above 200 DMA,Strong,617,607
119.02999877929688,119.02999877929688,116.62000274658203,117.8499984741211,65560.0,119.02999877929688,-0.9913469858667479,117.64949951171874,117.25739944458007,111.38489952087403,114.77959983825684,117.22439846781434,117.70218051045987,116.30713877882204,49.69122782991947,4.485713958740234,3.806291062214363,162435.0,0.4036075968849078,,,,,2.6750386307243996,True,112.51000213623047,124.9000015258789,Strong Uptrend,Negative,No Breakout,ADVANCE,ADVANCE.NS,Advance Agrolife Limited,,Unavailable,0,60,,57.0,Neutral Watch,-3,54.0,,,,,,,,,,,,No Immediate Trade,Confirmation Required,Technical setup is not strong enough for an immediate trade.,Wait for a clearer setup.,,Strong price trend | Weak momentum | Price is above 200 DMA | Price is near 200 DMA,Not Ready,638,631
541.9500122070312,567.0,528.9000244140625,548.9000244140625,275682.0,544.4500122070312,0.8173408223451473,524.7250030517578,558.9480004882812,573.613501586914,557.7865000915527,531.847952865209,532.9913515340069,549.8151327050018,58.75568643881943,25.16786847795759,4.585146175721833,329118.9,0.8376364894267694,898.7000122070312,368.70001220703125,-38.92288672990317,48.87442534334551,-1.5931679372002818,False,495.3500061035156,585.7999877929688,Downtrend,Positive,No Breakout,BFUTILITIE,BFUTILITIE.NS,BF Utilities Limited,,Unavailable,0,60,,57.0,200 DMA Recovery Watch,-3,54.0,557.79,570.37,557.79,489.06,585.8,636.14,68.73,28.01,78.35,0.41,1.14,200 DMA Recovery,Confirmation Required,Stock is recovering around the 200 DMA. Confirmation above the recovery level is preferred.,Below ₹489.06,0.41,Price trend is weak | Positive momentum | RSI supports positive momentum | Price is below 200 DMA | Price is near 200 DMA,Poor,638,631
432.0,434.29998779296875,424.20001220703125,426.3999938964844,3868222.0,432.0,-1.2962977091471317,411.17750091552733,417.38899963378907,437.77899963378906,431.19299957275393,421.30566970079144,416.3448810055559,420.0880604805533,67.98894609532303,9.039289202008929,2.11990837978374,11099503.0,0.3485040726598299,491.25,369.6000061035156,-13.201019054150764,15.367961811413094,-1.111568527554643,False,395.79998779296875,436.29998779296875,Downtrend,Strong Positive,No Breakout,COALINDIA,COALINDIA.NS,Coal India Limited,,Unavailable,0,60,,57.0,200 DMA Recovery Watch,-3,54.0,431.19,435.71,431.19,393.54,436.3,454.38,37.65,5.11,23.19,0.14,0.62,200 DMA Recovery,Confirmation Required,Stock is recovering around the 200 DMA. Confirmation above the recovery level is preferred.,Below ₹393.54,0.14,Price trend is weak | Strong positive momentum | RSI supports positive momentum | Price is below 200 DMA | Price is near 200 DMA,Poor,638,631
178.39999389648438,183.6999969482422,175.25,181.89999389648438,747410.0,179.2899932861328,1.455742488754641,180.05449905395508,178.7355987548828,176.8513996887207,178.39074989318848,180.18144840989777,179.85075328369362,178.70370237328996,48.856401274527016,6.744285583496094,3.707688735456545,1117980.55,0.6685357808774043,249.3000030517578,130.0,-27.03570330132742,39.9230722280649,1.9671670226158313,True,171.10000610351562,198.38999938964844,Strong Uptrend,Negative,No Breakout,GARUDA,GARUDA.NS,Garuda Construction and Engineering Limited,,Unavailable,0,60,,57.0,Neutral Watch,-3,54.0,,,,,,,,,,,,No Immediate Trade,Confirmation Required,Technical setup is not strong enough for an immediate trade.,Wait for a clearer setup.,,Strong price trend | Weak momentum | Price is above 200 DMA | Price is near 200 DMA,Not Ready,638,631
31.920000076293945,34.4900016784668,31.049999237060547,33.58000183105469,17146.0,30.979999542236328,8.3925188096716,32.53100004196167,32.876399993896484,33.87839992523193,35.15954999923706,32.370724600483626,32.51840491394596,32.93153917202872,52.727290315703705,2.0450004850115096,6.089935597085939,5175.35,3.313012646487677,52.869998931884766,28.100000381469727,-36.485714943331864,19.501784253350742,-4.492515314378727,False,30.510000228881836,36.119998931884766,Downtrend,Positive,No Breakout,INCREDIBLE,INCREDIBLE.NS,INCREDIBLE INDUSTRIES LIMITED,,Unavailable,0,60,,57.0,200 DMA Recovery Watch,-3,54.0,35.16,36.18,35.16,30.0,36.12,40.21,5.16,0.96,5.05,0.19,0.98,200 DMA Recovery,Confirmation Required,Stock is recovering around the 200 DMA. Confirmation above the recovery level is preferred.,Below ₹30.00,0.19,Price trend is weak | Positive momentum | Volume is more than 2x average | RSI supports positive momentum | Price is below 200 DMA,Poor,638,631
144.99000549316406,144.99000549316406,144.99000549316406,144.99000549316406,0.0,144.99000549316406,0.0,141.885001373291,139.60799835205077,138.8489973449707,138.46949684143067,144.3972992198841,142.69529957670048,140.5463287034203,,0.49285779680524555,0.33992535908172145,12.5,0.0,144.99000549316406,138.08999633789062,0.0,4.996748018147451,4.708985589223597,True,138.08999633789062,144.99000549316406,Strong Uptrend,Insufficient Data,No Breakout,KALYANI,KALYANI.NS,Kalyani Commercials Limited,,Unavailable,0,60,,57.0,52W High Watch,-3,54.0,145.77,145.73,145.77,144.99,146.76,147.5,0.78,0.99,1.73,1.26,2.2,52W High Breakout,Watch,Stock is near its rolling 52-week high. Entry requires breakout confirmation.,Below ₹144.99,1.26,Strong price trend | Price is above 200 DMA | Price is near 52-week high,Poor,638,631
62.88999938964844,62.88999938964844,57.06999969482422,58.720001220703125,8042.0,61.470001220703125,-4.473726932469624,55.82500019073486,55.30240005493164,58.76790004730225,59.616350116729734,57.7317275023005,56.555122407977706,56.58899981563808,60.97980881587282,3.747857230050223,6.382590517945745,15681.5,0.5128335937250901,82.48999786376953,38.33000183105469,-28.815610690549477,53.195925947304836,-1.5035286364756382,False,52.86000061035156,66.66000366210938,Downtrend,Strong Positive,No Breakout,KREBSBIO,KREBSBIO.NS,Krebs Biochemicals and Industries Limited,,Unavailable,0,60,,57.0,200 DMA Recovery Watch,-3,54.0,59.62,61.49,59.62,51.92,66.66,74.16,7.69,7.04,14.54,0.92,1.89,200 DMA Recovery,Confirmation Required,Stock is recovering around the 200 DMA. Confirmation above the recovery level is preferred.,Below ₹51.92,0.92,Price trend is weak | Strong positive momentum | RSI supports positive momentum | Price is below 200 DMA | Price is near 200 DMA,Poor,638,631
170.85000610351562,176.8000030517578,164.1699981689453,173.27000427246094,1947707.0,169.5399932861328,2.2000773469614154,156.03849868774415,171.4884002685547,174.64410079956053,176.17215007781982,161.05335828676377,160.04625173829913,166.61076791809217,67.33135001316589,9.975713457380023,5.7573227975995005,3080241.7,0.6323227816830088,240.89999389648438,117.25,-28.07388598485573,47.77825524303705,-1.6473351798663587,False,142.97999572753906,176.13999938964844,Downtrend,Strong Positive,No Breakout,RESPONIND,RESPONIND.NS,Responsive Industries Limited,,Unavailable,0,60,,57.0,200 DMA Recovery Watch,-3,54.0,176.17,181.16,176.17,140.49,191.14,196.09,35.69,14.96,19.92,0.42,0.56,200 DMA Recovery,Confirmation Required,Stock is recovering around the 200 DMA. Confirmation above the recovery level is preferred.,Below ₹140.49,0.42,Price trend is weak | Strong positive momentum | RSI supports positive momentum | Price is below 200 DMA | Price is near 200 DMA,Poor,638,631
29.25,29.25,29.25,29.25,0.0,29.25,0.0,27.963999938964843,28.041599960327147,29.069200019836426,29.78160002708435,28.625042409101802,28.209263994404957,28.275573148125595,62.97118632527213,1.6078570229666573,5.496947087065495,28727.45,0.0,43.36000061035156,26.0,-32.54151386470001,12.5,-1.784994851186294,False,26.5,31.889999389648438,Downtrend,Strong Positive,No Breakout,SELMC,SELMC.NS,SEL Manufacturing Company Limited,,Unavailable,0,60,,57.0,200 DMA Recovery Watch,-3,54.0,29.78,30.59,29.78,26.1,31.89,35.11,3.68,2.11,5.32,0.57,1.45,200 DMA Recovery,Confirmation Required,Stock is recovering around the 200 DMA. Confirmation above the recovery level is preferred.,Below ₹26.10,0.57,Price trend is weak | Strong positive momentum | RSI supports positive momentum | Price is below 200 DMA | Price is near 200 DMA,Poor,638,631
1304.0,1304.0,1276.699951171875,1298.300048828125,3732.0,1295.199951171875,0.23935282374316635,1285.520001220703,1301.2780004882814,1336.0040002441406,1312.6859985351562,1291.9935232575397,1287.132443756067,1298.0137818477542,64.59330941992889,39.542872837611604,3.0457422283318785,6089.8,0.6128280074879306,1942.0,1112.800048828125,-33.1462384743499,16.66966138214566,-1.0959170527517346,False,1236.199951171875,1350.0,Downtrend,Strong Positive,No Breakout,SUNCLAY,SUNCLAY.NS,Sundaram Clayton Limited,,Unavailable,0,60,,57.0,200 DMA Recovery Watch,-3,54.0,1312.69,1332.46,1312.69,1226.31,1350.0,1429.09,86.37,37.31,116.4,0.43,1.35,200 DMA Recovery,Confirmation Required,Stock is recovering around the 200 DMA. Confirmation above the recovery level is preferred.,Below ₹1226.31,0.43,Price trend is weak | Strong positive momentum | RSI supports positive momentum | Price is below 200 DMA | Price is near 200 DMA,Poor,638,631
4679.7001953125,4746.5,4611.0,4710.7001953125,25632.0,4703.0,0.1637294346693574,4581.480053710938,4561.982021484375,4514.442021484375,4788.0955078125,4656.284860890707,4610.581105554366,4572.28309047447,68.40019498624287,91.257080078125,1.9372296324213678,42205.25,0.6073178099880939,5642.0,4000.0,-16.506554496410846,17.7675048828125,-1.6164112092943363,False,4415.7001953125,4750.0,Downtrend,Strong Positive,No Breakout,SUNDARMFIN,SUNDARMFIN.NS,Sundaram Finance Limited,,Unavailable,0,60,,57.0,200 DMA Recovery Watch,-3,54.0,4788.1,4833.72,4788.1,4392.89,4924.98,4932.51,395.21,136.89,144.42,0.35,0.37,200 DMA Recovery,Confirmation Required,Stock is recovering around the 200 DMA. Confirmation above the recovery level is preferred.,Below ₹4392.89,0.35,Price trend is weak | Strong positive momentum | RSI supports positive momentum | Price is below 200 DMA | Price is near 200 DMA,Poor,638,631
6.130000114440918,6.349999904632568,5.730000019073486,5.849999904632568,88082.0,5.989999771118164,-2.3372265748761722,5.548000001907349,5.55460000038147,5.779899997711182,5.962800011634827,5.769474721776482,5.636796660435303,5.612828872629036,66.41791655561221,0.36785714966910227,6.288156507110353,117198.05,0.751565405738406,10.329999923706055,4.409999847412109,-43.368829159354085,32.65306365181587,-1.8917305088575678,False,5.199999809265137,6.449999809265137,Downtrend,Strong Positive,No Breakout,ZENITHSTL,ZENITHSTL.NS,Zenith Steel Pipes & Industries Limited,,Unavailable,0,60,,57.0,200 DMA Recovery Watch,-3,54.0,5.96,6.15,5.96,5.11,6.45,7.19,0.85,0.49,1.22,0.57,1.43,200 DMA Recovery,Confirmation Required,Stock is recovering around the 200 DMA. Confirmation above the recovery level is preferred.,Below ₹5.11,0.57,Price trend is weak | Strong positive momentum | RSI supports positive momentum | Price is below 200 DMA | Price is near 200 DMA,Poor,638,631
100.5,102.98999786376953,98.16000366210938,101.95999908447266,21936.0,100.5,1.4527354074354681,102.7490005493164,90.9084001159668,86.1710001373291,84.93935007095337,103.08710770930614,101.07031062355648,94.14469243679922,54.232238044953405,7.099999019077846,6.963514204424012,61217.3,0.35833007989571575,124.77999877929688,60.0,-18.28818714382809,69.93333180745442,20.038591064449204,True,89.69999694824219,124.77999877929688,Uptrend,Positive,No Breakout,ARCHIDPLY,ARCHIDPLY.NS,Archidply Industries Limited,,Unavailable,0,60,,58.0,Momentum Watch,-5,53.0,98.41,103.73,101.96,93.09,124.78,135.43,8.87,22.82,33.47,2.57,3.77,Momentum Trade,Watch,Positive trend and momentum. Prefer entry near current price or on a controlled pullback.,Below ₹93.09,2.57,Price is in an uptrend | Positive momentum | RSI supports positive momentum | Price is above 200 DMA,Strong,617,651
621.7000122070312,632.8499755859375,612.0499877929688,624.5499877929688,129770.0,622.4000244140625,0.34543112059326475,627.0925018310547,572.7520025634766,510.7720013427734,478.66324966430665,623.1544400479936,619.3365056226331,581.2928496894414,52.5796339130324,21.967860630580358,3.517390290601119,318421.1,0.40754208813423487,687.7000122070312,375.29998779296875,-9.182786577449015,66.41353799816716,30.47794837622787,True,598.8499755859375,673.25,Uptrend,Positive,No Breakout,ASKAUTOLTD,ASKAUTOLTD.NS,ASK Automotive Limited,,Unavailable,0,60,,58.0,Momentum Watch,-5,53.0,613.57,630.04,624.55,598.85,673.25,690.45,25.7,48.7,65.9,1.89,2.56,Momentum Trade,Watch,Positive trend and momentum. Prefer entry near current price or on a controlled pullback.,Below ₹598.85,1.89,Price is in an uptrend | Positive momentum | RSI supports positive momentum | Price is above 200 DMA,Acceptable,617,651
3894.89990234375,3955.800048828125,3835.0,3881.89990234375,20482.0,3891.39990234375,-0.24412808342515468,3937.20498046875,3603.775986328125,3175.288991699219,2755.999997558594,3910.263410647976,3874.2009220927653,3636.2471188817167,53.757350328495654,113.36427525111607,2.9203296865710224,52355.45,0.3912104661501334,4155.5,1990.0,-6.58404759129467,95.07034685144473,40.852681632167496,True,3510.0,4128.5,Uptrend,Positive,No Breakout,KDDL,KDDL.NS,KDDL Limited,,Unavailable,0,60,,58.0,Momentum Watch,-5,53.0,3825.22,3910.24,3881.9,3740.19,4128.5,4221.99,141.71,246.6,340.09,1.74,2.4,Momentum Trade,Watch,Positive trend and momentum. Prefer entry near current price or on a controlled pullback.,Below ₹3740.19,1.74,Price is in an uptrend | Positive momentum | RSI supports positive momentum | Price is above 200 DMA,Acceptable,617,651
144.60000610351562,145.99000549316406,139.50999450683594,143.42999267578125,20280.0,145.8000030517578,-1.6255214858501899,147.09699935913085,129.2497996520996,116.26309989929199,111.89054992675781,146.33668777009484,143.15554026845976,132.31699852603083,50.13374916062349,7.069287981305804,4.928737601824812,67414.4,0.3008259362984763,163.8000030517578,77.0,-12.435903538744142,86.27271776075487,28.187762746423868,True,115.04000091552734,163.8000030517578,Uptrend,Positive,No Breakout,UCAL,UCAL.NS,UCAL LIMITED,,Unavailable,0,60,,58.0,Momentum Watch,-5,53.0,139.9,145.2,143.43,134.59,163.8,164.64,8.84,20.37,21.21,2.31,2.4,Momentum Trade,Watch,Positive trend and momentum. Prefer entry near current price or on a controlled pullback.,Below ₹134.59,2.31,Price is in an uptrend | Positive momentum | RSI supports positive momentum | Price is above 200 DMA,Strong,617,651
89.9000015258789,93.5,85.41000366210938,88.80000305175781,17879.0,88.83999633789062,-0.045017208218589566,89.23749961853028,88.46499954223633,91.92579986572265,93.33019987106323,89.57090616039928,89.36740855804034,89.50827321543687,55.67958954567793,3.8157146998814175,4.296975865707344,7679.35,2.328191839153053,140.1999969482422,59.15999984741211,-36.66190799951285,50.10142542392565,-4.853945266981038,False,85.0,94.19999694824219,Downtrend,Neutral,No Breakout,BSHSL,BSHSL.NS,Bombay Super Hybrid Seeds Limited,,Unavailable,0,60,,56.0,200 DMA Recovery Watch,-3,53.0,93.33,95.24,93.33,84.05,94.2,101.83,9.28,0.87,8.5,0.09,0.92,200 DMA Recovery,Confirmation Required,Stock is recovering around the 200 DMA. Confirmation above the recovery level is preferred.,Below ₹84.05,0.09,Price trend is weak | Volume is more than 2x average | RSI supports positive momentum | Price is below 200 DMA,Poor,658,651
189.14999389648438,193.4499969482422,184.4199981689453,189.72000122070312,1012761.0,190.67999267578125,-0.5034568344621349,197.55900039672852,209.86940032958984,197.85370071411134,183.5691502380371,195.71748827378616,198.67494765849364,200.86747978838645,40.258535969041084,7.429998125348773,3.916296688563365,622975.1,1.6256845578579304,243.0,136.5,-21.92592542357896,38.98901188329899,3.350699708905394,True,188.1300048828125,208.1999969482422,Sideways,Negative,No Breakout,FUSION,FUSION.NS,Fusion Finance Limited,,Unavailable,0,60,,56.0,Neutral Watch,-3,53.0,,,,,,,,,,,,No Immediate Trade,Confirmation Required,Technical setup is not strong enough for an immediate trade.,Wait for a clearer setup.,,Weak momentum | Strong volume confirmation | Price is above 200 DMA,Not Ready,658,651
1876.0,1910.0,1825.0999755859375,1890.0,723014.0,1890.0,0.0,1915.929998779297,1970.237998046875,1890.4990002441407,1809.612999267578,1902.0544765326847,1913.7988734359592,1921.902230550386,40.340392893199216,42.735743931361604,2.261150472558815,394430.4,1.8330585066465463,2169.800048828125,1465.5999755859375,-12.895199674239135,28.957425728967422,4.442220561244738,True,1865.199951171875,1971.0,Sideways,Negative,No Breakout,PHOENIXLTD,PHOENIXLTD.NS,The Phoenix Mills Limited,,Unavailable,0,60,,56.0,Neutral Watch,-3,53.0,,,,,,,,,,,,No Immediate Trade,Confirmation Required,Technical setup is not strong enough for an immediate trade.,Wait for a clearer setup.,,Weak momentum | Strong volume confirmation | Price is above 200 DMA,Not Ready,658,651
88.0,88.61000061035156,85.13999938964844,85.9800033569336,791089.0,88.06999969482422,-2.373108147079339,86.41849975585937,87.10219970703125,89.71109962463379,82.15089998245239,88.19698399247247,87.44439517835728,87.42993761103007,53.575214860635185,3.7049996512276784,4.309141086965194,1202944.75,0.6576270439685613,106.19999694824219,38.5,-19.039542535168852,123.32468404398335,4.66106077389184,True,81.3499984741211,98.86000061035156,Sideways,Neutral,No Breakout,ARFIN,ARFIN.NS,Arfin India Limited,,Unavailable,0,60,,55.0,200 DMA Recovery Watch,-3,52.0,82.15,84.0,82.15,78.45,98.86,106.27,3.7,16.71,24.12,4.51,6.51,200 DMA Recovery,Confirmation Required,Stock is recovering around the 200 DMA. Confirmation above the recovery level is preferred.,Below ₹78.45,4.51,RSI supports positive momentum | Price is above 200 DMA,Strong,670,667
54.900001525878906,55.11000061035156,52.790000915527344,53.90999984741211,557333.0,55.54999923706055,-2.952294171327907,54.860499954223634,55.11359992980957,55.12009983062744,52.48424983978271,55.71158989459754,55.37494493892586,54.97656159421406,53.72653961373585,3.1607142857142856,5.862946196736099,912900.25,0.6105081031580395,71.5,40.31999969482422,-24.60139881480824,33.70535777640992,2.7165292673168544,True,51.310001373291016,62.45000076293945,Sideways,Neutral,No Breakout,BLKASHYAP,BLKASHYAP.NS,B. L. Kashyap and Sons Limited,,Unavailable,0,60,,55.0,200 DMA Recovery Watch,-3,52.0,52.48,54.06,52.48,49.32,62.45,68.77,3.16,9.97,16.29,3.15,5.15,200 DMA Recovery,Confirmation Required,Stock is recovering around the 200 DMA. Confirmation above the recovery level is preferred.,Below ₹49.32,3.15,RSI supports positive momentum | Price is above 200 DMA | Price is near 200 DMA,Strong,670,667
389.45001220703125,399.0,369.75,379.3500061035156,4288.0,384.5,-1.3394002331558852,365.95750122070314,369.8,384.9820001220703,396.67524993896484,369.63936933063223,367.96744930463524,371.424348759887,61.12204957964742,20.460719517299108,5.393625725081934,4783.65,0.896386650361126,703.0,290.3500061035156,-46.038405959670605,30.65265993769937,-4.367614021322226,False,347.75,399.5,Downtrend,Strong Positive,No Breakout,CHEMFAB,CHEMFAB.NS,Chemfab Alkalis Limited,,Unavailable,0,60,,55.0,200 DMA Recovery Watch,-3,52.0,396.68,406.91,396.68,342.63,399.5,440.42,54.04,2.82,43.75,0.05,0.81,200 DMA Recovery,Confirmation Required,Stock is recovering around the 200 DMA. Confirmation above the recovery level is preferred.,Below ₹342.63,0.05,Price trend is weak | Strong positive momentum | RSI supports positive momentum | Price is below 200 DMA,Poor,670,667
982.0999755859375,1007.6500244140625,980.2000122070312,995.0,304.0,991.5,0.35300050428643814,1006.2400054931641,955.8080004882812,909.0914984130859,963.3040008544922,1005.3378825492184,996.405802532518,960.150694392632,52.31597485717558,49.642870221819194,4.989233188122532,4998.65,0.06081642043351705,1573.0999755859375,667.0999755859375,-36.74909316368216,49.1530559757638,3.2903423132668497,True,948.5,1151.75,Sideways,Neutral,No Breakout,DHUNINV,DHUNINV.NS,Dhunseri Investments Limited,,Unavailable,0,60,,55.0,200 DMA Recovery Watch,-3,52.0,963.3,988.13,963.3,913.66,1151.75,1251.04,49.64,188.45,287.73,3.8,5.8,200 DMA Recovery,Confirmation Required,Stock is recovering around the 200 DMA. Confirmation above the recovery level is preferred.,Below ₹913.66,3.8,RSI supports positive momentum | Price is above 200 DMA,Strong,670,667
143.9499969482422,145.0,140.10000610351562,142.91000366210938,4346.0,144.1999969482422,-0.8945862090384282,148.49400100708007,140.49980087280272,139.36700004577636,142.18270011901856,147.68330231067208,147.32417409045516,142.97877900569546,52.22292561130013,10.526426042829241,7.3657727052596655,47824.9,0.09087316439762551,198.89999389648438,102.0,-28.1498199861758,40.10784672755821,0.5115274519909946,True,131.1999969482422,193.7899932861328,Sideways,Neutral,No Breakout,DTIL,DTIL.NS,Dhunseri Tea & Industries Limited,,Unavailable,0,60,,55.0,200 DMA Recovery Watch,-3,52.0,142.18,147.45,142.18,128.57,193.79,214.84,13.61,51.61,72.66,3.79,5.34,200 DMA Recovery,Confirmation Required,Stock is recovering around the 200 DMA. Confirmation above the recovery level is preferred.,Below ₹128.57,3.79,RSI supports positive momentum | Price is above 200 DMA | Price is near 200 DMA,Strong,670,667
910.0,921.9500122070312,900.5,910.9000244140625,21159.0,912.5,-0.1753397902397258,894.4625,908.3709973144531,918.317998046875,971.0079989624023,907.60784961018,901.8196049361948,906.8484244834028,60.71591737491801,19.428584507533483,2.1328997680103194,25411.35,0.8326594218725097,1328.800048828125,689.2999877929688,-31.449428737048173,32.14856238872462,-6.190265642772241,False,852.5499877929688,941.4000244140625,Downtrend,Strong Positive,No Breakout,GMBREW,GMBREW.NS,GM Breweries Limited,,Unavailable,0,60,,55.0,200 DMA Recovery Watch,-3,52.0,971.01,980.72,971.01,847.69,1000.15,1029.29,123.32,29.14,58.29,0.24,0.47,200 DMA Recovery,Confirmation Required,Stock is recovering around the 200 DMA. Confirmation above the recovery level is preferred.,Below ₹847.69,0.24,Price trend is weak | Strong positive momentum | RSI supports positive momentum | Price is below 200 DMA,Poor,670,667
960.4000244140625,977.4000244140625,941.0999755859375,945.8499755859375,87.0,960.0,-1.4739608764648415,963.7800048828125,931.7370007324218,920.858501586914,933.9412521362304,962.165386337628,957.7530777541397,939.9028857804008,54.12201257593019,35.22857666015625,3.724541689429422,366.15,0.23760753789430564,1236.199951171875,805.0,-23.487298742464414,17.496891377135093,1.2751041269959853,True,903.4000244140625,1054.0,Sideways,Neutral,No Breakout,GROBTEA,GROBTEA.NS,The Grob Tea Company Limited,,Unavailable,0,60,,55.0,200 DMA Recovery Watch,-3,52.0,933.94,951.56,933.94,894.59,1054.0,1124.46,39.35,120.06,190.52,3.05,4.84,200 DMA Recovery,Confirmation Required,Stock is recovering around the 200 DMA. Confirmation above the recovery level is preferred.,Below ₹894.59,3.05,RSI supports positive momentum | Price is above 200 DMA | Price is near 200 DMA,Strong,670,667
210.0,221.1999969482422,202.50999450683594,213.8300018310547,354.0,217.60000610351562,-1.7325386795566056,215.42949981689452,211.16919952392578,213.02329986572266,213.27755004882812,216.04096647308606,215.24562517979075,213.19716137547894,51.9091338889172,16.317143031529017,7.630895052987492,938.2,0.3773182690257941,333.989990234375,170.0399932861328,-35.97712264340585,25.752770097582133,0.25902950502764593,True,200.0,257.7900085449219,Sideways,Neutral,No Breakout,LOYALTEX,LOYALTEX.NS,Loyal Textile Mills Limited,,Unavailable,0,60,,55.0,200 DMA Recovery Watch,-3,52.0,213.28,221.44,213.28,195.92,257.79,290.42,17.36,44.51,77.15,2.56,4.44,200 DMA Recovery,Confirmation Required,Stock is recovering around the 200 DMA. Confirmation above the recovery level is preferred.,Below ₹195.92,2.56,RSI supports positive momentum | Price is above 200 DMA | Price is near 200 DMA,Strong,670,667
94.30000305175781,94.30000305175781,91.5,93.70999908447266,329886.0,95.2300033569336,-1.5961401017322019,94.08199958801269,100.77919921875,99.91349967956543,92.04304969787597,94.40124854171722,95.36809254051931,97.94804611453117,50.868482500290604,3.966428484235491,4.232663027410818,1616337.85,0.2040947070564486,123.58999633789062,64.0,-24.176711820370254,46.421873569488525,1.8110540579308418,True,89.16000366210938,109.25,Sideways,Neutral,No Breakout,NITCO,NITCO.NS,Nitco Limited,,Unavailable,0,60,,55.0,200 DMA Recovery Watch,-3,52.0,92.04,94.03,92.04,88.08,109.25,117.18,3.97,17.21,25.14,4.34,6.34,200 DMA Recovery,Confirmation Required,Stock is recovering around the 200 DMA. Confirmation above the recovery level is preferred.,Below ₹88.08,4.34,RSI supports positive momentum | Price is above 200 DMA | Price is near 200 DMA,Strong,670,667
54.88999938964844,56.150001525878906,52.630001068115234,55.189998626708984,253434.0,54.88999938964844,0.5465462568708279,51.05149974822998,51.40580001831054,53.771199989318845,58.794300060272214,53.217544432171586,51.99924098166463,52.122414140388834,69.28150345937392,2.557143075125558,4.633345060255245,225800.3,1.1223811482978543,103.69000244140625,46.0,-46.77404057551636,19.978257884149965,-6.1303586059674595,False,46.5099983215332,57.0,Downtrend,Strong Positive,No Breakout,RAJOOENG,RAJOOENG.NS,Rajoo Engineers Limited,,Unavailable,0,60,,55.0,200 DMA Recovery Watch,-3,52.0,58.79,60.07,58.79,45.87,62.63,66.47,12.92,3.84,7.67,0.3,0.59,200 DMA Recovery,Confirmation Required,Stock is recovering around the 200 DMA. Confirmation above the recovery level is preferred.,Below ₹45.87,0.3,Price trend is weak | Strong positive momentum | RSI supports positive momentum | Price is below 200 DMA,Poor,670,667
96.25,98.44999694824219,92.62999725341797,96.31999969482422,148192.0,96.31999969482422,0.0,89.48499984741211,85.41880020141602,90.15310020446778,99.90745010375977,95.12766829285064,91.63275043036143,88.58454122150114,66.20317308287677,5.725000108991351,5.943729367867705,148198.65,0.9999551277963733,152.4499969482422,75.2300033569336,-36.81862799411829,28.034022858975266,-3.5907736662378773,False,80.0999984741211,102.0,Downtrend,Strong Positive,No Breakout,REMSONSIND,REMSONSIND.NS,Remsons Industries Limited,,Unavailable,0,60,,55.0,200 DMA Recovery Watch,-3,52.0,99.91,102.77,99.91,78.67,102.0,113.45,21.24,2.09,13.54,0.1,0.64,200 DMA Recovery,Confirmation Required,Stock is recovering around the 200 DMA. Confirmation above the recovery level is preferred.,Below ₹78.67,0.1,Price trend is weak | Strong positive momentum | RSI supports positive momentum | Price is below 200 DMA,Poor,670,667
110.4000015258789,110.4000015258789,108.30999755859375,108.83000183105469,51220.0,110.54000091552734,-1.5469504887912988,104.96149978637695,105.9179995727539,111.04019989013672,112.47195011138916,107.99895841499728,106.63767860479025,107.08716512865765,67.97584961744684,2.970715659005301,2.729684470296137,56933.2,0.8996508188543767,173.0,95.16999816894531,-37.09248449071983,14.353266706867224,-3.2380947220418856,False,100.12000274658203,113.97000122070312,Downtrend,Strong Positive,No Breakout,RUCHIRA,RUCHIRA.NS,Ruchira Papers Limited,,Unavailable,0,60,,55.0,200 DMA Recovery Watch,-3,52.0,112.47,113.96,112.47,99.38,113.97,119.91,13.09,1.5,7.44,0.11,0.57,200 DMA Recovery,Confirmation Required,Stock is recovering around the 200 DMA. Confirmation above the recovery level is preferred.,Below ₹99.38,0.11,Price trend is weak | Strong positive momentum | RSI supports positive momentum | Price is below 200 DMA,Poor,670,667
349.8999938964844,349.8999938964844,340.25,346.3999938964844,676349.0,349.8999938964844,-1.0002858133902781,351.50999755859374,366.6069982910156,351.3989993286133,334.38274978637696,353.0365073064935,356.6549176416654,358.7508091738245,50.57803468208092,11.871431623186384,3.4270877114200973,961405.2,0.703500459535688,430.0,276.0,-19.44186188453852,25.50724416539289,3.5938588691506137,True,329.04998779296875,377.75,Sideways,Neutral,No Breakout,SENCO,SENCO.NS,Senco Gold Limited,,Unavailable,0,60,,55.0,200 DMA Recovery Watch,-3,52.0,334.38,340.32,334.38,322.51,377.75,401.49,11.87,43.37,67.11,3.65,5.65,200 DMA Recovery,Confirmation Required,Stock is recovering around the 200 DMA. Confirmation above the recovery level is preferred.,Below ₹322.51,3.65,RSI supports positive momentum | Price is above 200 DMA,Strong,670,667
87.9800033569336,87.9800033569336,84.0,85.04000091552734,56316.0,88.7300033569336,-4.158686241183274,85.91600036621094,84.81519989013673,82.26259994506836,81.42079998016358,85.48014825162352,85.51488894341321,84.44007021651473,40.73863752124633,4.318571363176618,5.078282357341903,64632.7,0.8713236488650482,113.0,58.11000061035156,-24.743362021657216,46.34314235470605,4.445056958720013,True,82.75,94.36000061035156,Uptrend,Negative,No Breakout,SUPREMEINF,SUPREMEINF.NS,Supreme Infrastructure India Limited,,Unavailable,0,60,,55.0,Neutral Watch,-3,52.0,,,,,,,,,,,,No Immediate Trade,Confirmation Required,Technical setup is not strong enough for an immediate trade.,Wait for a clearer setup.,,Price is in an uptrend | Weak momentum | Price is above 200 DMA,Not Ready,670,667
177.10000610351562,179.64999389648438,175.52999877929688,178.10000610351562,7422504.0,179.1999969482422,-0.61383418719827,185.25449905395507,177.6229998779297,172.76349975585939,172.9263999938965,183.01786367945613,183.4795664553003,179.94725070266512,41.168918733511305,4.744286673409598,2.6638329650882295,8713122.75,0.851876441198995,205.49000549316406,132.5,-13.329115118720267,34.415098946049525,2.9917965734565306,True,177.6199951171875,192.3300018310547,Uptrend,Negative,No Breakout,UNIONBANK,UNIONBANK.NS,Union Bank of India,,Unavailable,0,60,,55.0,Neutral Watch,-3,52.0,,,,,,,,,,,,No Immediate Trade,Confirmation Required,Technical setup is not strong enough for an immediate trade.,Wait for a clearer setup.,,Price is in an uptrend | Weak momentum | Price is above 200 DMA | Price is near 200 DMA,Not Ready,670,667
1960.0,2020.0,1960.0,2020.0,28.0,2010.0,0.4975124378109541,1997.1549987792969,2078.7419921875,2005.7619970703124,2020.1009991455078,1996.3506220675445,2012.407586732273,2029.5130579527777,66.80904498285875,61.79286411830357,3.059052679123939,1478.15,0.01894259716537564,2991.0,1539.0,-32.464058843196256,31.25406107862248,-0.004999707715134408,False,1920.0,2199.0,Downtrend,Positive,No Breakout,NBIFIN,NBIFIN.NS,N. B. I. Industrial Finance Company Limited,,Unavailable,0,60,,54.0,200 DMA Recovery Watch,-3,51.0,2020.1,2051.0,2020.1,1904.55,2199.0,2322.59,115.55,178.9,302.48,1.55,2.62,200 DMA Recovery,Confirmation Required,Stock is recovering around the 200 DMA. Confirmation above the recovery level is preferred.,Below ₹1904.55,1.55,Price trend is weak | Positive momentum | RSI supports positive momentum | Price is below 200 DMA | Price is near 200 DMA,Acceptable,699,695
572.25,594.9000244140625,571.0499877929688,591.25,39880.0,578.5,2.203975799481417,577.4924987792969,575.2879968261718,600.8359973144532,598.871748046875,586.6200574563866,581.4868546066259,582.0426009272478,59.58810091661624,18.139295305524552,3.067956922710284,113433.8,0.3515706958596115,,,,,-1.2726845224761663,False,541.7999877929688,616.4500122070312,Downtrend,Positive,No Breakout,ORKLAINDIA,ORKLAINDIA.NS,Orkla India Limited,,Unavailable,0,60,,54.0,200 DMA Recovery Watch,-3,51.0,598.87,607.94,598.87,537.27,616.45,652.73,61.61,17.58,53.86,0.29,0.87,200 DMA Recovery,Confirmation Required,Stock is recovering around the 200 DMA. Confirmation above the recovery level is preferred.,Below ₹537.27,0.29,Price trend is weak | Positive momentum | RSI supports positive momentum | Price is below 200 DMA | Price is near 200 DMA,Poor,699,695
22.200000762939453,22.75,21.65999984741211,21.93000030517578,48149.0,22.200000762939453,-1.216218236417399,21.247500324249266,20.63420021057129,21.143000068664552,22.488999996185303,22.58947130905407,21.84598118734953,21.147467913995133,62.339878802725735,1.577857289995466,7.194971582481329,115446.2,0.41706872984992144,33.880001068115234,17.0,-35.27154777508464,29.000001795151654,-2.4856582822906397,False,18.540000915527344,26.68000030517578,Downtrend,Positive,No Breakout,PRAENG,PRAENG.NS,Prajay Engineers Syndicate Limited,,Unavailable,0,60,,54.0,200 DMA Recovery Watch,-3,51.0,22.49,23.28,22.49,18.15,26.68,29.84,4.34,4.19,7.35,0.96,1.69,200 DMA Recovery,Confirmation Required,Stock is recovering around the 200 DMA. Confirmation above the recovery level is preferred.,Below ₹18.15,0.96,Price trend is weak | Positive momentum | RSI supports positive momentum | Price is below 200 DMA | Price is near 200 DMA,Poor,699,695
16.010000228881836,16.719999313354492,16.010000228881836,16.350000381469727,1609.0,16.799999237060547,-2.6785647382538524,15.717000055313111,14.487200069427491,15.161600008010865,16.852999992370606,16.387674401270047,15.786213608518153,15.124055381164064,60.33519959849785,0.9807141848972866,5.9982517554481465,19821.1,0.08117612039695073,39.790000915527344,11.260000228881836,-58.90927367360419,45.204263313708196,-2.9846295088624477,False,12.65999984741211,17.600000381469727,Downtrend,Positive,No Breakout,PRUDMOULI,PRUDMOULI.NS,Prudential Sugar Corporation Limited,,Unavailable,0,60,,54.0,200 DMA Recovery Watch,-3,51.0,16.85,17.34,16.85,12.41,17.6,19.56,4.44,0.75,2.71,0.17,0.61,200 DMA Recovery,Confirmation Required,Stock is recovering around the 200 DMA. Confirmation above the recovery level is preferred.,Below ₹12.41,0.17,Price trend is weak | Positive momentum | RSI supports positive momentum | Price is below 200 DMA | Price is near 200 DMA,Poor,699,695
646.0,654.5,641.7000122070312,650.9000244140625,577285.0,645.1500244140625,0.8912655634202737,640.3925018310547,657.692001953125,669.8050006103516,666.5392514038086,637.1016316865082,642.331127346212,653.5432258790437,52.876234087812364,14.732155936104911,2.263351572212144,578849.55,0.997297138781571,1184.699951171875,538.8499755859375,-45.057816220030325,20.794294127281614,-2.3463324863176647,False,616.0999755859375,679.4000244140625,Downtrend,Positive,No Breakout,TATAINVEST,TATAINVEST.NS,Tata Investment Corporation Limited,,Unavailable,0,60,,54.0,200 DMA Recovery Watch,-3,51.0,666.54,673.91,666.54,612.42,679.4,708.86,54.12,12.86,42.33,0.24,0.78,200 DMA Recovery,Confirmation Required,Stock is recovering around the 200 DMA. Confirmation above the recovery level is preferred.,Below ₹612.42,0.24,Price trend is weak | Positive momentum | RSI supports positive momentum | Price is below 200 DMA | Price is near 200 DMA,Poor,699,695
750.0,774.75,748.0,752.1500244140625,12940.0,769.1500244140625,-2.2102320042114765,732.5350036621094,736.2480017089844,789.0720025634765,758.2227532958984,755.4169444156248,743.1289515772377,747.6256671421689,62.507851393625565,36.44643293108259,4.845633417279348,17927.1,0.7218122284139655,1860.0,565.0,-59.561826644405244,33.12389812638274,-0.8009162024535064,False,685.0,804.7000122070312,Downtrend,Positive,No Breakout,VIVIANA,VIVIANA.NS,Viviana Power Tech Limited,,Unavailable,0,60,,54.0,200 DMA Recovery Watch,-3,51.0,758.22,776.45,758.22,675.89,804.7,877.59,82.33,46.48,119.37,0.56,1.45,200 DMA Recovery,Confirmation Required,Stock is recovering around the 200 DMA. Confirmation above the recovery level is preferred.,Below ₹675.89,0.56,Price trend is weak | Positive momentum | RSI supports positive momentum | Price is below 200 DMA | Price is near 200 DMA,Poor,699,695
376.29998779296875,383.0,369.20001220703125,380.3999938964844,266487.0,379.1000061035156,0.34291421050882676,342.16749877929686,342.3519982910156,350.12249938964845,311.0703499603271,365.57674190115154,352.06134260790736,345.4777153331207,93.76409518001017,13.417864118303571,3.527303978336783,785447.65,0.33928040907627643,405.70001220703125,222.61000061035156,-6.236139400862556,70.88180802906633,22.28744846463166,True,302.29998779296875,389.25,Uptrend,Strong Positive,No Breakout,CEIGALL,CEIGALL.NS,Ceigall India Limited,,Unavailable,0,60,,55.0,Momentum Watch,-5,50.0,373.69,383.75,380.4,363.63,403.88,420.65,16.77,23.48,40.25,1.4,2.4,Momentum Trade,Watch,Positive trend and momentum. Prefer entry near current price or on a controlled pullback.,Below ₹363.63,1.4,Price is in an uptrend | Strong positive momentum | RSI indicates overbought conditions | Price is above 200 DMA,Poor,670,711
505.95001220703125,505.95001220703125,492.1499938964844,494.8999938964844,45845.0,501.70001220703125,-1.3553952850494988,510.17749938964846,509.0359979248047,486.8189987182617,483.5392492675781,504.76476946234754,508.10981719412996,504.54133442867976,40.89564123397763,16.057144165039062,3.2445230072881457,31298.65,1.4647596621579524,595.0,408.3500061035156,-16.82353043756565,21.195049956979446,2.349497925166264,True,492.5,539.0,Sideways,Negative,No Breakout,KKCL,KKCL.NS,Kewal Kiran Clothing Limited,,Unavailable,0,60,,53.0,Neutral Watch,-3,50.0,,,,,,,,,,,,No Immediate Trade,Confirmation Required,Technical setup is not strong enough for an immediate trade.,Wait for a clearer setup.,,Weak momentum | Volume is above average | Price is above 200 DMA | Price is near 200 DMA,Not Ready,714,711
3550.0,3592.199951171875,3531.300048828125,3576.0,8326.0,3551.0,0.7040270346381217,3574.4500122070312,3629.54400390625,3741.5180053710938,3685.196993408203,3572.189525629301,3579.4784243961703,3631.5632296079148,51.096946863626115,58.22853306361607,1.6283146829870265,6482.7,1.2843414009594767,4545.0,3301.300048828125,-21.32013201320132,8.320962866413378,-2.9631249999260896,False,3501.0,3672.0,Downtrend,Neutral,No Breakout,SWARAJENG,SWARAJENG.NS,Swaraj Engines Limited,,Unavailable,0,60,,53.0,200 DMA Recovery Watch,-3,50.0,3685.2,3714.31,3685.2,3486.44,3772.54,3788.46,198.75,87.34,103.26,0.44,0.52,200 DMA Recovery,Confirmation Required,Stock is recovering around the 200 DMA. Confirmation above the recovery level is preferred.,Below ₹3486.44,0.44,Price trend is weak | Volume is above average | RSI supports positive momentum | Price is below 200 DMA | Price is near 200 DMA,Poor,714,711
9.859999656677246,9.899999618530273,9.3100004196167,9.699999809265137,42580.0,9.859999656677246,-1.6227165616963912,9.512499904632568,9.224400005340577,9.221199979782105,9.31684998512268,9.632733433837613,9.524008412869936,9.346259211824858,47.88732536253906,0.7285714149475098,7.511045662615386,31577.3,1.3484370101306953,13.399999618530273,7.5,-27.611939661166623,29.333330790201824,4.112439555797052,True,8.550000190734863,10.489999771118164,Sideways,Negative,No Breakout,TGBHOTELS,TGBHOTELS.NS,TGB Banquets And Hotels Limited,,Unavailable,0,60,,53.0,Neutral Watch,-3,50.0,,,,,,,,,,,,No Immediate Trade,Confirmation Required,Technical setup is not strong enough for an immediate trade.,Wait for a clearer setup.,,Weak momentum | Volume is above average | Price is above 200 DMA,Not Ready,714,711
7.789999961853027,7.880000114440918,7.28000020980835,7.480000019073486,663574.0,7.789999961853027,-3.9794601321897938,8.36100001335144,7.36480001449585,6.874600028991699,7.213050010204316,8.018934079627055,8.075585334936209,7.619012316405825,44.86486040648715,0.5742857796805245,7.677617355830685,847000.55,0.7834398690768264,10.5,5.059999942779541,-28.761904580252512,47.82608900514334,3.7009310692635715,True,7.480000019073486,9.149999618530273,Uptrend,Negative,No Breakout,BTML,BTML.NS,Bodhi Tree Multimedia Limited,,Unavailable,0,60,,52.0,Neutral Watch,-3,49.0,,,,,,,,,,,,No Immediate Trade,Confirmation Required,Technical setup is not strong enough for an immediate trade.,Wait for a clearer setup.,,Price is in an uptrend | Weak momentum | Price is above 200 DMA,Not Ready,723,722
270.0,276.8999938964844,265.6000061035156,273.54998779296875,119178.0,271.79998779296875,0.6438558052228371,269.3625015258789,268.2580001831055,270.4279000854492,289.23615074157715,269.55125883053347,269.3336047201445,268.8135992896828,50.48139646953534,7.128574916294643,2.6059496378737816,79993.5,1.4898460499915618,396.0,220.5,-30.921720254300823,24.05895138003118,-5.423306494845266,False,260.0,280.20001220703125,Downtrend,Positive,No Breakout,DOLLAR,DOLLAR.NS,Dollar Industries Limited,,Unavailable,0,60,,52.0,200 DMA Recovery Watch,-3,49.0,289.24,292.8,289.24,258.22,299.93,310.62,31.02,10.69,21.39,0.34,0.69,200 DMA Recovery,Confirmation Required,Stock is recovering around the 200 DMA. Confirmation above the recovery level is preferred.,Below ₹258.22,0.34,Price trend is weak | Positive momentum | Volume is above average | RSI supports positive momentum | Price is below 200 DMA,Poor,723,722
718.0,724.7000122070312,705.25,722.2000122070312,1018560.0,720.9000244140625,0.18032844346556054,689.3799987792969,712.7859997558594,755.9260021972656,763.5269998168945,707.1809929401121,699.7913080716385,714.7482839568394,60.928775072063736,23.899998256138392,3.309332297447683,1950511.5,0.5222014840722549,1122.0,613.0,-35.63279748600435,17.81403135514376,-5.412642594141941,False,648.0,772.7999877929688,Downtrend,Strong Positive,No Breakout,HBLENGINE,HBLENGINE.NS,HBL Engineering Limited,,Unavailable,0,60,,52.0,200 DMA Recovery Watch,-3,49.0,763.53,775.48,763.53,642.03,772.8,820.6,121.5,9.27,57.07,0.08,0.47,200 DMA Recovery,Confirmation Required,Stock is recovering around the 200 DMA. Confirmation above the recovery level is preferred.,Below ₹642.03,0.08,Price trend is weak | Strong positive momentum | RSI supports positive momentum | Price is below 200 DMA,Poor,723,722
2187.60009765625,2195.5,2170.60009765625,2174.0,484805.0,2205.0,-1.4058956916099818,2204.6699951171877,2120.01,2006.8919982910156,2072.951494140625,2195.0722489463997,2191.380694607642,2132.5840321327173,45.06283951014111,53.785714285714285,2.474043895387042,698924.45,0.6936443559815371,2890.0,1658.0,-24.77508650519031,31.12183353437877,4.874619890769137,True,2095.800048828125,2281.0,Uptrend,Negative,No Breakout,HYUNDAI,HYUNDAI.NS,Hyundai Motor India Limited,,Unavailable,0,60,,52.0,Neutral Watch,-3,49.0,,,,,,,,,,,,No Immediate Trade,Confirmation Required,Technical setup is not strong enough for an immediate trade.,Wait for a clearer setup.,,Price is in an uptrend | Weak momentum | Price is above 200 DMA,Not Ready,723,722
408.8500061035156,417.0,403.3999938964844,407.8500061035156,22417.0,409.45001220703125,-0.39076958256545336,409.15,403.43400146484373,400.6335009765625,401.6785012817383,411.46166376698153,410.37525637132364,406.0080597287387,42.26144065328593,12.607147216796875,3.0911234591466648,61014.95,0.3674017597326557,515.0,297.0,-20.805824057569783,37.32323437828809,1.5364289604956003,True,396.3999938964844,439.95001220703125,Uptrend,Negative,No Breakout,MAMATA,MAMATA.NS,Mamata Machinery Limited,,Unavailable,0,60,,52.0,Neutral Watch,-3,49.0,,,,,,,,,,,,No Immediate Trade,Confirmation Required,Technical setup is not strong enough for an immediate trade.,Wait for a clearer setup.,,Price is in an uptrend | Weak momentum | Price is above 200 DMA | Price is near 200 DMA,Not Ready,723,722
1090.0,1109.800048828125,1090.0,1102.199951171875,39091.0,1091.199951171875,1.0080645612370764,1049.7300048828124,1064.0779992675782,1121.0780023193358,1141.2639999389648,1076.0318152449051,1061.885986653287,1069.9279095612444,68.26179441968273,30.69287109375,2.7846917486357077,51327.1,0.7616054676769193,1638.9000244140625,996.0,-32.74757857387108,10.66264569998745,-3.422875756107176,False,1015.0,1140.0,Downtrend,Strong Positive,No Breakout,NESCO,NESCO.NS,Nesco Limited,,Unavailable,0,60,,52.0,200 DMA Recovery Watch,-3,49.0,1141.26,1156.61,1141.26,1007.33,1187.3,1201.39,133.94,46.04,60.12,0.34,0.45,200 DMA Recovery,Confirmation Required,Stock is recovering around the 200 DMA. Confirmation above the recovery level is preferred.,Below ₹1007.33,0.34,Price trend is weak | Strong positive momentum | RSI supports positive momentum | Price is below 200 DMA,Poor,723,722
87.0999984741211,90.0,83.80000305175781,89.12000274658203,13225.0,87.31999969482422,2.0613869194327394,90.74749984741212,91.92520034790039,89.41750015258789,87.64209999084473,88.75056924580788,89.9481505697674,90.57828703595942,32.71605447014527,3.758570534842355,4.217426412710142,6827.55,1.9370052214923361,,,,,1.6862931808933022,True,85.01000213623047,99.5,Sideways,Negative,No Breakout,OMFREIGHT,OMFREIGHT.NS,Om Freight Forwarders Limited,,Unavailable,0,60,,52.0,Neutral Watch,-3,49.0,,,,,,,,,,,,No Immediate Trade,Confirmation Required,Technical setup is not strong enough for an immediate trade.,Wait for a clearer setup.,,Weak momentum | Strong volume confirmation | Price is above 200 DMA | Price is near 200 DMA,Not Ready,723,722
285.6499938964844,287.20001220703125,283.8500061035156,287.20001220703125,781806.0,288.70001220703125,-0.5195704664273881,289.5450012207031,282.40100036621095,279.50809997558594,280.43909996032716,288.49088174788335,287.93846949610486,284.38570605570425,42.97823131262376,5.892863682338169,2.051832671264037,2082731.75,0.37537527336393656,326.3999938964844,235.35000610351562,-12.009798536296893,22.031019655342636,2.410830817692875,True,273.0,300.6000061035156,Uptrend,Negative,No Breakout,PETRONET,PETRONET.NS,Petronet LNG Limited,,Unavailable,0,60,,52.0,Neutral Watch,-3,49.0,,,,,,,,,,,,No Immediate Trade,Confirmation Required,Technical setup is not strong enough for an immediate trade.,Wait for a clearer setup.,,Price is in an uptrend | Weak momentum | Price is above 200 DMA | Price is near 200 DMA,Not Ready,723,722
128.55999755859375,132.58999633789062,126.4000015258789,131.38999938964844,472565.0,128.55999755859375,2.2013082489091174,123.4424991607666,125.93579940795898,128.08399978637695,137.63489986419677,127.16718368010582,125.72163190857927,126.22258557324373,62.73486471627755,5.100715092250279,3.882118209867454,600199.85,0.7873460814760284,186.3000030517578,109.0999984741211,-29.47396820323953,20.430798558457003,-4.537294305957372,False,116.56999969482422,136.49000549316406,Downtrend,Strong Positive,No Breakout,TARC,TARC.NS,TARC Limited,,Unavailable,0,60,,52.0,200 DMA Recovery Watch,-3,49.0,137.63,140.19,137.63,115.29,145.29,146.69,22.34,7.65,9.06,0.34,0.41,200 DMA Recovery,Confirmation Required,Stock is recovering around the 200 DMA. Confirmation above the recovery level is preferred.,Below ₹115.29,0.34,Price trend is weak | Strong positive momentum | RSI supports positive momentum | Price is below 200 DMA,Poor,723,722
83.5999984741211,85.51000213623047,82.9000015258789,84.11000061035156,5140262.0,84.22000122070312,-0.1306110291583784,84.06099967956543,85.44779968261719,85.65279983520507,87.71179969787597,83.79870747817048,84.12578758714517,84.94182684863256,50.394719670732314,1.3814288548060827,1.6424073769844534,2813849.05,1.826772477365124,117.0,72.6500015258789,-28.11111058944311,15.774258559912694,-4.10640198916319,False,81.70999908447266,86.81999969482422,Downtrend,Neutral,No Breakout,BAJAJHFL,BAJAJHFL.NS,Bajaj Housing Finance Limited,,Unavailable,0,60,,51.0,200 DMA Recovery Watch,-3,48.0,87.71,88.4,87.71,81.36,89.78,91.86,6.35,2.07,4.14,0.33,0.65,200 DMA Recovery,Confirmation Required,Stock is recovering around the 200 DMA. Confirmation above the recovery level is preferred.,Below ₹81.36,0.33,Price trend is weak | Strong volume confirmation | RSI supports positive momentum | Price is below 200 DMA,Poor,760,759
577.8499755859375,577.8499755859375,569.0999755859375,575.3499755859375,667017.0,580.4000244140625,-0.870097969624184,567.7474975585938,575.1169982910156,612.6864978027344,592.2202474975586,570.6612558257752,570.7201888983348,579.7648138072291,52.760732061307664,13.789293561662946,2.396679264237372,1059753.3,0.6294078065149691,771.9000244140625,466.3999938964844,-25.46314841450136,23.35977339520166,-2.8486482829499424,False,552.75,601.0,Downtrend,Positive,No Breakout,GMDCLTD,GMDCLTD.NS,Gujarat Mineral Development Corporation Limited,,Unavailable,0,60,,51.0,200 DMA Recovery Watch,-3,48.0,592.22,599.11,592.22,549.3,601.0,628.58,42.92,8.78,36.36,0.2,0.85,200 DMA Recovery,Confirmation Required,Stock is recovering around the 200 DMA. Confirmation above the recovery level is preferred.,Below ₹549.30,0.2,Price trend is weak | Positive momentum | RSI supports positive momentum | Price is below 200 DMA | Price is near 200 DMA,Poor,760,759
76.98999786376953,78.87999725341797,76.38999938964844,78.2699966430664,32019.0,77.16000366210938,1.4385600418291622,77.94050025939941,77.10740005493165,78.63630004882812,79.39514999389648,78.3945712657904,77.90996200391925,77.63507955341981,52.35634663577475,3.0871423993791853,3.9442219647171295,72272.25,0.44303311436962317,114.54000091552734,60.0,-31.665797086216084,30.449994405110676,-1.4171562758135372,False,72.19999694824219,83.27999877929688,Downtrend,Positive,No Breakout,INTLCONV,INTLCONV.NS,International Conveyors Limited,,Unavailable,0,60,,51.0,200 DMA Recovery Watch,-3,48.0,79.4,80.94,79.4,71.43,83.28,89.45,7.97,3.88,10.06,0.49,1.26,200 DMA Recovery,Confirmation Required,Stock is recovering around the 200 DMA. Confirmation above the recovery level is preferred.,Below ₹71.43,0.49,Price trend is weak | Positive momentum | RSI supports positive momentum | Price is below 200 DMA | Price is near 200 DMA,Poor,760,759
37.20000076293945,37.20000076293945,36.099998474121094,36.290000915527344,328.0,36.88999938964844,-1.6264529250424875,35.46599979400635,35.20020004272461,36.288199996948244,37.195000085830685,35.6756472250252,35.434048634975454,35.486517031945674,50.20704432478198,1.7200004032679967,4.739598676978988,3803.85,0.08622842646266284,49.95000076293945,29.0,-27.347346624160984,25.137934191473597,-2.4331204952681205,False,33.70000076293945,37.70000076293945,Downtrend,Positive,No Breakout,MADHAV,MADHAV.NS,Madhav Marbles and Granites Limited,,Unavailable,0,60,,51.0,200 DMA Recovery Watch,-3,48.0,37.2,38.06,37.2,33.27,37.7,41.14,3.92,0.51,3.95,0.13,1.01,200 DMA Recovery,Confirmation Required,Stock is recovering around the 200 DMA. Confirmation above the recovery level is preferred.,Below ₹33.27,0.13,Price trend is weak | Positive momentum | RSI supports positive momentum | Price is below 200 DMA | Price is near 200 DMA,Poor,760,759
68.88999938964844,69.88999938964844,67.01000213623047,68.51000213623047,52411.0,68.08999633789062,0.6168392141711943,68.10899963378907,70.82399978637696,72.41480003356934,71.06359994888305,68.5825679777047,68.76344713583246,70.01577168555909,57.53333662244842,2.873572758265904,4.194384277717398,42649.25,1.2288844469715177,88.87999725341797,57.310001373291016,-22.91853706870378,19.54283806414136,-3.5933977655078246,False,64.95999908447266,72.0,Downtrend,Neutral,No Breakout,RUBFILA,RUBFILA.NS,Rubfila International Limited,,Unavailable,0,60,,51.0,200 DMA Recovery Watch,-3,48.0,71.06,72.5,71.06,64.24,72.0,77.75,6.82,0.94,6.68,0.14,0.98,200 DMA Recovery,Confirmation Required,Stock is recovering around the 200 DMA. Confirmation above the recovery level is preferred.,Below ₹64.24,0.14,Price trend is weak | Volume is above average | RSI supports positive momentum | Price is below 200 DMA,Poor,760,759
201.5,201.89999389648438,201.0,201.0,28715.0,201.27000427246094,-0.1341502790924709,203.95400009155273,202.99740020751952,202.28649978637696,202.09330017089843,203.26049143775714,203.90752196377767,203.34106865329042,49.39802392342946,5.982856750488281,2.976545647009095,10944.25,2.623752198643123,227.0,194.41000366210938,-11.45374449339207,3.3897413784036767,-0.5409878358035081,False,201.0,219.89999389648438,Downtrend,Negative,No Breakout,AFSL,AFSL.NS,Abans Financial Services Limited,,Unavailable,0,60,,50.0,Weak / Avoid,-3,47.0,,,,,,,,,,,,Avoid,Avoid,Trend and momentum do not provide sufficient confirmation.,No long trade setup.,,Price trend is weak | Weak momentum | Volume is more than 2x average | Price is below 200 DMA | Price is near 200 DMA,Avoid,777,777
806.0,822.0,799.2000122070312,810.9500122070312,118504.0,816.4000244140625,-0.667566394420771,819.2300048828125,821.5280017089843,791.1820007324219,785.1472509765625,815.7755977539573,818.1152858636362,812.179632164067,46.2105289758639,24.132158551897323,2.9757886662114643,110142.8,1.0759123610440264,998.0,635.7999877929688,-18.742483746790455,27.54797542888526,3.286359494779529,True,792.5999755859375,859.0,Sideways,Negative,No Breakout,APLLTD,APLLTD.NS,Alembic Pharmaceuticals Limited,,Unavailable,0,60,,50.0,Neutral Watch,-3,47.0,,,,,,,,,,,,No Immediate Trade,Confirmation Required,Technical setup is not strong enough for an immediate trade.,Wait for a clearer setup.,,Weak momentum | Price is above 200 DMA,Not Ready,777,777
450.0,453.95001220703125,441.70001220703125,446.5,629613.0,453.3999938964844,-1.5218336985817649,446.00249633789065,455.5559973144531,456.492998046875,459.9444985961914,448.6981218926465,449.0621658620073,452.72839711471414,48.754204132061226,13.278573172433036,2.973924562694969,228680.95,2.753237643975154,579.0,366.20001220703125,-22.884283246977546,21.927904182474776,-2.9230697697712906,False,425.20001220703125,463.0,Downtrend,Negative,No Breakout,ARVINDFASN,ARVINDFASN.NS,Arvind Fashions Limited,,Unavailable,0,60,,50.0,Weak / Avoid,-3,47.0,,,,,,,,,,,,Avoid,Avoid,Trend and momentum do not provide sufficient confirmation.,No long trade setup.,,Price trend is weak | Weak momentum | Volume is more than 2x average | Price is below 200 DMA | Price is near 200 DMA,Avoid,777,777
157.77000427246094,157.77000427246094,154.9600067138672,156.4600067138672,782263.0,159.07000732421875,-1.640787383024267,158.4720016479492,164.38820068359374,165.1267997741699,156.22540000915527,157.7009209121596,158.70724263902048,161.78935315924602,45.2789771242622,4.1964296613420755,2.6821101120214528,860502.35,0.909077122218202,215.0,117.05000305175781,-27.227903854015263,33.6693743140552,0.1501719340761319,True,153.64999389648438,165.6999969482422,Sideways,Negative,No Breakout,AVANTEL,AVANTEL.NS,Avantel Limited,,Unavailable,0,60,,50.0,Neutral Watch,-3,47.0,,,,,,,,,,,,No Immediate Trade,Confirmation Required,Technical setup is not strong enough for an immediate trade.,Wait for a clearer setup.,,Weak momentum | Price is above 200 DMA | Price is near 200 DMA,Not Ready,777,777
1086.0,1089.0,1059.0999755859375,1081.0,152869.0,1096.800048828125,-1.4405587276374199,1105.9200012207032,1148.5079931640626,1136.0699975585937,1071.7539996337891,1100.457981125069,1109.454076026325,1126.5811716710666,49.70890090822917,31.614301409040177,2.9245422210027914,152449.2,1.002753704184738,1242.199951171875,815.5,-12.976972911631584,32.5567136725935,0.8626980043340317,True,1066.699951171875,1148.4000244140625,Sideways,Negative,No Breakout,CCL,CCL.NS,CCL Products (India) Limited,,Unavailable,0,60,,50.0,Neutral Watch,-3,47.0,,,,,,,,,,,,No Immediate Trade,Confirmation Required,Technical setup is not strong enough for an immediate trade.,Wait for a clearer setup.,,Weak momentum | Price is above 200 DMA | Price is near 200 DMA,Not Ready,777,777
285.1000061035156,291.6000061035156,280.25,287.75,91603.0,287.45001220703125,0.10436172559724621,281.9149993896484,315.1310003662109,297.2229006958008,292.5278504180908,282.46946788629845,288.01928954886654,299.2502838012099,56.86016999648927,10.178571428571429,3.537296760580862,140704.65,0.6510303675109529,479.6000061035156,222.0,-40.00208583444163,29.617117117117115,-1.63329761978633,False,262.8999938964844,318.70001220703125,Downtrend,Neutral,No Breakout,DENTA,DENTA.NS,Denta Water and Infra Solutions Limited,,Unavailable,0,60,,50.0,200 DMA Recovery Watch,-3,47.0,292.53,297.62,292.53,260.36,318.7,339.06,32.17,26.17,46.53,0.81,1.45,200 DMA Recovery,Confirmation Required,Stock is recovering around the 200 DMA. Confirmation above the recovery level is preferred.,Below ₹260.36,0.81,Price trend is weak | RSI supports positive momentum | Price is below 200 DMA | Price is near 200 DMA,Poor,777,777
173.5,175.17999267578125,173.00999450683594,173.6199951171875,6770227.0,174.49000549316406,-0.498601838837498,173.7620002746582,173.85239929199219,170.67569931030275,166.200650100708,174.30831289342544,174.18199178309885,173.25376009605463,49.745984952291685,3.363570077078683,1.9373172282422826,6385087.75,1.0603185523957757,186.8699951171875,134.36000061035156,-7.090490900741359,29.220001733024116,4.464089046573405,True,170.11000061035156,177.5,Sideways,Negative,No Breakout,GAIL,GAIL.NS,GAIL (India) Limited,,Unavailable,0,60,,50.0,Neutral Watch,-3,47.0,,,,,,,,,,,,No Immediate Trade,Confirmation Required,Technical setup is not strong enough for an immediate trade.,Wait for a clearer setup.,,Weak momentum | Price is above 200 DMA,Not Ready,777,777
0.49000000953674316,0.5,0.46000000834465027,0.47999998927116394,507246.0,0.47999998927116394,0.0,0.5084999963641167,0.48199999690055845,0.4812999987602234,0.47304999828338623,0.4958805073880854,0.5011356466135376,0.49133556325401256,41.176472650679194,0.02714285467352186,5.654761516710824,633939.6,0.8001487838904526,0.6700000166893005,0.36000001430511475,-28.358212341096912,33.33332505491078,1.4691874036566923,True,0.4699999988079071,0.5799999833106995,Sideways,Negative,No Breakout,GATECHDVR,GATECHDVR.NS,GACM Technologies Limited,,Unavailable,0,60,,50.0,Neutral Watch,-3,47.0,,,,,,,,,,,,No Immediate Trade,Confirmation Required,Technical setup is not strong enough for an immediate trade.,Wait for a clearer setup.,,Weak momentum | Price is above 200 DMA | Price is near 200 DMA,Not Ready,777,777
127.0,128.30999755859375,125.30000305175781,127.8499984741211,215251.0,128.00999450683594,-0.12498714130192434,128.85050048828126,133.34999969482422,133.79600006103516,130.05230014801026,129.0753914137078,129.82857415662352,131.6363100034245,55.80386885569637,5.060712541852679,3.9583203772012943,651863.9,0.3302084990440489,,,,,-1.6933969421400203,False,121.16000366210938,144.35000610351562,Downtrend,Neutral,No Breakout,GKENERGY,GKENERGY.NS,GK Energy Limited,,Unavailable,0,60,,50.0,200 DMA Recovery Watch,-3,47.0,130.05,132.58,130.05,119.89,144.35,154.47,10.16,14.3,24.42,1.41,2.4,200 DMA Recovery,Confirmation Required,Stock is recovering around the 200 DMA. Confirmation above the recovery level is preferred.,Below ₹119.89,1.41,Price trend is weak | RSI supports positive momentum | Price is below 200 DMA | Price is near 200 DMA,Poor,777,777
352.0,364.95001220703125,351.0,359.20001220703125,66567.0,361.79998779296875,-0.7186223531398417,352.1075012207031,376.5930017089844,374.3505017089844,366.1810008239746,358.7833076511604,360.23202682042347,369.5424340120363,57.48251324417948,11.439285278320312,3.1846561496571106,96441.25,0.6902336914961181,572.2000122070312,268.04998779296875,-37.224745797966385,34.00486049805874,-1.9064311368516815,False,332.5,377.0,Downtrend,Neutral,No Breakout,HARIOMPIPE,HARIOMPIPE.NS,Hariom Pipe Industries Limited,,Unavailable,0,60,,50.0,200 DMA Recovery Watch,-3,47.0,366.18,371.9,366.18,329.64,377.0,399.88,36.54,10.82,33.7,0.3,0.92,200 DMA Recovery,Confirmation Required,Stock is recovering around the 200 DMA. Confirmation above the recovery level is preferred.,Below ₹329.64,0.3,Price trend is weak | RSI supports positive momentum | Price is below 200 DMA | Price is near 200 DMA,Poor,777,777
147.8000030517578,153.83999633789062,145.60000610351562,149.00999450683594,93711.0,147.22999572753906,1.2089919384300707,151.5525001525879,141.55840072631835,145.6931004333496,146.7518002319336,149.75765487368514,149.44433163109707,145.67667893348235,49.39304974817257,9.656427655901227,6.480389243594148,108926.8,0.8603116955606884,216.0,108.0,-31.0138914320204,37.972217135959205,1.5387847176888994,True,139.0800018310547,164.4600067138672,Sideways,Negative,No Breakout,IITL,IITL.NS,Industrial Investment Trust Limited,,Unavailable,0,60,,50.0,Neutral Watch,-3,47.0,,,,,,,,,,,,No Immediate Trade,Confirmation Required,Technical setup is not strong enough for an immediate trade.,Wait for a clearer setup.,,Weak momentum | Price is above 200 DMA | Price is near 200 DMA,Not Ready,777,777
210.00999450683594,212.9600067138672,208.10000610351562,212.4499969482422,1949.0,209.36000061035156,1.475924880054591,212.80399856567382,219.16699951171876,216.64069931030272,218.4665496826172,213.39260034413238,213.90533900541158,215.99076398889665,53.85822296354215,7.788569859095982,3.6660720032834173,1785.05,1.09184616677404,303.04998779296875,153.0,-29.896054939497553,38.85620715571385,-2.7539926561369286,False,205.22000122070312,227.0,Downtrend,Neutral,No Breakout,INDIANCARD,INDIANCARD.NS,Indian Card Clothing Company Limited,,Unavailable,0,60,,50.0,200 DMA Recovery Watch,-3,47.0,218.47,222.36,218.47,203.27,227.0,242.58,15.19,8.53,24.11,0.56,1.59,200 DMA Recovery,Confirmation Required,Stock is recovering around the 200 DMA. Confirmation above the recovery level is preferred.,Below ₹203.27,0.56,Price trend is weak | RSI supports positive momentum | Price is below 200 DMA | Price is near 200 DMA,Poor,777,777
146.0,154.88999938964844,141.19000244140625,145.36000061035156,671.0,148.6199951171875,-2.193510034948809,147.77950134277344,150.35640075683594,151.98910034179687,148.5421003341675,147.91783995635507,148.3258632279512,149.39391363065877,48.945829308907385,8.119284493582589,5.585638731074956,263.35,2.547940003797228,246.08999633789062,114.94000244140625,-40.9321781569833,26.46598009640092,-2.142220768830734,False,140.0,160.0,Downtrend,Negative,No Breakout,MASKINVEST,MASKINVEST.NS,Mask Investments Limited,,Unavailable,0,60,,50.0,Weak / Avoid,-3,47.0,,,,,,,,,,,,Avoid,Avoid,Trend and momentum do not provide sufficient confirmation.,No long trade setup.,,Price trend is weak | Weak momentum | Volume is more than 2x average | Price is below 200 DMA | Price is near 200 DMA,Avoid,777,777
443.0,449.1000061035156,436.5,445.25,1633833.0,449.3999938964844,-0.9234521479411284,471.67249908447263,473.65200073242187,444.3045007324219,442.06100021362306,456.6643538487818,465.30061358090063,464.16550360113183,28.72417481881969,11.267859322684151,2.530681487408007,816079.5,2.002051270740167,570.4000244140625,361.20001220703125,-21.94074667907344,23.269652533896732,0.7213936051440585,True,444.3500061035156,511.8999938964844,Sideways,Strong Negative,No Breakout,POONAWALLA,POONAWALLA.NS,Poonawalla Fincorp Limited,,Unavailable,0,60,,50.0,Neutral Watch,-3,47.0,,,,,,,,,,,,No Immediate Trade,Confirmation Required,Technical setup is not strong enough for an immediate trade.,Wait for a clearer setup.,,Weak momentum | Volume is more than 2x average | RSI indicates oversold conditions | Price is above 200 DMA | Price is near 200 DMA,Not Ready,777,777
32.790000915527344,32.790000915527344,30.520000457763672,30.950000762939453,55690.0,32.150001525878906,-3.73250608393757,32.07150020599365,30.84700008392334,30.47519998550415,31.161750030517577,32.01118673210305,31.933115572640503,31.315953571790605,45.57894479006508,1.6599998474121094,5.363488873964254,23725.15,2.347298120349081,42.0,27.049999237060547,-26.3095219930013,14.417750964427418,-0.6795166104944436,False,30.25,34.5,Downtrend,Negative,No Breakout,RAMANEWS,RAMANEWS.NS,Shree Rama Newsprint Limited,,Unavailable,0,60,,50.0,Weak / Avoid,-3,47.0,,,,,,,,,,,,Avoid,Avoid,Trend and momentum do not provide sufficient confirmation.,No long trade setup.,,Price trend is weak | Weak momentum | Volume is more than 2x average | Price is below 200 DMA | Price is near 200 DMA,Avoid,777,777
153.22999572753906,157.8000030517578,151.72000122070312,155.63999938964844,145106.0,155.0800018310547,0.3611023677984049,158.31899948120116,166.97439910888673,153.39831520080565,150.00130794525145,156.26606687114926,158.70791186282563,160.30834965628497,42.253902628510644,6.343571254185268,4.075797532165229,176285.85,0.8231290259541534,196.4499969482422,114.59262084960938,-20.77373285444529,35.82026332560225,3.7590948516629155,True,150.5,171.33999633789062,Sideways,Negative,No Breakout,RELTD,RELTD.NS,Ravindra Energy Limited,,Unavailable,0,60,,50.0,Neutral Watch,-3,47.0,,,,,,,,,,,,No Immediate Trade,Confirmation Required,Technical setup is not strong enough for an immediate trade.,Wait for a clearer setup.,,Weak momentum | Price is above 200 DMA,Not Ready,777,777
1001.2000122070312,1032.0,1000.0,1014.5999755859375,1545.0,1021.0999755859375,-0.6365684218403889,1041.8049865722655,1020.7059936523438,1012.4394976806641,1013.8092501831055,1033.8475531075107,1037.3523668613964,1026.1042852892542,41.77171913952771,38.04644775390625,3.7498963797958105,1409.55,1.0960944982441205,1270.0,811.0,-20.110238142839567,25.104805867563197,0.07799548117056214,True,980.0,1113.449951171875,Sideways,Negative,No Breakout,SANDESH,SANDESH.NS,The Sandesh Limited,,Unavailable,0,60,,50.0,Neutral Watch,-3,47.0,,,,,,,,,,,,No Immediate Trade,Confirmation Required,Technical setup is not strong enough for an immediate trade.,Wait for a clearer setup.,,Weak momentum | Price is above 200 DMA | Price is near 200 DMA,Not Ready,777,777
450.0,475.3999938964844,445.0,463.79998779296875,3697.0,451.0,2.838134765625,468.50999755859374,441.2209997558594,439.1504998779297,451.0617491149902,467.5392294178152,464.0766586831127,450.02375415783524,44.940337643465035,20.271429879324778,4.370726695312797,3157.6,1.1708259437547506,767.0,380.0,-39.53064044420225,22.052628366570723,2.8240565073344626,True,425.0,498.0,Sideways,Negative,No Breakout,SILINV,SILINV.NS,SIL Investments Limited,,Unavailable,0,60,,50.0,Neutral Watch,-3,47.0,,,,,,,,,,,,No Immediate Trade,Confirmation Required,Technical setup is not strong enough for an immediate trade.,Wait for a clearer setup.,,Weak momentum | Price is above 200 DMA | Price is near 200 DMA,Not Ready,777,777
2125.60009765625,2127.5,2100.0,2113.10009765625,34221.0,2142.89990234375,-1.390629802862331,2084.3049926757812,2238.98400390625,2252.4859985351563,2116.2694970703124,2091.7054646413067,2113.741111124044,2184.399417427895,54.62283268888463,57.949986049107146,2.742415568168423,37968.9,0.901290266507589,2675.800048828125,1780.0,-21.029222696154413,18.713488632373597,-0.14976350689030662,False,1964.4000244140625,2235.0,Downtrend,Neutral,No Breakout,STYRENIX,STYRENIX.NS,Styrenix Performance Materials Limited,,Unavailable,0,60,,50.0,200 DMA Recovery Watch,-3,47.0,2116.27,2145.24,2116.27,1949.91,2238.98,2354.88,166.36,122.71,238.61,0.74,1.43,200 DMA Recovery,Confirmation Required,Stock is recovering around the 200 DMA. Confirmation above the recovery level is preferred.,Below ₹1949.91,0.74,Price trend is weak | RSI supports positive momentum | Price is below 200 DMA | Price is near 200 DMA,Poor,777,777
1519.300048828125,1557.300048828125,1518.5999755859375,1541.0,2007328.0,1525.800048828125,0.9961954833825892,1586.5200073242188,1577.2560083007813,1511.1120007324218,1517.8035034179688,1560.3530452029866,1579.3745956533749,1567.1760789226093,42.847640380813765,40.721435546875,2.6425331308809215,1842151.7,1.0896648739623345,1854.0,1304.0999755859375,-16.882416396979504,18.165787044633777,1.5282937830749865,True,1498.0,1652.0,Sideways,Negative,No Breakout,TECHM,TECHM.NS,Tech Mahindra Limited,,Unavailable,0,60,,50.0,Neutral Watch,-3,47.0,,,,,,,,,,,,No Immediate Trade,Confirmation Required,Technical setup is not strong enough for an immediate trade.,Wait for a clearer setup.,,Weak momentum | Price is above 200 DMA | Price is near 200 DMA,Not Ready,777,777
560.8499755859375,572.7999877929688,552.5,569.6500244140625,613864.0,560.8499755859375,1.5690557566542251,576.5675048828125,601.7790014648438,624.2905010986328,562.6655006408691,571.5505505494164,579.553867365787,597.3489509836419,46.74188224028293,17.075007847377233,2.9974558264858233,545546.65,1.1252273293218829,787.5999755859375,428.3500061035156,-27.67267114371486,32.987047110348385,1.2413278875705143,True,555.0999755859375,604.0499877929688,Sideways,Negative,No Breakout,TRITURBINE,TRITURBINE.NS,Triveni Turbine Limited,,Unavailable,0,60,,50.0,Neutral Watch,-3,47.0,,,,,,,,,,,,No Immediate Trade,Confirmation Required,Technical setup is not strong enough for an immediate trade.,Wait for a clearer setup.,,Weak momentum | Price is above 200 DMA | Price is near 200 DMA,Not Ready,777,777
217.5,219.02999877929688,212.57000732421875,218.0,879127.0,218.1300048828125,-0.05959972488991383,219.67099990844727,220.92720001220704,223.49869979858397,215.75814987182616,219.05620357445267,219.62300143180929,220.80402350993634,46.99130698768733,5.390001569475446,2.4724777841630488,961998.8,0.9138545702967612,259.25,158.55999755859375,-15.911282545805209,37.48738859524829,1.0390569855672365,True,211.30999755859375,226.6999969482422,Sideways,Negative,No Breakout,V2RETAIL,V2RETAIL.NS,V2 Retail Limited,,Unavailable,0,60,,50.0,Neutral Watch,-3,47.0,,,,,,,,,,,,No Immediate Trade,Confirmation Required,Technical setup is not strong enough for an immediate trade.,Wait for a clearer setup.,,Weak momentum | Price is above 200 DMA | Price is near 200 DMA,Not Ready,777,777
46.5,46.86000061035156,45.75,46.630001068115234,839230.0,47.060001373291016,-0.9137277786392728,45.84300022125244,46.490199966430666,47.22379989624024,48.59874996185303,46.87947806597896,46.451299247457385,46.502146185807774,56.18298884248292,2.007143293108259,4.304403274999511,1818541.0,0.4614853335723528,76.3499984741211,37.11000061035156,-38.92599607068687,25.653463490130306,-4.051027845949002,False,42.5,49.29999923706055,Downtrend,Positive,No Breakout,DCW,DCW.NS,DCW Limited,,Unavailable,0,60,,49.0,200 DMA Recovery Watch,-3,46.0,48.6,49.6,48.6,42.0,49.3,53.31,6.6,0.7,4.72,0.11,0.71,200 DMA Recovery,Confirmation Required,Stock is recovering around the 200 DMA. Confirmation above the recovery level is preferred.,Below ₹42.00,0.11,Price trend is weak | Positive momentum | RSI supports positive momentum | Price is below 200 DMA,Poor,817,817
1356.5999755859375,1362.0,1335.0999755859375,1355.5,24968.0,1356.5999755859375,-0.08108326741362859,1324.0849914550781,1376.8299951171875,1381.2759948730468,1409.2214953613282,1332.9882838021963,1334.7477222555272,1358.9082053497334,62.324807208679566,31.050005231584823,2.2906680362659406,65929.25,0.37870899486950027,1745.0,1200.0,-22.320916905444125,12.958333333333332,-3.8121399324492855,False,1265.0999755859375,1381.0,Downtrend,Positive,No Breakout,ERIS,ERIS.NS,Eris Lifesciences Limited,,Unavailable,0,60,,49.0,200 DMA Recovery Watch,-3,46.0,1409.22,1424.75,1409.22,1257.34,1455.8,1502.37,151.88,46.58,93.15,0.31,0.61,200 DMA Recovery,Confirmation Required,Stock is recovering around the 200 DMA. Confirmation above the recovery level is preferred.,Below ₹1257.34,0.31,Price trend is weak | Positive momentum | RSI supports positive momentum | Price is below 200 DMA,Poor,817,817
19.790000915527344,19.790000915527344,19.350000381469727,19.639999389648438,8984467.0,19.90999984741211,-1.3561047706324603,19.248999977111815,19.64659999847412,20.470300006866456,20.726074991226195,19.451807338807175,19.41366176223141,19.72707835146665,59.58004303297359,0.5614286150251117,2.858597925013283,15707371.1,0.5719904968693329,23.950000762939453,18.760000228881836,-17.995829795380917,4.690827025747072,-5.2401412329035635,False,18.760000228881836,20.600000381469727,Downtrend,Positive,No Breakout,IRB,IRB.NS,IRB Infrastructure Developers Limited,,Unavailable,0,60,,49.0,200 DMA Recovery Watch,-3,46.0,20.73,21.01,20.73,18.62,21.57,21.72,2.11,0.84,1.0,0.4,0.47,200 DMA Recovery,Confirmation Required,Stock is recovering around the 200 DMA. Confirmation above the recovery level is preferred.,Below ₹18.62,0.4,Price trend is weak | Positive momentum | RSI supports positive momentum | Price is below 200 DMA,Poor,817,817
201.14999389648438,204.0,197.00999450683594,202.83999633789062,52887.0,202.55999755859375,0.13823004673756412,197.74550018310546,209.27919982910157,214.64829971313478,215.58604919433594,199.97471600194876,200.66203933955413,206.38449724060905,62.65719483277575,5.522854396275112,2.7227639992041546,90251.45,0.5859961252700095,377.04998779296875,155.8800048828125,-46.2034205264936,30.125731321590422,-5.912280921737951,False,189.4499969482422,206.7899932861328,Downtrend,Positive,No Breakout,LAXMIDENTL,LAXMIDENTL.NS,Laxmi Dental Limited,,Unavailable,0,60,,49.0,200 DMA Recovery Watch,-3,46.0,215.59,218.35,215.59,188.07,223.87,232.15,27.52,8.28,16.57,0.3,0.6,200 DMA Recovery,Confirmation Required,Stock is recovering around the 200 DMA. Confirmation above the recovery level is preferred.,Below ₹188.07,0.3,Price trend is weak | Positive momentum | RSI supports positive momentum | Price is below 200 DMA,Poor,817,817
72.05000305175781,72.87999725341797,70.0,71.7300033569336,40924.0,71.8499984741211,-0.16700782148342252,71.94900016784668,73.41480010986328,73.43359985351563,73.98259994506836,71.53229973951156,71.9441278393893,72.62500269837385,50.45922684689237,2.9107153756277904,4.057877093834589,13358.25,3.063574944322797,104.69999694824219,55.0,-31.489966143558828,30.41818792169744,-3.0447653770039227,False,69.0,76.0,Strong Downtrend,Neutral,No Breakout,LOVABLE,LOVABLE.NS,Lovable Lingerie Limited,,Unavailable,0,60,,49.0,200 DMA Recovery Watch,-3,46.0,73.98,75.44,73.98,68.27,76.0,81.82,5.71,2.02,7.84,0.35,1.37,200 DMA Recovery,Confirmation Required,Stock is recovering around the 200 DMA. Confirmation above the recovery level is preferred.,Below ₹68.27,0.35,Price trend is weak | Volume is more than 2x average | RSI supports positive momentum | Price is below 200 DMA,Poor,817,817
17.649999618530273,18.059999465942383,17.649999618530273,17.780000686645508,151622.0,18.059999465942383,-1.5503808835924837,17.316000080108644,17.399999923706055,17.57720001220703,18.814450006484986,17.726768775450005,17.53509454017248,17.484335210941875,55.555568884351764,0.7157144546508789,4.025390478125511,338822.75,0.4474965155084775,28.959999084472656,13.25,-38.60496806376446,34.188684427513266,-5.498164014802042,False,16.450000762939453,19.280000686645508,Downtrend,Positive,No Breakout,ORIENTPPR,ORIENTPPR.NS,Orient Paper & Industries Limited,,Unavailable,0,60,,49.0,200 DMA Recovery Watch,-3,46.0,18.81,19.17,18.81,16.27,19.28,20.71,2.54,0.47,1.9,0.18,0.75,200 DMA Recovery,Confirmation Required,Stock is recovering around the 200 DMA. Confirmation above the recovery level is preferred.,Below ₹16.27,0.18,Price trend is weak | Positive momentum | RSI supports positive momentum | Price is below 200 DMA,Poor,817,817
46.689998626708984,47.400001525878906,45.0,47.119998931884766,107895.0,45.880001068115234,2.702697983656499,44.14199981689453,42.074599761962894,43.252099952697755,49.13890003204346,44.52141279375774,43.55598363378849,42.935307438972,56.905703275851984,2.7714285169328963,5.881639600499968,165386.4,0.6523813324432964,71.98999786376953,37.619998931884766,-34.54646432820789,25.25252596950047,-4.108559814815083,False,37.75,49.90999984741211,Downtrend,Positive,No Breakout,SHREERAMA,SHREERAMA.NS,Shree Rama Multi-Tech Limited,,Unavailable,0,60,,49.0,200 DMA Recovery Watch,-3,46.0,49.14,50.52,49.14,37.06,49.91,55.45,12.08,0.77,6.31,0.06,0.52,200 DMA Recovery,Confirmation Required,Stock is recovering around the 200 DMA. Confirmation above the recovery level is preferred.,Below ₹37.06,0.06,Price trend is weak | Positive momentum | RSI supports positive momentum | Price is below 200 DMA,Poor,817,817
99.0,99.0,94.66000366210938,96.80000305175781,5797.0,97.33999633789062,-0.5547496470601487,96.71149978637695,97.24300003051758,100.07450004577636,103.68534980773926,96.52947498648724,96.66157894057446,97.45069317513983,50.22450207031282,3.72857175554548,3.8518302045423045,5818.25,0.9963476990504018,159.2899932861328,89.0,-39.23033013261803,8.764048372761588,-6.640616797598449,False,93.0,103.98999786376953,Downtrend,Positive,No Breakout,THEINVEST,THEINVEST.NS,The Investment Trust Of India Limited,,Unavailable,0,60,,49.0,200 DMA Recovery Watch,-3,46.0,103.69,105.55,103.69,92.07,103.99,111.45,11.62,0.3,7.76,0.03,0.67,200 DMA Recovery,Confirmation Required,Stock is recovering around the 200 DMA. Confirmation above the recovery level is preferred.,Below ₹92.07,0.03,Price trend is weak | Positive momentum | RSI supports positive momentum | Price is below 200 DMA,Poor,817,817
990.0,992.7999877929688,973.0999755859375,981.5,4754493.0,1014.0,-3.205128205128205,1026.9850036621094,1001.0350048828125,1025.4140032958985,970.9177526855469,1011.4802249345908,1017.942227619786,1013.9460294004476,34.61312792698678,23.539297921316965,2.3982983108830327,3105480.25,1.5310008814256668,1176.0,731.9500122070312,-16.539115646258505,34.09385663380299,1.0899221159756014,True,998.2000122070312,1073.0,Sideways,Strong Negative,No Breakout,HINDALCO,HINDALCO.NS,Hindalco Industries Limited,,Unavailable,0,60,,48.0,Neutral Watch,-3,45.0,,,,,,,,,,,,No Immediate Trade,Confirmation Required,Technical setup is not strong enough for an immediate trade.,Wait for a clearer setup.,,Weak momentum | Strong volume confirmation | Price is above 200 DMA | Price is near 200 DMA,Not Ready,855,855
1267.199951171875,1312.0999755859375,1251.0,1300.0999755859375,53221.0,1283.199951171875,1.3170219028319607,1345.4150024414062,1345.1699975585936,1276.6380017089843,1274.5957470703124,1304.3432618776128,1327.2832875767006,1325.7254962762565,28.753996814248637,35.84999302455357,2.7574797090813314,33513.1,1.588065562421859,2019.800048828125,883.2000122070312,-35.6322435807323,47.20334665045052,2.0009660768323707,True,1255.0,1424.0,Sideways,Strong Negative,No Breakout,IFBIND,IFBIND.NS,IFB Industries Limited,,Unavailable,0,60,,48.0,Neutral Watch,-3,45.0,,,,,,,,,,,,No Immediate Trade,Confirmation Required,Technical setup is not strong enough for an immediate trade.,Wait for a clearer setup.,,Weak momentum | Strong volume confirmation | RSI indicates oversold conditions | Price is above 200 DMA | Price is near 200 DMA,Not Ready,855,855
4875.0,4973.0,4822.0,4973.0,923733.0,4945.0,0.5662285136501577,5118.4,5205.08,4918.242998046875,4860.891004638672,5017.3724015576145,5092.0163325765125,5108.396768139924,39.5579268292683,109.85714285714286,2.209071845106432,582423.25,1.5860166983375064,5970.0,3895.199951171875,-16.700167504187604,27.66995436277585,2.3063466194642985,True,4877.0,5370.0,Sideways,Strong Negative,No Breakout,INDIGO,INDIGO.NS,InterGlobe Aviation Limited,,Unavailable,0,60,,48.0,Neutral Watch,-3,45.0,,,,,,,,,,,,No Immediate Trade,Confirmation Required,Technical setup is not strong enough for an immediate trade.,Wait for a clearer setup.,,Weak momentum | Strong volume confirmation | Price is above 200 DMA | Price is near 200 DMA,Not Ready,855,855
121.01000213623047,125.54000091552734,121.01000213623047,121.01000213623047,28736.0,123.08000183105469,-1.6818326812064854,109.74050025939941,102.53039962768554,103.81339988708496,123.9531999206543,117.81055505888033,111.97547503490034,106.31471417053622,81.56719395698849,4.590000152587891,3.793075011618103,78093.9,0.3679672804149876,295.79998779296875,77.47000122070312,-59.09059934751393,56.202401225587806,-2.374442762516699,False,87.4000015258789,123.08999633789062,Downtrend,Strong Positive,No Breakout,KHADIM,KHADIM.NS,Khadim India Limited,,Unavailable,0,60,,48.0,200 DMA Recovery Watch,-3,45.0,123.95,126.25,123.95,86.25,130.84,132.27,37.7,6.89,8.32,0.18,0.22,200 DMA Recovery,Confirmation Required,Stock is recovering around the 200 DMA. Confirmation above the recovery level is preferred.,Below ₹86.25,0.18,Price trend is weak | Strong positive momentum | RSI indicates overbought conditions | Price is below 200 DMA | Price is near 200 DMA,Poor,855,855
1805.0999755859375,1811.199951171875,1771.0,1784.0,56553.0,1818.300048828125,-1.8863800201859404,1887.679998779297,1891.253994140625,1819.9209997558594,1705.1440002441407,1846.491705838276,1872.4033878616312,1872.479881592348,26.132822036743164,39.30000523158482,2.2029150914565485,34148.85,1.6560733377551513,2189.199951171875,1335.0,-18.509042582198678,33.63295880149813,4.624594740653506,True,1811.0,1978.0,Sideways,Strong Negative,No Breakout,KIRLOSBROS,KIRLOSBROS.NS,Kirloskar Brothers Limited,,Unavailable,0,60,,48.0,Neutral Watch,-3,45.0,,,,,,,,,,,,No Immediate Trade,Confirmation Required,Technical setup is not strong enough for an immediate trade.,Wait for a clearer setup.,,Weak momentum | Strong volume confirmation | RSI indicates oversold conditions | Price is above 200 DMA,Not Ready,855,855
31.1299991607666,32.68000030517578,30.799999237060547,32.189998626708984,243854.0,31.1299991607666,3.405073866106334,34.34049987792969,35.46479984283447,37.155944957733155,30.954176778793336,32.51141620445959,33.89775909665116,35.356775210343464,33.18062064215225,1.69785703931536,5.274486212331175,158552.6,1.538000638273986,45.5,17.381818771362305,-29.252750270969262,85.19350046235745,3.992423564506837,True,30.049999237060547,43.25,Sideways,Strong Negative,No Breakout,KOTYARK,KOTYARK.NS,Kotyark Industries Limited,,Unavailable,0,60,,48.0,Neutral Watch,-3,45.0,,,,,,,,,,,,No Immediate Trade,Confirmation Required,Technical setup is not strong enough for an immediate trade.,Wait for a clearer setup.,,Weak momentum | Strong volume confirmation | Price is above 200 DMA,Not Ready,855,855
278.1499938964844,278.45001220703125,264.1499938964844,266.6499938964844,328545.0,279.8999938964844,-4.733833615194816,286.10749969482424,275.3589990234375,272.4707995605469,260.97845024108886,281.299185160699,282.4938035642636,278.2637309357155,36.71189503705707,8.946428571428571,3.35512048610871,210818.55,1.5584254801107398,353.3999938964844,205.0,-24.547255658813125,30.073167754382624,2.173184663391251,True,268.5,303.0,Sideways,Strong Negative,No Breakout,PRINCEPIPE,PRINCEPIPE.NS,Prince Pipes And Fittings Limited,,Unavailable,0,60,,48.0,Neutral Watch,-3,45.0,,,,,,,,,,,,No Immediate Trade,Confirmation Required,Technical setup is not strong enough for an immediate trade.,Wait for a clearer setup.,,Weak momentum | Strong volume confirmation | Price is above 200 DMA | Price is near 200 DMA,Not Ready,855,855
24.200000762939453,24.200000762939453,23.719999313354492,23.790000915527344,9000.0,24.040000915527344,-1.0399334046552688,23.74300012588501,24.204600105285646,24.483800048828126,24.73345001220703,23.80562175084913,23.873652516330054,24.133743129164426,57.09093759081586,1.0957141603742326,4.605776032816703,9883.9,0.910571737876749,31.479999542236328,20.809999465942383,-24.428204379073794,14.320045776368362,-3.814466223733659,False,22.850000381469727,26.989999771118164,Downtrend,Neutral,No Breakout,SAGARDEEP,SAGARDEEP.NS,Sagardeep Alloys Limited,,Unavailable,0,60,,48.0,200 DMA Recovery Watch,-3,45.0,24.73,25.28,24.73,22.58,26.99,29.18,2.16,2.26,4.45,1.05,2.06,200 DMA Recovery,Confirmation Required,Stock is recovering around the 200 DMA. Confirmation above the recovery level is preferred.,Below ₹22.58,1.05,Price trend is weak | RSI supports positive momentum | Price is below 200 DMA,Poor,855,855
207.0,214.74000549316406,203.5,210.10000610351562,1276691.0,208.9199981689453,0.5648132993070876,217.24650039672852,229.79560028076173,241.58140014648438,206.12820037841797,213.16324312349386,217.46914084893578,226.6800029241249,38.65122905515227,8.385714939662389,3.991296856760096,678570.65,1.8814415271276468,315.79998779296875,131.14999389648438,-33.47054647726827,60.19825839210168,1.9268618839179024,True,204.1999969482422,235.5,Sideways,Strong Negative,No Breakout,WALCHANNAG,WALCHANNAG.NS,Walchandnagar Industries Limited,,Unavailable,0,60,,48.0,Neutral Watch,-3,45.0,,,,,,,,,,,,No Immediate Trade,Confirmation Required,Technical setup is not strong enough for an immediate trade.,Wait for a clearer setup.,,Weak momentum | Strong volume confirmation | Price is above 200 DMA | Price is near 200 DMA,Not Ready,855,855
2514.89990234375,2559.89990234375,2490.0,2548.199951171875,49717.0,2528.39990234375,0.7831059006833119,2580.4349731445313,2488.9619970703125,2482.0373266601564,2451.9869970703126,2538.2554851069444,2549.755512170523,2524.5975393399904,35.76786219168663,65.74998256138393,2.5802520925073638,99156.85,0.5013975333020361,3044.0,2050.333251953125,-16.287780841922633,24.282233083060405,3.9238770114409163,True,2446.89990234375,2691.0,Uptrend,Negative,No Breakout,ZFCVINDIA,ZFCVINDIA.NS,ZF Commercial Vehicle Control Systems India Limited,,Unavailable,0,60,,48.0,Neutral Watch,-3,45.0,,,,,,,,,,,,No Immediate Trade,Confirmation Required,Technical setup is not strong enough for an immediate trade.,Wait for a clearer setup.,,Price is in an uptrend | Weak momentum | Price is above 200 DMA,Not Ready,855,855
15.09000015258789,15.350000381469727,14.8100004196167,15.329999923706055,74902.0,14.920000076293945,2.747988239380428,15.618499898910523,14.800999965667724,14.894599933624267,15.215449962615967,15.604292182681302,15.618676279492673,15.218859318463382,48.41848995985054,0.7421426773071289,4.841113378999382,341072.05,0.21960755799251214,19.889999389648438,12.0,-22.926091532791055,27.74999936421712,0.7528529315369216,True,14.0600004196167,17.1200008392334,Sideways,Negative,No Breakout,A2ZINFRA,A2ZINFRA.NS,A2Z Infra Engineering Limited,,Unavailable,0,60,,47.0,Neutral Watch,-3,44.0,,,,,,,,,,,,No Immediate Trade,Confirmation Required,Technical setup is not strong enough for an immediate trade.,Wait for a clearer setup.,,Weak momentum | Price is above 200 DMA | Price is near 200 DMA,Not Ready,871,871
10.720000267028809,10.75,10.130000114440918,10.609999656677246,23492.0,10.729999542236328,-1.1183587202099,9.367499923706054,9.663999919891358,10.412699966430663,11.352049975395202,9.983701734322217,9.631077711477303,9.749161718056797,75.96155345088192,0.7142855780465263,6.732192282372047,36814.6,0.6381163994719486,15.069999694824219,8.0600004196167,-29.595223148403626,31.637706008727655,-6.536707645987286,False,8.300000190734863,10.75,Downtrend,Strong Positive,No Breakout,AKG,AKG.NS,Akg Exim Limited,,Unavailable,0,60,,47.0,200 DMA Recovery Watch,-3,44.0,11.35,11.71,11.35,8.12,12.42,13.49,3.23,1.07,2.14,0.33,0.66,200 DMA Recovery,Confirmation Required,Stock is recovering around the 200 DMA. Confirmation above the recovery level is preferred.,Below ₹8.12,0.33,Price trend is weak | Strong positive momentum | RSI indicates overbought conditions | Price is below 200 DMA,Poor,871,871
731.4000244140625,743.8499755859375,712.4000244140625,733.4000244140625,18905.0,740.5999755859375,-0.9721781540944052,709.7100036621093,687.0369982910156,679.3450012207031,718.4710012817383,711.6410108243297,706.2483454520169,694.957290116541,47.77586276200906,30.11785888671875,4.106607292627363,50685.45,0.3729867249871512,1022.0,580.0,-28.23874516496453,26.448280071390084,2.0778880575125713,True,647.6500244140625,775.0,Sideways,Negative,No Breakout,ALICON,ALICON.NS,Alicon Castalloy Limited,,Unavailable,0,60,,47.0,Neutral Watch,-3,44.0,,,,,,,,,,,,No Immediate Trade,Confirmation Required,Technical setup is not strong enough for an immediate trade.,Wait for a clearer setup.,,Weak momentum | Price is above 200 DMA | Price is near 200 DMA,Not Ready,871,871
7261.0,7261.0,7125.5,7245.0,111991.0,7280.0,-0.48076923076922906,7391.4,7449.86,7624.195,7239.83,7345.305074038395,7379.528269803071,7434.781058541602,45.116279069767444,167.39285714285714,2.310460416050478,263301.7,0.42533337232535906,8974.0,5400.5,-19.266770670826833,34.154244977316914,0.07141051654527901,True,6965.0,7794.0,Sideways,Negative,No Breakout,AMBER,AMBER.NS,Amber Enterprises India Limited,,Unavailable,0,60,,47.0,Neutral Watch,-3,44.0,,,,,,,,,,,,No Immediate Trade,Confirmation Required,Technical setup is not strong enough for an immediate trade.,Wait for a clearer setup.,,Weak momentum | Price is above 200 DMA | Price is near 200 DMA,Not Ready,871,871
3.200000047683716,3.200000047683716,3.200000047683716,3.200000047683716,0.0,3.200000047683716,0.0,3.167500078678131,3.172000002861023,3.175499987602234,3.185299996137619,3.187759974819481,3.183604352424323,3.1787328929495233,,0.024285708154950823,0.7589283685332993,4088.05,0.0,4.599999904632568,2.619999885559082,-30.43478012986349,22.137411735072178,0.4614966114313068,True,3.009999990463257,3.380000114440918,Sideways,Insufficient Data,No Breakout,BGLOBAL,BGLOBAL.NS,Bharatiya Global Infomedia Limited,,Unavailable,0,60,,47.0,Neutral Watch,-3,44.0,,,,,,,,,,,,No Immediate Trade,Confirmation Required,Technical setup is not strong enough for an immediate trade.,Wait for a clearer setup.,,Price is above 200 DMA | Price is near 200 DMA,Not Ready,871,871
1680.0,1680.199951171875,1645.300048828125,1650.5,49841.0,1693.0,-2.5103366804489102,1690.184991455078,1688.639990234375,1673.4499938964843,1627.9424938964844,1693.9186596515901,1694.032232676038,1686.8597403894562,47.13222699625352,54.22859409877232,3.285585828462425,67715.25,0.7360380416523604,1838.0,1392.699951171875,-10.201305767138194,18.510810502377158,1.3856451433689256,True,1590.199951171875,1775.0,Sideways,Negative,No Breakout,CARERATING,CARERATING.NS,CARE Ratings Limited,,Unavailable,0,60,,47.0,Neutral Watch,-3,44.0,,,,,,,,,,,,No Immediate Trade,Confirmation Required,Technical setup is not strong enough for an immediate trade.,Wait for a clearer setup.,,Weak momentum | Price is above 200 DMA | Price is near 200 DMA,Not Ready,871,871
1343.5999755859375,1360.0,1315.5,1360.0,1040559.0,1355.0,0.36900369003689537,1378.7950012207032,1366.6539965820311,1312.6410021972656,1338.5040032958984,1376.6485633366472,1375.4920403978795,1357.4367056036306,43.25081090388487,32.34287806919643,2.37815279920562,1312162.95,0.7930105022398324,1673.699951171875,1116.300048828125,-18.742902570573154,21.831043672147786,1.6059717902352457,True,1323.300048828125,1445.0,Sideways,Negative,No Breakout,CDSL,CDSL.NS,Central Depository Services (India) Limited,,Unavailable,0,60,,47.0,Neutral Watch,-3,44.0,,,,,,,,,,,,No Immediate Trade,Confirmation Required,Technical setup is not strong enough for an immediate trade.,Wait for a clearer setup.,,Weak momentum | Price is above 200 DMA | Price is near 200 DMA,Not Ready,871,871
5117.0,5152.0,5020.5,5070.0,331010.0,5155.0,-1.6488845780795347,5179.25,5370.91,5450.595,4983.674484863282,5115.574844743339,5181.179180403159,5305.89800695358,46.75885911840968,105.21428571428571,2.0752324598478444,462810.0,0.7152179079968022,6100.0,3833.0,-16.885245901639344,32.27237151056613,1.732166003195263,True,4965.0,5484.0,Sideways,Negative,No Breakout,CUMMINSIND,CUMMINSIND.NS,Cummins India Limited,,Unavailable,0,60,,47.0,Neutral Watch,-3,44.0,,,,,,,,,,,,No Immediate Trade,Confirmation Required,Technical setup is not strong enough for an immediate trade.,Wait for a clearer setup.,,Weak momentum | Price is above 200 DMA | Price is near 200 DMA,Not Ready,871,871
1155.9000244140625,1155.9000244140625,1117.0,1131.0999755859375,22425.0,1149.800048828125,-1.6263761043710634,1175.0099975585938,1122.5399963378907,1155.7054998779297,1132.6897518920898,1178.2640952396662,1173.6204667153334,1148.6369354459346,50.67335329910722,44.585745675223215,3.941804140887432,79403.25,0.282419170499948,1808.800048828125,807.0,-37.46683187460393,40.16108743320167,-0.14035408226274593,False,1054.5999755859375,1264.800048828125,Downtrend,Neutral,No Breakout,EPIGRAL,EPIGRAL.NS,Epigral Limited,,Unavailable,0,60,,47.0,200 DMA Recovery Watch,-3,44.0,1132.69,1154.98,1132.69,1043.45,1264.8,1353.97,89.24,132.11,221.28,1.48,2.48,200 DMA Recovery,Confirmation Required,Stock is recovering around the 200 DMA. Confirmation above the recovery level is preferred.,Below ₹1043.45,1.48,Price trend is weak | RSI supports positive momentum | Price is below 200 DMA | Price is near 200 DMA,Poor,871,871
484.29998779296875,498.8999938964844,474.04998779296875,489.45001220703125,13163.0,486.3999938964844,0.6270596934250694,489.92750091552733,533.5720007324219,526.1194995117188,488.57950057983396,490.74476217918976,498.7463568933496,517.5452407795055,42.310826776639345,15.299998692103795,3.1259573624511603,24241.3,0.5429989315754519,650.0499877929688,322.1000061035156,-24.705788570383945,51.9559152227191,0.17817195076014997,True,473.0,535.0,Sideways,Negative,No Breakout,FAZE3Q,FAZE3Q.NS,Faze Three Limited,,Unavailable,0,60,,47.0,Neutral Watch,-3,44.0,,,,,,,,,,,,No Immediate Trade,Confirmation Required,Technical setup is not strong enough for an immediate trade.,Wait for a clearer setup.,,Weak momentum | Price is above 200 DMA | Price is near 200 DMA,Not Ready,871,871
440.0,464.95001220703125,431.20001220703125,461.0,611438.0,443.54998779296875,3.934170372511936,516.8324981689453,492.1119989013672,469.93549896240233,452.62824981689454,494.03107320931315,507.1241372581754,494.4275690518441,46.79936896832054,39.83571297781808,8.641152489765311,3867874.25,0.15808114754506303,641.0999755859375,358.0,-28.092338550057494,28.77094972067039,1.8495863186825292,True,441.29998779296875,641.0999755859375,Sideways,Negative,No Breakout,FMGOETZE,FMGOETZE.NS,Federal-Mogul Goetze (India) Limited.,,Unavailable,0,60,,47.0,Neutral Watch,-3,44.0,,,,,,,,,,,,No Immediate Trade,Confirmation Required,Technical setup is not strong enough for an immediate trade.,Wait for a clearer setup.,,Weak momentum | Price is above 200 DMA | Price is near 200 DMA,Not Ready,871,871
1450.5999755859375,1500.0,1437.0,1462.5,382.0,1450.5999755859375,0.8203518967560885,1473.955010986328,1514.9380078125,1505.4420056152344,1396.1915026855468,1465.9046971396863,1474.539898533854,1485.839895722579,49.37779959800021,58.157156808035715,3.97655773046398,789.55,0.48381989740991704,1774.0,1091.0999755859375,-17.559188275084555,34.039046166655346,4.749240858930179,True,1411.300048828125,1568.5,Sideways,Negative,No Breakout,HALEOSLABS,HALEOSLABS.NS,HALEOS LABS LIMITED,,Unavailable,0,60,,47.0,Neutral Watch,-3,44.0,,,,,,,,,,,,No Immediate Trade,Confirmation Required,Technical setup is not strong enough for an immediate trade.,Wait for a clearer setup.,,Weak momentum | Price is above 200 DMA,Not Ready,871,871
712.75,720.75,708.5999755859375,718.5,1019599.0,715.75,0.3842123646524698,723.0900024414062,729.6580017089843,701.5305010986328,688.5237503051758,720.5732349406825,722.9811966083316,720.4804318131314,45.74466916135065,15.850010463169642,2.205986146578934,1480872.4,0.6885123931001753,792.5499877929688,565.0,-9.343257704056922,27.168141592920353,4.353698718677138,True,701.5499877929688,737.9000244140625,Sideways,Negative,No Breakout,INDHOTEL,INDHOTEL.NS,The Indian Hotels Company Limited,,Unavailable,0,60,,47.0,Neutral Watch,-3,44.0,,,,,,,,,,,,No Immediate Trade,Confirmation Required,Technical setup is not strong enough for an immediate trade.,Wait for a clearer setup.,,Weak momentum | Price is above 200 DMA,Not Ready,871,871
1.5099999904632568,1.5399999618530273,1.309999942779541,1.5,251370.0,1.5099999904632568,-0.6622510282393357,1.5014999985694886,1.5067999935150147,1.541299990415573,1.5612499982118606,1.510390369511485,1.5077919549837888,1.5125695828341992,50.0,0.07714284317834037,5.142856211889358,161204.05,1.5593280689908227,2.0999999046325684,1.0199999809265137,-28.571425327638234,47.05882627933776,-3.92313840076937,False,1.350000023841858,1.600000023841858,Strong Downtrend,Neutral,No Breakout,KANANIIND,KANANIIND.NS,Kanani Industries Limited,,Unavailable,0,60,,47.0,200 DMA Recovery Watch,-3,44.0,1.56,1.6,1.56,1.33,1.6,1.75,0.23,0.04,0.19,0.17,0.84,200 DMA Recovery,Confirmation Required,Stock is recovering around the 200 DMA. Confirmation above the recovery level is preferred.,Below ₹1.33,0.17,Price trend is weak | Strong volume confirmation | RSI supports positive momentum | Price is below 200 DMA,Poor,871,871
81.9800033569336,81.9800033569336,80.0999984741211,80.5199966430664,6426.0,81.9800033569336,-1.7809302928550097,85.13200035095215,81.76439987182617,85.36780014038087,78.17510000228881,83.33370817585403,84.07641944130866,83.4388368515422,42.77858353828487,4.251428876604352,5.279966534835225,11507.8,0.55840386520447,102.98999786376953,51.36000061035156,-21.81765383705068,56.77569253540404,2.999544152433367,True,81.0,92.0,Sideways,Negative,No Breakout,KRITINUT,KRITINUT.NS,Kriti Nutrients Limited,,Unavailable,0,60,,47.0,Neutral Watch,-3,44.0,,,,,,,,,,,,No Immediate Trade,Confirmation Required,Technical setup is not strong enough for an immediate trade.,Wait for a clearer setup.,,Weak momentum | Price is above 200 DMA | Price is near 200 DMA,Not Ready,871,871
624.4500122070312,624.4500122070312,608.5999755859375,614.4500122070312,9449.0,624.4500122070312,-1.6014092088262433,643.6850006103516,619.655,606.4415014648438,587.6302493286133,639.1203601021286,638.2414207427082,624.3771491903794,43.096569920844324,26.15000261579241,4.255838895968887,60094.1,0.1572367337226117,696.0,500.0,-11.716952269104706,22.89000244140625,4.5640541665546275,True,620.0,694.0,Sideways,Negative,No Breakout,KRYSTAL,KRYSTAL.NS,Krystal Integrated Services Limited,,Unavailable,0,60,,47.0,Neutral Watch,-3,44.0,,,,,,,,,,,,No Immediate Trade,Confirmation Required,Technical setup is not strong enough for an immediate trade.,Wait for a clearer setup.,,Weak momentum | Price is above 200 DMA,Not Ready,871,871
797.2000122070312,810.0,788.7999877929688,804.2000122070312,94866.0,804.2000122070312,0.0,804.2874938964844,845.63599609375,859.9549957275391,813.9514978027344,808.1240352202304,810.9138363899216,830.5023078341048,50.93963888464525,23.389286586216517,2.908391722356159,157025.65,0.6041433358180655,1028.300048828125,666.6500244140625,-21.79325352327693,20.633013238672767,-1.1980425887816772,False,780.4000244140625,843.0,Downtrend,Neutral,No Breakout,KSB,KSB.NS,Ksb Limited,,Unavailable,0,60,,47.0,200 DMA Recovery Watch,-3,44.0,813.95,825.65,813.95,774.55,845.64,892.41,39.4,31.68,78.46,0.8,1.99,200 DMA Recovery,Confirmation Required,Stock is recovering around the 200 DMA. Confirmation above the recovery level is preferred.,Below ₹774.55,0.8,Price trend is weak | RSI supports positive momentum | Price is below 200 DMA | Price is near 200 DMA,Poor,871,871
444.0,444.0,428.0,435.45001220703125,87056.0,438.5,-0.6955502378492073,407.1699981689453,398.6989990234375,423.9415002441406,453.2577494812012,431.90052505570407,417.6201018261628,408.93262815164326,72.86736008903002,25.417853219168528,5.83714605732605,493173.4,0.17652209141855582,685.4000244140625,344.04998779296875,-36.46775653687925,26.565914156945773,-3.928832390522318,False,344.04998779296875,467.3999938964844,Downtrend,Strong Positive,No Breakout,MARATHON,MARATHON.NS,Marathon Nextgen Realty Limited,,Unavailable,0,60,,47.0,200 DMA Recovery Watch,-3,44.0,453.26,465.97,453.26,337.7,467.4,518.24,115.56,14.14,64.98,0.12,0.56,200 DMA Recovery,Confirmation Required,Stock is recovering around the 200 DMA. Confirmation above the recovery level is preferred.,Below ₹337.70,0.12,Price trend is weak | Strong positive momentum | RSI indicates overbought conditions | Price is below 200 DMA,Poor,871,871
26.559999465942383,26.860000610351562,25.15999984741211,25.59000015258789,26188.0,26.8700008392334,-4.763679369806917,27.131000137329103,27.13379997253418,27.023399963378907,24.750150003433227,27.306876934282904,27.270774808418693,27.13685463688788,48.53180853334562,1.8778576169695174,7.338247775585149,53312.6,0.4912159602045295,34.400001525878906,17.5,-25.610467972401995,46.22857230050223,3.393313369972157,True,25.299999237060547,34.400001525878906,Sideways,Negative,No Breakout,MOTOGENFIN,MOTOGENFIN.NS,The Motor & General Finance Limited,,Unavailable,0,60,,47.0,Neutral Watch,-3,44.0,,,,,,,,,,,,No Immediate Trade,Confirmation Required,Technical setup is not strong enough for an immediate trade.,Wait for a clearer setup.,,Weak momentum | Price is above 200 DMA,Not Ready,871,871
287.1499938964844,287.1499938964844,281.0,283.6499938964844,13987.0,288.6499938964844,-1.732201664897004,285.5899963378906,286.2619989013672,273.5359997558594,275.1045004272461,285.5816024637051,285.7450669541968,283.2673296811324,46.83759310479382,8.732147216796875,3.0784937086878967,30544.5,0.4579220481592431,348.6000061035156,208.25,-18.63167271079868,36.20647966217737,3.106271782528774,True,277.5,298.0,Sideways,Negative,No Breakout,ONWARDTEC,ONWARDTEC.NS,Onward Technologies Limited,,Unavailable,0,60,,47.0,Neutral Watch,-3,44.0,,,,,,,,,,,,No Immediate Trade,Confirmation Required,Technical setup is not strong enough for an immediate trade.,Wait for a clearer setup.,,Weak momentum | Price is above 200 DMA,Not Ready,871,871
2.190000057220459,2.2300000190734863,2.0999999046325684,2.1700000762939453,112354.0,2.1500000953674316,0.9302316297383983,2.199500024318695,2.2228000068664553,2.144700000286102,2.1421499931812287,2.165008565923311,2.2027024341370565,2.209921546326,46.80851387621409,0.12928572722843715,5.957867404744011,193042.0,0.5820184208617813,3.2300000190734863,1.5299999713897705,-32.817335495979286,41.83007299816044,1.3000995822592936,True,2.0399999618530273,2.490000009536743,Sideways,Negative,No Breakout,PARASPETRO,PARASPETRO.NS,Paras Petrofils Limited,,Unavailable,0,60,,47.0,Neutral Watch,-3,44.0,,,,,,,,,,,,No Immediate Trade,Confirmation Required,Technical setup is not strong enough for an immediate trade.,Wait for a clearer setup.,,Weak momentum | Price is above 200 DMA | Price is near 200 DMA,Not Ready,871,871
5469.0,5545.5,5444.5,5516.0,335360.0,5509.5,0.11797803793447414,5613.075,5404.477978515625,5158.1099853515625,5420.473493652344,5559.510931433111,5566.733334188755,5429.566840699961,43.60632183908046,162.14285714285714,2.939500673365793,482617.95,0.694876765358603,6599.0,4244.5,-16.411577511744206,29.95641418306043,1.7623277091848677,True,5370.5,5910.0,Sideways,Negative,No Breakout,PERSISTENT,PERSISTENT.NS,Persistent Systems Limited,,Unavailable,0,60,,47.0,Neutral Watch,-3,44.0,,,,,,,,,,,,No Immediate Trade,Confirmation Required,Technical setup is not strong enough for an immediate trade.,Wait for a clearer setup.,,Weak momentum | Price is above 200 DMA | Price is near 200 DMA,Not Ready,871,871
603.0,622.0,598.7000122070312,613.2000122070312,300120.0,611.0499877929688,0.3518573696119631,604.3150024414062,616.51,598.2104998779297,593.1917495727539,609.6522453448781,609.5622574132198,607.769511629268,49.925130587248006,19.68929181780134,3.2109085821664585,512968.9,0.5850647086012427,736.4000244140625,503.0,-16.730039125821435,21.908551134598657,3.3729839716564305,True,563.0999755859375,634.7000122070312,Sideways,Negative,No Breakout,PNGJL,PNGJL.NS,P N Gadgil Jewellers Limited,,Unavailable,0,60,,47.0,Neutral Watch,-3,44.0,,,,,,,,,,,,No Immediate Trade,Confirmation Required,Technical setup is not strong enough for an immediate trade.,Wait for a clearer setup.,,Weak momentum | Price is above 200 DMA,Not Ready,871,871
2365.0,2435.0,2332.60009765625,2421.300048828125,38776.0,2379.39990234375,1.7609543668175576,2459.485009765625,2533.734013671875,2562.6530102539064,2364.4190075683596,2424.190926168773,2458.686950006472,2508.817043476392,43.13295910887336,78.88568987165179,3.2579890257645414,54864.95,0.7067535831163612,3145.89990234375,1717.699951171875,-23.033150322926215,40.96175802859104,2.405709016789863,True,2270.10009765625,2600.10009765625,Sideways,Negative,No Breakout,POWERMECH,POWERMECH.NS,Power Mech Projects Limited,,Unavailable,0,60,,47.0,Neutral Watch,-3,44.0,,,,,,,,,,,,No Immediate Trade,Confirmation Required,Technical setup is not strong enough for an immediate trade.,Wait for a clearer setup.,,Weak momentum | Price is above 200 DMA | Price is near 200 DMA,Not Ready,871,871
24.510000228881836,25.1299991607666,23.969999313354492,24.8700008392334,19203049.0,24.81999969482422,0.20145505650270845,24.45999994277954,23.15880001068115,23.692699966430663,24.649949970245363,24.618107784728537,24.231081356513197,23.6808109196307,46.021228747852966,1.1728571483067103,4.715951382102417,34866070.9,0.550766074418784,33.29999923706055,21.049999237060547,-25.31531108398692,18.147276677556224,0.8927031059034862,True,21.899999618530273,27.68000030517578,Sideways,Negative,No Breakout,RENUKA,RENUKA.NS,Shree Renuka Sugars Limited,,Unavailable,0,60,,47.0,Neutral Watch,-3,44.0,,,,,,,,,,,,No Immediate Trade,Confirmation Required,Technical setup is not strong enough for an immediate trade.,Wait for a clearer setup.,,Weak momentum | Price is above 200 DMA | Price is near 200 DMA,Not Ready,871,871
56.11000061035156,56.13999938964844,54.5,55.060001373291016,38496.0,56.099998474121094,-1.8538273246296533,57.22550010681152,57.690400009155276,56.816700019836425,52.54579999923706,56.790186245018525,57.18482376671134,57.12919352980353,47.80658683818988,3.591428484235491,6.52275407675099,199545.7,0.1929182137224706,73.0,40.0,-24.575340584532857,37.65000343322754,4.784780846595654,True,55.0,73.0,Sideways,Negative,No Breakout,ROSSELLIND,ROSSELLIND.NS,Rossell India Limited,,Unavailable,0,60,,47.0,Neutral Watch,-3,44.0,,,,,,,,,,,,No Immediate Trade,Confirmation Required,Technical setup is not strong enough for an immediate trade.,Wait for a clearer setup.,,Weak momentum | Price is above 200 DMA,Not Ready,871,871
65.0,65.55000305175781,63.27000045776367,64.29000091552734,258884.0,65.06999969482422,-1.1987072121638853,65.14249973297119,66.94520027160644,64.23050010681152,62.319300155639645,64.92552148087375,65.32550118194243,65.70148922733232,45.32947241763742,2.5535706111363004,3.9719560970165753,352427.65,0.734573464936704,85.27999877929688,47.5,-24.613037246976603,35.34737034847862,3.162263945464667,True,61.400001525878906,67.56999969482422,Sideways,Negative,No Breakout,ROTO,ROTO.NS,Roto Pumps Limited,,Unavailable,0,60,,47.0,Neutral Watch,-3,44.0,,,,,,,,,,,,No Immediate Trade,Confirmation Required,Technical setup is not strong enough for an immediate trade.,Wait for a clearer setup.,,Weak momentum | Price is above 200 DMA,Not Ready,871,871
283.25,283.3500061035156,277.5,280.6000061035156,1518756.0,285.20001220703125,-1.6129052968540614,290.35500183105466,288.5220013427734,299.8806997680664,268.5805995941162,287.91751127632483,289.80105983706557,291.2873254534766,41.36412621994823,8.7357177734375,3.113227934219938,2061592.75,0.7366906000227251,368.75,195.5500030517578,-23.905083090572035,43.492713743014846,4.475158119225045,True,282.6000061035156,303.70001220703125,Sideways,Negative,No Breakout,SCI,SCI.NS,Shipping Corporation Of India Limited,,Unavailable,0,60,,47.0,Neutral Watch,-3,44.0,,,,,,,,,,,,No Immediate Trade,Confirmation Required,Technical setup is not strong enough for an immediate trade.,Wait for a clearer setup.,,Weak momentum | Price is above 200 DMA,Not Ready,871,871
68.5,69.30000305175781,68.16000366210938,69.0,246359.0,69.30000305175781,-0.4329048175275685,69.09899978637695,67.91239990234375,68.7470002746582,70.74645002365112,69.68741457313179,69.20824212539638,68.5953565360948,53.83910489229584,1.9207136971609933,2.783643039363758,588316.5,0.41875249121858726,116.19000244140625,55.099998474121094,-40.61451196302695,25.226863721978766,-2.4686044643473544,False,66.0,73.30000305175781,Downtrend,Neutral,No Breakout,SPIC,SPIC.NS,Southern Petrochemicals Industries Corporation  Limited,,Unavailable,0,60,,47.0,200 DMA Recovery Watch,-3,44.0,70.75,71.71,70.75,65.52,73.3,77.14,5.23,2.55,6.39,0.49,1.22,200 DMA Recovery,Confirmation Required,Stock is recovering around the 200 DMA. Confirmation above the recovery level is preferred.,Below ₹65.52,0.49,Price trend is weak | RSI supports positive momentum | Price is below 200 DMA | Price is near 200 DMA,Poor,871,871
56.5,57.849998474121094,55.349998474121094,56.099998474121094,40050.0,57.029998779296875,-1.630721243349198,57.54399948120117,55.50779975891113,56.13489971160889,57.50944995880127,57.76923260191548,57.46781792210943,56.35055585840323,53.79830946732867,3.6771436418805803,6.554623425839923,61928.35,0.646715115129016,102.4000015258789,37.54999923706055,-45.21484605647853,49.40079790668102,-2.450817188635748,False,52.0,64.81999969482422,Downtrend,Neutral,No Breakout,TRIGYN,TRIGYN.NS,Trigyn Technologies Limited,,Unavailable,0,60,,47.0,200 DMA Recovery Watch,-3,44.0,57.51,59.35,57.51,51.08,64.82,72.17,6.43,7.31,14.66,1.14,2.28,200 DMA Recovery,Confirmation Required,Stock is recovering around the 200 DMA. Confirmation above the recovery level is preferred.,Below ₹51.08,1.14,Price trend is weak | RSI supports positive momentum | Price is below 200 DMA | Price is near 200 DMA,Poor,871,871
326.3999938964844,327.0,318.04998779296875,323.70001220703125,303031.0,328.75,-1.5361179598384012,333.9825012207031,318.1710009765625,316.11400146484374,320.82325119018554,331.1008132497468,330.5243340236598,323.3712771833727,41.28153213511327,8.771432059151786,2.7097410344061945,640686.8,0.47297837258392084,392.20001220703125,288.79998779296875,-17.46557824272601,12.08449649903766,0.8966809625466791,True,324.29998779296875,350.0,Sideways,Negative,No Breakout,VGUARD,VGUARD.NS,V-Guard Industries Limited,,Unavailable,0,60,,47.0,Neutral Watch,-3,44.0,,,,,,,,,,,,No Immediate Trade,Confirmation Required,Technical setup is not strong enough for an immediate trade.,Wait for a clearer setup.,,Weak momentum | Price is above 200 DMA | Price is near 200 DMA,Not Ready,871,871
3407.0,3483.39990234375,3407.0,3447.89990234375,337.0,3443.0,0.14231490978071637,3490.714978027344,3499.85998046875,3497.565988769531,3436.8689904785156,3507.037363419038,3503.4401192115884,3494.4289901312036,49.47102859952047,132.71426827566964,3.8491334445485372,728.25,0.4627531754205287,4275.0,2870.0,-19.347370705409357,20.135885099085364,0.3209581713994456,True,3342.10009765625,3696.0,Sideways,Negative,No Breakout,VHL,VHL.NS,Vardhman Holdings Limited,,Unavailable,0,60,,47.0,Neutral Watch,-3,44.0,,,,,,,,,,,,No Immediate Trade,Confirmation Required,Technical setup is not strong enough for an immediate trade.,Wait for a clearer setup.,,Weak momentum | Price is above 200 DMA | Price is near 200 DMA,Not Ready,871,871
270.0,276.79998779296875,265.0,273.1499938964844,49536.0,271.5,0.607732558557772,272.3250015258789,265.92000061035156,262.16390014648437,269.14570022583007,273.4499606221875,271.63099470303996,267.11154955092354,43.0034267144856,10.757145472935267,3.938182578547632,104829.55,0.47253851609589087,416.0,210.0,-34.33894377488356,30.071425664992557,1.487779172134072,True,252.39999389648438,297.0,Sideways,Negative,No Breakout,ZUARIIND,ZUARIIND.NS,ZUARI INDUSTRIES LIMITED,,Unavailable,0,60,,47.0,Neutral Watch,-3,44.0,,,,,,,,,,,,No Immediate Trade,Confirmation Required,Technical setup is not strong enough for an immediate trade.,Wait for a clearer setup.,,Weak momentum | Price is above 200 DMA | Price is near 200 DMA,Not Ready,871,871
183.0,185.0,175.0,176.41000366210938,11880.0,182.49000549316406,-3.3316903107235896,182.5720016479492,196.25240051269532,182.09640853881837,171.24530410766602,175.8136164680098,181.26623532099248,186.66969752185872,39.66102209970649,6.575715201241629,3.7275183179728084,13382.35,0.8877364588431778,264.42999267578125,116.66000366210938,-33.28668889750096,51.217210804362864,3.0159656531055528,True,163.89999389648438,210.0,Sideways,Negative,No Breakout,AVG,AVG.NS,AVG Logistics Limited,,Unavailable,0,60,,46.0,Neutral Watch,-3,43.0,,,,,,,,,,,,No Immediate Trade,Confirmation Required,Technical setup is not strong enough for an immediate trade.,Wait for a clearer setup.,,Weak momentum | Price is above 200 DMA,Not Ready,931,930
62.02000045776367,62.560001373291016,61.5,62.09000015258789,143137.0,62.0099983215332,0.12901440609602854,61.70099983215332,62.63039985656738,64.88919998168946,65.78325000762939,61.84176330617831,61.93182322733658,62.79785674896216,51.662417815710114,0.8978573935372489,1.446057966388693,188733.75,0.7584070151734917,78.9000015258789,59.5,-21.305451265140213,4.352941432920825,-5.614270889038115,False,60.79999923706055,63.70000076293945,Downtrend,Positive,No Breakout,JAGRAN,JAGRAN.NS,Jagran Prakashan Limited,,Unavailable,0,60,,46.0,200 DMA Recovery Watch,-3,43.0,65.78,66.23,65.78,60.58,67.13,68.48,5.21,1.35,2.69,0.26,0.52,200 DMA Recovery,Confirmation Required,Stock is recovering around the 200 DMA. Confirmation above the recovery level is preferred.,Below ₹60.58,0.26,Price trend is weak | Positive momentum | RSI supports positive momentum | Price is below 200 DMA,Poor,931,930
453.5,460.0,446.25,454.04998779296875,93689.0,456.25,-0.4821944563356162,451.3124969482422,468.9770001220703,489.1074993896484,485.54774871826174,450.24653565246626,453.2464702014502,466.6746246718184,54.57363367906275,14.864283970424108,3.2737109062982097,127066.45,0.7373228731895791,,,,,-6.487057350886722,False,433.0,477.75,Downtrend,Positive,No Breakout,JARO,JARO.NS,Jaro Institute of Technology Management and Research Limited,,Unavailable,0,60,,46.0,200 DMA Recovery Watch,-3,43.0,485.55,492.98,485.55,429.28,507.84,530.14,56.26,22.3,44.59,0.4,0.79,200 DMA Recovery,Confirmation Required,Stock is recovering around the 200 DMA. Confirmation above the recovery level is preferred.,Below ₹429.28,0.4,Price trend is weak | Positive momentum | RSI supports positive momentum | Price is below 200 DMA,Poor,931,930
604.0,633.4500122070312,594.0,620.2999877929688,857400.0,604.25,2.6561833335488227,629.8124908447265,650.1739929199218,656.479496459961,617.9852488708497,619.5426648757731,628.4888224960511,642.4464182559653,30.14953462544503,16.214285714285715,2.6139426137950195,931002.1,0.9209431428779806,790.0,477.0,-21.48101420342168,30.041926162047954,0.3745621641209819,True,602.3499755859375,685.0,Sideways,Negative,No Breakout,JBMA,JBMA.NS,JBM Auto Limited,,Unavailable,0,60,,46.0,Neutral Watch,-3,43.0,,,,,,,,,,,,No Immediate Trade,Confirmation Required,Technical setup is not strong enough for an immediate trade.,Wait for a clearer setup.,,Weak momentum | Price is above 200 DMA | Price is near 200 DMA,Not Ready,931,930
556.0499877929688,557.7999877929688,548.0,555.4500122070312,35635.0,556.0499877929688,-0.10789957721586418,548.0874969482422,536.2019989013672,546.9380001831055,574.0009991455078,555.280660840271,547.8861938092491,542.2606162826416,52.39575277447419,16.003566196986608,2.881189278113049,71047.45,0.5015662068096745,860.9500122070312,464.0,-35.484057804570526,19.70905435496363,-3.231873631943607,False,502.04998779296875,584.0,Downtrend,Positive,No Breakout,MONTECARLO,MONTECARLO.NS,Monte Carlo Fashions Limited,,Unavailable,0,60,,46.0,200 DMA Recovery Watch,-3,43.0,574.0,582.0,574.0,498.05,584.0,616.01,75.95,10.0,42.01,0.13,0.55,200 DMA Recovery,Confirmation Required,Stock is recovering around the 200 DMA. Confirmation above the recovery level is preferred.,Below ₹498.05,0.13,Price trend is weak | Positive momentum | RSI supports positive momentum | Price is below 200 DMA,Poor,931,930
154.55999755859375,160.0,151.11000061035156,157.74000549316406,116058.0,154.58999633789062,2.0376539426189,159.28099899291993,166.32279998779296,167.75199920654296,161.50939979553223,155.77163785168557,159.2733149200396,163.8542469781834,36.30239284504729,4.587140764508929,2.9080389278341445,49655.25,2.337275514673675,198.69000244140625,131.8000030517578,-20.60999368114576,19.681336753246978,-2.3338544426145784,False,150.0,169.3000030517578,Downtrend,Negative,No Breakout,PYRAMID,PYRAMID.NS,Pyramid Technoplast Limited,,Unavailable,0,60,,46.0,Weak / Avoid,-3,43.0,,,,,,,,,,,,Avoid,Avoid,Trend and momentum do not provide sufficient confirmation.,No long trade setup.,,Price trend is weak | Weak momentum | Volume is more than 2x average | Price is below 200 DMA | Price is near 200 DMA,Avoid,931,930
1912.0999755859375,1926.0,1895.0,1913.5,762375.0,1940.5,-1.3913939706261313,1985.4099914550782,1960.9399975585939,1862.4219921875,1900.8289978027344,1950.3803207305111,1969.9582483444362,1947.6732635676985,29.198124723614384,34.057137625558035,1.7798347335018572,620459.6,1.2287262538930819,2195.0,1597.0,-12.824601366742597,19.81840951784596,0.6666040034065474,True,1921.0999755859375,2033.5999755859375,Sideways,Strong Negative,No Breakout,BAJAJFINSV,BAJAJFINSV.NS,Bajaj Finserv Limited,,Unavailable,0,60,,45.0,Neutral Watch,-3,42.0,,,,,,,,,,,,No Immediate Trade,Confirmation Required,Technical setup is not strong enough for an immediate trade.,Wait for a clearer setup.,,Weak momentum | Volume is above average | RSI indicates oversold conditions | Price is above 200 DMA | Price is near 200 DMA,Not Ready,970,969
650.0,651.4000244140625,630.0,644.5,4502321.0,655.8499755859375,-1.7305749803218973,673.0075012207031,664.552998046875,630.9094989013672,630.5572496032714,664.8450298520726,667.9171183861325,658.1432041892881,34.82386930655949,17.278573172433035,2.6809267916886013,3626624.45,1.2414632565552797,794.7999877929688,489.3999938964844,-18.91041646972436,31.691869235356318,2.211179144399807,True,651.2999877929688,691.0499877929688,Sideways,Strong Negative,No Breakout,DLF,DLF.NS,DLF Limited,,Unavailable,0,60,,45.0,Neutral Watch,-3,42.0,,,,,,,,,,,,No Immediate Trade,Confirmation Required,Technical setup is not strong enough for an immediate trade.,Wait for a clearer setup.,,Weak momentum | Volume is above average | Price is above 200 DMA | Price is near 200 DMA,Not Ready,970,969
61.88999938964844,64.9800033569336,61.849998474121094,64.0,1194.0,61.88999938964844,3.4092755391180063,61.925499725341794,57.83600006103516,56.42130004882812,64.48720022201537,61.84197132556844,61.611568842554696,59.46279653047739,49.7041466197617,4.317143304007394,6.745536412511553,929.0,1.2852529601722282,99.25,37.189998626708984,-35.51637279596977,72.08927766412097,-0.7554991073237021,False,54.900001525878906,66.66000366210938,Downtrend,Negative,No Breakout,EASTSILK,EASTSILK.NS,Eastern Silk Industries Limited,,Unavailable,0,60,,45.0,Weak / Avoid,-3,42.0,,,,,,,,,,,,Avoid,Avoid,Trend and momentum do not provide sufficient confirmation.,No long trade setup.,,Price trend is weak | Weak momentum | Volume is above average | Price is below 200 DMA | Price is near 200 DMA,Avoid,970,969
12.1899995803833,12.1899995803833,11.800000190734863,12.039999961853027,82560.0,12.100000381469727,-0.49587122086860447,11.929499912261964,11.928799991607667,12.303699989318847,12.43625,12.21854540641716,12.11494432543098,12.067331520103032,61.60459447103712,0.7192856924874442,5.974133677461755,135131.15,0.6109620172698893,18.709999084472656,8.670000076293945,-35.64938241047286,38.86966385125585,-3.186250181099383,False,10.949999809265137,13.789999961853027,Downtrend,Neutral,No Breakout,GENUSPAPER,GENUSPAPER.NS,Genus Paper & Boards Limited,,Unavailable,0,60,,45.0,200 DMA Recovery Watch,-3,42.0,12.44,12.8,12.44,10.77,13.79,15.23,1.67,1.35,2.79,0.81,1.68,200 DMA Recovery,Confirmation Required,Stock is recovering around the 200 DMA. Confirmation above the recovery level is preferred.,Below ₹10.77,0.81,Price trend is weak | RSI supports positive momentum | Price is below 200 DMA,Poor,970,969
11.25,11.390000343322754,10.869999885559082,11.380000114440918,13142.0,10.850000381469727,4.884789993891214,11.357499980926514,11.1203999710083,12.044999990463257,11.824300003051757,11.234589711006002,11.241448027261937,11.349682348846006,44.24242284124994,0.7214285986764091,6.339442806867246,5157.1,2.548331426576952,15.399999618530273,9.199999809265137,-26.103893530310433,23.695655982300636,-3.7575153581706227,False,10.399999618530273,12.25,Downtrend,Negative,No Breakout,GLOBALE,GLOBALE.NS,Globale Tessile Limited,,Unavailable,0,60,,45.0,Weak / Avoid,-3,42.0,,,,,,,,,,,,Avoid,Avoid,Trend and momentum do not provide sufficient confirmation.,No long trade setup.,,Price trend is weak | Weak momentum | Volume is more than 2x average | Price is below 200 DMA,Avoid,970,969
727.0,739.0,721.0,730.0999755859375,11852.0,727.9000244140625,0.3022326003692566,733.4550018310547,780.7090014648437,782.1300030517579,773.8877514648437,733.4293643369065,744.9990371551464,766.06071425339,55.36396212545806,20.803575788225448,2.849414667015933,29650.55,0.39972277074118356,920.0,660.2999877929688,-20.641307001528535,10.570950944020602,-5.658155952981954,False,702.5,833.9500122070312,Downtrend,Neutral,No Breakout,ICEMAKE,ICEMAKE.NS,Ice Make Refrigeration Limited,,Unavailable,0,60,,45.0,200 DMA Recovery Watch,-3,42.0,773.89,784.29,773.89,697.3,833.95,875.56,76.59,60.06,101.67,0.78,1.33,200 DMA Recovery,Confirmation Required,Stock is recovering around the 200 DMA. Confirmation above the recovery level is preferred.,Below ₹697.30,0.78,Price trend is weak | RSI supports positive momentum | Price is below 200 DMA,Poor,970,969
67.0999984741211,67.41000366210938,64.33000183105469,65.06999969482422,934174.0,67.52999877929688,-3.6428241210435752,68.32300033569337,65.8842002105713,69.77290012359619,67.95000022888183,68.07318652311145,67.85515963556657,67.2790810870616,53.74251622389006,2.900714329310826,4.457836703419493,962025.95,0.9710486499870404,108.0,53.650001525878906,-39.75000028257017,21.286109681537845,-4.238411367706639,False,63.11000061035156,74.19999694824219,Downtrend,Neutral,No Breakout,JAIBALAJI,JAIBALAJI.NS,Jai Balaji Industries Limited,,Unavailable,0,60,,45.0,200 DMA Recovery Watch,-3,42.0,67.95,69.4,67.95,62.38,74.2,80.0,5.57,6.25,12.05,1.12,2.17,200 DMA Recovery,Confirmation Required,Stock is recovering around the 200 DMA. Confirmation above the recovery level is preferred.,Below ₹62.38,1.12,Price trend is weak | RSI supports positive momentum | Price is below 200 DMA,Poor,970,969
115.0,120.0,114.83999633789062,116.58000183105469,333020.0,117.52999877929688,-0.8083016745589644,123.64900054931641,148.3302001953125,136.23330001831056,114.064349899292,119.94014115984454,125.5921697999375,135.61606697123696,33.88489107939759,4.604285648890904,3.949464382032983,250252.4,1.3307364884412698,207.0,74.1500015258789,-43.681158535722375,57.22184684024233,2.205467294543626,True,114.19000244140625,137.33999633789062,Sideways,Strong Negative,No Breakout,JAYBARMARU,JAYBARMARU.NS,Jay Bharat Maruti Limited,,Unavailable,0,60,,45.0,Neutral Watch,-3,42.0,,,,,,,,,,,,No Immediate Trade,Confirmation Required,Technical setup is not strong enough for an immediate trade.,Wait for a clearer setup.,,Weak momentum | Volume is above average | Price is above 200 DMA | Price is near 200 DMA,Not Ready,970,969
20.200000762939453,20.700000762939453,19.700000762939453,20.06999969482422,180744.0,20.200000762939453,-0.6435696198276664,21.70250015258789,22.25560005187988,21.771700077056884,19.759250001907347,20.770893546246878,21.416404605609806,21.82098161700016,24.263054730912685,0.8835716247558594,4.402449617294815,146035.75,1.237669543245404,25.950000762939453,11.899999618530273,-22.658962987441488,68.65546502683833,1.5726795950599104,True,19.899999618530273,23.420000076293945,Sideways,Strong Negative,No Breakout,JETFREIGHT,JETFREIGHT.NS,Jet Freight Logistics Limited,,Unavailable,0,60,,45.0,Neutral Watch,-3,42.0,,,,,,,,,,,,No Immediate Trade,Confirmation Required,Technical setup is not strong enough for an immediate trade.,Wait for a clearer setup.,,Weak momentum | Volume is above average | RSI indicates oversold conditions | Price is above 200 DMA | Price is near 200 DMA,Not Ready,970,969
144.0,144.0,137.0,139.35000610351562,9389.0,145.32000732421875,-4.108175694888072,138.5729995727539,140.51099945068358,142.6225,145.3865502166748,140.48521099082808,139.50238189205632,140.35028218756887,52.3633073787995,7.611430576869419,5.462095617861184,11193.75,0.8387716359575657,225.99000549316406,111.0,-38.33797835465303,25.540546039203267,-4.152065032262408,False,130.0,166.97999572753906,Downtrend,Neutral,No Breakout,LFIC,LFIC.NS,Lakshmi Finance & Industrial Corporation Limited,,Unavailable,0,60,,45.0,200 DMA Recovery Watch,-3,42.0,145.39,149.19,145.39,128.1,166.98,182.2,17.29,21.59,36.82,1.25,2.13,200 DMA Recovery,Confirmation Required,Stock is recovering around the 200 DMA. Confirmation above the recovery level is preferred.,Below ₹128.10,1.25,Price trend is weak | RSI supports positive momentum | Price is below 200 DMA,Poor,970,969
277.0,284.0,272.0,282.1000061035156,33612.0,280.20001220703125,0.6780848728445088,279.8675018310547,285.94200134277344,300.25850006103514,300.1949501800537,282.81921418966607,282.36246976578184,286.19161430632835,60.901094934462286,14.060714721679688,4.984301459575352,114268.95,0.2941481478564387,559.7000122070312,206.25999450683594,-49.59799893676477,36.76913294699335,-6.027731001365918,False,258.0,308.0,Downtrend,Neutral,No Breakout,MEIL,MEIL.NS,Mangal Electrical Industries Limited,,Unavailable,0,60,,45.0,200 DMA Recovery Watch,-3,42.0,300.19,307.23,300.19,254.48,308.0,336.12,45.71,7.81,35.93,0.17,0.79,200 DMA Recovery,Confirmation Required,Stock is recovering around the 200 DMA. Confirmation above the recovery level is preferred.,Below ₹254.48,0.17,Price trend is weak | RSI supports positive momentum | Price is below 200 DMA,Poor,970,969
75.91000366210938,77.4000015258789,75.87000274658203,76.37999725341797,12031109.0,76.3499984741211,0.03929113280471963,76.27850036621093,77.78159973144531,78.16509979248048,77.88019992828369,76.29041257251941,76.50784334421245,77.2095935506342,48.29757880011776,1.4757140023367745,1.9320686768822017,9285486.8,1.295689634710374,89.22000122070312,71.62000274658203,-14.39139631428932,6.646180290830975,-1.9262953565183278,False,74.30000305175781,77.94999694824219,Downtrend,Negative,No Breakout,NHPC,NHPC.NS,NHPC Limited,,Unavailable,0,60,,45.0,Weak / Avoid,-3,42.0,,,,,,,,,,,,Avoid,Avoid,Trend and momentum do not provide sufficient confirmation.,No long trade setup.,,Price trend is weak | Weak momentum | Volume is above average | Price is below 200 DMA | Price is near 200 DMA,Avoid,970,969
972.2000122070312,980.5,950.0999755859375,974.2000122070312,1528118.0,967.9000244140625,0.6508924097592184,1008.3050079345703,1032.27,1033.9840008544923,935.5887509155274,988.7248453418503,1003.7457566464857,1019.1797218687224,33.49113383415852,26.714298793247767,2.742178039263933,1057556.6,1.444951504250458,1134.0,666.9000244140625,-14.091709681919642,46.078868877379655,4.126948005063178,True,962.2000122070312,1072.4000244140625,Sideways,Strong Negative,No Breakout,PREMIERENE,PREMIERENE.NS,Premier Energies Limited,,Unavailable,0,60,,45.0,Neutral Watch,-3,42.0,,,,,,,,,,,,No Immediate Trade,Confirmation Required,Technical setup is not strong enough for an immediate trade.,Wait for a clearer setup.,,Weak momentum | Volume is above average | Price is above 200 DMA,Not Ready,970,969
1530.5,1530.800048828125,1467.199951171875,1498.0,746627.0,1543.5999755859375,-2.954131660220327,1587.2950012207032,1621.3660034179688,1530.852001953125,1496.1599993896484,1554.9149168681124,1577.6740592753608,1580.8002060677818,31.05059071177496,51.307163783482146,3.425044311313895,512687.15,1.4563013720940734,1805.199951171875,1090.0,-17.017502741037145,37.43119266055046,0.12298154014959634,True,1518.5999755859375,1651.300048828125,Sideways,Strong Negative,No Breakout,PRESTIGE,PRESTIGE.NS,Prestige Estates Projects Limited,,Unavailable,0,60,,45.0,Neutral Watch,-3,42.0,,,,,,,,,,,,No Immediate Trade,Confirmation Required,Technical setup is not strong enough for an immediate trade.,Wait for a clearer setup.,,Weak momentum | Volume is above average | Price is above 200 DMA | Price is near 200 DMA,Not Ready,970,969
865.0,865.0,840.2000122070312,846.4000244140625,52797.0,865.0499877929688,-2.155940540093937,894.6425018310547,966.5920043945313,912.8220013427734,843.9700006103516,871.4043979786192,893.3262068755602,921.1415177099118,20.109434707946818,24.096431187220983,2.846931768923592,40683.45,1.2977512969032863,1143.0,569.2000122070312,-25.949254206993654,48.69993082610954,0.28792774647837627,True,848.7000122070312,960.2999877929688,Sideways,Strong Negative,No Breakout,PSPPROJECT,PSPPROJECT.NS,PSP Projects Limited,,Unavailable,0,60,,45.0,Neutral Watch,-3,42.0,,,,,,,,,,,,No Immediate Trade,Confirmation Required,Technical setup is not strong enough for an immediate trade.,Wait for a clearer setup.,,Weak momentum | Volume is above average | RSI indicates oversold conditions | Price is above 200 DMA | Price is near 200 DMA,Not Ready,970,969
376.20001220703125,388.0,368.25,375.45001220703125,38249.0,377.54998779296875,-0.5562112710460587,393.9524978637695,392.2540002441406,367.9914987182617,361.95624923706055,381.380046079693,388.6704667323678,387.160646848591,31.30228003100615,14.892857142857142,3.9666684401770373,27326.75,1.3996907791815711,572.0,275.95001220703125,-34.36188597779174,36.0572551543684,3.728009392962038,True,371.45001220703125,438.29998779296875,Sideways,Strong Negative,No Breakout,SHOPERSTOP,SHOPERSTOP.NS,Shoppers Stop Limited,,Unavailable,0,60,,45.0,Neutral Watch,-3,42.0,,,,,,,,,,,,No Immediate Trade,Confirmation Required,Technical setup is not strong enough for an immediate trade.,Wait for a clearer setup.,,Weak momentum | Volume is above average | Price is above 200 DMA,Not Ready,970,969
5880.5,5915.0,5740.0,5884.0,4246.0,5824.0,1.0302197802197766,6104.25,5871.96,6062.037998046875,5855.951000976563,5987.390242358197,6010.260311578569,5957.26907752454,27.671232876712324,147.42857142857142,2.5055841507235113,5931.45,0.7158451980544387,7319.5,4710.0,-19.61199535487397,24.92569002123142,0.47898281626263184,True,5813.0,6471.0,Uptrend,Strong Negative,No Breakout,ESABINDIA,ESABINDIA.NS,Esab India Limited,,Unavailable,0,60,,44.0,Neutral Watch,-3,41.0,,,,,,,,,,,,No Immediate Trade,Confirmation Required,Technical setup is not strong enough for an immediate trade.,Wait for a clearer setup.,,Price is in an uptrend | Weak momentum | RSI indicates oversold conditions | Price is above 200 DMA | Price is near 200 DMA,Not Ready,1013,1012
33.70000076293945,34.88999938964844,32.810001373291016,33.130001068115234,87667.0,33.65999984741211,-1.5745656021968868,36.329500389099124,33.117800064086914,33.46730007171631,32.347550029754636,34.94912395335828,35.07826884620245,34.03747719356596,26.319594444939412,2.1964285714285716,6.629726835543161,150043.95,0.5842754739527984,43.20000076293945,24.649999618530273,-23.310184067087103,34.40162913110248,2.4188881001524596,True,31.850000381469727,42.0,Uptrend,Strong Negative,No Breakout,RAJSREESUG,RAJSREESUG.NS,Rajshree Sugars & Chemicals Limited,,Unavailable,0,60,,44.0,Neutral Watch,-3,41.0,,,,,,,,,,,,No Immediate Trade,Confirmation Required,Technical setup is not strong enough for an immediate trade.,Wait for a clearer setup.,,Price is in an uptrend | Weak momentum | RSI indicates oversold conditions | Price is above 200 DMA | Price is near 200 DMA,Not Ready,1013,1012
21.530000686645508,21.829999923706055,20.420000076293945,21.799999237060547,24026.0,21.530000686645508,1.2540573237534103,21.970000076293946,20.930599937438966,21.77039999008179,21.760549988746643,21.488978787657686,21.49381760555408,21.368760177351916,37.0175372259066,1.1957142693655831,5.484928033083776,93329.15,0.2574329670847747,37.0,15.789999961853027,-41.0810831430796,38.06206009960128,0.18128791935086624,True,19.5,23.979999542236328,Sideways,Negative,No Breakout,LATTEYS,LATTEYS.NS,Latteys Industries Limited,,Unavailable,0,60,,43.0,Neutral Watch,-3,40.0,,,,,,,,,,,,No Immediate Trade,Confirmation Required,Technical setup is not strong enough for an immediate trade.,Wait for a clearer setup.,,Weak momentum | Price is above 200 DMA | Price is near 200 DMA,Not Ready,1057,1056
38.16999816894531,38.790000915527344,38.060001373291016,38.43000030517578,25926.0,38.16999816894531,0.6811688464842591,38.46450004577637,39.3613998413086,39.87440006256104,39.36265001296997,38.3772065685385,38.58123174385126,39.14490106479642,51.53371792321464,0.7264284406389508,1.8902639470994618,36519.35,0.7099250123564631,43.77000045776367,36.099998474121094,-12.200137301211091,6.4542989737935565,-2.369377334825992,False,37.97999954223633,39.4900016784668,Strong Downtrend,Neutral,No Breakout,PTL,PTL.NS,PTL Enterprises Limited,,Unavailable,0,60,,43.0,200 DMA Recovery Watch,-3,40.0,39.36,39.73,39.36,37.8,39.49,40.94,1.56,0.13,1.58,0.08,1.01,200 DMA Recovery,Confirmation Required,Stock is recovering around the 200 DMA. Confirmation above the recovery level is preferred.,Below ₹37.80,0.08,Price trend is weak | RSI supports positive momentum | Price is below 200 DMA | Price is near 200 DMA,Poor,1057,1056
72.0199966430664,73.4000015258789,70.4000015258789,71.54000091552734,966.0,71.2699966430664,0.3788470396780985,72.71250038146972,71.72060012817383,72.30869979858399,72.4075499343872,72.7099817335741,72.72898817249494,72.18006104208634,49.14860246915913,4.129285539899554,5.7719953691017025,1096.75,0.8807841349441532,109.9000015258789,50.2599983215332,-34.904458669473875,42.33983944419874,-1.1981471816764957,False,68.4000015258789,78.9000015258789,Downtrend,Negative,No Breakout,ADL,ADL.NS,Archidply Decor Limited,,Unavailable,0,60,,42.0,Weak / Avoid,-3,39.0,,,,,,,,,,,,Avoid,Avoid,Trend and momentum do not provide sufficient confirmation.,No long trade setup.,,Price trend is weak | Weak momentum | Price is below 200 DMA | Price is near 200 DMA,Avoid,1064,1063
3.390000104904175,3.440000057220459,3.3299999237060547,3.3399999141693115,18247.0,3.390000104904175,-1.4749318344424278,3.3450000047683717,3.1718000030517577,3.4282000064849854,3.4033000087738037,3.3518299252984907,3.339027044158747,3.304860983112335,44.64284269785862,0.08571428912026542,2.5662961473932655,22664.1,0.8051058722825968,5.28000020980835,2.509999990463257,-36.74242838163552,33.067726169706724,-1.8599622261129705,False,3.200000047683716,3.5899999141693115,Downtrend,Negative,No Breakout,ANSALAPI,ANSALAPI.NS,Ansal Properties & Infrastructure Limited,,Unavailable,0,60,,42.0,Weak / Avoid,-3,39.0,,,,,,,,,,,,Avoid,Avoid,Trend and momentum do not provide sufficient confirmation.,No long trade setup.,,Price trend is weak | Weak momentum | Price is below 200 DMA | Price is near 200 DMA,Avoid,1064,1063
346.0,349.75,340.0,346.75,26317.0,347.8999938964844,-0.3305530085253583,362.02249603271486,373.4029968261719,369.6984991455078,337.0002503967285,354.8534717007759,361.6109054391149,367.70457063521167,35.788510882570606,7.985715593610491,2.303018195705982,27636.85,0.9522431101952648,435.8999938964844,269.45001220703125,-20.451937404168746,28.688062457230657,2.8930986228626643,True,344.8999938964844,378.8999938964844,Sideways,Strong Negative,No Breakout,ASHIANA,ASHIANA.NS,Ashiana Housing Limited,,Unavailable,0,60,,42.0,Neutral Watch,-3,39.0,,,,,,,,,,,,No Immediate Trade,Confirmation Required,Technical setup is not strong enough for an immediate trade.,Wait for a clearer setup.,,Weak momentum | Price is above 200 DMA | Price is near 200 DMA,Not Ready,1064,1063
17.0,17.0,16.360000610351562,16.610000610351562,88813.0,17.079999923706055,-2.7517524323999565,17.79699993133545,17.1389999961853,16.60499997138977,16.478300013542174,17.424884027867865,17.626436971371383,17.276506262522915,25.593669006819155,1.0607141767229353,6.385997217013255,107964.05,0.8226164172240666,26.0,11.5,-36.1153822678786,44.43478791610055,0.7992365517144004,True,16.600000381469727,19.700000762939453,Sideways,Strong Negative,No Breakout,ASHIMASYN,ASHIMASYN.NS,Ashima Limited,,Unavailable,0,60,,42.0,Neutral Watch,-3,39.0,,,,,,,,,,,,No Immediate Trade,Confirmation Required,Technical setup is not strong enough for an immediate trade.,Wait for a clearer setup.,,Weak momentum | RSI indicates oversold conditions | Price is above 200 DMA | Price is near 200 DMA,Not Ready,1064,1063
319.5,319.5,308.8500061035156,313.3999938964844,10383.0,317.6499938964844,-1.33795060023989,312.1625030517578,317.7250012207031,321.43750061035155,328.5847503662109,314.4487110094386,314.76865326993186,317.58947962451975,54.43478063957083,12.800000871930804,4.084237754056443,22327.65,0.46502878717643814,420.0,215.35000610351562,-25.380953834170388,45.530524733692154,-4.621260254105826,False,290.0,339.0,Downtrend,Neutral,No Breakout,BORANA,BORANA.NS,Borana Weaves Limited,,Unavailable,0,60,,42.0,200 DMA Recovery Watch,-3,39.0,328.58,334.98,328.58,286.8,339.0,364.6,41.78,10.42,36.02,0.25,0.86,200 DMA Recovery,Confirmation Required,Stock is recovering around the 200 DMA. Confirmation above the recovery level is preferred.,Below ₹286.80,0.25,Price trend is weak | RSI supports positive momentum | Price is below 200 DMA,Poor,1064,1063
1373.0,1373.0,1347.699951171875,1366.0,1681155.0,1373.300048828125,-0.531569836785073,1411.0999938964844,1432.3,1407.824998779297,1389.0160021972656,1386.541744608453,1405.614244132214,1416.8565047777117,30.203415915532233,22.085736955915177,1.6168182251768064,791711.6,2.1234436883329737,1673.0,1165.699951171875,-18.350268977884042,17.182813521332303,-1.657000506895306,False,1363.0999755859375,1474.300048828125,Downtrend,Strong Negative,No Breakout,CIPLA,CIPLA.NS,Cipla Limited,,Unavailable,0,60,,42.0,Weak / Avoid,-3,39.0,,,,,,,,,,,,Avoid,Avoid,Trend and momentum do not provide sufficient confirmation.,No long trade setup.,,Price trend is weak | Weak momentum | Volume is more than 2x average | Price is below 200 DMA | Price is near 200 DMA,Avoid,1064,1063
59.75,61.150001525878906,57.4900016784668,59.18000030517578,16667.0,59.97999954223633,-1.3337766641648763,61.10249996185303,59.167199783325195,53.50249977111817,59.2968998336792,60.042742245649876,60.329105735533496,58.58366916908099,44.7922616957893,3.2564285823277066,5.5025829089813385,20016.65,0.8326568132030084,112.73999786376953,35.47999954223633,-47.507538206017614,66.79819917902296,-0.1971427323035546,False,56.099998474121094,66.41000366210938,Downtrend,Negative,No Breakout,CLEDUCATE,CLEDUCATE.NS,CL Educate Limited,,Unavailable,0,60,,42.0,Weak / Avoid,-3,39.0,,,,,,,,,,,,Avoid,Avoid,Trend and momentum do not provide sufficient confirmation.,No long trade setup.,,Price trend is weak | Weak momentum | Price is below 200 DMA | Price is near 200 DMA,Avoid,1064,1063
7600.0,7633.0,7530.0,7530.0,444280.0,7697.0,-2.1696764973366256,7906.9,7780.81,7513.44,7395.08,7735.417859515743,7824.162421488204,7764.428391942203,25.180972078593598,146.64285714285714,1.9474483020299753,418103.8,1.0626069411471506,8230.0,6442.0,-8.50546780072904,16.889164855634895,1.824456260108073,True,7507.5,8165.0,Sideways,Strong Negative,No Breakout,EICHERMOT,EICHERMOT.NS,Eicher Motors Limited,,Unavailable,0,60,,42.0,Neutral Watch,-3,39.0,,,,,,,,,,,,No Immediate Trade,Confirmation Required,Technical setup is not strong enough for an immediate trade.,Wait for a clearer setup.,,Weak momentum | RSI indicates oversold conditions | Price is above 200 DMA | Price is near 200 DMA,Not Ready,1064,1063
765.4500122070312,771.5999755859375,752.4000244140625,763.4000244140625,25527.0,772.9500122070312,-1.2355246318840662,796.4675048828125,801.1320031738281,760.988501586914,735.9370007324219,770.1156624643809,781.5583274744497,783.0798891700626,36.336779911373704,25.482151576450892,3.3379814987574017,31508.45,0.8101636227742082,902.9500122070312,500.0,-15.454896274033416,52.680004882812504,3.7317085096018756,True,740.0,858.4500122070312,Sideways,Strong Negative,No Breakout,GANESHHOU,GANESHHOU.NS,GANESH HOUSING LIMITED,,Unavailable,0,60,,42.0,Neutral Watch,-3,39.0,,,,,,,,,,,,No Immediate Trade,Confirmation Required,Technical setup is not strong enough for an immediate trade.,Wait for a clearer setup.,,Weak momentum | Price is above 200 DMA,Not Ready,1064,1063
58.470001220703125,59.9900016784668,57.0,59.040000915527344,43281.0,58.7400016784668,0.5107239163912425,63.21749992370606,65.36279998779297,64.82900020599365,58.93125005722046,60.30671451831545,62.32340289525928,64.0374102458822,17.348466895933882,2.3271427154541016,3.941637329551718,47720.15,0.9069753552744491,,,,,0.1845385227723663,True,56.5,68.5999984741211,Sideways,Strong Negative,No Breakout,GLOTTIS,GLOTTIS.NS,Glottis Limited,,Unavailable,0,60,,42.0,Neutral Watch,-3,39.0,,,,,,,,,,,,No Immediate Trade,Confirmation Required,Technical setup is not strong enough for an immediate trade.,Wait for a clearer setup.,,Weak momentum | RSI indicates oversold conditions | Price is above 200 DMA | Price is near 200 DMA,Not Ready,1064,1063
1984.5999755859375,1989.800048828125,1885.5,1925.0999755859375,1612.0,1992.5,-3.3826862943067804,1996.8150024414062,1968.5079931640626,1887.3819970703125,1843.6385015869141,1986.6055625887313,1989.7560407347453,1962.1303472634722,36.96098150870312,68.50715855189732,3.5586286125761326,1350.4,1.1937203791469193,2360.60009765625,1500.0,-18.448703891129377,28.339998372395836,4.418516641353786,True,1950.0999755859375,2100.0,Sideways,Strong Negative,No Breakout,GRPLTD,GRPLTD.NS,GRP Limited,,Unavailable,0,60,,42.0,Neutral Watch,-3,39.0,,,,,,,,,,,,No Immediate Trade,Confirmation Required,Technical setup is not strong enough for an immediate trade.,Wait for a clearer setup.,,Weak momentum | Price is above 200 DMA,Not Ready,1064,1063
1073.0,1073.0,1010.2999877929688,1060.699951171875,62866.0,1073.0,-1.146323283143058,1122.865008544922,1098.1920056152344,1035.938501586914,1056.5167520141601,1084.3671725977476,1104.8077496891183,1093.6960246548354,23.99394806115062,30.34285627092634,2.8606446372890995,69370.75,0.9062320934976197,1329.0,865.0,-20.1881150359763,22.624271811777458,0.39594252999206464,True,1047.0,1184.300048828125,Sideways,Strong Negative,No Breakout,GULFOILLUB,GULFOILLUB.NS,Gulf Oil Lubricants India Limited,,Unavailable,0,60,,42.0,Neutral Watch,-3,39.0,,,,,,,,,,,,No Immediate Trade,Confirmation Required,Technical setup is not strong enough for an immediate trade.,Wait for a clearer setup.,,Weak momentum | RSI indicates oversold conditions | Price is above 200 DMA | Price is near 200 DMA,Not Ready,1064,1063
118.0999984741211,121.0,115.0,119.04000091552734,9426.0,119.55000305175781,-0.4266015250619981,119.29050064086914,127.39060089111328,127.1610008239746,122.97020042419433,119.82945508610854,121.33090623707561,124.67806929790385,54.591683617706856,6.751427241734096,5.671561819396334,23279.85,0.4048995161051296,160.5,92.0999984741211,-25.831775130512558,29.25081746768545,-3.196058471978974,False,114.0,148.38999938964844,Downtrend,Neutral,No Breakout,HECPROJECT,HECPROJECT.NS,HEC Infra Projects Limited,,Unavailable,0,60,,42.0,200 DMA Recovery Watch,-3,39.0,122.97,126.35,122.97,112.31,148.39,161.89,10.66,25.42,38.92,2.39,3.65,200 DMA Recovery,Confirmation Required,Stock is recovering around the 200 DMA. Confirmation above the recovery level is preferred.,Below ₹112.31,2.39,Price trend is weak | RSI supports positive momentum | Price is below 200 DMA,Strong,1064,1063
575.4500122070312,583.2999877929688,565.5499877929688,576.4500122070312,7158790.0,593.5999755859375,-2.889144892901596,591.8200042724609,565.251005859375,580.3890008544922,583.4272486877442,592.3851905496065,589.5783862707849,578.3762576016209,42.38319540662028,19.928580147879465,3.4571219925175654,7005836.25,1.0218323330066414,733.0,433.54998779296875,-21.35743353246504,32.96044941472837,-1.1959051443699713,False,548.7999877929688,632.0,Downtrend,Negative,No Breakout,HINDZINC,HINDZINC.NS,Hindustan Zinc Limited,,Unavailable,0,60,,42.0,Weak / Avoid,-3,39.0,,,,,,,,,,,,Avoid,Avoid,Trend and momentum do not provide sufficient confirmation.,No long trade setup.,,Price trend is weak | Weak momentum | Price is below 200 DMA | Price is near 200 DMA,Avoid,1064,1063
408.54998779296875,418.45001220703125,402.04998779296875,414.29998779296875,45453.0,408.29998779296875,1.4695077588496863,426.3524963378906,447.14799560546874,426.3844970703125,403.4732481384277,416.19169176489135,425.19769204639226,433.12806789656446,35.85061437805207,11.435721261160714,2.7602514115629897,50554.0,0.899097994223998,558.0,271.04998779296875,-25.752690359683015,52.850030050330076,2.6833847608222294,True,406.0,468.6000061035156,Sideways,Strong Negative,No Breakout,IGARASHI,IGARASHI.NS,Igarashi Motors India Limited,,Unavailable,0,60,,42.0,Neutral Watch,-3,39.0,,,,,,,,,,,,No Immediate Trade,Confirmation Required,Technical setup is not strong enough for an immediate trade.,Wait for a clearer setup.,,Weak momentum | Price is above 200 DMA | Price is near 200 DMA,Not Ready,1064,1063
71.1500015258789,72.37999725341797,67.16000366210938,67.61000061035156,265110.0,72.4000015258789,-6.616023224550882,72.12399864196777,72.62399948120117,67.34889965057373,69.10994989395141,71.5695154252201,72.0491870028848,71.1080790249662,28.784647493928205,2.1357149396623885,3.1588743090994673,106811.25,2.4820419197416004,117.19999694824219,49.459999084472656,-42.31228466651798,36.69632402313746,-2.17038108970055,False,68.16000366210938,74.80000305175781,Downtrend,Strong Negative,No Breakout,IGCL,IGCL.NS,Indogulf Cropsciences Limited,,Unavailable,0,60,,42.0,Weak / Avoid,-3,39.0,,,,,,,,,,,,Avoid,Avoid,Trend and momentum do not provide sufficient confirmation.,No long trade setup.,,Price trend is weak | Weak momentum | Volume is more than 2x average | RSI indicates oversold conditions | Price is below 200 DMA | Price is near 200 DMA,Avoid,1064,1063
178.00999450683594,179.5,171.85000610351562,178.2100067138672,1096299.0,178.1199951171875,0.05053424609655632,174.61499786376953,182.74859924316405,184.08389892578126,180.5181990814209,174.58357386709702,175.35133076219043,179.45667293843837,49.850345948730094,7.052141462053571,3.957208459891056,1243398.8,0.881695398129707,279.0,132.5800018310547,-36.12544562226982,34.41695900785877,-1.2786480140501673,False,158.72999572753906,189.0,Downtrend,Negative,No Breakout,INOXGREEN,INOXGREEN.NS,Inox Green Energy Services Limited,,Unavailable,0,60,,42.0,Weak / Avoid,-3,39.0,,,,,,,,,,,,Avoid,Avoid,Trend and momentum do not provide sufficient confirmation.,No long trade setup.,,Price trend is weak | Weak momentum | Price is below 200 DMA | Price is near 200 DMA,Avoid,1064,1063
1281.0,1286.9000244140625,1265.0,1265.0,1580944.0,1304.0,-2.9907975460122693,1306.1900024414062,1279.8280078125,1276.5770056152344,1229.77650390625,1299.690854287685,1301.0010929865946,1287.916696099863,32.62330887364074,25.292864118303573,1.9994358986801246,1662314.85,0.9510496762992883,1351.0,1073.199951171875,-6.365655070318282,17.8717906778406,2.864219309920667,True,1250.4000244140625,1351.0,Sideways,Strong Negative,No Breakout,JSWSTEEL,JSWSTEEL.NS,JSW Steel Limited,,Unavailable,0,60,,42.0,Neutral Watch,-3,39.0,,,,,,,,,,,,No Immediate Trade,Confirmation Required,Technical setup is not strong enough for an immediate trade.,Wait for a clearer setup.,,Weak momentum | Price is above 200 DMA | Price is near 200 DMA,Not Ready,1064,1063
136.0800018310547,139.9600067138672,135.0,137.6699981689453,10254.0,139.0800018310547,-1.0138076240624128,137.66949996948242,140.38179992675782,139.18739959716797,143.51679985046385,139.1147251324395,139.04856127421758,139.23003916480462,53.88311124540546,6.062855311802456,4.4039045488780095,14359.75,0.7140792841100994,233.0,108.0,-40.91416387598913,27.472220526801216,-4.073949312979782,False,131.10000610351562,148.33999633789062,Downtrend,Neutral,No Breakout,LORDSCHLO,LORDSCHLO.NS,Lords Chloro Alkali Limited,,Unavailable,0,60,,42.0,200 DMA Recovery Watch,-3,39.0,143.52,146.55,143.52,129.58,148.34,160.47,13.93,4.82,16.95,0.35,1.22,200 DMA Recovery,Confirmation Required,Stock is recovering around the 200 DMA. Confirmation above the recovery level is preferred.,Below ₹129.58,0.35,Price trend is weak | RSI supports positive momentum | Price is below 200 DMA,Poor,1064,1063
355.0,357.6000061035156,351.54998779296875,356.1499938964844,2169574.0,359.25,-0.8629105368171519,375.8000030517578,369.9440014648437,338.7765005493164,344.51074996948245,367.17240842104695,372.6809552308505,365.5103195345061,32.14566865397413,9.885718209402901,2.7757176411116835,1870576.45,1.1598424646049619,415.0,267.0,-14.18072436229292,33.38951082265332,3.378484975587252,True,356.5,400.45001220703125,Sideways,Strong Negative,No Breakout,M&MFIN,M&MFIN.NS,Mahindra & Mahindra Financial Services Limited,,Unavailable,0,60,,42.0,Neutral Watch,-3,39.0,,,,,,,,,,,,No Immediate Trade,Confirmation Required,Technical setup is not strong enough for an immediate trade.,Wait for a clearer setup.,,Weak momentum | Price is above 200 DMA,Not Ready,1064,1063
797.0,810.0,795.7000122070312,802.0999755859375,1533624.0,803.0,-0.11208274147727071,833.9524993896484,848.0719995117188,833.1475,793.1494998168945,817.6158621039094,829.8460649921452,837.3427025547319,27.472521063393728,15.096431187220983,1.8821134081437885,1618563.35,0.9475217636677612,889.0999755859375,690.2999877929688,-9.785176289389163,16.195855391858885,1.1284727243866768,True,799.5499877929688,867.3499755859375,Sideways,Strong Negative,No Breakout,MARICO,MARICO.NS,Marico Limited,,Unavailable,0,60,,42.0,Neutral Watch,-3,39.0,,,,,,,,,,,,No Immediate Trade,Confirmation Required,Technical setup is not strong enough for an immediate trade.,Wait for a clearer setup.,,Weak momentum | RSI indicates oversold conditions | Price is above 200 DMA | Price is near 200 DMA,Not Ready,1064,1063
1376.699951171875,1401.199951171875,1373.5,1383.300048828125,1238699.0,1386.199951171875,-0.20919798340047757,1439.3099975585938,1463.28599609375,1444.447996826172,1356.7705010986328,1406.9654733386096,1432.0751868590578,1445.3033603074045,28.152918900178676,29.378566196986608,2.1238028742842108,1355860.5,0.9135888242190108,1553.0,1145.0,-10.927234460519962,20.812231338700872,1.9553452634775068,True,1377.699951171875,1515.800048828125,Sideways,Strong Negative,No Breakout,NESTLEIND,NESTLEIND.NS,Nestle India Limited,,Unavailable,0,60,,42.0,Neutral Watch,-3,39.0,,,,,,,,,,,,No Immediate Trade,Confirmation Required,Technical setup is not strong enough for an immediate trade.,Wait for a clearer setup.,,Weak momentum | RSI indicates oversold conditions | Price is above 200 DMA | Price is near 200 DMA,Not Ready,1064,1063
79.0999984741211,80.36000061035156,78.36000061035156,79.93000030517578,472895.0,79.41999816894531,0.6421583328994451,81.66950035095215,84.3220001220703,83.59560020446777,79.44390007019042,80.4393938262305,81.60205525554011,83.00508540459538,35.440171256645584,1.7257134573800224,2.1590309655838644,590927.3,0.8002591858592418,91.4000015258789,67.5,-12.549235261725372,18.414815266927086,0.6118786144132874,True,78.86000061035156,84.5,Sideways,Strong Negative,No Breakout,NIVABUPA,NIVABUPA.NS,Niva Bupa Health Insurance Company Limited,,Unavailable,0,60,,42.0,Neutral Watch,-3,39.0,,,,,,,,,,,,No Immediate Trade,Confirmation Required,Technical setup is not strong enough for an immediate trade.,Wait for a clearer setup.,,Weak momentum | Price is above 200 DMA | Price is near 200 DMA,Not Ready,1064,1063
1775.699951171875,1780.0,1714.800048828125,1741.0999755859375,543198.0,1792.0,-2.840403148106163,1860.9499938964843,1854.163994140625,1768.8429931640626,1675.8009985351562,1819.4074668260914,1839.0774783759464,1826.212327185988,24.434740797877993,40.635707310267854,2.3339100499724377,534782.25,1.0157367788478395,1986.0999755859375,1391.199951171875,-12.335733498396541,25.150951458798197,3.8965830136072355,True,1777.5,1960.699951171875,Sideways,Strong Negative,No Breakout,OBEROIRLTY,OBEROIRLTY.NS,Oberoi Realty Limited,,Unavailable,0,60,,42.0,Neutral Watch,-3,39.0,,,,,,,,,,,,No Immediate Trade,Confirmation Required,Technical setup is not strong enough for an immediate trade.,Wait for a clearer setup.,,Weak momentum | RSI indicates oversold conditions | Price is above 200 DMA,Not Ready,1064,1063
214.0,214.0,205.82000732421875,211.0500030517578,101683.0,211.89999389648438,-0.40112830071236116,224.95549926757812,223.37440002441406,214.8574996948242,204.01349983215331,216.886275720303,220.80555314699888,220.56176326851372,27.54239000420263,7.519997732979911,3.5631355717799775,106864.15,0.9515164814392854,266.0,150.25,-20.657893589564733,40.4658922141483,3.4490380417931137,True,210.6300048828125,241.88999938964844,Sideways,Strong Negative,No Breakout,PATELRMART,PATELRMART.NS,Patel Retail Limited,,Unavailable,0,60,,42.0,Neutral Watch,-3,39.0,,,,,,,,,,,,No Immediate Trade,Confirmation Required,Technical setup is not strong enough for an immediate trade.,Wait for a clearer setup.,,Weak momentum | RSI indicates oversold conditions | Price is above 200 DMA,Not Ready,1064,1063
315.54998779296875,323.95001220703125,310.95001220703125,322.25,157854.0,319.54998779296875,0.8449420466823954,335.7325012207031,342.9100012207031,317.7034017944336,306.911801071167,324.7120896761009,331.5581726425637,332.75827411523784,27.722767381838437,9.596429007393974,2.977945386313103,143674.2,1.0986941287997427,398.04998779296875,230.64999389648438,-19.042831332127403,39.713855854089324,4.997591775650342,True,314.6000061035156,369.70001220703125,Sideways,Strong Negative,No Breakout,RAMCOIND,RAMCOIND.NS,Ramco Industries Limited,,Unavailable,0,60,,42.0,Neutral Watch,-3,39.0,,,,,,,,,,,,No Immediate Trade,Confirmation Required,Technical setup is not strong enough for an immediate trade.,Wait for a clearer setup.,,Weak momentum | RSI indicates oversold conditions | Price is above 200 DMA,Not Ready,1064,1063
1021.0,1034.5,1013.2000122070312,1028.5999755859375,3171217.0,1038.0,-0.9055900206225931,1081.0149963378906,1071.482001953125,1018.8395025634766,998.4437506103516,1045.3845966291258,1064.9161599633746,1061.9764570808325,26.628745345833238,29.46429443359375,2.864504679460987,3539331.95,0.8959930983585758,1153.699951171875,602.7999877929688,-10.843371836747217,70.63702661175392,3.020322873186531,True,1013.0,1142.0,Sideways,Strong Negative,No Breakout,SHRIRAMFIN,SHRIRAMFIN.NS,Shriram Finance Limited,,Unavailable,0,60,,42.0,Neutral Watch,-3,39.0,,,,,,,,,,,,No Immediate Trade,Confirmation Required,Technical setup is not strong enough for an immediate trade.,Wait for a clearer setup.,,Weak momentum | RSI indicates oversold conditions | Price is above 200 DMA,Not Ready,1064,1063
159.99000549316406,161.0,158.11000061035156,159.77999877929688,13568.0,159.99000549316406,-0.13126239556018326,159.30900115966796,163.19140014648437,172.30379989624024,170.68845016479492,159.51030584779193,159.98797681959542,163.43886870553666,51.520271358739706,4.182856968470982,2.6178852174412244,21428.35,0.6331798761920541,231.10000610351562,137.3000030517578,-30.861101445524277,16.372902569466664,-6.39085501975455,False,155.14999389648438,165.17999267578125,Downtrend,Neutral,No Breakout,SUKHJITS,SUKHJITS.NS,Sukhjit Starch & Chemicals Limited,,Unavailable,0,60,,42.0,200 DMA Recovery Watch,-3,39.0,170.69,172.78,170.69,154.1,176.96,183.24,16.58,6.27,12.55,0.38,0.76,200 DMA Recovery,Confirmation Required,Stock is recovering around the 200 DMA. Confirmation above the recovery level is preferred.,Below ₹154.10,0.38,Price trend is weak | RSI supports positive momentum | Price is below 200 DMA,Poor,1064,1063
480.0,480.0,466.5,476.3999938964844,269822.0,480.8999938964844,-0.9357454891065431,520.0525009155274,521.2670007324218,490.2639993286133,457.66824966430664,493.5216114939903,508.21810619830944,508.99844985235376,11.753126396383578,13.796434674944196,2.8959770889379954,242191.6,1.1140848815565858,617.4500122070312,362.6000061035156,-22.843957489995603,31.384441775348716,4.0928651366830024,True,473.1499938964844,572.0499877929688,Sideways,Strong Negative,No Breakout,SUMICHEM,SUMICHEM.NS,Sumitomo Chemical India Limited,,Unavailable,0,60,,42.0,Neutral Watch,-3,39.0,,,,,,,,,,,,No Immediate Trade,Confirmation Required,Technical setup is not strong enough for an immediate trade.,Wait for a clearer setup.,,Weak momentum | RSI indicates oversold conditions | Price is above 200 DMA,Not Ready,1064,1063
1845.0,1854.5,1834.0,1840.0,1445071.0,1861.0,-1.1284255776464303,1901.7800048828126,1929.1319995117187,1880.6130041503907,1805.9285021972655,1882.1492678329373,1901.0799806983382,1904.800513734847,37.037037037037045,33.892874581473215,1.8420040533409356,1517189.05,0.9524660094271047,2046.9000244140625,1548.0,-10.107969219126318,18.863049095607234,1.886647104870422,True,1840.5,1984.800048828125,Sideways,Strong Negative,No Breakout,SUNPHARMA,SUNPHARMA.NS,Sun Pharmaceutical Industries Limited,,Unavailable,0,60,,42.0,Neutral Watch,-3,39.0,,,,,,,,,,,,No Immediate Trade,Confirmation Required,Technical setup is not strong enough for an immediate trade.,Wait for a clearer setup.,,Weak momentum | Price is above 200 DMA | Price is near 200 DMA,Not Ready,1064,1063
58.40999984741211,59.380001068115234,55.0,56.279998779296875,5357.0,58.119998931884766,-3.1658640509342195,58.26949939727783,58.46999969482422,58.80399967193603,57.590899829864505,58.44608061435665,58.582314070086504,58.55206526366597,46.990737879063495,2.9221428462437222,5.192151580711583,6482.8,0.8263404701672117,69.80000305175781,43.0,-19.369632781298936,30.88371809138808,-2.276229498827599,False,55.70000076293945,65.5999984741211,Downtrend,Negative,No Breakout,SURYALAXMI,SURYALAXMI.NS,Suryalakshmi Cotton Mills Limited,,Unavailable,0,60,,42.0,Weak / Avoid,-3,39.0,,,,,,,,,,,,Avoid,Avoid,Trend and momentum do not provide sufficient confirmation.,No long trade setup.,,Price trend is weak | Weak momentum | Price is below 200 DMA | Price is near 200 DMA,Avoid,1064,1063
1721.0,1742.0,1677.0,1729.0999755859375,278676.0,1721.5999755859375,0.43564127011836984,1664.8900024414063,1628.3839990234376,1661.5859985351562,1729.6879974365233,1656.3389619505333,1645.9370231350497,1647.7276405568664,48.52232484725859,67.20714460100446,3.8868281504792734,309003.4,0.901854154355583,2125.0,1473.0,-18.630589384191175,17.386284832718093,-0.03399583343685808,False,1524.4000244140625,1837.0,Downtrend,Negative,No Breakout,TEGA,TEGA.NS,Tega Industries Limited,,Unavailable,0,60,,42.0,Weak / Avoid,-3,39.0,,,,,,,,,,,,Avoid,Avoid,Trend and momentum do not provide sufficient confirmation.,No long trade setup.,,Price trend is weak | Weak momentum | Price is below 200 DMA | Price is near 200 DMA,Avoid,1064,1063
436.0,436.95001220703125,425.3500061035156,434.54998779296875,7109495.0,439.25,-1.0700084705819624,463.9749984741211,443.65099853515625,421.0144989013672,426.06424880981444,450.3378714230945,455.2666296205589,445.88861676595496,29.01554404145078,13.417859758649554,3.087759782665598,7193858.85,0.9882727960390828,,,,,1.9916571284398352,True,437.5,487.79998779296875,Sideways,Strong Negative,No Breakout,TMCV,TMCV.NS,Tata Motors Limited,,Unavailable,0,60,,42.0,Neutral Watch,-3,39.0,,,,,,,,,,,,No Immediate Trade,Confirmation Required,Technical setup is not strong enough for an immediate trade.,Wait for a clearer setup.,,Weak momentum | RSI indicates oversold conditions | Price is above 200 DMA | Price is near 200 DMA,Not Ready,1064,1063
1395.0999755859375,1407.199951171875,1384.300048828125,1395.0,552853.0,1400.0,-0.3571428571428559,1491.7849975585937,1473.12400390625,1389.3950024414062,1376.0835034179688,1438.1929002107477,1467.9755889853502,1458.0668020613828,9.758561191720347,30.907148088727677,2.215566171234959,577539.4,0.9572559032336149,1563.4000244140625,1210.800048828125,-10.771397069484898,15.213077613446849,1.374661968917269,True,1391.4000244140625,1563.4000244140625,Sideways,Strong Negative,No Breakout,UNITDSPR,UNITDSPR.NS,United Spirits Limited,,Unavailable,0,60,,42.0,Neutral Watch,-3,39.0,,,,,,,,,,,,No Immediate Trade,Confirmation Required,Technical setup is not strong enough for an immediate trade.,Wait for a clearer setup.,,Weak momentum | RSI indicates oversold conditions | Price is above 200 DMA | Price is near 200 DMA,Not Ready,1064,1063
1237.9000244140625,1252.800048828125,1229.800048828125,1246.0,4562285.0,1246.0,0.0,1249.690008544922,1261.8200073242188,1283.0470043945313,1288.3675018310546,1251.5782527113697,1252.3608355980077,1262.9571541366884,50.054631467725414,23.935703822544642,1.9210035170581574,4639693.05,0.9833161269149044,1418.300048828125,1055.0999755859375,-12.14834963662932,18.093074479321107,-3.2884640268278287,False,1208.5999755859375,1300.0,Strong Downtrend,Neutral,No Breakout,AXISBANK,AXISBANK.NS,Axis Bank Limited,,Unavailable,0,60,,41.0,200 DMA Recovery Watch,-3,38.0,1288.37,1300.34,1288.37,1202.62,1300.0,1347.87,85.75,11.63,59.5,0.14,0.69,200 DMA Recovery,Confirmation Required,Stock is recovering around the 200 DMA. Confirmation above the recovery level is preferred.,Below ₹1202.62,0.14,Price trend is weak | RSI supports positive momentum | Price is below 200 DMA,Poor,1127,1127
23.399999618530273,24.690000534057617,22.75,23.389999389648438,39705.0,23.239999771118164,0.6454372633716066,23.419499969482423,23.807000007629394,24.480600032806397,24.696350040435792,23.667464684761875,23.62463373223184,23.758661808679655,56.16438160936031,1.5428573063441686,6.596226364276782,60949.8,0.6514377405668271,47.75,15.199999809265137,-51.015708084505896,53.88157686285693,-5.289650691897559,False,21.5,26.989999771118164,Strong Downtrend,Neutral,No Breakout,BALAXI,BALAXI.NS,BALAXI PHARMACEUTICALS LIMITED,,Unavailable,0,60,,41.0,200 DMA Recovery Watch,-3,38.0,24.7,25.47,24.7,21.11,26.99,30.08,3.58,2.29,5.38,0.64,1.5,200 DMA Recovery,Confirmation Required,Stock is recovering around the 200 DMA. Confirmation above the recovery level is preferred.,Below ₹21.11,0.64,Price trend is weak | RSI supports positive momentum | Price is below 200 DMA,Poor,1127,1127
1130.0,1182.0,1130.0,1165.5,2403285.0,1143.0,1.9685039370078705,1167.6299987792968,1191.532001953125,1249.0199987792969,1252.433501586914,1155.8257374831333,1165.0802434287427,1193.1052767548474,40.22346749696529,19.414271763392858,1.6657461830452902,1176593.25,2.0425792855772373,1414.9000244140625,1101.0,-17.626688819752047,5.858310626702997,-6.941167054120129,False,1134.9000244140625,1205.9000244140625,Strong Downtrend,Negative,No Breakout,DRREDDY,DRREDDY.NS,Dr. Reddy's Laboratories Limited,,Unavailable,0,60,,41.0,Weak / Avoid,-3,38.0,,,,,,,,,,,,Avoid,Avoid,Trend and momentum do not provide sufficient confirmation.,No long trade setup.,,Price trend is weak | Weak momentum | Volume is more than 2x average | Price is below 200 DMA,Avoid,1127,1127
67.08000183105469,74.91999816894531,66.16000366210938,72.48999786376953,794258.0,66.7300033569336,8.631791124040822,73.30499954223633,67.14939994812012,66.9404999923706,75.06739994049072,70.43262447344871,70.53689957408221,68.69564316723269,37.331431668672835,5.456428527832031,7.527146763180072,264986.55,2.997352129759039,,,,,-3.4334505774336224,False,62.189998626708984,83.0999984741211,Downtrend,Negative,No Breakout,FINKURVE,FINKURVE.NS,Finkurve Financial Services Limited,,Unavailable,0,60,,41.0,Weak / Avoid,-3,38.0,,,,,,,,,,,,Avoid,Avoid,Trend and momentum do not provide sufficient confirmation.,No long trade setup.,,Price trend is weak | Weak momentum | Volume is more than 2x average | Price is below 200 DMA,Avoid,1127,1127
8.380000114440918,9.210000038146973,7.909999847412109,8.430000305175781,305861.0,8.029999732971191,4.981327341297237,8.294999933242797,7.936799993515015,8.184999995231628,8.922249975204467,8.143892876575237,8.17374365910753,8.121943653853512,37.05357180870313,0.5707143715449742,6.770039749519009,70247.15,4.354069880415078,13.899999618530273,6.260000228881836,-39.352514125700864,34.66453669254181,-5.517102428161966,False,7.659999847412109,9.369999885559082,Downtrend,Negative,No Breakout,JHS,JHS.NS,JHS Svendgaard Laboratories Limited,,Unavailable,0,60,,41.0,Weak / Avoid,-3,38.0,,,,,,,,,,,,Avoid,Avoid,Trend and momentum do not provide sufficient confirmation.,No long trade setup.,,Price trend is weak | Weak momentum | Volume is more than 2x average | Price is below 200 DMA,Avoid,1127,1127
176.50999450683594,177.88999938964844,171.82000732421875,175.0500030517578,60944.0,178.11000061035156,-1.7180380372284976,175.43800048828126,179.59340057373046,179.93670013427734,183.99805015563965,176.6626706213462,176.64202131669794,178.5250090337093,51.81097422007286,4.838570731026786,2.764107767308147,61652.65,0.9885057657700034,215.22000122070312,147.5,-18.664621290356703,18.67796817068326,-4.863120612589585,False,169.2100067138672,184.0,Strong Downtrend,Neutral,No Breakout,NCLIND,NCLIND.NS,NCL Industries Limited,,Unavailable,0,60,,41.0,200 DMA Recovery Watch,-3,38.0,184.0,186.42,184.0,168.0,184.0,193.68,16.0,0.0,9.68,0.0,0.61,200 DMA Recovery,Confirmation Required,Stock is recovering around the 200 DMA. Confirmation above the recovery level is preferred.,Below ₹168.00,0.0,Price trend is weak | RSI supports positive momentum | Price is below 200 DMA,Poor,1127,1127
219.22999572753906,223.0,218.4199981689453,221.0500030517578,33790.0,221.0399932861328,0.004528486214727678,222.44199905395507,226.11140045166016,227.63720001220702,228.65924987792968,226.12680524719687,225.27953742418373,225.06860029619426,59.46325286854861,9.634284973144531,4.358418837428701,74177.0,0.4555320382328754,342.3999938964844,183.5,-35.441002630804235,20.463216921938862,-3.3277668977896515,False,205.0,239.5,Strong Downtrend,Neutral,No Breakout,PLATIND,PLATIND.NS,Platinum Industries Limited,,Unavailable,0,60,,41.0,200 DMA Recovery Watch,-3,38.0,228.66,233.48,228.66,202.59,239.5,258.77,26.07,10.84,30.11,0.42,1.16,200 DMA Recovery,Confirmation Required,Stock is recovering around the 200 DMA. Confirmation above the recovery level is preferred.,Below ₹202.59,0.42,Price trend is weak | RSI supports positive momentum | Price is below 200 DMA,Poor,1127,1127
30.899999618530273,30.899999618530273,29.5,29.530000686645508,25934.0,30.040000915527344,-1.6977370617130116,30.13350009918213,30.16679992675781,30.36140001296997,31.237500038146973,30.538045940368697,30.53256058762373,30.389193927368268,55.45454892245206,2.0128571646554128,6.816312623946861,102532.45,0.2529345587665173,46.25,25.200000762939453,-36.151349866712415,17.182538859578123,-5.466184391888854,False,27.5,35.0,Strong Downtrend,Neutral,No Breakout,XTGLOBAL,XTGLOBAL.NS,Xtglobal Infotech Limited,,Unavailable,0,60,,41.0,200 DMA Recovery Watch,-3,38.0,31.24,32.24,31.24,27.0,35.0,39.03,4.24,3.76,7.79,0.89,1.84,200 DMA Recovery,Confirmation Required,Stock is recovering around the 200 DMA. Confirmation above the recovery level is preferred.,Below ₹27.00,0.89,Price trend is weak | RSI supports positive momentum | Price is below 200 DMA,Poor,1127,1127
1530.0,1567.4000244140625,1527.5,1545.0,139554.0,1539.199951171875,0.3768223110784952,1561.025,1575.6660034179688,1537.9169995117188,1592.4429974365235,1539.5216900374617,1549.5240267388237,1555.7378626741345,36.118725788021514,37.864283970424104,2.4507627165323043,81405.0,1.714317302377004,1955.5999755859375,1430.0,-20.99611273838932,8.041958041958042,-2.9792587560682584,False,1490.0,1647.199951171875,Strong Downtrend,Negative,No Breakout,BHARTIHEXA,BHARTIHEXA.NS,Bharti Hexacom Limited,,Unavailable,0,60,,40.0,Weak / Avoid,-3,37.0,,,,,,,,,,,,Avoid,Avoid,Trend and momentum do not provide sufficient confirmation.,No long trade setup.,,Price trend is weak | Weak momentum | Strong volume confirmation | Price is below 200 DMA | Price is near 200 DMA,Avoid,1162,1162
590.0,605.7999877929688,581.0,583.0999755859375,1352.0,599.4500122070312,-2.727506262097956,597.4024993896485,638.1060009765625,654.5230023193359,625.3687522888183,595.2307112240237,605.0806636842575,628.3140423755154,41.440892253665105,19.30715070452009,3.311121850951715,1116.4,1.2110354711572913,756.4500122070312,495.0,-22.916258024152157,17.79797486584596,-6.759016428016144,False,581.0999755859375,667.5,Downtrend,Negative,No Breakout,GLOSTERLTD,GLOSTERLTD.NS,Gloster Limited,,Unavailable,0,60,,40.0,Weak / Avoid,-3,37.0,,,,,,,,,,,,Avoid,Avoid,Trend and momentum do not provide sufficient confirmation.,No long trade setup.,,Price trend is weak | Weak momentum | Volume is above average | Price is below 200 DMA,Avoid,1162,1162
248.61000061035156,248.7899932861328,242.5,244.4499969482422,2161543.0,252.22999572753906,-3.084485949760274,245.3585006713867,245.14820068359376,264.0850997924805,262.1847994232178,246.0116930704123,244.95507033843407,248.74168639324273,48.94600584462707,7.127857753208706,2.9158755746345535,1678016.15,1.288153871463037,320.0,221.2100067138672,-23.609375953674316,10.505849432225588,-6.764237482108236,False,232.89999389648438,256.0,Downtrend,Negative,No Breakout,GPIL,GPIL.NS,Godawari Power And Ispat limited,,Unavailable,0,60,,40.0,Weak / Avoid,-3,37.0,,,,,,,,,,,,Avoid,Avoid,Trend and momentum do not provide sufficient confirmation.,No long trade setup.,,Price trend is weak | Weak momentum | Volume is above average | Price is below 200 DMA,Avoid,1162,1162
81.20999908447266,84.19999694824219,80.62000274658203,83.43000030517578,22126952.0,81.62000274658203,2.2175906612176055,86.97199974060058,85.3367999267578,81.11450004577637,88.2149499130249,85.56687190072557,86.37161848052939,85.14389804909638,41.68514806262529,4.026427677699497,4.826114902278992,17953970.1,1.232426693191385,118.37999725341797,61.0099983215332,-29.52356627735357,36.74807834854429,-5.424193532464523,False,79.05000305175781,96.25,Downtrend,Negative,No Breakout,IDBI,IDBI.NS,IDBI Bank Limited,,Unavailable,0,60,,40.0,Weak / Avoid,-3,37.0,,,,,,,,,,,,Avoid,Avoid,Trend and momentum do not provide sufficient confirmation.,No long trade setup.,,Price trend is weak | Weak momentum | Volume is above average | Price is below 200 DMA,Avoid,1162,1162
848.9500122070312,859.7000122070312,835.0,853.5,1579708.0,856.5,-0.3502626970227629,876.5375091552735,854.291005859375,848.6150018310547,861.9705014038086,867.1136804642327,870.6610279611286,863.0940984505188,39.65515938759761,21.23215593610491,2.4876574031757364,1002901.8,1.5751372666795491,1000.9000244140625,670.2999877929688,-14.72674800865871,27.331048119251207,-0.9826904041395291,False,850.5499877929688,906.7000122070312,Downtrend,Strong Negative,No Breakout,INDIANB,INDIANB.NS,Indian Bank,,Unavailable,0,60,,40.0,Weak / Avoid,-3,37.0,,,,,,,,,,,,Avoid,Avoid,Trend and momentum do not provide sufficient confirmation.,No long trade setup.,,Price trend is weak | Weak momentum | Strong volume confirmation | Price is below 200 DMA | Price is near 200 DMA,Avoid,1162,1162
123.11000061035156,126.54000091552734,119.61000061035156,125.66000366210938,2245207.0,123.68000030517578,1.6009082730013002,124.12050094604493,126.26520095825195,128.34060035705568,133.46695037841798,123.03839342454822,124.15419537874445,126.23724890947369,47.72519569092098,4.805713653564453,3.8243780944704318,1739909.0,1.290416337865946,220.0,108.6500015258789,-42.88181651722301,15.655777171967111,-5.849348242522674,False,115.0199966430664,138.19000244140625,Downtrend,Negative,No Breakout,KNRCON,KNRCON.NS,KNR Constructions Limited,,Unavailable,0,60,,40.0,Weak / Avoid,-3,37.0,,,,,,,,,,,,Avoid,Avoid,Trend and momentum do not provide sufficient confirmation.,No long trade setup.,,Price trend is weak | Weak momentum | Volume is above average | Price is below 200 DMA,Avoid,1162,1162
2237.199951171875,2280.0,2222.0,2280.0,530698.0,2238.39990234375,1.858474779805519,2361.9499755859374,2449.8479931640627,2426.77599609375,2282.87849609375,2313.1682710456507,2356.61054473279,2401.8707264018585,38.040486439199036,50.98570033482143,2.2362149269658524,331440.35,1.6011870612615513,2674.0,1909.699951171875,-14.734480179506356,19.39048323276611,-0.1260906394569614,False,2235.10009765625,2458.0,Downtrend,Strong Negative,No Breakout,MANKIND,MANKIND.NS,Mankind Pharma Limited,,Unavailable,0,60,,40.0,Weak / Avoid,-3,37.0,,,,,,,,,,,,Avoid,Avoid,Trend and momentum do not provide sufficient confirmation.,No long trade setup.,,Price trend is weak | Weak momentum | Strong volume confirmation | Price is below 200 DMA | Price is near 200 DMA,Avoid,1162,1162
269.95001220703125,274.04998779296875,268.3500061035156,269.1000061035156,11423068.0,271.75,-0.9751587475563483,266.9199966430664,275.91100036621094,286.7014993286133,284.6277502441406,267.5842632539713,268.5742053888256,274.66157372092374,43.37350874225723,4.446428571428571,1.6523331365953773,8759104.0,1.304136587486574,324.95001220703125,250.0,-17.18726081103595,7.64000244140625,-5.4554568650828985,False,261.70001220703125,275.95001220703125,Downtrend,Negative,No Breakout,POWERGRID,POWERGRID.NS,Power Grid Corporation of India Limited,,Unavailable,0,60,,40.0,Weak / Avoid,-3,37.0,,,,,,,,,,,,Avoid,Avoid,Trend and momentum do not provide sufficient confirmation.,No long trade setup.,,Price trend is weak | Weak momentum | Volume is above average | Price is below 200 DMA,Avoid,1162,1162
38.970001220703125,38.970001220703125,38.25,38.38999938964844,528.0,38.970001220703125,-1.4883290040713648,41.46599979400635,38.73239994049072,36.105800018310546,37.51350005149841,39.24036409099751,40.13424708801057,39.08356000391546,19.17294760627962,1.1928563799176897,3.107206040329696,6763.8,0.0780626275170762,55.060001373291016,28.25,-30.276065324853057,35.893803149198014,2.336490428637079,True,37.36000061035156,46.4900016784668,Sideways,Strong Negative,No Breakout,21STCENMGM,21STCENMGM.NS,21st Century Management Services Limited,,Unavailable,0,60,,39.0,Neutral Watch,-3,36.0,,,,,,,,,,,,No Immediate Trade,Confirmation Required,Technical setup is not strong enough for an immediate trade.,Wait for a clearer setup.,,Weak momentum | RSI indicates oversold conditions | Price is above 200 DMA | Price is near 200 DMA,Not Ready,1179,1179
1583.0999755859375,1586.199951171875,1558.5,1567.5999755859375,89489.0,1594.0,-1.6562123220867364,1640.4500122070312,1592.0140087890625,1528.7689965820311,1545.064998779297,1592.3487153529038,1611.2152627503058,1591.7386741610328,31.31338078667885,51.557137625558035,3.288921818609177,364138.15,0.24575562873596188,2185.89990234375,1251.300048828125,-28.285829835797298,25.277704340700346,1.4585131903476332,True,1489.199951171875,1748.199951171875,Sideways,Strong Negative,No Breakout,AFFLE,AFFLE.NS,Affle 3i Limited,,Unavailable,0,60,,39.0,Neutral Watch,-3,36.0,,,,,,,,,,,,No Immediate Trade,Confirmation Required,Technical setup is not strong enough for an immediate trade.,Wait for a clearer setup.,,Weak momentum | Price is above 200 DMA | Price is near 200 DMA,Not Ready,1179,1179
46.0,46.0,43.11000061035156,44.65999984741211,1140.0,44.38999938964844,0.6082461398425609,45.00949974060059,43.76900001525879,44.16690002441406,45.86120006561279,44.947077022800585,44.742248520241304,44.238772880969506,43.26598948195177,2.467857905796596,5.525879790032287,12135.6,0.09393849500642737,83.4000015258789,32.5,-46.45084049122688,37.415384145883415,-2.619207993864415,False,39.88999938964844,48.9900016784668,Downtrend,Negative,No Breakout,ANIKINDS,ANIKINDS.NS,Anik Industries Limited,,Unavailable,0,60,,39.0,Weak / Avoid,-3,36.0,,,,,,,,,,,,Avoid,Avoid,Trend and momentum do not provide sufficient confirmation.,No long trade setup.,,Price trend is weak | Weak momentum | Price is below 200 DMA | Price is near 200 DMA,Avoid,1179,1179
1.6200000047683716,1.6200000047683716,1.600000023841858,1.6100000143051147,7730.0,1.590000033378601,1.2578604092237322,1.6680000066757201,1.5736000061035156,1.5696000063419342,1.6188000077009201,1.6530025435004998,1.6526003950787544,1.6081633867176384,47.4576291733865,0.06071428741727557,3.7710737191192014,28353.7,0.27262755830808677,2.119999885559082,1.2899999618530273,-24.0565989992717,24.80620634999257,-0.5436121419534381,False,1.5,1.9800000190734863,Downtrend,Negative,No Breakout,ANKITMETAL,ANKITMETAL.NS,Ankit Metal & Power Limited,,Unavailable,0,60,,39.0,Weak / Avoid,-3,36.0,,,,,,,,,,,,Avoid,Avoid,Trend and momentum do not provide sufficient confirmation.,No long trade setup.,,Price trend is weak | Weak momentum | Price is below 200 DMA | Price is near 200 DMA,Avoid,1179,1179
126.05999755859375,127.0,122.0,125.45999908447266,1150625.0,126.9800033569336,-1.1970422367908573,135.82699966430664,127.70100021362305,125.82169998168945,120.58155002593995,129.41330941601515,132.0434667323824,129.53137484298446,29.97205289428966,7.004286629813058,5.582884330404823,2039308.1,0.5642232284567495,178.3000030517578,82.18000030517578,-29.63544759555977,52.664880285442216,4.045767414238115,True,125.33000183105469,153.25,Sideways,Strong Negative,No Breakout,ARIS,ARIS.NS,Arisinfra Solutions Limited,,Unavailable,0,60,,39.0,Neutral Watch,-3,36.0,,,,,,,,,,,,No Immediate Trade,Confirmation Required,Technical setup is not strong enough for an immediate trade.,Wait for a clearer setup.,,Weak momentum | RSI indicates oversold conditions | Price is above 200 DMA,Not Ready,1179,1179
595.4500122070312,602.9000244140625,585.1500244140625,598.0499877929688,60418.0,597.0499877929688,0.1674901633775372,650.9499969482422,626.8559997558593,615.2424987792969,590.4142488098145,624.3446687478204,636.0173740386798,629.3539709269701,28.378783407153577,22.807141985212052,3.8135845582706316,79040.0,0.7643977732793522,707.8499755859375,486.79998779296875,-15.511759776791619,22.853328428453768,1.2932850110827736,True,595.0,707.8499755859375,Sideways,Strong Negative,No Breakout,ARVSMART,ARVSMART.NS,Arvind SmartSpaces Limited,,Unavailable,0,60,,39.0,Neutral Watch,-3,36.0,,,,,,,,,,,,No Immediate Trade,Confirmation Required,Technical setup is not strong enough for an immediate trade.,Wait for a clearer setup.,,Weak momentum | RSI indicates oversold conditions | Price is above 200 DMA | Price is near 200 DMA,Not Ready,1179,1179
97.43000030517578,99.05000305175781,94.6500015258789,95.70999908447266,26962.0,98.06999969482422,-2.4064450063173703,97.86400032043457,97.74320022583008,98.88030021667481,96.29665016174316,99.34732638116543,98.5081661425411,98.08116474070285,47.7426070169472,5.757142748151507,6.015194653873429,71608.15,0.37652138757948644,131.0,76.1500015258789,-26.938931996585758,25.68614204419478,-0.6092123415353945,False,92.69999694824219,116.0,Downtrend,Negative,No Breakout,ATLASCYCLE,ATLASCYCLE.NS,Atlas Cycles (Haryana) Limited,,Unavailable,0,60,,39.0,Weak / Avoid,-3,36.0,,,,,,,,,,,,Avoid,Avoid,Trend and momentum do not provide sufficient confirmation.,No long trade setup.,,Price trend is weak | Weak momentum | Price is below 200 DMA | Price is near 200 DMA,Avoid,1179,1179
177.61000061035156,181.25,175.0,179.88999938964844,136248.0,177.4199981689453,1.3921774581189483,186.30349884033203,184.76139923095704,187.1218997192383,175.75075004577636,183.4745490140644,185.3284694991507,185.91017701047542,35.2728072473042,6.306425912039621,3.5057123427854746,243613.95,0.5592783171899639,226.69000244140625,135.10000610351562,-20.64493473365878,33.15321336981588,2.355181609634078,True,176.60000610351562,198.5,Sideways,Strong Negative,No Breakout,BAJEL,BAJEL.NS,Bajel Projects Limited,,Unavailable,0,60,,39.0,Neutral Watch,-3,36.0,,,,,,,,,,,,No Immediate Trade,Confirmation Required,Technical setup is not strong enough for an immediate trade.,Wait for a clearer setup.,,Weak momentum | Price is above 200 DMA | Price is near 200 DMA,Not Ready,1179,1179
309.95001220703125,311.0,305.1000061035156,309.3500061035156,36627.0,311.3999938964844,-0.658313369668917,317.78499908447264,320.9920001220703,316.7979992675781,300.20634963989255,313.2522286780111,316.2716770262786,317.7362238136531,35.88301284691899,7.860709054129464,2.5410405362976105,66228.0,0.5530440297155281,370.0,222.5,-16.391890242293076,39.033710608321634,3.0457904953013792,True,302.20001220703125,331.0,Sideways,Strong Negative,No Breakout,BANSALWIRE,BANSALWIRE.NS,Bansal Wire Industries Limited,,Unavailable,0,60,,39.0,Neutral Watch,-3,36.0,,,,,,,,,,,,No Immediate Trade,Confirmation Required,Technical setup is not strong enough for an immediate trade.,Wait for a clearer setup.,,Weak momentum | Price is above 200 DMA,Not Ready,1179,1179
24.5,25.0,24.25,24.600000381469727,14633.0,25.0,-1.5999984741210893,24.97750005722046,26.019600105285644,25.550500087738037,24.825250062942505,24.91599368544594,25.20247219292079,25.55983227429808,45.070427940452376,0.8507141385759626,3.458187501561074,40514.45,0.3611797765982261,31.899999618530273,17.049999237060547,-22.884010421179056,44.28153362023736,-0.9073410374585363,False,23.690000534057617,25.969999313354492,Downtrend,Negative,No Breakout,BASML,BASML.NS,Bannari Amman Spinning Mills Limited,,Unavailable,0,60,,39.0,Weak / Avoid,-3,36.0,,,,,,,,,,,,Avoid,Avoid,Trend and momentum do not provide sufficient confirmation.,No long trade setup.,,Price trend is weak | Weak momentum | Price is below 200 DMA | Price is near 200 DMA,Avoid,1179,1179
34.939998626708984,35.060001373291016,34.0099983215332,34.18000030517578,573427.0,35.119998931884766,-2.67653375654171,36.371000099182126,36.10740020751953,35.54330017089844,32.86535012245178,35.666146134192836,36.11129216459972,35.985409315433266,31.87500670552093,1.1064286913190569,3.2370646033947326,879197.65,0.6522162564924963,44.900001525878906,25.530000686645508,-23.875280303775632,33.88170538927954,4.000110078930532,True,34.900001525878906,39.099998474121094,Sideways,Strong Negative,No Breakout,BCLIND,BCLIND.NS,Bcl Industries Limited,,Unavailable,0,60,,39.0,Neutral Watch,-3,36.0,,,,,,,,,,,,No Immediate Trade,Confirmation Required,Technical setup is not strong enough for an immediate trade.,Wait for a clearer setup.,,Weak momentum | Price is above 200 DMA,Not Ready,1179,1179
125.29000091552734,126.9000015258789,123.9000015258789,125.27999877929688,17100.0,125.29000091552734,-0.007983187929905267,128.21850051879883,142.57800048828125,141.95830024719237,127.58959999084473,127.91558440038177,130.41668969030977,137.03502984742934,48.212384151263606,4.862856728690011,3.8815906577847303,55317.1,0.30912683419774356,180.8000030517578,96.63999938964844,-30.70796644653107,29.635761145002864,-1.8101798357496097,False,122.30999755859375,138.10000610351562,Downtrend,Negative,No Breakout,BOROSCI,BOROSCI.NS,Borosil Scientific Limited,,Unavailable,0,60,,39.0,Weak / Avoid,-3,36.0,,,,,,,,,,,,Avoid,Avoid,Trend and momentum do not provide sufficient confirmation.,No long trade setup.,,Price trend is weak | Weak momentum | Price is below 200 DMA | Price is near 200 DMA,Avoid,1179,1179
43.43000030517578,43.79999923706055,41.900001525878906,42.04999923706055,26950.0,43.439998626708984,-3.1998145340497275,42.54900016784668,42.144799880981445,42.35759994506836,42.3217000579834,43.04501001810788,42.73649348456919,42.28486516061541,49.61088598952072,2.5921434674944197,6.164431663556007,91192.9,0.2955273930316944,69.98999786376953,31.200000762939453,-39.919987826106485,34.77563528462837,-0.6419893826349252,False,40.099998474121094,48.0,Downtrend,Negative,No Breakout,BVCL,BVCL.NS,Barak Valley Cements Limited,,Unavailable,0,60,,39.0,Weak / Avoid,-3,36.0,,,,,,,,,,,,Avoid,Avoid,Trend and momentum do not provide sufficient confirmation.,No long trade setup.,,Price trend is weak | Weak momentum | Price is below 200 DMA | Price is near 200 DMA,Avoid,1179,1179
5605.0,5643.0,5555.5,5587.5,3246.0,5614.0,-0.47203420021375564,5737.75,6002.99,5916.41400390625,5500.856499023437,5684.436661359072,5763.073455259334,5880.6531652809945,31.010928961748633,130.25,2.331096196868009,8677.55,0.3740687175527655,6740.0,4461.10009765625,-17.099406528189913,25.249375214322857,1.5750910970308811,True,5600.0,5979.0,Sideways,Strong Negative,No Breakout,CERA,CERA.NS,Cera Sanitaryware Limited,,Unavailable,0,60,,39.0,Neutral Watch,-3,36.0,,,,,,,,,,,,No Immediate Trade,Confirmation Required,Technical setup is not strong enough for an immediate trade.,Wait for a clearer setup.,,Weak momentum | Price is above 200 DMA | Price is near 200 DMA,Not Ready,1179,1179
768.0,768.9500122070312,757.4500122070312,759.7999877929688,228484.0,770.4000244140625,-1.3759133288132719,779.7000061035156,799.4840026855469,744.6674987792969,744.8402487182617,764.6261415966787,776.2788337246732,778.3597322546458,32.81888004592456,14.792872837611608,1.9469430212260532,360161.7,0.6343928296651199,860.5,568.7000122070312,-11.702499965953661,33.60294909161509,2.0084493420502056,True,745.1500244140625,819.0,Sideways,Strong Negative,No Breakout,CHOICEIN,CHOICEIN.NS,Choice International Limited,,Unavailable,0,60,,39.0,Neutral Watch,-3,36.0,,,,,,,,,,,,No Immediate Trade,Confirmation Required,Technical setup is not strong enough for an immediate trade.,Wait for a clearer setup.,,Weak momentum | Price is above 200 DMA | Price is near 200 DMA,Not Ready,1179,1179
445.20001220703125,445.20001220703125,434.1499938964844,440.20001220703125,468144.0,445.29998779296875,-1.1452898553207747,452.92750091552733,444.22100036621094,443.041999206543,422.3682504272461,449.2937688682427,450.01520940855994,444.6237292111251,36.72876524279764,14.303571428571429,3.249334627879177,1229638.1,0.38071689548331333,1020.7000122070312,266.70001220703125,-56.87273371779442,65.0543652263942,4.221851846521953,True,436.25,484.0,Sideways,Strong Negative,No Breakout,COHANCE,COHANCE.NS,Cohance Lifesciences Limited,,Unavailable,0,60,,39.0,Neutral Watch,-3,36.0,,,,,,,,,,,,No Immediate Trade,Confirmation Required,Technical setup is not strong enough for an immediate trade.,Wait for a clearer setup.,,Weak momentum | Price is above 200 DMA,Not Ready,1179,1179
500.0,503.5,494.1499938964844,499.25,556686.0,504.1499938964844,-0.9719317575734188,511.08249816894534,503.4959985351563,494.8134991455078,494.89649948120115,505.9100785991914,508.3785371135042,503.8446210125274,39.94134185605451,12.010718209402901,2.4057522702860092,1136495.75,0.4898267327440512,569.7999877929688,421.45001220703125,-12.381535504455362,18.46007486998259,0.879678988104102,True,493.04998779296875,543.7000122070312,Sideways,Strong Negative,No Breakout,CONCOR,CONCOR.NS,Container Corporation of India Limited,,Unavailable,0,60,,39.0,Neutral Watch,-3,36.0,,,,,,,,,,,,No Immediate Trade,Confirmation Required,Technical setup is not strong enough for an immediate trade.,Wait for a clearer setup.,,Weak momentum | Price is above 200 DMA | Price is near 200 DMA,Not Ready,1179,1179
358.20001220703125,361.45001220703125,354.0,355.25,285.0,357.3999938964844,-0.6015651743707329,362.6000015258789,369.46900268554685,369.3955020141602,364.37500106811524,360.86033323522315,363.70220773639466,367.3005124802148,43.18419411344031,14.278570992606026,4.019302179480936,4247.45,0.06709908297919928,418.0,298.1499938964844,-15.011961722488037,19.151436281209637,-2.504288450460803,False,345.25,390.0,Downtrend,Negative,No Breakout,CREST,CREST.NS,Crest Ventures Limited,,Unavailable,0,60,,39.0,Weak / Avoid,-3,36.0,,,,,,,,,,,,Avoid,Avoid,Trend and momentum do not provide sufficient confirmation.,No long trade setup.,,Price trend is weak | Weak momentum | Price is below 200 DMA | Price is near 200 DMA,Avoid,1179,1179
1335.5999755859375,1341.300048828125,1316.0,1320.4000244140625,147816.0,1335.5999755859375,-1.1380616539174992,1424.8299987792968,1509.69,1464.142501220703,1292.133501586914,1367.9246664595985,1414.6126174767219,1460.6356847986717,28.418244601232246,39.22857666015625,2.9709615218739662,266636.2,0.5543733371537698,1681.0,866.4000244140625,-21.451515501840422,52.40073721224046,2.1875853224479815,True,1330.0,1528.5,Sideways,Strong Negative,No Breakout,DEEPAKFERT,DEEPAKFERT.NS,Deepak Fertilizers and Petrochemicals Corporation Limited,,Unavailable,0,60,,39.0,Neutral Watch,-3,36.0,,,,,,,,,,,,No Immediate Trade,Confirmation Required,Technical setup is not strong enough for an immediate trade.,Wait for a clearer setup.,,Weak momentum | RSI indicates oversold conditions | Price is above 200 DMA | Price is near 200 DMA,Not Ready,1179,1179
445.3500061035156,447.3999938964844,434.8500061035156,439.0,1047933.0,447.70001220703125,-1.943268253253494,454.1525024414062,473.1040020751953,466.89800048828124,444.10000076293943,451.6873697462309,456.36643989155,463.080738951831,43.56435144960136,10.457142421177455,2.382036997990309,1643392.35,0.6376645236300388,524.0,374.45001220703125,-16.221374045801525,17.2386128157687,-1.1483901720733865,False,439.1000061035156,473.0,Downtrend,Negative,No Breakout,DELHIVERY,DELHIVERY.NS,Delhivery Limited,,Unavailable,0,60,,39.0,Weak / Avoid,-3,36.0,,,,,,,,,,,,Avoid,Avoid,Trend and momentum do not provide sufficient confirmation.,No long trade setup.,,Price trend is weak | Weak momentum | Price is below 200 DMA | Price is near 200 DMA,Avoid,1179,1179
1108.5,1110.0,1093.0,1108.4000244140625,6366.0,1115.5999755859375,-0.6453882511151421,1159.9000122070313,1165.5960009765624,1118.1120007324218,1088.7610034179688,1135.0906229118282,1150.1020161762738,1149.8706825088138,20.58093253520029,28.457162039620535,2.567409005125559,14826.05,0.4293793694207156,1245.0,858.9000244140625,-10.971885589231928,29.04878250180604,1.8037954091339157,True,1101.5999755859375,1203.800048828125,Sideways,Strong Negative,No Breakout,DIAMONDYD,DIAMONDYD.NS,Prataap Snacks Limited,,Unavailable,0,60,,39.0,Neutral Watch,-3,36.0,,,,,,,,,,,,No Immediate Trade,Confirmation Required,Technical setup is not strong enough for an immediate trade.,Wait for a clearer setup.,,Weak momentum | RSI indicates oversold conditions | Price is above 200 DMA | Price is near 200 DMA,Not Ready,1179,1179
433.79998779296875,437.20001220703125,428.8500061035156,434.25,42937.0,433.79998779296875,0.10373725672994105,438.81750030517577,454.4049993896484,468.48549987792967,440.6284996032715,439.71085386316247,441.3108071535583,450.666671382205,48.94958019110665,10.864288330078125,2.5018510834952505,215968.65,0.19881126265316748,549.2000122070312,367.6499938964844,-20.93044604006649,18.115057040438177,-1.4475912495479784,False,413.1000061035156,457.95001220703125,Downtrend,Negative,No Breakout,DLINKINDIA,DLINKINDIA.NS,D-Link (India) Limited,,Unavailable,0,60,,39.0,Weak / Avoid,-3,36.0,,,,,,,,,,,,Avoid,Avoid,Trend and momentum do not provide sufficient confirmation.,No long trade setup.,,Price trend is weak | Weak momentum | Price is below 200 DMA | Price is near 200 DMA,Avoid,1179,1179
1025.5,1046.0,1009.0999755859375,1039.699951171875,59951.0,1030.699951171875,0.8731930170140512,1102.1599914550782,1074.9460009765626,1066.44150390625,1013.6775006103516,1060.9606832454992,1078.5582921165492,1079.9789254318096,32.497702139402804,36.978602818080354,3.5566610132472096,179333.4,0.3342991322308059,1286.0,538.0,-19.152414372326984,93.25277902822955,2.567133091723443,True,1022.0999755859375,1204.0,Sideways,Strong Negative,No Breakout,DREDGECORP,DREDGECORP.NS,Dredging Corporation of India Limited,,Unavailable,0,60,,39.0,Neutral Watch,-3,36.0,,,,,,,,,,,,No Immediate Trade,Confirmation Required,Technical setup is not strong enough for an immediate trade.,Wait for a clearer setup.,,Weak momentum | Price is above 200 DMA | Price is near 200 DMA,Not Ready,1179,1179
235.0,235.0,231.0,232.17999267578125,10634.0,237.0500030517578,-2.0544232496437664,231.68349914550782,239.01120056152342,237.02410049438475,237.37835067749023,233.77302024669237,235.12155976091972,237.33569307780706,46.55592677570699,10.492854527064733,4.519275931633382,21187.7,0.5018949673631399,388.70001220703125,190.8000030517578,-40.267562288596885,21.687625242227274,-2.189904002143665,False,218.0,269.0,Downtrend,Negative,No Breakout,DYNPRO,DYNPRO.NS,Dynemic Products Limited,,Unavailable,0,60,,39.0,Weak / Avoid,-3,36.0,,,,,,,,,,,,Avoid,Avoid,Trend and momentum do not provide sufficient confirmation.,No long trade setup.,,Price trend is weak | Weak momentum | Price is below 200 DMA | Price is near 200 DMA,Avoid,1179,1179
2700.0,2733.300048828125,2678.0,2692.60009765625,56131.0,2715.89990234375,-0.8579036608599933,2882.839990234375,2818.482001953125,2695.4669995117188,2593.789503173828,2772.4747666752105,2827.3559066442554,2806.221247856606,11.177693227867252,71.11427525111607,2.6411005226144373,125455.9,0.4474161836948282,3072.0,2142.800048828125,-12.350257237752277,25.65801924117021,3.8095070691555635,True,2691.0,3072.0,Sideways,Strong Negative,No Breakout,ENDURANCE,ENDURANCE.NS,Endurance Technologies Limited,,Unavailable,0,60,,39.0,Neutral Watch,-3,36.0,,,,,,,,,,,,No Immediate Trade,Confirmation Required,Technical setup is not strong enough for an immediate trade.,Wait for a clearer setup.,,Weak momentum | RSI indicates oversold conditions | Price is above 200 DMA,Not Ready,1179,1179
3167.0,3191.0,3124.0,3181.300048828125,209741.0,3179.10009765625,0.06920043736580173,3295.5700073242188,3346.6180029296875,3413.8430053710936,3079.227000732422,3191.394161812943,3255.0541102391458,3331.8634750301267,22.297055292040056,90.34284319196429,2.8398089399094344,406192.8,0.5163582417019701,3968.0,2115.0,-19.826107640420236,50.4160779587766,3.314891954098355,True,3086.0,3639.0,Sideways,Strong Negative,No Breakout,ENRIN,ENRIN.NS,Siemens Energy India Limited,,Unavailable,0,60,,39.0,Neutral Watch,-3,36.0,,,,,,,,,,,,No Immediate Trade,Confirmation Required,Technical setup is not strong enough for an immediate trade.,Wait for a clearer setup.,,Weak momentum | RSI indicates oversold conditions | Price is above 200 DMA,Not Ready,1179,1179
2654.0,2668.0,2612.5,2635.39990234375,52075.0,2687.39990234375,-1.9349557895960823,2825.00498046875,2721.8039990234374,2565.467004394531,2585.153493652344,2754.726117107737,2784.426271339215,2719.7494328054895,23.287294890661343,77.39287458147321,2.936665305050862,78568.15,0.6628003841251194,3245.89990234375,1919.4000244140625,-18.808343398364794,37.30331712110203,1.9436528165458038,True,2652.699951171875,3062.699951171875,Sideways,Strong Negative,No Breakout,ETHOSLTD,ETHOSLTD.NS,Ethos Limited,,Unavailable,0,60,,39.0,Neutral Watch,-3,36.0,,,,,,,,,,,,No Immediate Trade,Confirmation Required,Technical setup is not strong enough for an immediate trade.,Wait for a clearer setup.,,Weak momentum | RSI indicates oversold conditions | Price is above 200 DMA | Price is near 200 DMA,Not Ready,1179,1179
995.0,995.0,961.2000122070312,980.7999877929688,11159.0,992.5999755859375,-1.1887958979651558,1033.4175018310548,991.7730029296876,967.6775012207031,945.5777514648438,1005.1691950260753,1016.4525784892935,999.9849696250748,23.198127519458396,28.017852783203125,2.8566326602684713,67061.5,0.16639949896736578,1210.0,800.0499877929688,-18.942149769176137,22.5923383235865,3.7249434299358617,True,974.3499755859375,1148.550048828125,Sideways,Strong Negative,No Breakout,EXCELINDUS,EXCELINDUS.NS,Excel Industries Limited,,Unavailable,0,60,,39.0,Neutral Watch,-3,36.0,,,,,,,,,,,,No Immediate Trade,Confirmation Required,Technical setup is not strong enough for an immediate trade.,Wait for a clearer setup.,,Weak momentum | RSI indicates oversold conditions | Price is above 200 DMA,Not Ready,1179,1179
897.5,900.0,885.0,887.7999877929688,784589.0,902.4500122070312,-1.623361318178096,913.025,934.6140014648438,946.6540026855469,913.2077508544921,906.458444930113,913.7593830143412,926.9447958007416,41.958342509794875,17.242863246372767,1.9422013385287107,1060846.35,0.7395877829056017,1104.300048828125,766.7999877929688,-19.605184412053998,15.779864622620371,-2.7822544254304935,False,887.6500244140625,941.9000244140625,Downtrend,Negative,No Breakout,FORTIS,FORTIS.NS,Fortis Healthcare Limited,,Unavailable,0,60,,39.0,Weak / Avoid,-3,36.0,,,,,,,,,,,,Avoid,Avoid,Trend and momentum do not provide sufficient confirmation.,No long trade setup.,,Price trend is weak | Weak momentum | Price is below 200 DMA | Price is near 200 DMA,Avoid,1179,1179
96.79000091552734,97.9800033569336,95.27999877929688,97.9800033569336,7112955.0,97.45999908447266,0.5335566153763516,98.14199981689453,104.43840042114257,102.99170036315918,100.39429985046387,97.41218201245357,98.68557523451977,101.60255552155368,47.56664002715815,2.3121441432407925,2.359812271916168,12730865.15,0.5587173311626822,115.63999938964844,84.11000061035156,-15.271528991633396,16.490313453731,-2.404814314285113,False,92.5999984741211,103.47000122070312,Downtrend,Negative,No Breakout,GMRAIRPORT,GMRAIRPORT.NS,GMR AIRPORTS LIMITED,,Unavailable,0,60,,39.0,Weak / Avoid,-3,36.0,,,,,,,,,,,,Avoid,Avoid,Trend and momentum do not provide sufficient confirmation.,No long trade setup.,,Price trend is weak | Weak momentum | Price is below 200 DMA | Price is near 200 DMA,Avoid,1179,1179
160.0,163.60000610351562,159.89999389648438,161.32000732421875,1544847.0,162.27000427246094,-0.5854421169836699,163.91449966430665,156.2431997680664,155.7066000366211,163.52130012512208,162.53345919031207,161.84267187526868,158.59992576033693,45.81766395853109,4.545003618512835,2.817383716936207,2465791.55,0.6265115962458384,200.08999633789062,141.5500030517578,-19.376275537634204,13.966798902315833,-1.3461810780729861,False,151.3000030517578,173.8000030517578,Downtrend,Negative,No Breakout,GPPL,GPPL.NS,Gujarat Pipavav Port Limited,,Unavailable,0,60,,39.0,Weak / Avoid,-3,36.0,,,,,,,,,,,,Avoid,Avoid,Trend and momentum do not provide sufficient confirmation.,No long trade setup.,,Price trend is weak | Weak momentum | Price is below 200 DMA | Price is near 200 DMA,Avoid,1179,1179
112.0999984741211,113.0,111.0,112.20999908447266,59297.0,113.47000122070312,-1.1104275338639669,112.5895004272461,116.66480026245117,118.03020004272462,113.75054985046387,112.00068663021045,112.90742748556325,115.40882327361759,49.41036383126981,3.8392862592424666,3.4215188401812737,179824.55,0.32974919164263167,150.0,96.22000122070312,-25.193333943684898,16.618164270329537,-1.3543237971301385,False,106.41000366210938,119.12999725341797,Downtrend,Negative,No Breakout,GPTINFRA,GPTINFRA.NS,GPT Infraprojects Limited,,Unavailable,0,60,,39.0,Weak / Avoid,-3,36.0,,,,,,,,,,,,Avoid,Avoid,Trend and momentum do not provide sufficient confirmation.,No long trade setup.,,Price trend is weak | Weak momentum | Price is below 200 DMA | Price is near 200 DMA,Avoid,1179,1179
176.39999389648438,176.6199951171875,173.0,174.83999633789062,160780.0,176.67999267578125,-1.0414288058451127,187.4909980773926,190.2139987182617,191.4898994445801,169.90189979553222,181.8516000524906,186.15615173143073,189.19555677842538,11.235512222525173,4.912142072405134,2.8095070780670075,227682.5,0.7061587956913684,227.6300048828125,121.5,-23.191146778782084,43.90123155381944,2.9064398622388223,True,176.39999389648438,202.1999969482422,Sideways,Strong Negative,No Breakout,GULPOLY,GULPOLY.NS,Gulshan Polyols Limited,,Unavailable,0,60,,39.0,Neutral Watch,-3,36.0,,,,,,,,,,,,No Immediate Trade,Confirmation Required,Technical setup is not strong enough for an immediate trade.,Wait for a clearer setup.,,Weak momentum | RSI indicates oversold conditions | Price is above 200 DMA | Price is near 200 DMA,Not Ready,1179,1179
34000.0,34700.0,33800.0,34580.0,2181.0,34150.0,1.2591508052708589,35899.5,37344.9,35766.3,33850.375,35037.12868302294,35801.15806914755,36431.88336350254,28.629032258064512,822.5,2.3785425101214575,3221.05,0.6771083963303891,41495.0,26220.0,-16.66465839257742,31.88405797101449,2.155441409437857,True,33875.0,37870.0,Sideways,Strong Negative,No Breakout,HONAUT,HONAUT.NS,Honeywell Automation India Limited,,Unavailable,0,60,,39.0,Neutral Watch,-3,36.0,,,,,,,,,,,,No Immediate Trade,Confirmation Required,Technical setup is not strong enough for an immediate trade.,Wait for a clearer setup.,,Weak momentum | RSI indicates oversold conditions | Price is above 200 DMA | Price is near 200 DMA,Not Ready,1179,1179
1371.5999755859375,1389.0,1367.5999755859375,1379.300048828125,7064417.0,1384.5,-0.3755833276904985,1417.3100036621095,1424.4299951171874,1360.0180017089845,1356.2840014648436,1403.753292828782,1414.2633920790952,1407.8018206602458,39.481449191544705,22.46429443359375,1.6286735038311473,8929162.55,0.7911623246236008,1480.0,1187.5999755859375,-6.804050754856419,16.14180508446092,1.696993206321321,True,1373.9000244140625,1454.0,Sideways,Strong Negative,No Breakout,ICICIBANK,ICICIBANK.NS,ICICI Bank Limited,,Unavailable,0,60,,39.0,Neutral Watch,-3,36.0,,,,,,,,,,,,No Immediate Trade,Confirmation Required,Technical setup is not strong enough for an immediate trade.,Wait for a clearer setup.,,Weak momentum | Price is above 200 DMA | Price is near 200 DMA,Not Ready,1179,1179
367.0,375.0,362.25,369.54998779296875,30095.0,367.0,0.6948195621168329,379.8649963378906,382.41099670410154,350.6134967041016,359.3262480163574,378.9097810329379,380.79631808334204,374.00394685568244,35.85485642472068,14.392859322684151,3.8946989035614297,52995.8,0.5678751901094049,432.0,279.79998779296875,-14.456021344220197,32.07648460171069,2.8452527008675257,True,355.70001220703125,412.5,Sideways,Strong Negative,No Breakout,INDIANHUME,INDIANHUME.NS,Indian Hume Pipe Company Limited,,Unavailable,0,60,,39.0,Neutral Watch,-3,36.0,,,,,,,,,,,,No Immediate Trade,Confirmation Required,Technical setup is not strong enough for an immediate trade.,Wait for a clearer setup.,,Weak momentum | Price is above 200 DMA | Price is near 200 DMA,Not Ready,1179,1179
90.19999694824219,91.26000213623047,89.0,89.97000122070312,2973675.0,91.29000091552734,-1.445941156299957,95.25100021362304,91.59200012207032,95.23300018310547,86.95479999542236,92.5041684313756,93.53452162549836,92.8264149768116,21.71498613141206,4.125714438302176,4.585655643353268,7282509.4,0.4083310898301072,117.0,63.0,-23.1025630592281,42.809525747147816,3.46755006674674,True,85.22000122070312,105.16999816894531,Sideways,Strong Negative,No Breakout,JAYNECOIND,JAYNECOIND.NS,Jayaswal Neco Industries Limited,,Unavailable,0,60,,39.0,Neutral Watch,-3,36.0,,,,,,,,,,,,No Immediate Trade,Confirmation Required,Technical setup is not strong enough for an immediate trade.,Wait for a clearer setup.,,Weak momentum | RSI indicates oversold conditions | Price is above 200 DMA,Not Ready,1179,1179
1111.0,1122.0,1058.0,1120.5,549857.0,1137.0,-1.451187335092352,1143.0550048828125,1097.21400390625,1139.926005859375,1130.4655026245118,1143.4440362173764,1138.8690680994575,1124.4150657005273,48.25106599519205,33.271449497767854,2.969339535722254,774133.85,0.710286728838947,1306.199951171875,977.0999755859375,-14.21680892004871,14.676085149635771,-0.8815397375130609,False,1086.0,1196.4000244140625,Downtrend,Negative,No Breakout,JINDALSTEL,JINDALSTEL.NS,JINDAL STEEL LIMITED,,Unavailable,0,60,,39.0,Weak / Avoid,-3,36.0,,,,,,,,,,,,Avoid,Avoid,Trend and momentum do not provide sufficient confirmation.,No long trade setup.,,Price trend is weak | Weak momentum | Price is below 200 DMA | Price is near 200 DMA,Avoid,1179,1179
92.02999877929688,92.9000015258789,89.41999816894531,91.63999938964844,22555.0,91.5999984741211,0.04366912248219279,101.0109992980957,99.14359954833985,97.35739974975586,87.87454984664917,97.18196094936161,99.48358615242063,99.2281207050448,29.66858341553123,4.642858232770648,5.066410152437322,55363.05,0.40740168758766,,,,,4.2850285430427695,True,90.3499984741211,109.80000305175781,Sideways,Strong Negative,No Breakout,JKIPL,JKIPL.NS,Jinkushal Industries Limited,,Unavailable,0,60,,39.0,Neutral Watch,-3,36.0,,,,,,,,,,,,No Immediate Trade,Confirmation Required,Technical setup is not strong enough for an immediate trade.,Wait for a clearer setup.,,Weak momentum | RSI indicates oversold conditions | Price is above 200 DMA,Not Ready,1179,1179
277.54998779296875,285.04998779296875,277.29998779296875,279.1499938964844,78427.0,281.0,-0.6583651613934594,299.4950012207031,306.58500122070313,284.974900970459,274.18994956970215,286.89822415203474,295.42435016556243,298.0795247744919,21.34830561700663,10.350001743861608,3.7076847466096097,133536.15,0.5873091294005406,340.0,235.60000610351562,-17.897060618681067,18.484714204054047,1.8089810857641684,True,279.0,324.0,Sideways,Strong Negative,No Breakout,JLHL,JLHL.NS,Jupiter Life Line Hospitals Limited,,Unavailable,0,60,,39.0,Neutral Watch,-3,36.0,,,,,,,,,,,,No Immediate Trade,Confirmation Required,Technical setup is not strong enough for an immediate trade.,Wait for a clearer setup.,,Weak momentum | RSI indicates oversold conditions | Price is above 200 DMA | Price is near 200 DMA,Not Ready,1179,1179
527.0,527.0,522.75,526.4500122070312,583365.0,530.4500122070312,-0.7540767099537438,537.7125,548.0990051269531,556.3720043945312,522.7032522583008,532.0888381587079,537.7417343623048,545.9236677543495,39.456952372086995,12.542857578822545,2.3825353382060426,1990814.55,0.29302829839173117,617.3499755859375,427.75,-14.724219158287246,23.074228452841904,0.7168044071933386,True,511.3999938964844,561.75,Sideways,Strong Negative,No Breakout,JSWENERGY,JSWENERGY.NS,JSW Energy Limited,,Unavailable,0,60,,39.0,Neutral Watch,-3,36.0,,,,,,,,,,,,No Immediate Trade,Confirmation Required,Technical setup is not strong enough for an immediate trade.,Wait for a clearer setup.,,Weak momentum | Price is above 200 DMA | Price is near 200 DMA,Not Ready,1179,1179
163.14999389648438,163.14999389648438,160.0500030517578,162.39999389648438,88951.0,162.2100067138672,0.11712420612393082,164.33600006103515,163.57040069580077,165.75850036621094,166.25970012664794,163.84639769208042,163.81513618582864,163.63278335546994,47.98873552828287,6.177857535226004,3.804099610474026,268653.95,0.33109879828679234,207.8000030517578,125.0,-21.84793478754927,29.919995117187497,-2.321492356369851,False,149.0500030517578,180.39999389648438,Downtrend,Negative,No Breakout,KCP,KCP.NS,KCP Limited,,Unavailable,0,60,,39.0,Weak / Avoid,-3,36.0,,,,,,,,,,,,Avoid,Avoid,Trend and momentum do not provide sufficient confirmation.,No long trade setup.,,Price trend is weak | Weak momentum | Price is below 200 DMA | Price is near 200 DMA,Avoid,1179,1179
5065.0,5083.0,5014.0,5040.5,524.0,5083.5,-0.8458739057735865,5211.725,5367.22,5203.374995117188,4994.218498535156,5129.894128462612,5206.623811171927,5262.8990187987465,20.868824531516182,125.60714285714286,2.491957997364207,872.1,0.600848526545121,6554.89990234375,4011.0,-23.103326136258246,25.666915981052107,0.9267015745990844,True,5001.0,5705.0,Sideways,Strong Negative,No Breakout,KICL,KICL.NS,Kalyani Investment Company Limited,,Unavailable,0,60,,39.0,Neutral Watch,-3,36.0,,,,,,,,,,,,No Immediate Trade,Confirmation Required,Technical setup is not strong enough for an immediate trade.,Wait for a clearer setup.,,Weak momentum | RSI indicates oversold conditions | Price is above 200 DMA | Price is near 200 DMA,Not Ready,1179,1179
112.44999694824219,114.83999633789062,111.0,113.9000015258789,6522.0,111.62000274658203,2.0426435434456103,112.56350021362304,116.88820022583008,117.77100006103515,115.98675010681153,111.44342748815791,112.59634204539037,115.34833182975244,44.54429263992948,3.8449979509626115,3.3757663735316106,12654.6,0.5153857095443554,147.0,97.58999633789062,-22.517005764708227,16.71278389182161,-1.7991266924980192,False,105.0,119.97000122070312,Downtrend,Negative,No Breakout,LOTUSEYE,LOTUSEYE.NS,Lotus Eye Hospital and Institute Limited,,Unavailable,0,60,,39.0,Weak / Avoid,-3,36.0,,,,,,,,,,,,Avoid,Avoid,Trend and momentum do not provide sufficient confirmation.,No long trade setup.,,Price trend is weak | Weak momentum | Price is below 200 DMA | Price is near 200 DMA,Avoid,1179,1179
13098.0,13120.0,12852.0,12964.0,1980.0,13098.0,-1.0230569552603486,13379.55,13251.74,12840.44,13133.56,13302.461837463892,13361.20578211307,13225.183078320124,45.44959128065395,347.42857142857144,2.6799488693965707,3490.05,0.5673271156573688,18538.0,10901.0,-30.067968497141006,18.924869278047886,-1.2910437078750887,False,13001.0,13974.0,Downtrend,Negative,No Breakout,MAHSCOOTER,MAHSCOOTER.NS,Maharashtra Scooters Limited,,Unavailable,0,60,,39.0,Weak / Avoid,-3,36.0,,,,,,,,,,,,Avoid,Avoid,Trend and momentum do not provide sufficient confirmation.,No long trade setup.,,Price trend is weak | Weak momentum | Price is below 200 DMA | Price is near 200 DMA,Avoid,1179,1179
15.149999618530273,15.149999618530273,14.800000190734863,14.960000038146973,811.0,15.149999618530273,-1.254122674372271,15.349500131607055,15.09520004272461,15.060699996948243,14.947999992370605,15.008923458329523,15.147187428176917,15.16803467002483,34.31952095078505,0.7078571319580078,4.731665308509497,11644.95,0.06964392290220224,24.0,9.649999618530273,-37.66666650772095,55.02591325931503,0.0802786043784641,True,13.819999694824219,17.15999984741211,Sideways,Strong Negative,No Breakout,MANUGRAPH,MANUGRAPH.NS,Manugraph India Limited,,Unavailable,0,60,,39.0,Neutral Watch,-3,36.0,,,,,,,,,,,,No Immediate Trade,Confirmation Required,Technical setup is not strong enough for an immediate trade.,Wait for a clearer setup.,,Weak momentum | Price is above 200 DMA | Price is near 200 DMA,Not Ready,1179,1179
1099.9000244140625,1099.9000244140625,1080.4000244140625,1084.300048828125,76835.0,1100.800048828125,-1.4989098172338733,1101.8400024414063,1107.0540014648439,1114.7680017089845,1103.985750427246,1090.337125413773,1097.1693352227494,1106.2950961142537,42.89787719190403,24.578595842633927,2.2667707032935804,266868.5,0.2879133355941222,1378.0,900.0,-21.313494279526488,20.477783203125,-1.7831481603365507,False,1062.0,1173.199951171875,Downtrend,Negative,No Breakout,MGL,MGL.NS,Mahanagar Gas Limited,,Unavailable,0,60,,39.0,Weak / Avoid,-3,36.0,,,,,,,,,,,,Avoid,Avoid,Trend and momentum do not provide sufficient confirmation.,No long trade setup.,,Price trend is weak | Weak momentum | Price is below 200 DMA | Price is near 200 DMA,Avoid,1179,1179
126.63999938964844,126.63999938964844,122.4000015258789,123.91000366210938,1863.0,125.38999938964844,-1.1803140080892671,126.86300086975098,126.2018000793457,128.80479957580567,123.80284992218017,126.79158009871023,126.87225384129754,126.59821951841406,39.05488667467491,8.415715898786273,6.791796989801662,8153.7,0.22848522756539977,167.5,98.41000366210938,-26.02387841068097,25.911999848668042,0.0865519170169,True,111.20999908447266,145.0,Sideways,Strong Negative,No Breakout,MODIRUBBER,MODIRUBBER.NS,Modi Rubber Limited,,Unavailable,0,60,,39.0,Neutral Watch,-3,36.0,,,,,,,,,,,,No Immediate Trade,Confirmation Required,Technical setup is not strong enough for an immediate trade.,Wait for a clearer setup.,,Weak momentum | Price is above 200 DMA | Price is near 200 DMA,Not Ready,1179,1179
196.1300048828125,197.0,190.25,196.47999572753906,130018.0,196.1300048828125,0.1784483944390347,205.31800003051757,222.1572003173828,207.59160018920898,191.14655014038087,200.27205968313115,205.73690828756213,211.38755743665914,36.80469082184292,7.255713326590402,3.6928509183458953,292351.0,0.44473253041720395,262.7699890136719,141.1999969482422,-25.227383665447334,39.150141624691486,2.7902389989467418,True,193.35000610351562,221.0,Sideways,Strong Negative,No Breakout,MUTHOOTMF,MUTHOOTMF.NS,Muthoot Microfin Limited,,Unavailable,0,60,,39.0,Neutral Watch,-3,36.0,,,,,,,,,,,,No Immediate Trade,Confirmation Required,Technical setup is not strong enough for an immediate trade.,Wait for a clearer setup.,,Weak momentum | Price is above 200 DMA | Price is near 200 DMA,Not Ready,1179,1179
2660.0,2705.0,2648.89990234375,2692.199951171875,203.0,2716.0,-0.8762904575892905,2763.1849975585938,2761.8460009765627,2689.2309985351562,2695.2324987792967,2739.63117684222,2753.0024943145677,2738.8948712652773,46.24110063027982,117.88572474888393,4.378787864458953,359.1,0.5653021442495126,4050.0,2100.0,-33.52592713155864,28.19999767485119,-0.1125152508659355,False,2665.0,3140.89990234375,Downtrend,Negative,No Breakout,NDGL,NDGL.NS,Naga Dhunseri Group Limited,,Unavailable,0,60,,39.0,Weak / Avoid,-3,36.0,,,,,,,,,,,,Avoid,Avoid,Trend and momentum do not provide sufficient confirmation.,No long trade setup.,,Price trend is weak | Weak momentum | Price is below 200 DMA | Price is near 200 DMA,Avoid,1179,1179
1298.0,1298.0,1266.5,1282.4000244140625,40817.0,1298.199951171875,-1.2170641928887838,1379.1449951171876,1443.4239965820314,1416.0559979248046,1234.9017504882813,1324.7231739172403,1363.6062306214635,1409.6777097583108,18.97926215580712,40.64286586216518,3.1692814323467586,66587.35,0.6129842980686271,1848.0,809.5999755859375,-30.60605928495333,58.39921727837777,3.8463200742083585,True,1287.0999755859375,1570.0,Sideways,Strong Negative,No Breakout,NIBE,NIBE.NS,NIBE Limited,,Unavailable,0,60,,39.0,Neutral Watch,-3,36.0,,,,,,,,,,,,No Immediate Trade,Confirmation Required,Technical setup is not strong enough for an immediate trade.,Wait for a clearer setup.,,Weak momentum | RSI indicates oversold conditions | Price is above 200 DMA,Not Ready,1179,1179
83.79000091552734,83.79000091552734,82.25,82.4000015258789,9234255.0,84.5999984741211,-2.6004692528631246,85.20100021362305,84.79279968261719,87.00889999389648,83.89424995422364,84.56848680448596,84.96870837339107,85.30757302627882,40.34215262005994,2.1114278520856584,2.562412394400908,17459596.65,0.5288928023431745,97.48999786376953,72.23999786376953,-15.478507199248345,14.064235828562937,-1.7811094671685603,False,81.05000305175781,89.0999984741211,Downtrend,Negative,No Breakout,NMDC,NMDC.NS,NMDC Limited,,Unavailable,0,60,,39.0,Weak / Avoid,-3,36.0,,,,,,,,,,,,Avoid,Avoid,Trend and momentum do not provide sufficient confirmation.,No long trade setup.,,Price trend is weak | Weak momentum | Price is below 200 DMA | Price is near 200 DMA,Avoid,1179,1179
387.8999938964844,399.95001220703125,383.45001220703125,397.6499938964844,89281.0,388.6499938964844,2.3157082571309884,396.3099990844727,439.3720001220703,451.0404995727539,402.35249923706056,391.35047527698225,398.2810885773505,423.4259980212419,44.840057948443864,13.50714111328125,3.396741184610054,111783.95,0.7986924777662625,647.0,292.3999938964844,-38.5394136172358,35.9952127896626,-1.1687526110793534,False,370.04998779296875,430.0,Downtrend,Negative,No Breakout,PANACEABIO,PANACEABIO.NS,Panacea Biotec Limited,,Unavailable,0,60,,39.0,Weak / Avoid,-3,36.0,,,,,,,,,,,,Avoid,Avoid,Trend and momentum do not provide sufficient confirmation.,No long trade setup.,,Price trend is weak | Weak momentum | Price is below 200 DMA | Price is near 200 DMA,Avoid,1179,1179
13.4399995803833,13.4399995803833,13.0,13.180000305175781,14144.0,13.109999656677246,0.5339485151159673,13.351499986648559,14.143200016021728,13.648499975204468,12.819099979400635,13.217434565783382,13.401987170759218,13.700683716506777,36.74700698652274,0.5842855317252023,4.433122292840567,65446.4,0.21611578329747702,16.899999618530273,8.010000228881836,-22.011830753390313,64.54431870866073,2.815332795243715,True,12.420000076293945,14.550000190734863,Sideways,Strong Negative,No Breakout,PATINTLOG,PATINTLOG.NS,Patel Integrated Logistics Limited,,Unavailable,0,60,,39.0,Neutral Watch,-3,36.0,,,,,,,,,,,,No Immediate Trade,Confirmation Required,Technical setup is not strong enough for an immediate trade.,Wait for a clearer setup.,,Weak momentum | Price is above 200 DMA | Price is near 200 DMA,Not Ready,1179,1179
1550.0,1567.9000244140625,1540.4000244140625,1566.9000244140625,389368.0,1569.0,-0.1338416562101652,1633.025,1624.5480053710937,1558.1839978027344,1495.8040020751953,1597.004614975341,1619.2128496382425,1612.123431533125,32.10304030667294,32.842860630580354,2.096040597284555,682022.65,0.5709018608106343,1707.5,1259.0,-8.23425918512079,24.455919333920768,4.753030627022828,True,1553.5,1707.5,Sideways,Strong Negative,No Breakout,PIDILITIND,PIDILITIND.NS,Pidilite Industries Limited,,Unavailable,0,60,,39.0,Neutral Watch,-3,36.0,,,,,,,,,,,,No Immediate Trade,Confirmation Required,Technical setup is not strong enough for an immediate trade.,Wait for a clearer setup.,,Weak momentum | Price is above 200 DMA,Not Ready,1179,1179
240.0,246.6999969482422,236.0,238.85000610351562,7156.0,242.75,-1.6065886288298192,262.9400001525879,281.6683996582031,251.69650009155274,231.0942002105713,251.3657695725381,261.52558506962384,266.5302658960777,25.328164583063312,10.50356946672712,4.397558801893,12456.65,0.5744722698317766,379.5,176.0,-37.0619219753582,35.71023074063388,3.3561231246293897,True,240.0500030517578,298.8999938964844,Sideways,Strong Negative,No Breakout,PPAP,PPAP.NS,PPAP Automotive Limited,,Unavailable,0,60,,39.0,Neutral Watch,-3,36.0,,,,,,,,,,,,No Immediate Trade,Confirmation Required,Technical setup is not strong enough for an immediate trade.,Wait for a clearer setup.,,Weak momentum | RSI indicates oversold conditions | Price is above 200 DMA,Not Ready,1179,1179
14.9399995803833,15.0,14.510000228881836,14.90999984741211,84922.0,14.890000343322754,0.13431500086111825,16.721499967575074,17.407999897003172,16.051399936676024,14.656949954032898,15.709360265895103,16.416929598981973,16.74871233583989,0.7246201540530564,0.732142720903669,4.910414006682537,115701.05,0.7339777815326655,20.989999771118164,10.40999984741211,-28.966174321126093,43.22766633967516,1.726483983180853,True,14.720000267028809,18.18000030517578,Sideways,Strong Negative,No Breakout,PRITIKAUTO,PRITIKAUTO.NS,Pritika Auto Industries Limited,,Unavailable,0,60,,39.0,Neutral Watch,-3,36.0,,,,,,,,,,,,No Immediate Trade,Confirmation Required,Technical setup is not strong enough for an immediate trade.,Wait for a clearer setup.,,Weak momentum | RSI indicates oversold conditions | Price is above 200 DMA | Price is near 200 DMA,Not Ready,1179,1179
828.5999755859375,844.8499755859375,828.2000122070312,831.7999877929688,9494.0,840.2000122070312,-0.999764852656615,855.8575012207032,886.8909948730469,894.7225,823.9655010986328,842.3909080062974,856.3276786824886,874.6903332612744,37.1503230239173,24.453578404017858,2.9398387548551206,29657.7,0.3201192270472761,1179.0,551.9000244140625,-29.448686361919528,50.71570048870148,0.9508270290309324,True,803.1500244140625,969.0,Sideways,Strong Negative,No Breakout,RPSGVENT,RPSGVENT.NS,RPSG VENTURES LIMITED,,Unavailable,0,60,,39.0,Neutral Watch,-3,36.0,,,,,,,,,,,,No Immediate Trade,Confirmation Required,Technical setup is not strong enough for an immediate trade.,Wait for a clearer setup.,,Weak momentum | Price is above 200 DMA | Price is near 200 DMA,Not Ready,1179,1179
261.45001220703125,261.45001220703125,255.0,260.04998779296875,55.0,262.75,-1.027597414664605,265.5854965209961,256.96299865722654,265.20650009155275,264.11080047607425,263.54571790792124,262.83962994428657,261.1334291093119,47.73203147760398,14.214286804199219,5.4659824923797,1018.7,0.05399037989594581,320.0,200.0,-18.734378814697266,30.024993896484375,-1.5375413181837538,False,247.91000366210938,287.29998779296875,Downtrend,Negative,No Breakout,SALONA,SALONA.NS,Salona Cotspin Limited,,Unavailable,0,60,,39.0,Weak / Avoid,-3,36.0,,,,,,,,,,,,Avoid,Avoid,Trend and momentum do not provide sufficient confirmation.,No long trade setup.,,Price trend is weak | Weak momentum | Price is below 200 DMA | Price is near 200 DMA,Avoid,1179,1179
217.39999389648438,218.0,214.0399932861328,217.27000427246094,148214.0,216.7899932861328,0.22141750135791227,221.10649871826172,224.22139923095702,217.68739974975585,216.94524955749512,218.21025359473967,220.32980694268392,221.21594520551588,23.756921602706683,5.4500002179827005,2.508399738027478,356297.1,0.4159843007422738,,,,,0.14969431947840525,True,213.5,233.5,Sideways,Strong Negative,No Breakout,SHRINGARMS,SHRINGARMS.NS,Shringar House of Mangalsutra Limited,,Unavailable,0,60,,39.0,Neutral Watch,-3,36.0,,,,,,,,,,,,No Immediate Trade,Confirmation Required,Technical setup is not strong enough for an immediate trade.,Wait for a clearer setup.,,Weak momentum | RSI indicates oversold conditions | Price is above 200 DMA | Price is near 200 DMA,Not Ready,1179,1179
214.10000610351562,217.77000427246094,212.0399932861328,213.35000610351562,203063.0,216.19000244140625,-1.3136575724219002,215.14000091552734,224.08880004882812,233.24299942016603,216.48234970092773,216.3875593132331,217.29432435778773,222.87556959366893,45.87699492282678,10.422143118722099,4.884997806686428,380293.2,0.5339643201613913,275.0,121.0,-22.41817959872159,76.32231909381456,-1.4469279374228257,False,202.10000610351562,248.49000549316406,Downtrend,Negative,No Breakout,SOUTHWEST,SOUTHWEST.NS,South West Pinnacle Exploration Limited,,Unavailable,0,60,,39.0,Weak / Avoid,-3,36.0,,,,,,,,,,,,Avoid,Avoid,Trend and momentum do not provide sufficient confirmation.,No long trade setup.,,Price trend is weak | Weak momentum | Price is below 200 DMA | Price is near 200 DMA,Avoid,1179,1179
716.25,740.9500122070312,700.0499877929688,713.6500244140625,768.0,725.0999755859375,-1.5790858581428813,784.9974945068359,794.0739978027344,748.3584997558594,685.6070004272461,741.4214672328294,764.718108254793,774.4350596270975,11.65701746030065,29.250004359654017,4.098648267218871,2315.4,0.3316921482249287,920.0,460.0,-22.42934517238451,55.14130965523098,4.090247615520399,True,719.0,920.0,Sideways,Strong Negative,No Breakout,SUNDRMBRAK,SUNDRMBRAK.NS,Sundaram Brake Linings Limited,,Unavailable,0,60,,39.0,Neutral Watch,-3,36.0,,,,,,,,,,,,No Immediate Trade,Confirmation Required,Technical setup is not strong enough for an immediate trade.,Wait for a clearer setup.,,Weak momentum | RSI indicates oversold conditions | Price is above 200 DMA,Not Ready,1179,1179
25.5,25.6299991607666,25.010000228881836,25.510000228881836,25340.0,25.6299991607666,-0.4681971744597502,25.844500255584716,26.068600158691407,26.584900074005127,25.66995002746582,25.83295589039058,25.928609105250136,26.084195634608253,46.10091281572987,0.8628568649291992,3.3824259395822844,39514.7,0.6412803336479842,37.220001220703125,18.309999465942383,-31.461581428717842,39.322779753936395,-0.6231013243611462,False,25.0,27.75,Downtrend,Negative,No Breakout,SURANASOL,SURANASOL.NS,Surana Solar Limited,,Unavailable,0,60,,39.0,Weak / Avoid,-3,36.0,,,,,,,,,,,,Avoid,Avoid,Trend and momentum do not provide sufficient confirmation.,No long trade setup.,,Price trend is weak | Weak momentum | Price is below 200 DMA | Price is near 200 DMA,Avoid,1179,1179
183.88999938964844,183.88999938964844,179.4199981689453,180.8000030517578,1260819.0,184.8699951171875,-2.2015427992247982,186.8875,194.57100006103516,186.47609954833985,184.55284973144532,185.4430833448672,188.4040481411329,190.34260169507672,40.48364855427499,4.737855093819754,2.6204950297835135,2642589.7,0.47711493010057515,249.14999389648438,154.0,-27.43327012607686,17.40259938425832,-2.0334807536965784,False,179.30999755859375,199.5,Downtrend,Negative,No Breakout,TIMETECHNO,TIMETECHNO.NS,Time Technoplast Limited,,Unavailable,0,60,,39.0,Weak / Avoid,-3,36.0,,,,,,,,,,,,Avoid,Avoid,Trend and momentum do not provide sufficient confirmation.,No long trade setup.,,Price trend is weak | Weak momentum | Price is below 200 DMA | Price is near 200 DMA,Avoid,1179,1179
1285.0,1285.0,1247.5,1253.5999755859375,25521.0,1285.9000244140625,-2.5118631475913533,1300.4700012207031,1315.9380004882812,1279.5760009765625,1241.5989984130858,1284.9160190684456,1298.779336386409,1304.4277656889506,38.302535723277266,43.971444266183035,3.507613682397418,70303.4,0.3630123151938598,1470.9000244140625,1035.300048828125,-14.773271141571104,21.085667580612032,0.9665743277974908,True,1251.0999755859375,1416.5,Sideways,Strong Negative,No Breakout,TRAVELFOOD,TRAVELFOOD.NS,Travel Food Services Limited,,Unavailable,0,60,,39.0,Neutral Watch,-3,36.0,,,,,,,,,,,,No Immediate Trade,Confirmation Required,Technical setup is not strong enough for an immediate trade.,Wait for a clearer setup.,,Weak momentum | Price is above 200 DMA | Price is near 200 DMA,Not Ready,1179,1179
1217.0,1217.5999755859375,1199.5,1201.5999755859375,374682.0,1224.800048828125,-1.8941927104252687,1255.0150024414063,1212.71400390625,1159.4890063476562,1169.069006652832,1235.0684069485496,1241.5384153015539,1215.5196944898519,35.6441131565864,27.800005231584823,2.3135823732044165,702732.5,0.5331786988647885,1382.0,994.0,-13.053547352681802,20.885309415084254,2.782638898814454,True,1218.199951171875,1307.5,Sideways,Strong Negative,No Breakout,UNOMINDA,UNOMINDA.NS,UNO Minda Limited,,Unavailable,0,60,,39.0,Neutral Watch,-3,36.0,,,,,,,,,,,,No Immediate Trade,Confirmation Required,Technical setup is not strong enough for an immediate trade.,Wait for a clearer setup.,,Weak momentum | Price is above 200 DMA | Price is near 200 DMA,Not Ready,1179,1179
572.5999755859375,573.2999877929688,557.7000122070312,566.2000122070312,200543.0,575.5999755859375,-1.633072233774413,592.1650024414063,609.1699975585938,613.8545007324219,549.3027497863769,582.9089630972799,590.3969044656957,600.9471550402034,35.36683126029723,18.52142333984375,3.271180314470107,1548815.75,0.12948150869462685,688.0,385.5,-17.703486597815225,46.874192531006805,3.076129225135984,True,567.0,637.8499755859375,Sideways,Strong Negative,No Breakout,VTL,VTL.NS,Vardhman Textiles Limited,,Unavailable,0,60,,39.0,Neutral Watch,-3,36.0,,,,,,,,,,,,No Immediate Trade,Confirmation Required,Technical setup is not strong enough for an immediate trade.,Wait for a clearer setup.,,Weak momentum | Price is above 200 DMA,Not Ready,1179,1179
206.0,206.0,205.0,205.0,17.0,204.97999572753906,0.009759134002296221,206.96650085449218,205.8702005004883,206.555899810791,207.8087995147705,205.50542363703437,207.20001885305686,206.9806548796089,49.811723094406595,5.926428658621652,2.8909408090837325,324.65,0.052364084398583095,306.6000061035156,174.0,-33.13763994812609,17.81609195402299,-1.3516268422362243,False,192.0,233.39999389648438,Downtrend,Negative,No Breakout,ZENITHEXPO,ZENITHEXPO.NS,Zenith Exports Limited,,Unavailable,0,60,,39.0,Weak / Avoid,-3,36.0,,,,,,,,,,,,Avoid,Avoid,Trend and momentum do not provide sufficient confirmation.,No long trade setup.,,Price trend is weak | Weak momentum | Price is below 200 DMA | Price is near 200 DMA,Avoid,1179,1179
1434.699951171875,1465.0,1404.0,1448.4000244140625,10843.0,1434.5999755859375,0.9619440305991045,1480.3800048828125,1426.33,1409.5059973144532,1479.6644958496095,1442.3166503520706,1458.7239396876726,1444.7698816077257,36.89242574490964,49.94285365513393,3.448139520388221,9927.75,1.0921910805570245,2086.89990234375,1190.0999755859375,-30.59561588040724,21.704063030583022,-2.112943273508445,False,1394.0,1673.5999755859375,Downtrend,Negative,No Breakout,BIRLANU,BIRLANU.NS,BirlaNu Limited,,Unavailable,0,60,,38.0,Weak / Avoid,-3,35.0,,,,,,,,,,,,Avoid,Avoid,Trend and momentum do not provide sufficient confirmation.,No long trade setup.,,Price trend is weak | Weak momentum | Price is below 200 DMA | Price is near 200 DMA,Avoid,1287,1287
7.25,7.28000020980835,7.059999942779541,7.239999771118164,227358.0,7.199999809265137,0.5555550404536813,7.256499981880188,7.324999990463257,7.536800012588501,7.45599999666214,7.19792588831495,7.255651525030371,7.3619091001250725,43.18180011978739,0.302142824445452,4.173243563497906,238301.4,0.9540774833886835,11.260000228881836,4.909999847412109,-35.701601918731704,47.45417507363298,-2.896998734451093,False,6.710000038146973,7.880000114440918,Strong Downtrend,Negative,No Breakout,GTL,GTL.NS,GTL Limited,,Unavailable,0,60,,38.0,Weak / Avoid,-3,35.0,,,,,,,,,,,,Avoid,Avoid,Trend and momentum do not provide sufficient confirmation.,No long trade setup.,,Price trend is weak | Weak momentum | Price is below 200 DMA | Price is near 200 DMA,Avoid,1287,1287
246.07000732421875,249.0,243.85000610351562,245.38999938964844,12982.0,249.0800018310547,-1.4814527116910448,247.2479995727539,249.51020080566406,248.24850051879883,259.6860497283935,250.31593207076554,249.16797226086067,249.0230273584288,51.05693315637501,10.977856227329799,4.4736363562633805,27480.4,0.4724094263547837,388.1000061035156,203.0,-36.771451808687424,20.881773098348987,-5.505128347748127,False,235.0,273.989990234375,Strong Downtrend,Neutral,No Breakout,IRIS,IRIS.NS,IRIS RegTech Solutions Limited,,Unavailable,0,60,,38.0,200 DMA Recovery Watch,-3,35.0,259.69,265.17,259.69,232.26,273.99,295.95,27.43,14.3,36.26,0.52,1.32,200 DMA Recovery,Confirmation Required,Stock is recovering around the 200 DMA. Confirmation above the recovery level is preferred.,Below ₹232.26,0.52,Price trend is weak | RSI supports positive momentum | Price is below 200 DMA,Poor,1287,1287
619.0499877929688,619.0499877929688,607.0,615.0,105218.0,627.5,-1.9920318725099584,623.0250061035156,639.4559997558594,640.4464984130859,635.2967500305176,624.0548937978078,626.4163827090401,633.8722345685471,44.329907448409195,13.610713413783483,2.2131241323225175,103308.3,1.0184854459903028,879.7999877929688,502.0,-30.09774851864177,22.50996015936255,-3.1948455630447703,False,604.6500244140625,649.0,Downtrend,Negative,No Breakout,BANCOINDIA,BANCOINDIA.NS,Banco Products (I) Limited,,Unavailable,0,60,,37.0,Weak / Avoid,-3,34.0,,,,,,,,,,,,Avoid,Avoid,Trend and momentum do not provide sufficient confirmation.,No long trade setup.,,Price trend is weak | Weak momentum | Price is below 200 DMA,Avoid,1296,1296
140.0,140.10000610351562,137.25999450683594,140.0,4385344.0,141.0,-0.7092198581560294,142.78300094604492,142.2686001586914,142.4463998413086,147.55775016784668,141.79668652376023,142.37976486789196,142.6838848216042,44.15887683872026,2.988572256905692,2.134694469218351,5444349.8,0.805485349233071,178.36000061035156,116.0,-21.507064632811648,20.689655172413794,-5.121893061699403,False,139.72999572753906,147.89999389648438,Downtrend,Negative,No Breakout,BANKINDIA,BANKINDIA.NS,Bank of India,,Unavailable,0,60,,37.0,Weak / Avoid,-3,34.0,,,,,,,,,,,,Avoid,Avoid,Trend and momentum do not provide sufficient confirmation.,No long trade setup.,,Price trend is weak | Weak momentum | Price is below 200 DMA,Avoid,1296,1296
402.6000061035156,405.3999938964844,399.25,404.3500061035156,7805974.0,405.0,-0.16049232011959846,409.2175018310547,406.1780010986328,413.1110006713867,418.90250076293944,406.7365931755148,407.2909103638594,408.3237578787892,45.05845686839827,6.8000030517578125,1.681712117995363,9724194.75,0.8027373166297395,473.45001220703125,380.45001220703125,-14.594995104424967,6.2820326270560365,-3.4739574561907896,False,402.0,416.3500061035156,Downtrend,Negative,No Breakout,BEL,BEL.NS,Bharat Electronics Limited,,Unavailable,0,60,,37.0,Weak / Avoid,-3,34.0,,,,,,,,,,,,Avoid,Avoid,Trend and momentum do not provide sufficient confirmation.,No long trade setup.,,Price trend is weak | Weak momentum | Price is below 200 DMA,Avoid,1296,1296
391.54998779296875,396.8500061035156,384.6499938964844,390.6499938964844,3665623.0,391.6499938964844,-0.2553300180222373,405.917497253418,418.35,413.89500030517576,395.86349960327146,396.6769838843144,404.3150271844249,411.82052349274477,30.36649214659687,8.696432931082589,2.226144391899567,2920456.7,1.2551540312171037,447.1499938964844,337.04998779296875,-12.635581073736926,15.90268744837907,-1.3169958109328057,False,388.45001220703125,421.6000061035156,Downtrend,Strong Negative,No Breakout,BIOCON,BIOCON.NS,Biocon Limited,,Unavailable,0,60,,37.0,Weak / Avoid,-3,34.0,,,,,,,,,,,,Avoid,Avoid,Trend and momentum do not provide sufficient confirmation.,No long trade setup.,,Price trend is weak | Weak momentum | Volume is above average | Price is below 200 DMA | Price is near 200 DMA,Avoid,1296,1296
1030.0,1080.0,1015.2999877929688,1059.0999755859375,32122.0,1032.199951171875,2.6060865807562283,1075.4349884033204,1179.2120031738282,1282.5275067138673,1114.5185040283204,1047.439512733475,1081.6967892515493,1158.5887914379653,42.60124047869852,39.19287545340402,3.700583170320716,32626.95,0.9845235303943519,1924.800048828125,781.0,-44.97610407736904,35.608191496278806,-4.972418873448754,False,990.0,1265.0,Downtrend,Negative,No Breakout,DSSL,DSSL.NS,Dynacons Systems & Solutions Limited,,Unavailable,0,60,,37.0,Weak / Avoid,-3,34.0,,,,,,,,,,,,Avoid,Avoid,Trend and momentum do not provide sufficient confirmation.,No long trade setup.,,Price trend is weak | Weak momentum | Price is below 200 DMA,Avoid,1296,1296
41.470001220703125,41.470001220703125,40.099998474121094,41.0,47094.0,41.29999923706055,-0.7263904179236502,43.92600021362305,46.64740013122559,45.4051000213623,42.13150001525879,42.5696294088268,43.6492153699732,44.934636144554126,21.066338473993355,1.4771436963762556,3.6027895033567208,39113.0,1.2040498044128551,57.849998474121094,31.5,-29.12705085317998,30.158730158730158,-2.6856390464355435,False,41.0,46.0,Downtrend,Strong Negative,No Breakout,GINNIFILA,GINNIFILA.NS,Ginni Filaments Limited,,Unavailable,0,60,,37.0,Weak / Avoid,-3,34.0,,,,,,,,,,,,Avoid,Avoid,Trend and momentum do not provide sufficient confirmation.,No long trade setup.,,Price trend is weak | Weak momentum | Volume is above average | RSI indicates oversold conditions | Price is below 200 DMA | Price is near 200 DMA,Avoid,1296,1296
1855.0,1855.0,1719.0,1748.0,2684348.0,1872.0,-6.623931623931623,1979.4499877929688,2039.2599926757812,1911.3919946289063,1859.6219995117187,1896.4618957945881,1955.2201026631644,1974.932303792241,18.953409958143993,67.22142682756696,3.8456193837280868,693340.25,3.871617146127028,2352.0,1434.0,-25.68027210884354,21.896792189679218,-6.00240261413488,False,1836.0,2095.0,Downtrend,Strong Negative,No Breakout,GODREJPROP,GODREJPROP.NS,Godrej Properties Limited,,Unavailable,0,60,,37.0,Weak / Avoid,-3,34.0,,,,,,,,,,,,Avoid,Avoid,Trend and momentum do not provide sufficient confirmation.,No long trade setup.,,Price trend is weak | Weak momentum | Volume is more than 2x average | RSI indicates oversold conditions | Price is below 200 DMA,Avoid,1296,1296
46.040000915527344,46.9900016784668,45.0,45.0,44583.0,46.5,-3.2258064516129004,48.41100006103515,53.493400192260744,48.7881001663208,46.70570006370544,47.248628181975334,48.77905188952525,50.33046068899173,28.95926039721199,2.1807141985212053,4.846031552269345,17468.9,2.5521355093909746,72.0199966430664,29.68000030517578,-37.51735337753269,51.61724911489514,-3.6520169088117926,False,46.0,53.79999923706055,Downtrend,Strong Negative,No Breakout,GOLDTECH,GOLDTECH.NS,AION-TECH SOLUTIONS LIMITED,,Unavailable,0,60,,37.0,Weak / Avoid,-3,34.0,,,,,,,,,,,,Avoid,Avoid,Trend and momentum do not provide sufficient confirmation.,No long trade setup.,,Price trend is weak | Weak momentum | Volume is more than 2x average | RSI indicates oversold conditions | Price is below 200 DMA,Avoid,1296,1296
234.39999389648438,237.77999877929688,231.11000061035156,234.6300048828125,81141.0,236.38999938964844,-0.7445300187741366,246.14300079345702,250.95220001220704,244.5252001953125,241.39615020751953,239.60686092526012,244.1059266848775,247.29473742674628,22.671819215277495,5.58642578125,2.3809511422207814,62108.6,1.3064374337853373,278.6300048828125,197.58999633789062,-15.7915512432,18.74589262180119,-2.802921802559989,False,234.6999969482422,261.3999938964844,Downtrend,Strong Negative,No Breakout,GREENLAM,GREENLAM.NS,Greenlam Industries Limited,,Unavailable,0,60,,37.0,Weak / Avoid,-3,34.0,,,,,,,,,,,,Avoid,Avoid,Trend and momentum do not provide sufficient confirmation.,No long trade setup.,,Price trend is weak | Weak momentum | Volume is above average | RSI indicates oversold conditions | Price is below 200 DMA | Price is near 200 DMA,Avoid,1296,1296
32.70000076293945,33.13999938964844,32.540000915527344,33.06999969482422,1926531.0,32.86000061035156,0.6390720650397697,33.04249992370605,33.659199981689454,33.873599967956544,34.478300075531,33.04102441826494,33.15873188958925,33.50320316114181,48.51751162403321,0.5564287730625698,1.6825787063725204,2108135.4,0.9138554383176717,41.79999923706055,31.200000762939453,-20.88516675018542,5.993586173581193,-4.084599233783699,False,31.829999923706055,33.7599983215332,Downtrend,Negative,No Breakout,IOB,IOB.NS,Indian Overseas Bank,,Unavailable,0,60,,37.0,Weak / Avoid,-3,34.0,,,,,,,,,,,,Avoid,Avoid,Trend and momentum do not provide sufficient confirmation.,No long trade setup.,,Price trend is weak | Weak momentum | Price is below 200 DMA,Avoid,1296,1296
125.5,125.94000244140625,123.19999694824219,124.47000122070312,2358523.0,127.23999786376953,-2.176985766717887,128.75200004577636,126.78280014038086,128.4531000518799,131.31315021514894,128.0950451859286,128.29511717585285,127.59240604266998,43.03655799303066,3.9364280700683594,3.1625516441415544,2546190.35,0.9262948467305282,192.38999938964844,112.0,-35.30328935205546,11.133929661342076,-5.211320407159307,False,124.72000122070312,136.3000030517578,Downtrend,Negative,No Breakout,JMFINANCIL,JMFINANCIL.NS,JM Financial Limited,,Unavailable,0,60,,37.0,Weak / Avoid,-3,34.0,,,,,,,,,,,,Avoid,Avoid,Trend and momentum do not provide sufficient confirmation.,No long trade setup.,,Price trend is weak | Weak momentum | Price is below 200 DMA,Avoid,1296,1296
23.5,23.950000762939453,22.670000076293945,23.229999542236328,12041.0,23.549999237060547,-1.358809788497306,23.7814998626709,23.734200019836425,23.676399974823,24.566099967956543,23.618736936036463,23.834897179089964,23.844549120961048,44.17265582890847,1.531428337097168,6.592459609449216,14855.95,0.8105169982397625,39.88999938964844,18.600000381469727,-41.76485360322022,24.892468095749308,-5.438797478895687,False,22.510000228881836,25.850000381469727,Downtrend,Negative,No Breakout,MOHITIND,MOHITIND.NS,Mohit Industries Limited,,Unavailable,0,60,,37.0,Weak / Avoid,-3,34.0,,,,,,,,,,,,Avoid,Avoid,Trend and momentum do not provide sufficient confirmation.,No long trade setup.,,Price trend is weak | Weak momentum | Price is below 200 DMA,Avoid,1296,1296
150.9499969482422,150.9499969482422,141.3000030517578,147.77999877929688,29647.0,152.50999450683594,-3.1014332816903023,153.51299896240235,158.32519927978515,164.2172996520996,156.91004997253418,151.9783190181353,153.75423982175815,157.35283264623283,38.194753525331365,4.540712629045759,3.072616501930765,11934.0,2.484246690129043,204.0,126.1500015258789,-27.55882412779565,17.14625207434556,-5.818652912821994,False,149.11000061035156,160.38999938964844,Downtrend,Strong Negative,No Breakout,NATHBIOGEN,NATHBIOGEN.NS,Nath Bio-Genes (India) Limited,,Unavailable,0,60,,37.0,Weak / Avoid,-3,34.0,,,,,,,,,,,,Avoid,Avoid,Trend and momentum do not provide sufficient confirmation.,No long trade setup.,,Price trend is weak | Weak momentum | Volume is more than 2x average | Price is below 200 DMA,Avoid,1296,1296
365.0,365.0,352.3500061035156,361.0,6560514.0,373.3500061035156,-3.3078896214324582,382.36499786376953,369.23099853515623,380.6329989624023,367.2620492553711,372.8224110335812,376.69794343779574,375.5515966491183,26.02043499622856,11.803577968052455,3.269689187826165,5344922.9,1.227429117826938,445.1499938964844,198.67999267578125,-18.90373920033181,81.69922151603002,-1.705062983792496,False,365.8999938964844,405.0,Downtrend,Strong Negative,No Breakout,NATIONALUM,NATIONALUM.NS,National Aluminium Company Limited,,Unavailable,0,60,,37.0,Weak / Avoid,-3,34.0,,,,,,,,,,,,Avoid,Avoid,Trend and momentum do not provide sufficient confirmation.,No long trade setup.,,Price trend is weak | Weak momentum | Volume is above average | RSI indicates oversold conditions | Price is below 200 DMA | Price is near 200 DMA,Avoid,1296,1296
4.0,4.079999923706055,3.9000000953674316,3.950000047683716,68478.0,3.990000009536743,-1.0025053072035384,4.10050002336502,4.345400023460388,4.5792000150680545,4.241550011634827,4.059937366603115,4.127803895847717,4.294244164275071,45.16129280352429,0.2099999019077846,5.316453148676004,75922.6,0.9019448754389338,7.429999828338623,2.869999885559082,-46.83714483251944,37.630669170366446,-6.873665597514392,False,3.9000000953674316,4.5,Downtrend,Negative,No Breakout,NOIDATOLL,NOIDATOLL.NS,Noida Toll Bridge Company Limited,,Unavailable,0,60,,37.0,Weak / Avoid,-3,34.0,,,,,,,,,,,,Avoid,Avoid,Trend and momentum do not provide sufficient confirmation.,No long trade setup.,,Price trend is weak | Weak momentum | Price is below 200 DMA,Avoid,1296,1296
5620.0,5638.0,5510.5,5551.0,2296.0,5604.0,-0.9457530335474695,5644.125,5560.47,5590.341997070313,5806.8494946289065,5635.635358330446,5636.921493738357,5604.904059819527,47.247706422018354,132.57142857142858,2.3882440744267446,1997.15,1.1496382344841398,8730.0,4700.0,-36.414662084765176,18.106382978723403,-4.405994935214984,False,5461.0,5837.0,Downtrend,Negative,No Breakout,NSIL,NSIL.NS,Nalwa Sons Investments Limited,,Unavailable,0,60,,37.0,Weak / Avoid,-3,34.0,,,,,,,,,,,,Avoid,Avoid,Trend and momentum do not provide sufficient confirmation.,No long trade setup.,,Price trend is weak | Weak momentum | Price is below 200 DMA,Avoid,1296,1296
230.0,236.7899932861328,228.3699951171875,235.3699951171875,102898.0,232.1699981689453,1.3782990797603478,240.24250106811525,263.2669982910156,258.48479873657226,250.798949508667,236.8657810790798,241.76235752301872,251.38579094607007,41.550290717015,6.525713239397321,2.7725340420507965,110081.95,0.9347399823495133,319.3999938964844,181.10000610351562,-26.308703940216887,29.96686205667574,-6.151921458086612,False,229.92999267578125,254.3000030517578,Downtrend,Negative,No Breakout,SPANDANA,SPANDANA.NS,Spandana Sphoorty Financial Limited,,Unavailable,0,60,,37.0,Weak / Avoid,-3,34.0,,,,,,,,,,,,Avoid,Avoid,Trend and momentum do not provide sufficient confirmation.,No long trade setup.,,Price trend is weak | Weak momentum | Price is below 200 DMA,Avoid,1296,1296
1.809999942779541,1.809999942779541,1.649999976158142,1.649999976158142,1158740.0,1.7300000190734863,-4.624279886319815,1.884500002861023,1.4790000009536743,1.4391999995708467,1.6867499989271164,1.7246458149437511,1.7373432079074356,1.5978202138651005,29.999989072478968,0.10928569521222796,6.623375563112955,794323.8,1.458775375986468,2.6600000858306885,0.8700000047683716,-37.96992770987579,89.65516863387114,-2.1787474606402695,False,1.440000057220459,2.450000047683716,Downtrend,Strong Negative,No Breakout,VCL,VCL.NS,Vaxtex Cotfab Limited,,Unavailable,0,60,,37.0,Weak / Avoid,-3,34.0,,,,,,,,,,,,Avoid,Avoid,Trend and momentum do not provide sufficient confirmation.,No long trade setup.,,Price trend is weak | Weak momentum | Volume is above average | RSI indicates oversold conditions | Price is below 200 DMA | Price is near 200 DMA,Avoid,1296,1296
1232.5,1232.5999755859375,1205.0,1219.4000244140625,418693.0,1231.0999755859375,-0.9503656408007322,1240.6350036621093,1239.0140087890625,1279.677003173828,1280.2920043945312,1234.1072168953215,1236.9092006377384,1244.9012575772458,23.953814040742984,18.571437290736608,1.5229979431614677,274700.1,1.5241821899591592,1415.0,1045.199951171875,-13.823319829394876,16.666674452756613,-4.756100934119745,False,1192.300048828125,1273.9000244140625,Downtrend,Strong Negative,No Breakout,ANURAS,ANURAS.NS,Anupam Rasayan India Limited,,Unavailable,0,60,,35.0,Weak / Avoid,-3,32.0,,,,,,,,,,,,Avoid,Avoid,Trend and momentum do not provide sufficient confirmation.,No long trade setup.,,Price trend is weak | Weak momentum | Strong volume confirmation | RSI indicates oversold conditions | Price is below 200 DMA,Avoid,1368,1368
40.060001373291016,40.060001373291016,38.0,39.91999816894531,2071.0,39.869998931884766,0.12540566440939482,40.741500282287596,40.42159996032715,40.950400047302246,42.13075011253357,40.263358845682646,40.461319507539656,40.586699164393856,36.4928691460964,1.8071433476039342,4.526912401037515,1244.75,1.6637879092187187,66.97000122070312,29.389999389648438,-40.39122376989829,35.828509690291746,-5.2473595596641776,False,38.2599983215332,45.95000076293945,Downtrend,Strong Negative,No Breakout,ARTNIRMAN,ARTNIRMAN.NS,Art Nirman Limited,,Unavailable,0,60,,35.0,Weak / Avoid,-3,32.0,,,,,,,,,,,,Avoid,Avoid,Trend and momentum do not provide sufficient confirmation.,No long trade setup.,,Price trend is weak | Weak momentum | Strong volume confirmation | Price is below 200 DMA,Avoid,1368,1368
256.0,260.3999938964844,249.6999969482422,256.79998779296875,169491.0,256.0,0.31249523162841797,273.0299987792969,279.06699951171873,266.04140045166014,267.8859502410889,266.7256510713716,271.9905320835207,273.6477083290034,22.802168089842425,7.1857179914202005,2.7981769209480265,101309.65,1.6729995612461401,360.0,185.14999389648438,-28.666670057508682,38.69835066618647,-4.138314248337072,False,253.10000610351562,288.6499938964844,Downtrend,Strong Negative,No Breakout,DDEVPLSTIK,DDEVPLSTIK.NS,Ddev Plastiks Industries Limited,,Unavailable,0,60,,35.0,Weak / Avoid,-3,32.0,,,,,,,,,,,,Avoid,Avoid,Trend and momentum do not provide sufficient confirmation.,No long trade setup.,,Price trend is weak | Weak momentum | Strong volume confirmation | RSI indicates oversold conditions | Price is below 200 DMA,Avoid,1368,1368
1090.0999755859375,1103.300048828125,1068.0999755859375,1090.800048828125,20513.0,1090.0999755859375,0.0642210125554099,1096.4000061035156,1082.7100024414062,1088.5395025634766,1121.2595001220702,1086.0714492556008,1085.9937178010357,1085.2752570738685,33.72094673745961,33.128592354910715,3.037091205716541,32713.35,0.6270528698528277,1487.4000244140625,964.0999755859375,-26.66397533119389,13.141798200459945,-2.7165389716322705,False,1037.0999755859375,1160.0,Downtrend,Negative,No Breakout,DODLA,DODLA.NS,Dodla Dairy Limited,,Unavailable,0,60,,35.0,Weak / Avoid,-3,32.0,,,,,,,,,,,,Avoid,Avoid,Trend and momentum do not provide sufficient confirmation.,No long trade setup.,,Price trend is weak | Weak momentum | Price is below 200 DMA | Price is near 200 DMA,Avoid,1368,1368
150.9499969482422,150.9499969482422,147.8000030517578,149.8000030517578,314126.0,158.7899932861328,-5.661559679126271,159.2125,158.07120056152343,156.74530059814452,160.76054992675782,157.49965770232103,158.21406171633103,157.7231990072614,25.91539975751384,3.0414276123046875,2.0303254675194067,202794.6,1.5489860183653805,220.89999389648438,136.10000610351562,-32.18650647769806,10.066125153456772,-6.817933180742171,False,157.0,162.75,Downtrend,Strong Negative,No Breakout,HEIDELBERG,HEIDELBERG.NS,HeidelbergCement India Limited,,Unavailable,0,60,,35.0,Weak / Avoid,-3,32.0,,,,,,,,,,,,Avoid,Avoid,Trend and momentum do not provide sufficient confirmation.,No long trade setup.,,Price trend is weak | Weak momentum | Strong volume confirmation | RSI indicates oversold conditions | Price is below 200 DMA,Avoid,1368,1368
120.5,120.73999786376953,118.4000015258789,118.87000274658203,1784827.0,120.7699966430664,-1.573233376912131,124.19299964904785,130.62279891967773,129.32149978637696,124.4554999923706,121.89560129389693,124.33997256634262,127.66372804407895,22.073334768105028,2.3207130432128906,1.9523117604030003,1082174.35,1.6492970841528445,153.4499969482422,106.6500015258789,-22.535024365835465,11.458041299453624,-4.48794729532321,False,120.26000213623047,131.36000061035156,Downtrend,Strong Negative,No Breakout,JSWCEMENT,JSWCEMENT.NS,JSW Cement Limited,,Unavailable,0,60,,35.0,Weak / Avoid,-3,32.0,,,,,,,,,,,,Avoid,Avoid,Trend and momentum do not provide sufficient confirmation.,No long trade setup.,,Price trend is weak | Weak momentum | Strong volume confirmation | RSI indicates oversold conditions | Price is below 200 DMA,Avoid,1368,1368
4599.0,4599.0,4447.0,4578.0,1138228.0,4640.0,-1.3362068965517282,5299.95,5234.0219921875,5235.265009765625,4811.096508789063,4868.841394224497,5116.319572753657,5225.950835016087,24.926086830998955,206.32142857142858,4.506802721088436,636568.8,1.7880675270292856,5899.0,3728.699951171875,-22.393626038311577,22.777377100595146,-4.84497678155561,False,4580.0,5899.0,Downtrend,Strong Negative,No Breakout,KEI,KEI.NS,KEI Industries Limited,,Unavailable,0,60,,35.0,Weak / Avoid,-3,32.0,,,,,,,,,,,,Avoid,Avoid,Trend and momentum do not provide sufficient confirmation.,No long trade setup.,,Price trend is weak | Weak momentum | Strong volume confirmation | RSI indicates oversold conditions | Price is below 200 DMA,Avoid,1368,1368
365.3500061035156,365.3500061035156,354.29998779296875,355.8999938964844,142628.0,367.8999938964844,-3.2617559660456097,380.4524978637695,378.15399780273435,388.039499206543,370.81574935913085,372.7983477011895,377.6790947660677,380.537520318738,26.176507151201378,9.950003487723214,2.7957301653163924,78817.35,1.80960156615263,634.5499877929688,290.6499938964844,-43.91300910203437,22.449682219239588,-4.022416924962034,False,365.0,397.6000061035156,Downtrend,Strong Negative,No Breakout,KIOCL,KIOCL.NS,KIOCL Limited,,Unavailable,0,60,,35.0,Weak / Avoid,-3,32.0,,,,,,,,,,,,Avoid,Avoid,Trend and momentum do not provide sufficient confirmation.,No long trade setup.,,Price trend is weak | Weak momentum | Strong volume confirmation | RSI indicates oversold conditions | Price is below 200 DMA,Avoid,1368,1368
275.29998779296875,292.5,275.29998779296875,281.5,1995.0,293.0,-3.924914675767921,307.26000061035154,328.5510009765625,308.95399993896484,301.591499710083,294.30264587001625,304.5634822084478,313.05739833263135,30.41824200044293,15.839285714285714,5.626744481096168,997.95,1.9990981512099804,388.8999938964844,233.3000030517578,-27.616352682451218,20.66009272085135,-6.661825591701606,False,280.0,377.0,Downtrend,Strong Negative,No Breakout,PANSARI,PANSARI.NS,Pansari Developers Limited,,Unavailable,0,60,,35.0,Weak / Avoid,-3,32.0,,,,,,,,,,,,Avoid,Avoid,Trend and momentum do not provide sufficient confirmation.,No long trade setup.,,Price trend is weak | Weak momentum | Strong volume confirmation | Price is below 200 DMA,Avoid,1368,1368
107.5,109.25,106.12000274658203,108.62999725341797,462603.0,108.3499984741211,0.25842065827417215,107.70049934387207,105.23699981689452,102.7222999572754,111.23584995269775,108.59671513665754,107.84063200482422,106.18787204360092,37.44469430323367,4.0257143293108255,3.705895637573681,2452602.85,0.18861716645236712,180.1999969482422,86.3499984741211,-39.71698163534423,25.801967774179108,-2.342637468395216,False,97.30000305175781,120.87000274658203,Downtrend,Negative,No Breakout,THOMASCOOK,THOMASCOOK.NS,Thomas Cook  (India)  Limited,,Unavailable,0,60,,35.0,Weak / Avoid,-3,32.0,,,,,,,,,,,,Avoid,Avoid,Trend and momentum do not provide sufficient confirmation.,No long trade setup.,,Price trend is weak | Weak momentum | Price is below 200 DMA | Price is near 200 DMA,Avoid,1368,1368
1089.699951171875,1098.300048828125,1065.5999755859375,1091.0,835305.0,1094.9000244140625,-0.3561991348159488,1164.8650024414062,1145.6760009765626,1118.1390051269532,1111.7217535400391,1125.643945642292,1146.7754609630783,1143.3226236735666,24.088309959969877,29.971435546875,2.747152662408341,827877.9,1.008971250470631,1236.199951171875,906.0499877929688,-11.745668735404045,20.412782373911593,-1.8639334414438813,False,1076.5999755859375,1222.9000244140625,Downtrend,Strong Negative,No Breakout,360ONE,360ONE.NS,360 ONE WAM LIMITED,,Unavailable,0,60,,34.0,Weak / Avoid,-3,31.0,,,,,,,,,,,,Avoid,Avoid,Trend and momentum do not provide sufficient confirmation.,No long trade setup.,,Price trend is weak | Weak momentum | RSI indicates oversold conditions | Price is below 200 DMA | Price is near 200 DMA,Avoid,1380,1380
460.5,460.75,452.0,456.79998779296875,197994.0,462.70001220703125,-1.2751295133795248,473.38999938964844,496.085,492.3779992675781,483.98574935913086,470.3482122837716,476.32230025849645,486.2857333700481,43.27524431075784,11.857147216796875,2.595697796334176,333017.7,0.5945449746364833,563.0,430.1499938964844,-18.863234850271983,6.195511862054727,-5.617058271273505,False,459.29998779296875,503.1000061035156,Downtrend,Negative,No Breakout,AADHARHFC,AADHARHFC.NS,Aadhar Housing Finance Limited,,Unavailable,0,60,,34.0,Weak / Avoid,-3,31.0,,,,,,,,,,,,Avoid,Avoid,Trend and momentum do not provide sufficient confirmation.,No long trade setup.,,Price trend is weak | Weak momentum | Price is below 200 DMA,Avoid,1380,1380
123.23999786376953,123.8499984741211,120.0,122.02999877929688,241772.0,122.94000244140625,-0.740201434877219,125.8845001220703,132.12919967651368,125.10769996643066,124.54740009307861,123.53788267478899,125.93478154053109,127.81727631128032,32.49910122130251,3.9800011771065846,3.2614940727032242,300545.3,0.8044444547959991,185.3000030517578,92.62000274658203,-34.14463207255773,31.75339576828091,-2.0212395536963363,False,117.11000061035156,138.58999633789062,Downtrend,Strong Negative,No Breakout,ARKADE,ARKADE.NS,Arkade Developers Limited,,Unavailable,0,60,,34.0,Weak / Avoid,-3,31.0,,,,,,,,,,,,Avoid,Avoid,Trend and momentum do not provide sufficient confirmation.,No long trade setup.,,Price trend is weak | Weak momentum | Price is below 200 DMA | Price is near 200 DMA,Avoid,1380,1380
6327.0,6327.0,6156.5,6244.5,33362.0,6356.0,-1.7542479546884815,6474.175,6490.83,6630.315,6420.53,6359.978149174565,6448.3564266957965,6516.554820721965,37.271853986551385,138.85714285714286,2.223671116296627,27907.35,1.195455677446981,7180.0,5560.5,-13.029247910863509,12.30105206366334,-2.7416739739554172,False,6203.5,6990.0,Downtrend,Strong Negative,No Breakout,ATUL,ATUL.NS,Atul Limited,,Unavailable,0,60,,34.0,Weak / Avoid,-3,31.0,,,,,,,,,,,,Avoid,Avoid,Trend and momentum do not provide sufficient confirmation.,No long trade setup.,,Price trend is weak | Weak momentum | Price is below 200 DMA | Price is near 200 DMA,Avoid,1380,1380
3663.39990234375,3682.800048828125,3585.60009765625,3661.5,18224.0,3688.300048828125,-0.7266233352310913,3839.95,3803.226005859375,3694.6479931640624,3686.6484948730467,3760.48329181312,3810.971108727503,3792.2431551414384,28.950919042979578,84.20711844308036,2.2997984007395975,21686.5,0.8403384594102322,4829.89990234375,3122.199951171875,-24.190975506071545,17.27307851073747,-0.6821506012309085,False,3678.39990234375,4158.5,Downtrend,Strong Negative,No Breakout,BASF,BASF.NS,BASF India Limited,,Unavailable,0,60,,34.0,Weak / Avoid,-3,31.0,,,,,,,,,,,,Avoid,Avoid,Trend and momentum do not provide sufficient confirmation.,No long trade setup.,,Price trend is weak | Weak momentum | RSI indicates oversold conditions | Price is below 200 DMA | Price is near 200 DMA,Avoid,1380,1380
1634.0,1635.0999755859375,1583.199951171875,1587.800048828125,323567.0,1645.800048828125,-3.524121902979549,1727.075018310547,1700.8460083007812,1704.5040100097656,1631.654005126953,1673.0694464802634,1703.1711355662098,1701.9077052728755,27.039488662655373,52.957162039620535,3.3352538361933886,351674.6,0.9200749784033309,1904.4000244140625,1280.0,-16.624657190043234,24.046878814697266,-2.687699485370732,False,1620.0999755859375,1820.0,Downtrend,Strong Negative,No Breakout,DEEPAKNTR,DEEPAKNTR.NS,Deepak Nitrite Limited,,Unavailable,0,60,,34.0,Weak / Avoid,-3,31.0,,,,,,,,,,,,Avoid,Avoid,Trend and momentum do not provide sufficient confirmation.,No long trade setup.,,Price trend is weak | Weak momentum | RSI indicates oversold conditions | Price is below 200 DMA | Price is near 200 DMA,Avoid,1380,1380
85.20999908447266,85.98999786376953,84.01000213623047,85.02999877929688,13507.0,85.20999908447266,-0.21124317229171963,86.37149925231934,85.50859970092773,88.22949981689453,89.86959983825683,86.04648095293305,85.99494108778593,86.3277286190526,44.17408155418279,3.2899998256138394,3.8692224777673285,27760.75,0.48655025530650287,116.51000213623047,77.5999984741211,-27.019142373824085,9.574742849580879,-5.385136984775773,False,82.0,94.0999984741211,Downtrend,Negative,No Breakout,DONEAR,DONEAR.NS,Donear Industries Limited,,Unavailable,0,60,,34.0,Weak / Avoid,-3,31.0,,,,,,,,,,,,Avoid,Avoid,Trend and momentum do not provide sufficient confirmation.,No long trade setup.,,Price trend is weak | Weak momentum | Price is below 200 DMA,Avoid,1380,1380
492.0,498.1000061035156,489.0,494.04998779296875,146792.0,497.8999938964844,-0.7732488754189526,532.4499938964843,496.93699768066404,484.535998840332,498.46099868774417,514.6695193691428,520.5874979532734,506.21877866114255,27.882813707866717,17.97143336704799,3.637573891526722,151617.55,0.968172879722697,714.0,364.54998779296875,-30.805323838519783,35.523249029305745,-0.8849259834546551,False,492.3500061035156,565.0,Downtrend,Strong Negative,No Breakout,EMUDHRA,EMUDHRA.NS,eMudhra Limited,,Unavailable,0,60,,34.0,Weak / Avoid,-3,31.0,,,,,,,,,,,,Avoid,Avoid,Trend and momentum do not provide sufficient confirmation.,No long trade setup.,,Price trend is weak | Weak momentum | RSI indicates oversold conditions | Price is below 200 DMA | Price is near 200 DMA,Avoid,1380,1380
41.709999084472656,42.060001373291016,40.599998474121094,41.0099983215332,237259.0,41.90999984741211,-2.1474624890376326,42.466000175476076,41.202600173950195,40.72340023040771,43.29140008926392,42.56409681523081,42.39760299210545,41.64159514876334,47.42856750009264,2.8242855072021484,6.886821806376899,385294.05,0.6157868256724961,59.959999084472656,36.349998474121094,-31.604404690270883,12.819807546153642,-5.269872914774339,False,38.20000076293945,47.849998474121094,Downtrend,Negative,No Breakout,GENCON,GENCON.NS,Generic Engineering Construction and Projects Limited,,Unavailable,0,60,,34.0,Weak / Avoid,-3,31.0,,,,,,,,,,,,Avoid,Avoid,Trend and momentum do not provide sufficient confirmation.,No long trade setup.,,Price trend is weak | Weak momentum | Price is below 200 DMA,Avoid,1380,1380
41.720001220703125,41.900001525878906,40.099998474121094,40.2599983215332,607.0,41.720001220703125,-3.4995274603333626,40.945000076293944,40.356199951171874,40.651000022888184,42.761999950408935,40.9868864214566,40.911580973375216,40.71538776067286,47.84172398620123,1.6778578077043806,4.167555582850018,1945.15,0.3120581960260134,88.0,35.099998474121094,-54.25000190734863,14.700854905211832,-5.8509930119669376,False,39.099998474121094,43.619998931884766,Downtrend,Negative,No Breakout,GUJRAFFIA,GUJRAFFIA.NS,Gujarat Raffia Industries Limited,,Unavailable,0,60,,34.0,Weak / Avoid,-3,31.0,,,,,,,,,,,,Avoid,Avoid,Trend and momentum do not provide sufficient confirmation.,No long trade setup.,,Price trend is weak | Weak momentum | Price is below 200 DMA,Avoid,1380,1380
81.77999877929688,81.77999877929688,78.1500015258789,79.4800033569336,118688.0,81.16999816894531,-2.082043673937506,86.72100028991699,81.23359970092774,81.10250007629395,81.53760013580322,83.89734809754218,84.80455694991291,82.97212103112331,38.885207226408745,5.253570556640625,6.609927446841659,121468.85,0.9771064762694304,119.06999969482422,54.04999923706055,-33.249346131989235,47.04903696360539,-2.523494406804513,False,76.5,99.1500015258789,Downtrend,Strong Negative,No Breakout,ISFT,ISFT.NS,Intrasoft Technologies Limited,,Unavailable,0,60,,34.0,Weak / Avoid,-3,31.0,,,,,,,,,,,,Avoid,Avoid,Trend and momentum do not provide sufficient confirmation.,No long trade setup.,,Price trend is weak | Weak momentum | Price is below 200 DMA | Price is near 200 DMA,Avoid,1380,1380
664.0,666.7999877929688,651.4000244140625,658.4000244140625,313699.0,666.5999755859375,-1.2301157324026701,693.7699981689453,717.2649951171875,697.1239971923828,672.272998046875,675.5707835606884,690.0363933317021,699.0472211942381,25.848705090188147,17.707135881696427,2.689419080361478,270943.45,1.157802486090732,795.0,537.2999877929688,-17.18238686615566,22.538626348853697,-2.063592271758212,False,656.5,750.75,Downtrend,Strong Negative,No Breakout,JUBLINGREA,JUBLINGREA.NS,Jubilant Ingrevia Limited,,Unavailable,0,60,,34.0,Weak / Avoid,-3,31.0,,,,,,,,,,,,Avoid,Avoid,Trend and momentum do not provide sufficient confirmation.,No long trade setup.,,Price trend is weak | Weak momentum | RSI indicates oversold conditions | Price is below 200 DMA | Price is near 200 DMA,Avoid,1380,1380
402.0,405.6499938964844,400.25,404.1000061035156,8144654.0,405.6000061035156,-0.369822479641968,414.07750091552737,418.6189990234375,414.67200073242185,415.3108760070801,409.7145506720084,412.2451846325277,414.9089967597591,33.99457562642269,7.839283534458706,1.9399365048389947,8147541.5,0.9996455986140114,468.4750061035156,360.75,-13.741394772675559,12.016633708528241,-2.699392323010905,False,402.3500061035156,428.1499938964844,Downtrend,Strong Negative,No Breakout,LICI,LICI.NS,Life Insurance Corporation Of India,,Unavailable,0,60,,34.0,Weak / Avoid,-3,31.0,,,,,,,,,,,,Avoid,Avoid,Trend and momentum do not provide sufficient confirmation.,No long trade setup.,,Price trend is weak | Weak momentum | Price is below 200 DMA | Price is near 200 DMA,Avoid,1380,1380
3926.0,3948.0,3880.699951171875,3930.699951171875,1195489.0,3955.0,-0.6144133711283195,4019.2350219726563,3965.4880029296874,3999.7109985351562,3982.3760009765624,3965.732208733155,3990.540170242057,3994.9106859980193,29.64474473144189,58.321358816964285,1.4837397802286258,1305133.65,0.9159897149230656,4440.0,3288.10009765625,-11.470721820453265,19.543196205421747,-1.2976185521411177,False,3910.0,4125.2998046875,Downtrend,Strong Negative,No Breakout,LT,LT.NS,Larsen & Toubro Limited,,Unavailable,0,60,,34.0,Weak / Avoid,-3,31.0,,,,,,,,,,,,Avoid,Avoid,Trend and momentum do not provide sufficient confirmation.,No long trade setup.,,Price trend is weak | Weak momentum | RSI indicates oversold conditions | Price is below 200 DMA | Price is near 200 DMA,Avoid,1380,1380
359.6000061035156,360.0,349.1000061035156,353.04998779296875,105958.0,359.6499938964844,-1.8351192035374386,369.042497253418,375.4109979248047,358.25350006103514,362.41649978637696,362.38159507268057,367.39814924481504,369.0328010969823,27.61578224170647,9.921432495117188,2.8102061572468293,106122.85,0.9984466116392463,427.04998779296875,286.79998779296875,-17.328182207061612,23.099722043162583,-2.5844606961684176,False,352.04998779296875,391.0,Downtrend,Strong Negative,No Breakout,MAHLIFE,MAHLIFE.NS,Mahindra Lifespace Developers Limited,,Unavailable,0,60,,34.0,Weak / Avoid,-3,31.0,,,,,,,,,,,,Avoid,Avoid,Trend and momentum do not provide sufficient confirmation.,No long trade setup.,,Price trend is weak | Weak momentum | RSI indicates oversold conditions | Price is below 200 DMA | Price is near 200 DMA,Avoid,1380,1380
459.0,470.04998779296875,450.25,466.45001220703125,7599.0,458.79998779296875,1.6673985653012924,479.2624984741211,499.1069989013672,517.1520010375976,481.54325134277343,480.05522732060416,482.93856898660005,492.7644368478376,48.67202373547164,25.617854527064733,5.492090011071624,15171.15,0.5008849032538734,635.0,356.25,-26.543305164247048,30.933336759868418,-3.1343475572869095,False,429.1000061035156,535.0,Downtrend,Negative,No Breakout,MANORG,MANORG.NS,Mangalam Organics Limited,,Unavailable,0,60,,34.0,Weak / Avoid,-3,31.0,,,,,,,,,,,,Avoid,Avoid,Trend and momentum do not provide sufficient confirmation.,No long trade setup.,,Price trend is weak | Weak momentum | Price is below 200 DMA,Avoid,1380,1380
59.900001525878906,59.900001525878906,57.560001373291016,57.91999816894531,39370.0,59.86000061035156,-3.240899468134595,58.41399993896484,56.31359992980957,57.935200157165525,61.35065008163452,58.43718808647758,58.076118987913745,57.567245921625904,47.98693704398215,2.6521434783935547,4.5789771447464265,67425.3,0.5839054479549961,93.19999694824219,42.0,-37.854077182952395,37.904757545107884,-5.59187540494568,False,55.720001220703125,64.0,Downtrend,Negative,No Breakout,MCL,MCL.NS,M TEK COPPER LIMITED,,Unavailable,0,60,,34.0,Weak / Avoid,-3,31.0,,,,,,,,,,,,Avoid,Avoid,Trend and momentum do not provide sufficient confirmation.,No long trade setup.,,Price trend is weak | Weak momentum | Price is below 200 DMA,Avoid,1380,1380
34.11000061035156,34.529998779296875,33.060001373291016,33.959999084472656,493940.0,34.400001525878906,-1.2790768078171144,34.619999694824216,36.07679969787598,38.367899894714355,35.765549907684324,34.68091449015331,34.907561389823165,35.986041878933456,48.359073323531476,1.3442862374441964,3.9584401463038823,788848.2,0.6261534221666476,46.119998931884766,26.25,-26.366002014378566,29.371425083705354,-5.048295993971955,False,33.0,37.47999954223633,Downtrend,Negative,No Breakout,MSPL,MSPL.NS,MSP Steel & Power Limited,,Unavailable,0,60,,34.0,Weak / Avoid,-3,31.0,,,,,,,,,,,,Avoid,Avoid,Trend and momentum do not provide sufficient confirmation.,No long trade setup.,,Price trend is weak | Weak momentum | Price is below 200 DMA,Avoid,1380,1380
230.0,235.02000427246094,225.0,226.85000610351562,11199.0,232.44000244140625,-2.404920099456531,244.26900100708008,236.29940032958984,219.73750061035156,228.6648503112793,236.61622201095338,240.31736565405242,235.2083166464577,19.879974032597005,10.200001307896205,4.496363691187985,10091.05,1.1097953136690435,303.0,175.25,-25.132011186958543,29.443655408568116,-0.7936699520250506,False,230.3699951171875,261.8299865722656,Downtrend,Strong Negative,No Breakout,MUTHOOTCAP,MUTHOOTCAP.NS,Muthoot Capital Services Limited,,Unavailable,0,60,,34.0,Weak / Avoid,-3,31.0,,,,,,,,,,,,Avoid,Avoid,Trend and momentum do not provide sufficient confirmation.,No long trade setup.,,Price trend is weak | Weak momentum | RSI indicates oversold conditions | Price is below 200 DMA | Price is near 200 DMA,Avoid,1380,1380
175.0,175.4499969482422,171.1999969482422,173.55999755859375,143546.0,173.63999938964844,-0.04607338823767737,180.7509994506836,178.54679962158204,181.01949966430664,177.7168497467041,176.680377929686,178.8916766823322,179.4917511120613,28.394605970383324,4.980715070452009,2.8697367714415427,133961.05,1.0715502752479173,217.50999450683594,149.0500030517578,-20.205966648976638,16.444142237504558,-2.3390309889214325,False,171.1999969482422,192.5500030517578,Downtrend,Strong Negative,No Breakout,ORIENTELEC,ORIENTELEC.NS,Orient Electric Limited,,Unavailable,0,60,,34.0,Weak / Avoid,-3,31.0,,,,,,,,,,,,Avoid,Avoid,Trend and momentum do not provide sufficient confirmation.,No long trade setup.,,Price trend is weak | Weak momentum | RSI indicates oversold conditions | Price is below 200 DMA | Price is near 200 DMA,Avoid,1380,1380
35405.0,35410.0,35080.0,35365.0,11287.0,35750.0,-1.0769230769230753,35805.0,38296.6,38431.8,36494.25,35735.24047653894,36225.01575682628,37400.2611593792,47.90996784565916,739.2857142857143,2.0904445476762743,24599.0,0.4588397902353754,45890.0,29805.0,-22.93528001743299,18.654588156349604,-3.0943230782931557,False,34960.0,38290.0,Downtrend,Negative,No Breakout,PAGEIND,PAGEIND.NS,Page Industries Limited,,Unavailable,0,60,,34.0,Weak / Avoid,-3,31.0,,,,,,,,,,,,Avoid,Avoid,Trend and momentum do not provide sufficient confirmation.,No long trade setup.,,Price trend is weak | Weak momentum | Price is below 200 DMA,Avoid,1380,1380
8319.0,8319.0,8118.0,8241.0,400369.0,8358.0,-1.3998564249820489,8847.925,9035.48,9167.815,8348.69,8493.150981718225,8733.199108690571,8960.406992627,28.728414442700156,244.60714285714286,2.968173071922617,406014.95,0.9860942312592184,10126.0,6663.0,-18.615445388109816,23.683025664115263,-1.2899029668127635,False,8175.0,9445.0,Downtrend,Strong Negative,No Breakout,POLYCAB,POLYCAB.NS,Polycab India Limited,,Unavailable,0,60,,34.0,Weak / Avoid,-3,31.0,,,,,,,,,,,,Avoid,Avoid,Trend and momentum do not provide sufficient confirmation.,No long trade setup.,,Price trend is weak | Weak momentum | RSI indicates oversold conditions | Price is below 200 DMA | Price is near 200 DMA,Avoid,1380,1380
268.0,275.29998779296875,264.0,273.54998779296875,234110.0,269.95001220703125,1.333571188423055,285.30250091552733,303.385,302.2952000427246,274.1256001281738,276.89195922776105,283.8977232922217,294.94000843166884,37.377645806782205,8.782143729073661,3.2104346996791917,250316.9,0.9352544714320128,415.0,188.0,-34.0843402908509,45.50531265583444,-0.2099812403277585,False,268.6000061035156,309.3999938964844,Downtrend,Strong Negative,No Breakout,REFEX,REFEX.NS,Refex Industries Limited,,Unavailable,0,60,,34.0,Weak / Avoid,-3,31.0,,,,,,,,,,,,Avoid,Avoid,Trend and momentum do not provide sufficient confirmation.,No long trade setup.,,Price trend is weak | Weak momentum | Price is below 200 DMA | Price is near 200 DMA,Avoid,1380,1380
138.89999389648438,138.89999389648438,134.80999755859375,137.0399932861328,2873.0,135.9499969482422,0.8017626791897658,139.0619987487793,142.2215997314453,140.88499977111817,141.37124992370605,138.1850468368031,139.3849514150866,140.93819971987008,46.77558174928889,5.862141200474331,4.277686432919232,67863.3,0.042335106014591097,175.0,104.73999786376953,-21.691432407924108,30.838262441416497,-3.0637464406028,False,131.0,144.8000030517578,Downtrend,Negative,No Breakout,RELIABLE,RELIABLE.NS,Reliable Data Services Limited,,Unavailable,0,60,,34.0,Weak / Avoid,-3,31.0,,,,,,,,,,,,Avoid,Avoid,Trend and momentum do not provide sufficient confirmation.,No long trade setup.,,Price trend is weak | Weak momentum | Price is below 200 DMA,Avoid,1380,1380
149.0,149.3699951171875,146.60000610351562,147.3000030517578,4129688.0,149.77000427246094,-1.6491962010027783,150.69349975585936,158.0401998901367,160.57009994506836,153.37115005493163,150.8796768172646,152.34401166509028,156.46271527025132,46.305434588273066,4.333571297781808,2.942003535640859,7642830.75,0.5403348752685646,192.9499969482422,129.0,-23.65897622104122,14.186048877331636,-3.9584674177636203,False,143.86000061035156,162.89999389648438,Downtrend,Negative,No Breakout,SAMMAANCAP,SAMMAANCAP.NS,Sammaan Capital Limited,,Unavailable,0,60,,34.0,Weak / Avoid,-3,31.0,,,,,,,,,,,,Avoid,Avoid,Trend and momentum do not provide sufficient confirmation.,No long trade setup.,,Price trend is weak | Weak momentum | Price is below 200 DMA,Avoid,1380,1380
30.399999618530273,31.190000534057617,30.0,30.049999237060547,4270.0,30.5,-1.4754123375063988,31.257499980926514,31.46220001220703,31.260799922943114,31.169699907302856,30.952284763876236,31.223454484811487,31.25473205368136,48.98579741095816,1.9264287948608398,6.410744904395814,10741.25,0.3975328755964157,45.20000076293945,20.200000762939453,-33.51770192513083,48.76236684204831,-3.5922728597716493,False,29.100000381469727,35.29999923706055,Downtrend,Negative,No Breakout,SPLIL,SPLIL.NS,SPL Industries Limited,,Unavailable,0,60,,34.0,Weak / Avoid,-3,31.0,,,,,,,,,,,,Avoid,Avoid,Trend and momentum do not provide sufficient confirmation.,No long trade setup.,,Price trend is weak | Weak momentum | Price is below 200 DMA,Avoid,1380,1380
149.5,150.0,146.75,148.0500030517578,400335.0,151.05999755859375,-1.9925821233171992,153.5099983215332,166.31179931640625,166.51379913330078,150.5119495010376,152.18049476499328,154.88662622420264,160.67403939108144,35.4464585977141,4.602857317243304,3.1089883298645793,412398.5,0.97074795373892,218.0,115.41000366210938,-32.08715456341385,28.281776582565506,-1.6357149431931455,False,149.0800018310547,161.0,Downtrend,Strong Negative,No Breakout,SURYODAY,SURYODAY.NS,Suryoday Small Finance Bank Limited,,Unavailable,0,60,,34.0,Weak / Avoid,-3,31.0,,,,,,,,,,,,Avoid,Avoid,Trend and momentum do not provide sufficient confirmation.,No long trade setup.,,Price trend is weak | Weak momentum | Price is below 200 DMA | Price is near 200 DMA,Avoid,1380,1380
276.04998779296875,281.45001220703125,275.29998779296875,278.20001220703125,17233642.0,279.0,-0.2867339759744625,278.61000061035156,275.866598815918,266.51879943847655,298.9758987426758,277.9067358623877,277.9956825031312,275.01736009489923,43.5294163725878,8.346431187220983,3.0001548601693533,24802259.15,0.6948416229253053,474.0,235.75,-41.308014302314085,18.00636785027837,-6.949017169282276,False,261.3500061035156,293.0,Downtrend,Negative,No Breakout,SWIGGY,SWIGGY.NS,Swiggy Limited,,Unavailable,0,60,,34.0,Weak / Avoid,-3,31.0,,,,,,,,,,,,Avoid,Avoid,Trend and momentum do not provide sufficient confirmation.,No long trade setup.,,Price trend is weak | Weak momentum | Price is below 200 DMA,Avoid,1380,1380
56.900001525878906,57.0,56.0,56.08000183105469,1259812.0,57.119998931884766,-1.8207232497855386,57.85299987792969,57.44349998474121,57.894949989318846,58.45335000991821,57.29546485245835,57.704771408105486,57.719637625082726,43.84499235756564,2.27142824445452,4.050335539034703,1859188.8,0.6776138066236199,83.69999694824219,43.334999084472656,-32.998800626321355,29.410414251395906,-4.060243216959883,False,55.0,63.0,Downtrend,Negative,No Breakout,TEMBO,TEMBO.NS,Tembo Global Industries Limited,,Unavailable,0,60,,34.0,Weak / Avoid,-3,31.0,,,,,,,,,,,,Avoid,Avoid,Trend and momentum do not provide sufficient confirmation.,No long trade setup.,,Price trend is weak | Weak momentum | Price is below 200 DMA,Avoid,1380,1380
68.5,69.0999984741211,67.12999725341797,68.4800033569336,124603.0,68.19999694824219,0.4105666000306485,74.56300010681153,77.68120040893555,72.58290004730225,68.9277999305725,70.41761683198959,73.06781259843227,74.60005521796813,14.379412790442544,3.448570796421596,5.0358800049217995,151128.3,0.8244848913142013,90.33000183105469,50.0099983215332,-24.189082288504117,36.93262478564734,-0.649660331665821,False,66.06999969482422,84.5,Downtrend,Strong Negative,No Breakout,TPLPLASTEH,TPLPLASTEH.NS,TPL Plastech Limited,,Unavailable,0,60,,34.0,Weak / Avoid,-3,31.0,,,,,,,,,,,,Avoid,Avoid,Trend and momentum do not provide sufficient confirmation.,No long trade setup.,,Price trend is weak | Weak momentum | RSI indicates oversold conditions | Price is below 200 DMA | Price is near 200 DMA,Avoid,1380,1380
1437.699951171875,1437.699951171875,1422.0,1428.5,8081.0,1437.699951171875,-0.6399075943750332,1482.6650024414062,1456.5480126953125,1451.2000109863282,1462.6775036621093,1455.2900421985285,1467.1765913164195,1462.3415789747378,33.78614902851909,30.885716029575892,2.1621082274816867,8912.6,0.9066938940376545,2035.0,1238.199951171875,-29.8034398034398,15.36908870397051,-2.336639729300478,False,1432.5,1563.0,Downtrend,Strong Negative,No Breakout,VEEDOL,VEEDOL.NS,Veedol Corporation Limited,,Unavailable,0,60,,34.0,Weak / Avoid,-3,31.0,,,,,,,,,,,,Avoid,Avoid,Trend and momentum do not provide sufficient confirmation.,No long trade setup.,,Price trend is weak | Weak momentum | Price is below 200 DMA | Price is near 200 DMA,Avoid,1380,1380
6.400000095367432,6.800000190734863,6.300000190734863,6.78000020980835,240086.0,6.480000019073486,4.629632559441843,7.42550003528595,7.99100004196167,7.489500012397766,6.830600001811981,6.927006758423834,7.296372297973836,7.626375944858002,25.791852079442393,0.35499991689409527,5.235986812810586,256497.35,0.9360174676268586,10.449999809265137,4.170000076293945,-35.11961403293909,62.5899301141985,-0.7407810732616288,False,6.400000095367432,8.470000267028809,Downtrend,Strong Negative,No Breakout,ZEELEARN,ZEELEARN.NS,Zee Learn Limited,,Unavailable,0,60,,34.0,Weak / Avoid,-3,31.0,,,,,,,,,,,,Avoid,Avoid,Trend and momentum do not provide sufficient confirmation.,No long trade setup.,,Price trend is weak | Weak momentum | RSI indicates oversold conditions | Price is below 200 DMA | Price is near 200 DMA,Avoid,1380,1380
303.3500061035156,303.3500061035156,292.0,293.3999938964844,216076.0,303.3500061035156,-3.2800435163452435,299.22250213623045,310.39300048828125,335.9620001220703,315.08900062561037,297.5671966502003,300.3189875852225,311.01390602517006,42.747241175551316,7.775000435965402,2.649966120554362,226799.6,0.9527177296608988,419.0,251.9499969482422,-29.976135108237617,16.451675908040283,-6.8834540990204,False,291.5,311.0,Strong Downtrend,Negative,No Breakout,ADVENZYMES,ADVENZYMES.NS,Advanced Enzyme Technologies Limited,,Unavailable,0,60,,33.0,Weak / Avoid,-3,30.0,,,,,,,,,,,,Avoid,Avoid,Trend and momentum do not provide sufficient confirmation.,No long trade setup.,,Price trend is weak | Weak momentum | Price is below 200 DMA,Avoid,1420,1420
299.3999938964844,306.45001220703125,296.0,304.5,4137678.0,303.0,0.4950495049504955,313.18749847412107,314.6049993896484,307.84650054931643,327.1837503051758,309.15955864795365,312.44335636553944,313.0245646081408,40.68010414416602,7.803571428571429,2.562749237626085,4812103.1,0.8598481607761065,391.6499938964844,266.6000061035156,-22.252009512227563,14.216051398651707,-6.93303083787562,False,298.6499938964844,326.3500061035156,Strong Downtrend,Negative,No Breakout,BPCL,BPCL.NS,Bharat Petroleum Corporation Limited,,Unavailable,0,60,,33.0,Weak / Avoid,-3,30.0,,,,,,,,,,,,Avoid,Avoid,Trend and momentum do not provide sufficient confirmation.,No long trade setup.,,Price trend is weak | Weak momentum | Price is below 200 DMA,Avoid,1420,1420
291.0,298.3999938964844,288.0,295.95001220703125,267840.0,294.45001220703125,0.509424329364716,297.64750213623046,308.1359991455078,312.6249996948242,313.77624893188477,294.7865763469073,297.9028645724043,304.1923313181667,44.5004289373321,9.339285714285714,3.155697019452202,303581.55,0.8822670547666681,358.8500061035156,277.3500061035156,-17.528213132686957,6.706329797798355,-5.681193775990124,False,282.0,310.20001220703125,Strong Downtrend,Negative,No Breakout,MASFIN,MASFIN.NS,MAS Financial Services Limited,,Unavailable,0,60,,33.0,Weak / Avoid,-3,30.0,,,,,,,,,,,,Avoid,Avoid,Trend and momentum do not provide sufficient confirmation.,No long trade setup.,,Price trend is weak | Weak momentum | Price is below 200 DMA,Avoid,1420,1420
158.39999389648438,160.0,156.1300048828125,157.07000732421875,1091697.0,160.1999969482422,-1.953801300654634,157.29850006103516,166.62260040283203,164.88340042114257,166.68160026550294,156.10762462557176,158.4239384037375,163.0606028727354,45.523215173399144,4.7492828369140625,3.0236726398762745,1358090.6,0.8038469598420016,219.6999969482422,127.0,-28.507050748288385,23.677171121432085,-5.766439082642668,False,150.42999267578125,172.5,Strong Downtrend,Negative,No Breakout,SAMHI,SAMHI.NS,Samhi Hotels Limited,,Unavailable,0,60,,33.0,Weak / Avoid,-3,30.0,,,,,,,,,,,,Avoid,Avoid,Trend and momentum do not provide sufficient confirmation.,No long trade setup.,,Price trend is weak | Weak momentum | Price is below 200 DMA,Avoid,1420,1420
184.0,184.24000549316406,180.7899932861328,183.0,31510206.0,186.77999877929688,-2.0237706413968826,185.50500030517577,186.65500061035155,195.9742010498047,193.2731506347656,185.57340023818034,185.8608860991135,188.09832451413507,43.60463844024255,5.035000392368862,2.7513663346277935,28918013.35,1.0896393752442886,224.39999389648438,160.05999755859375,-18.449195642840426,14.332127196870987,-5.315353219537002,False,180.0,190.25999450683594,Strong Downtrend,Negative,No Breakout,TATASTEEL,TATASTEEL.NS,Tata Steel Limited,,Unavailable,0,60,,33.0,Weak / Avoid,-3,30.0,,,,,,,,,,,,Avoid,Avoid,Trend and momentum do not provide sufficient confirmation.,No long trade setup.,,Price trend is weak | Weak momentum | Price is below 200 DMA,Avoid,1420,1420
9.0,9.34000015258789,8.800000190734863,8.9399995803833,21111.0,8.9399995803833,0.0,8.967999935150146,9.034000015258789,9.191199979782105,9.327349991798402,8.940518804089258,8.9676785809655,9.036680740619529,49.46235346234936,0.3428571564810617,3.83509141581371,18681.8,1.130030296866469,15.739999771118164,7.809999942779541,-43.202034876851805,14.468625427436283,-4.152845253536111,False,8.6899995803833,9.800000190734863,Strong Downtrend,Negative,No Breakout,TNTELE,TNTELE.NS,Tamilnadu Telecommunication Limited,,Unavailable,0,60,,33.0,Weak / Avoid,-3,30.0,,,,,,,,,,,,Avoid,Avoid,Trend and momentum do not provide sufficient confirmation.,No long trade setup.,,Price trend is weak | Weak momentum | Price is below 200 DMA,Avoid,1420,1420
163.8000030517578,165.0399932861328,160.0,163.75,19044403.0,166.1199951171875,-1.426676611395039,172.09200057983398,166.63640045166017,161.750400390625,171.768150100708,168.21554650039124,169.89304115271247,167.82522273016485,31.62561709546192,4.189999171665737,2.5587781201012136,13306845.25,1.4311734030272878,215.4199981689453,132.25999450683594,-23.98570170278369,23.809168910510188,-4.66800748334714,False,164.7100067138672,181.83999633789062,Downtrend,Strong Negative,No Breakout,ASHOKLEY,ASHOKLEY.NS,Ashok Leyland Limited,,Unavailable,0,60,,32.0,Weak / Avoid,-3,29.0,,,,,,,,,,,,Avoid,Avoid,Trend and momentum do not provide sufficient confirmation.,No long trade setup.,,Price trend is weak | Weak momentum | Volume is above average | Price is below 200 DMA,Avoid,1456,1456
419.95001220703125,419.95001220703125,400.0,408.0,10247.0,415.45001220703125,-1.7932391354266386,429.38499908447267,464.8409997558594,429.30099822998045,429.3939993286133,421.67752569698956,432.0280939947523,442.0837922257658,34.05535030958275,17.707144601004465,4.33998642181482,7241.9,1.4149601623883237,750.0,284.8999938964844,-45.6,43.20814627614306,-4.982370354980336,False,413.04998779296875,482.5,Downtrend,Strong Negative,No Breakout,EVERESTIND,EVERESTIND.NS,Everest Industries Limited,,Unavailable,0,60,,32.0,Weak / Avoid,-3,29.0,,,,,,,,,,,,Avoid,Avoid,Trend and momentum do not provide sufficient confirmation.,No long trade setup.,,Price trend is weak | Weak momentum | Volume is above average | Price is below 200 DMA,Avoid,1456,1456
295.0,303.75,287.0,290.3500061035156,32081.0,300.95001220703125,-3.5221816492978286,309.73500061035156,330.80700134277345,316.23549987792967,309.9957498931885,304.1563052671599,312.0627823793804,320.0222897556603,34.59949871503517,11.157143729073661,3.842653175318314,24107.05,1.3307725333460545,478.0,222.35000610351562,-39.2573208988461,30.582414271822607,-6.337423592562784,False,297.54998779296875,345.5,Downtrend,Strong Negative,No Breakout,JITFINFRA,JITFINFRA.NS,JITF Infralogistics Limited,,Unavailable,0,60,,32.0,Weak / Avoid,-3,29.0,,,,,,,,,,,,Avoid,Avoid,Trend and momentum do not provide sufficient confirmation.,No long trade setup.,,Price trend is weak | Weak momentum | Volume is above average | Price is below 200 DMA,Avoid,1456,1456
840.0,840.0,822.0,825.2000122070312,286.0,840.5499877929688,-1.826182357844286,871.7450012207031,926.0569982910156,902.1424987792968,879.3019985961914,854.6460312201135,871.8407049997058,892.22763765241,37.911524151897154,27.892857142857142,3.380132904779843,221.85,1.2891593418976786,1657.800048828125,750.0,-50.223188086503356,10.026668294270834,-6.152833324106414,False,826.5,954.7000122070312,Downtrend,Strong Negative,No Breakout,KAUSHALYA,KAUSHALYA.NS,Kaushalya Infrastructure Development Corporation Limited,,Unavailable,0,60,,32.0,Weak / Avoid,-3,29.0,,,,,,,,,,,,Avoid,Avoid,Trend and momentum do not provide sufficient confirmation.,No long trade setup.,,Price trend is weak | Weak momentum | Volume is above average | Price is below 200 DMA,Avoid,1456,1456
32.70000076293945,32.9900016784668,31.6200008392334,32.18000030517578,510143.0,32.97999954223633,-2.425710273391657,35.55999984741211,37.885,38.58339992523193,33.549149932861326,34.235444698710936,35.396224010463754,36.86397504661169,28.676492931363086,1.5521426882062639,4.823314709405455,390875.25,1.305129961541438,49.22999954223633,21.5,-34.633352418442925,49.6744200240734,-4.081026286583986,False,32.650001525878906,38.900001525878906,Downtrend,Strong Negative,No Breakout,ONIDA,ONIDA.NS,Onida Electronics Limited,,Unavailable,0,60,,32.0,Weak / Avoid,-3,29.0,,,,,,,,,,,,Avoid,Avoid,Trend and momentum do not provide sufficient confirmation.,No long trade setup.,,Price trend is weak | Weak momentum | Volume is above average | RSI indicates oversold conditions | Price is below 200 DMA,Avoid,1456,1456
330.0,331.79998779296875,322.3500061035156,326.54998779296875,38072.0,332.5,-1.7894773554981258,360.71749725341795,366.5969989013672,347.9358999633789,335.9923501586914,339.8466444324915,351.85193716223944,357.17261557571794,16.37633522265692,12.192860194614955,3.7338418773254327,79214.5,0.48061907857778563,416.95001220703125,245.5,-21.681261966044868,33.01425164683045,-2.810290877534256,False,327.54998779296875,416.95001220703125,Downtrend,Strong Negative,No Breakout,5PAISA,5PAISA.NS,5Paisa Capital Limited,,Unavailable,0,60,,31.0,Weak / Avoid,-3,28.0,,,,,,,,,,,,Avoid,Avoid,Trend and momentum do not provide sufficient confirmation.,No long trade setup.,,Price trend is weak | Weak momentum | RSI indicates oversold conditions | Price is below 200 DMA | Price is near 200 DMA,Avoid,1475,1475
4116.2998046875,4125.89990234375,4055.60009765625,4096.60009765625,18371.0,4116.2998046875,-0.478578042561828,4272.955004882812,4515.88400390625,4417.061010742187,4123.990509033203,4192.366353072203,4284.269671541822,4404.31317093042,28.387858285316582,91.335693359375,2.2295486789552643,44965.7,0.408555854795989,5180.0,3002.0,-20.915056029802123,36.4623616807545,-0.6641725124477632,False,4102.10009765625,4629.89990234375,Downtrend,Strong Negative,No Breakout,AIAENG,AIAENG.NS,AIA Engineering Limited,,Unavailable,0,60,,31.0,Weak / Avoid,-3,28.0,,,,,,,,,,,,Avoid,Avoid,Trend and momentum do not provide sufficient confirmation.,No long trade setup.,,Price trend is weak | Weak momentum | RSI indicates oversold conditions | Price is below 200 DMA | Price is near 200 DMA,Avoid,1475,1475
370.5,371.95001220703125,366.25,368.5,64885.0,374.70001220703125,-1.6546602628893403,387.9850021362305,387.5220007324219,412.94499908447267,377.4027496337891,377.0319577339218,381.359152597833,389.4851430278411,27.817420601043338,12.021432059151786,3.262261074396686,724963.15,0.08950110084905695,514.5,219.86000061035156,-28.377065111758988,67.60665831757034,-2.358951979663059,False,363.29998779296875,441.20001220703125,Downtrend,Strong Negative,No Breakout,APEX,APEX.NS,Apex Frozen Foods Limited,,Unavailable,0,60,,31.0,Weak / Avoid,-3,28.0,,,,,,,,,,,,Avoid,Avoid,Trend and momentum do not provide sufficient confirmation.,No long trade setup.,,Price trend is weak | Weak momentum | RSI indicates oversold conditions | Price is below 200 DMA | Price is near 200 DMA,Avoid,1475,1475
3588.0,3588.0,3475.0,3517.60009765625,1867.0,3590.39990234375,-2.027623848807969,3776.0699829101563,3599.7340087890625,3593.9330004882813,3600.894500732422,3700.5687366823745,3717.9740194148544,3652.661715874947,26.03799384766529,155.82852608816964,4.429967073062029,7359.95,0.2536702015638693,4338.0,3105.199951171875,-18.911938735448363,13.280953013307206,-2.3131586626386804,False,3334.199951171875,4338.0,Downtrend,Strong Negative,No Breakout,BANARISUG,BANARISUG.NS,Bannari Amman Sugars Limited,,Unavailable,0,60,,31.0,Weak / Avoid,-3,28.0,,,,,,,,,,,,Avoid,Avoid,Trend and momentum do not provide sufficient confirmation.,No long trade setup.,,Price trend is weak | Weak momentum | RSI indicates oversold conditions | Price is below 200 DMA | Price is near 200 DMA,Avoid,1475,1475
272.0,274.95001220703125,269.6000061035156,271.3500061035156,13631.0,272.1499938964844,-0.29395106041157915,282.1125015258789,290.17400024414064,284.4969009399414,271.43490104675294,277.54449010203825,281.6584325486831,284.9477840572895,28.062004207171498,7.450001307896206,2.745532021493359,20370.0,0.6691703485517918,323.70001220703125,206.5500030517578,-16.172383110703663,31.37255003357229,-0.031276354997065554,False,270.6000061035156,297.29998779296875,Downtrend,Strong Negative,No Breakout,CAPITALSFB,CAPITALSFB.NS,Capital Small Finance Bank Limited,,Unavailable,0,60,,31.0,Weak / Avoid,-3,28.0,,,,,,,,,,,,Avoid,Avoid,Trend and momentum do not provide sufficient confirmation.,No long trade setup.,,Price trend is weak | Weak momentum | RSI indicates oversold conditions | Price is below 200 DMA | Price is near 200 DMA,Avoid,1475,1475
20.360000610351562,20.360000610351562,20.360000610351562,20.360000610351562,0.0,20.360000610351562,0.0,21.27391710281372,20.54996681213379,20.34108341217041,20.736941719055174,20.54594624049592,20.903970394209466,20.76708491646949,36.258258403568284,1.054767063685826,5.180584636866635,389057.75,0.0,34.75,15.670000076293945,-41.410070186038666,29.929805432182437,-1.8177275791696936,False,18.485095977783203,23.1299991607666,Downtrend,Strong Negative,No Breakout,CENTEXT,CENTEXT.NS,Century Extrusions Limited,,Unavailable,0,60,,31.0,Weak / Avoid,-3,28.0,,,,,,,,,,,,Avoid,Avoid,Trend and momentum do not provide sufficient confirmation.,No long trade setup.,,Price trend is weak | Weak momentum | Price is below 200 DMA | Price is near 200 DMA,Avoid,1475,1475
770.0,777.9500122070312,756.1500244140625,760.2000122070312,44416.0,780.4500122070312,-2.5946568881119125,790.1000030517578,826.6810021972656,802.5439996337891,776.5872494506835,770.079662896546,787.2728273860976,805.0012726065587,33.64809561519081,23.064287458147323,3.0339762020243226,63549.6,0.6989186399284968,1010.0,632.0,-24.732672058709777,20.284812058074564,-2.110160481677204,False,732.0499877929688,907.0,Downtrend,Strong Negative,No Breakout,DATAMATICS,DATAMATICS.NS,Datamatics Global Services Limited,,Unavailable,0,60,,31.0,Weak / Avoid,-3,28.0,,,,,,,,,,,,Avoid,Avoid,Trend and momentum do not provide sufficient confirmation.,No long trade setup.,,Price trend is weak | Weak momentum | Price is below 200 DMA | Price is near 200 DMA,Avoid,1475,1475
5.070000171661377,5.28000020980835,4.78000020980835,5.070000171661377,7604.0,5.21999979019165,-2.873556026038959,5.302999997138977,5.264400033950806,5.259500012397766,5.208950010538101,5.1765439780887,5.235775089827273,5.2769674088582965,37.32393940533629,0.32785701751708984,6.466607621625683,13445.15,0.5655570967969863,8.550000190734863,3.700000047683716,-40.70175370106494,37.02702990058912,-2.667521066541583,False,4.880000114440918,5.829999923706055,Downtrend,Strong Negative,No Breakout,DCMFINSERV,DCMFINSERV.NS,DCM Financial Services Limited,,Unavailable,0,60,,31.0,Weak / Avoid,-3,28.0,,,,,,,,,,,,Avoid,Avoid,Trend and momentum do not provide sufficient confirmation.,No long trade setup.,,Price trend is weak | Weak momentum | Price is below 200 DMA | Price is near 200 DMA,Avoid,1475,1475
626.5,632.0,621.0,623.9500122070312,3729.0,634.5,-1.6627246324615874,662.4125030517578,712.3810009765625,661.1534997558593,640.1204991149903,646.5778381953401,667.4476430602712,682.4782117601494,34.758660181048796,14.842856270926339,2.3788534306497247,7633.95,0.4884758218222545,846.7999877929688,428.04998779296875,-26.31671927236982,45.76568858794403,-2.5261629537432078,False,616.2000122070312,715.7000122070312,Downtrend,Strong Negative,No Breakout,FAIRCHEMOR,FAIRCHEMOR.NS,Fairchem Organics Limited,,Unavailable,0,60,,31.0,Weak / Avoid,-3,28.0,,,,,,,,,,,,Avoid,Avoid,Trend and momentum do not provide sufficient confirmation.,No long trade setup.,,Price trend is weak | Weak momentum | Price is below 200 DMA | Price is near 200 DMA,Avoid,1475,1475
1685.0,1688.0,1654.0,1668.199951171875,113850.0,1698.699951171875,-1.7954907209456916,1762.1150024414062,1759.5159985351563,1711.5890002441406,1672.0605017089845,1705.6003056002046,1733.7379280403732,1736.3328488091613,26.434840377304994,47.142848423549104,2.825971094797854,180534.2,0.6306284349447362,1913.5999755859375,1266.9000244140625,-12.823998094947816,31.675737550278487,-0.23088581622277854,False,1615.0999755859375,1858.5,Downtrend,Strong Negative,No Breakout,GRAVITA,GRAVITA.NS,Gravita India Limited,,Unavailable,0,60,,31.0,Weak / Avoid,-3,28.0,,,,,,,,,,,,Avoid,Avoid,Trend and momentum do not provide sufficient confirmation.,No long trade setup.,,Price trend is weak | Weak momentum | RSI indicates oversold conditions | Price is below 200 DMA | Price is near 200 DMA,Avoid,1475,1475
187.13999938964844,189.5800018310547,183.5500030517578,185.80999755859375,6619.0,186.8000030517578,-0.5299815187314261,193.75449905395507,206.83,208.5699998474121,190.95580017089844,190.2222557795309,195.46845879913772,202.07538914318235,34.06331313991835,6.737856183733259,3.6262075627058374,18354.3,0.36062394098385664,237.89999389648438,153.66000366210938,-21.89575354111028,20.922812137360477,-2.6947610953421615,False,186.25,225.88999938964844,Downtrend,Strong Negative,No Breakout,HARRMALAYA,HARRMALAYA.NS,Harrisons  Malayalam Limited,,Unavailable,0,60,,31.0,Weak / Avoid,-3,28.0,,,,,,,,,,,,Avoid,Avoid,Trend and momentum do not provide sufficient confirmation.,No long trade setup.,,Price trend is weak | Weak momentum | Price is below 200 DMA | Price is near 200 DMA,Avoid,1475,1475
510.0,516.5,505.0,514.5,8769684.0,527.2999877929688,-2.4274583897760937,539.4249984741211,516.7139990234375,525.8434997558594,519.0722496032715,525.3569641149169,528.8674362914101,524.940611648705,31.685596868224437,19.689287458147323,3.826878028794426,16126942.15,0.5437908760651193,760.0499877929688,244.14999389648438,-32.30708397298922,110.7311131935312,-0.8808503260896944,False,506.6000061035156,586.75,Downtrend,Strong Negative,No Breakout,HINDCOPPER,HINDCOPPER.NS,Hindustan Copper Limited,,Unavailable,0,60,,31.0,Weak / Avoid,-3,28.0,,,,,,,,,,,,Avoid,Avoid,Trend and momentum do not provide sufficient confirmation.,No long trade setup.,,Price trend is weak | Weak momentum | Price is below 200 DMA | Price is near 200 DMA,Avoid,1475,1475
470.6000061035156,472.8500061035156,465.6499938964844,470.25,354487.0,473.79998779296875,-0.7492587345780954,492.47749786376954,465.6109997558594,453.5090002441406,484.66400009155274,479.54859529251564,482.8705404085604,472.03796530567683,28.148580055778282,12.446426391601562,2.646767972695707,1171842.35,0.3025040014981537,658.0,408.54998779296875,-28.533434650455924,15.10219411346489,-2.9740191326011303,False,467.95001220703125,527.8499755859375,Downtrend,Strong Negative,No Breakout,JUBLFOOD,JUBLFOOD.NS,Jubilant Foodworks Limited,,Unavailable,0,60,,31.0,Weak / Avoid,-3,28.0,,,,,,,,,,,,Avoid,Avoid,Trend and momentum do not provide sufficient confirmation.,No long trade setup.,,Price trend is weak | Weak momentum | RSI indicates oversold conditions | Price is below 200 DMA | Price is near 200 DMA,Avoid,1475,1475
197.0,197.89999389648438,192.75,193.74000549316406,9965.0,195.02000427246094,-0.6563422988692946,211.0765007019043,208.60640075683594,202.89890045166015,195.2288505554199,202.17581992608504,206.80523895425654,207.4358893618335,30.873914734462687,8.511428833007812,4.393222149107522,26594.5,0.3747015360318863,244.0,148.3000030517578,-20.59835840444096,30.64059440750473,-0.7626152886830665,False,194.0,231.0,Downtrend,Strong Negative,No Breakout,KNAGRI,KNAGRI.NS,KN Agri Resources Limited,,Unavailable,0,60,,31.0,Weak / Avoid,-3,28.0,,,,,,,,,,,,Avoid,Avoid,Trend and momentum do not provide sufficient confirmation.,No long trade setup.,,Price trend is weak | Weak momentum | Price is below 200 DMA | Price is near 200 DMA,Avoid,1475,1475
26.0,26.010000228881836,25.549999237060547,25.670000076293945,940129.0,25.989999771118164,-1.231241622325152,27.48650007247925,28.342200088500977,27.583099994659424,26.267399969100953,26.28799490085488,27.079646406474517,27.717872090799133,6.067387316337189,0.7900002343314034,3.077523303402569,3400062.05,0.2765034832231959,87.0,19.399999618530273,-70.49425278586902,32.319590623985185,-2.2743015810843312,False,25.75,31.0,Downtrend,Strong Negative,No Breakout,MCLOUD,MCLOUD.NS,Magellanic Cloud Limited,,Unavailable,0,60,,31.0,Weak / Avoid,-3,28.0,,,,,,,,,,,,Avoid,Avoid,Trend and momentum do not provide sufficient confirmation.,No long trade setup.,,Price trend is weak | Weak momentum | RSI indicates oversold conditions | Price is below 200 DMA | Price is near 200 DMA,Avoid,1475,1475
295.0,295.0,267.75,277.5,1349.0,284.95001220703125,-2.6144979427544013,303.94500427246095,327.1030017089844,319.1195001220703,280.62360008239745,293.29938563909366,303.09305871369224,314.5941937387915,26.847243491577345,11.574996948242188,4.171170071438627,2754.5,0.48974405518242875,392.0,203.0,-29.209183673469386,36.69950738916256,-1.113092441790457,False,279.8999938964844,320.8999938964844,Downtrend,Strong Negative,No Breakout,MEGASTAR,MEGASTAR.NS,Megastar Foods Limited,,Unavailable,0,60,,31.0,Weak / Avoid,-3,28.0,,,,,,,,,,,,Avoid,Avoid,Trend and momentum do not provide sufficient confirmation.,No long trade setup.,,Price trend is weak | Weak momentum | RSI indicates oversold conditions | Price is below 200 DMA | Price is near 200 DMA,Avoid,1475,1475
62.25,62.36000061035156,61.060001373291016,61.91999816894531,1116559.0,62.22999954223633,-0.49815422717561786,63.37249927520752,63.45440002441406,65.26079975128174,63.22899993896485,62.77529446019976,63.154253391868764,63.83746641662874,31.029592166146557,1.4314278193882533,2.3117375027736293,3651033.0,0.3058200240863339,78.3499984741211,50.099998474121094,-20.97000717951844,23.59281448068263,-2.07025537535485,False,61.40999984741211,67.58000183105469,Downtrend,Strong Negative,No Breakout,MMTC,MMTC.NS,MMTC Limited,,Unavailable,0,60,,31.0,Weak / Avoid,-3,28.0,,,,,,,,,,,,Avoid,Avoid,Trend and momentum do not provide sufficient confirmation.,No long trade setup.,,Price trend is weak | Weak momentum | Price is below 200 DMA | Price is near 200 DMA,Avoid,1475,1475
127.47000122070312,128.39999389648438,125.41999816894531,127.66000366210938,14894.0,127.06999969482422,0.46431413292054025,131.15750160217286,133.9190007019043,132.84050033569335,128.33100006103516,128.84334155589525,130.65635915471643,132.22807433687046,29.052416286149167,2.9707140241350447,2.32705149531245,31002.25,0.4804167439460039,150.89999389648438,110.30000305175781,-15.400921918073344,15.738894043552706,-0.5228638431919407,False,126.0,143.3000030517578,Downtrend,Strong Negative,No Breakout,MUNJALSHOW,MUNJALSHOW.NS,Munjal Showa Limited,,Unavailable,0,60,,31.0,Weak / Avoid,-3,28.0,,,,,,,,,,,,Avoid,Avoid,Trend and momentum do not provide sufficient confirmation.,No long trade setup.,,Price trend is weak | Weak momentum | RSI indicates oversold conditions | Price is below 200 DMA | Price is near 200 DMA,Avoid,1475,1475
34.209999084472656,34.70000076293945,32.93000030517578,33.41999816894531,13638.0,34.68000030517578,-3.63322412094218,39.336499786376955,39.676999969482424,39.252999992370604,33.464550037384036,37.075682216969874,38.518852977064405,39.04228406123824,28.562039427890582,2.463571548461914,7.371549022857595,23411.0,0.5825466660971338,43.88999938964844,22.010000228881836,-23.855095389161704,51.84006279605175,-0.13313153288764945,False,34.11000061035156,42.689998626708984,Downtrend,Strong Negative,No Breakout,NGIL,NGIL.NS,Nakoda Group of Industries Limited,,Unavailable,0,60,,31.0,Weak / Avoid,-3,28.0,,,,,,,,,,,,Avoid,Avoid,Trend and momentum do not provide sufficient confirmation.,No long trade setup.,,Price trend is weak | Weak momentum | RSI indicates oversold conditions | Price is below 200 DMA | Price is near 200 DMA,Avoid,1475,1475
1193.0999755859375,1223.0,1185.5,1209.5,311051.0,1206.699951171875,0.23204184481864232,1275.195001220703,1334.6919970703125,1323.6929992675782,1211.4827505493165,1233.0165408399364,1268.6077326493235,1306.6248926146218,22.17680540178084,38.307137625558035,3.1671878979378287,396950.4,0.7836016792022378,1714.199951171875,866.5999755859375,-29.442303438805258,39.56843227259685,-0.16366312672776215,False,1200.0,1414.4000244140625,Downtrend,Strong Negative,No Breakout,OLECTRA,OLECTRA.NS,Olectra Greentech Limited,,Unavailable,0,60,,31.0,Weak / Avoid,-3,28.0,,,,,,,,,,,,Avoid,Avoid,Trend and momentum do not provide sufficient confirmation.,No long trade setup.,,Price trend is weak | Weak momentum | RSI indicates oversold conditions | Price is below 200 DMA | Price is near 200 DMA,Avoid,1475,1475
537.5,545.0,527.5,545.0,852250.0,542.0,0.5535055350553542,577.5850006103516,591.3380041503906,551.2905017089844,556.672501373291,556.0185795681621,570.8534296269133,575.5841454906237,21.891854798161418,14.135716029575892,2.5937093632249346,1074741.9,0.7929810869009574,644.4000244140625,436.54998779296875,-15.42520494229412,24.842518666719794,-2.096834556134052,False,538.5,615.9000244140625,Downtrend,Strong Negative,No Breakout,PGEL,PGEL.NS,PG Electroplast Limited,,Unavailable,0,60,,31.0,Weak / Avoid,-3,28.0,,,,,,,,,,,,Avoid,Avoid,Trend and momentum do not provide sufficient confirmation.,No long trade setup.,,Price trend is weak | Weak momentum | RSI indicates oversold conditions | Price is below 200 DMA | Price is near 200 DMA,Avoid,1475,1475
602.0,610.2000122070312,592.0999755859375,602.1500244140625,150037.0,600.5,0.2747750897689416,650.0774963378906,693.2879992675781,642.1860009765625,607.288249206543,616.1875758744488,642.0858335531108,660.0587407029619,4.9672969183942115,17.803584507533483,2.9566692328639723,225320.05,0.6658839282167743,809.7000122070312,515.0,-25.632948581443337,16.922334837682037,-0.8460932348343476,False,595.5999755859375,723.0,Downtrend,Strong Negative,No Breakout,PICCADIL,PICCADIL.NS,Piccadily Agro Industries Limited,,Unavailable,0,60,,31.0,Weak / Avoid,-3,28.0,,,,,,,,,,,,Avoid,Avoid,Trend and momentum do not provide sufficient confirmation.,No long trade setup.,,Price trend is weak | Weak momentum | RSI indicates oversold conditions | Price is below 200 DMA | Price is near 200 DMA,Avoid,1475,1475
6.340000152587891,6.340000152587891,6.099999904632568,6.150000095367432,17731.0,6.210000038146973,-0.9661826475196755,6.4815000057220455,6.431400003433228,6.2764999961853025,6.226349999904633,6.306431390697744,6.415344612154247,6.418423918698847,32.23683756474165,0.3778571401323591,6.14401844346287,77368.4,0.22917625283707563,9.25,4.5,-33.51351248251425,36.666668785942925,-1.226238559322405,False,5.900000095367432,7.329999923706055,Downtrend,Strong Negative,No Breakout,RADIOCITY,RADIOCITY.NS,Music Broadcast Limited,,Unavailable,0,60,,31.0,Weak / Avoid,-3,28.0,,,,,,,,,,,,Avoid,Avoid,Trend and momentum do not provide sufficient confirmation.,No long trade setup.,,Price trend is weak | Weak momentum | Price is below 200 DMA | Price is near 200 DMA,Avoid,1475,1475
21.100000381469727,21.389999389648438,20.780000686645508,21.100000381469727,8744.0,21.190000534057617,-0.4247293549768383,22.34350004196167,21.868600006103517,21.484600048065186,21.67595004081726,21.77981916441718,22.033064477991147,21.92120098799718,25.0,0.7257144110543388,3.439404729545265,21010.85,0.41616593331540613,28.899999618530273,19.40999984741211,-26.989617093487077,8.706854957976422,-2.6570907308006384,False,20.899999618530273,23.709999084472656,Downtrend,Strong Negative,No Breakout,RAJRILTD,RAJRILTD.NS,Raj Rayon Industries Limited,,Unavailable,0,60,,31.0,Weak / Avoid,-3,28.0,,,,,,,,,,,,Avoid,Avoid,Trend and momentum do not provide sufficient confirmation.,No long trade setup.,,Price trend is weak | Weak momentum | RSI indicates oversold conditions | Price is below 200 DMA | Price is near 200 DMA,Avoid,1475,1475
3951.0,3967.699951171875,3890.10009765625,3950.5,18313.0,3940.199951171875,0.2614092928218348,4005.164990234375,4069.946015625,4101.511015625,3998.3495092773437,3964.597374310268,3998.9093679184134,4046.5059391674613,34.296359499431176,67.8214111328125,1.7167804362185166,59918.05,0.30563411192453693,4467.7001953125,3518.39990234375,-11.576430214702974,12.281153639425991,-1.1967315305057453,False,3871.699951171875,4202.60009765625,Downtrend,Strong Negative,No Breakout,SCHAEFFLER,SCHAEFFLER.NS,Schaeffler India Limited,,Unavailable,0,60,,31.0,Weak / Avoid,-3,28.0,,,,,,,,,,,,Avoid,Avoid,Trend and momentum do not provide sufficient confirmation.,No long trade setup.,,Price trend is weak | Weak momentum | Price is below 200 DMA | Price is near 200 DMA,Avoid,1475,1475
44.83000183105469,44.83000183105469,44.0,44.189998626708984,64453.0,44.970001220703125,-1.7344953809675379,46.88549976348877,43.89819999694824,42.50309993743897,45.37945001602173,46.10354942764455,46.34357094872325,44.84345069647304,25.81342649692776,2.3242865971156528,5.259757115518046,153630.3,0.4195331259523675,65.5,35.459999084472656,-32.53435324166567,24.61928868480724,-2.6211234135556833,False,44.2599983215332,51.20000076293945,Downtrend,Strong Negative,No Breakout,SIGMA,SIGMA.NS,Sigma Solve Limited,,Unavailable,0,60,,31.0,Weak / Avoid,-3,28.0,,,,,,,,,,,,Avoid,Avoid,Trend and momentum do not provide sufficient confirmation.,No long trade setup.,,Price trend is weak | Weak momentum | RSI indicates oversold conditions | Price is below 200 DMA | Price is near 200 DMA,Avoid,1475,1475
380.04998779296875,391.25,375.25,378.3999938964844,5571.0,380.8999938964844,-0.6563402573010801,391.73999938964846,381.8249987792969,371.18,378.57175018310545,383.6800325549133,386.91010833343046,382.5280379305687,33.33333333333333,14.078574044363839,3.7205534543996825,7802.8,0.7139744707028246,603.0,268.25,-37.24709885630442,41.06243947678821,-0.045369546601932514,False,377.0,423.45001220703125,Downtrend,Strong Negative,No Breakout,SUDARCOLOR,SUDARCOLOR.NS,Sudarshan Colorants India Limited,,Unavailable,0,60,,31.0,Weak / Avoid,-3,28.0,,,,,,,,,,,,Avoid,Avoid,Trend and momentum do not provide sufficient confirmation.,No long trade setup.,,Price trend is weak | Weak momentum | Price is below 200 DMA | Price is near 200 DMA,Avoid,1475,1475
500.0,505.0,497.0,502.79998779296875,289977.0,503.8500061035156,-0.20839898736274565,538.657502746582,565.6829998779297,546.1059991455078,515.5384997558593,516.8242832490157,535.1214645228471,548.9514535754763,27.46891875902746,18.042872837611608,3.588479171769766,512619.05,0.5656773777720512,766.0,365.8999938964844,-34.360314909534104,37.41459310743097,-2.4709138054525686,False,501.20001220703125,593.5,Downtrend,Strong Negative,No Breakout,TANLA,TANLA.NS,Tanla Platforms Limited,,Unavailable,0,60,,31.0,Weak / Avoid,-3,28.0,,,,,,,,,,,,Avoid,Avoid,Trend and momentum do not provide sufficient confirmation.,No long trade setup.,,Price trend is weak | Weak momentum | RSI indicates oversold conditions | Price is below 200 DMA | Price is near 200 DMA,Avoid,1475,1475
288.5,290.45001220703125,285.1499938964844,288.5,827433.0,289.95001220703125,-0.5000904107553272,299.43999938964845,306.8559997558594,314.9635000610352,297.3528493499756,296.33298819147365,299.0498232940846,304.74959482361425,35.47006568458228,8.52142333984375,2.953699597866118,1797191.0,0.460403485216652,552.0,224.0500030517578,-47.73550724637681,28.76589871474074,-2.977220285370817,False,284.0,326.95001220703125,Downtrend,Strong Negative,No Breakout,TARIL,TARIL.NS,Transformers And Rectifiers (India) Limited,,Unavailable,0,60,,31.0,Weak / Avoid,-3,28.0,,,,,,,,,,,,Avoid,Avoid,Trend and momentum do not provide sufficient confirmation.,No long trade setup.,,Price trend is weak | Weak momentum | Price is below 200 DMA | Price is near 200 DMA,Avoid,1475,1475
3611.0,3702.10009765625,3589.5,3682.0,84569.0,3645.39990234375,1.0040077532431635,3863.2199951171874,4187.391997070313,4394.039985351563,3759.4929931640627,3710.2047710431493,3837.172098502458,4077.705027033035,18.296260590230375,96.07144601004464,2.6092190659979533,124696.5,0.6781986663619267,5277.7998046875,2742.699951171875,-30.2360806347786,34.247276973435966,-2.061261805912905,False,3580.5,4238.60009765625,Downtrend,Strong Negative,No Breakout,THERMAX,THERMAX.NS,Thermax Limited,,Unavailable,0,60,,31.0,Weak / Avoid,-3,28.0,,,,,,,,,,,,Avoid,Avoid,Trend and momentum do not provide sufficient confirmation.,No long trade setup.,,Price trend is weak | Weak momentum | RSI indicates oversold conditions | Price is below 200 DMA | Price is near 200 DMA,Avoid,1475,1475
165.0,165.0,163.0,165.0,2369.0,164.63999938964844,0.21865926365776112,171.46849975585937,164.64419982910155,165.34589950561522,165.34754970550537,168.85533040070706,169.35839135873962,167.0007343301411,31.28467675206892,3.889286586216518,2.3571433855857684,8461.2,0.27998392662979243,273.54998779296875,111.55999755859375,-39.681956730746705,47.9024772417536,-0.2101934417077124,False,151.0,190.9600067138672,Downtrend,Strong Negative,No Breakout,TRANSWORLD,TRANSWORLD.NS,TRANSWORLD SHIPPING LINES LIMITED,,Unavailable,0,60,,31.0,Weak / Avoid,-3,28.0,,,,,,,,,,,,Avoid,Avoid,Trend and momentum do not provide sufficient confirmation.,No long trade setup.,,Price trend is weak | Weak momentum | Price is below 200 DMA | Price is near 200 DMA,Avoid,1475,1475
24.8700008392334,25.479999542236328,24.790000915527344,24.860000610351562,5123.0,24.8799991607666,-0.08038002849524162,24.907000064849854,26.026200103759766,26.534200019836426,26.039150009155275,25.01398408620812,25.167171962403646,25.72302370208799,48.865992841740805,0.9792857851300921,3.9392025787896525,7947.1,0.6446376665701954,36.0,22.799999237060547,-30.944442749023438,9.035094044839092,-4.528371311617805,False,24.0,26.850000381469727,Strong Downtrend,Negative,No Breakout,AKASH,AKASH.NS,Akash Infra-Projects Limited,,Unavailable,0,60,,30.0,Weak / Avoid,-3,27.0,,,,,,,,,,,,Avoid,Avoid,Trend and momentum do not provide sufficient confirmation.,No long trade setup.,,Price trend is weak | Weak momentum | Price is below 200 DMA,Avoid,1516,1516
91.66000366210938,91.88999938964844,89.20999908447266,90.62999725341797,168159.0,91.80999755859375,-1.2852634098184157,93.01499938964844,89.94199996948242,92.18330024719238,95.0570000076294,92.13800209134192,91.98767530230852,91.04212077989557,32.95227452652405,3.0700013296944753,3.387400885724616,288987.0,0.5818912269410043,141.32000732421875,69.5199966430664,-35.86895516818571,30.36536482982839,-4.657208573651717,False,88.36000061035156,104.37999725341797,Downtrend,Negative,No Breakout,BALAJITELE,BALAJITELE.NS,Balaji Telefilms Limited,,Unavailable,0,60,,30.0,Weak / Avoid,-3,27.0,,,,,,,,,,,,Avoid,Avoid,Trend and momentum do not provide sufficient confirmation.,No long trade setup.,,Price trend is weak | Weak momentum | Price is below 200 DMA,Avoid,1516,1516
113.6500015258789,113.6500015258789,107.0,107.55999755859375,1907.0,110.55999755859375,-2.713458815346015,112.97649993896485,113.76659973144531,110.68739974975585,114.73624984741211,111.58130736971215,112.69707409234258,112.4771616998754,42.24475866307898,5.939285823277065,5.521835215774912,4603.65,0.41423652971012137,164.6999969482422,96.05000305175781,-34.693382178753154,11.983335909561216,-6.2545640966669795,False,107.25,128.8000030517578,Strong Downtrend,Negative,No Breakout,BANARBEADS,BANARBEADS.NS,Banaras Beads Limited,,Unavailable,0,60,,30.0,Weak / Avoid,-3,27.0,,,,,,,,,,,,Avoid,Avoid,Trend and momentum do not provide sufficient confirmation.,No long trade setup.,,Price trend is weak | Weak momentum | Price is below 200 DMA,Avoid,1516,1516
238.8000030517578,241.5800018310547,234.60000610351562,240.2100067138672,142609.0,240.05999755859375,0.06248819328460442,240.48750076293945,243.9480010986328,236.38380020141602,250.5052001953125,240.02067063470767,240.18893402912957,240.16751776387594,42.41926650214271,6.349283490862165,2.6432218947586517,255298.05,0.5585980778153221,321.5,208.5,-25.284601333167284,15.208636313605368,-4.109772361379494,False,226.6199951171875,255.0,Strong Downtrend,Negative,No Breakout,CANTABIL,CANTABIL.NS,Cantabil Retail India Limited,,Unavailable,0,60,,30.0,Weak / Avoid,-3,27.0,,,,,,,,,,,,Avoid,Avoid,Trend and momentum do not provide sufficient confirmation.,No long trade setup.,,Price trend is weak | Weak momentum | Price is below 200 DMA,Avoid,1516,1516
1525.0,1539.4000244140625,1493.0,1528.5999755859375,57387.0,1532.0,-0.22193370848971883,1534.9,1566.4559912109376,1584.5129943847655,1639.5314965820312,1523.3945592724144,1532.9532464741587,1554.9044549191412,40.189107898710546,37.94285365513393,2.4821964059360795,141022.45,0.40693520783392995,2064.0,1305.0,-25.93992366347202,17.13409774604885,-6.766050010466721,False,1437.0,1642.699951171875,Strong Downtrend,Negative,No Breakout,CHOLAHLDNG,CHOLAHLDNG.NS,Cholamandalam Financial Holdings Limited,,Unavailable,0,60,,30.0,Weak / Avoid,-3,27.0,,,,,,,,,,,,Avoid,Avoid,Trend and momentum do not provide sufficient confirmation.,No long trade setup.,,Price trend is weak | Weak momentum | Price is below 200 DMA,Avoid,1516,1516
342.5,351.0,340.70001220703125,349.3999938964844,670025.0,343.70001220703125,1.6584176569710785,353.82750091552737,357.2770025634766,369.76100158691406,373.661000213623,350.92692508567126,353.12406593941694,358.03661246769815,42.28431707731294,8.17856924874442,2.3407468207247475,1168418.0,0.5734463180129029,417.95001220703125,340.70001220703125,-16.40148733303318,2.553560721379269,-6.492785252747428,False,341.6000061035156,363.1000061035156,Strong Downtrend,Negative,No Breakout,GICRE,GICRE.NS,General Insurance Corporation of India,,Unavailable,0,60,,30.0,Weak / Avoid,-3,27.0,,,,,,,,,,,,Avoid,Avoid,Trend and momentum do not provide sufficient confirmation.,No long trade setup.,,Price trend is weak | Weak momentum | Price is below 200 DMA,Avoid,1516,1516
1540.800048828125,1591.800048828125,1540.800048828125,1584.800048828125,248.0,1556.300048828125,1.8312664078793839,1589.1100036621094,1641.1880053710938,1685.045,1672.1455004882812,1579.797827759513,1593.0642846421863,1630.909114820339,47.026592499023174,51.135733468191965,3.22663628802915,1674.35,0.14811717980111685,1985.4000244140625,1375.0,-20.177292770214596,15.25818536931818,-5.2235557034151965,False,1503.800048828125,1650.0,Strong Downtrend,Negative,No Breakout,GKWLIMITED,GKWLIMITED.NS,GKW Limited,,Unavailable,0,60,,30.0,Weak / Avoid,-3,27.0,,,,,,,,,,,,Avoid,Avoid,Trend and momentum do not provide sufficient confirmation.,No long trade setup.,,Price trend is weak | Weak momentum | Price is below 200 DMA,Avoid,1516,1516
156.8800048828125,159.99000549316406,155.3000030517578,155.80999755859375,765.0,156.8800048828125,-0.68205462195009,158.50849990844728,158.58920043945312,161.21119995117186,161.52935005187987,157.3629998176847,158.12807855669843,159.02025503566992,43.44745897061737,4.364998953683036,2.801488365367273,1831.0,0.417804478427089,194.88999938964844,147.25999450683594,-20.05233821819716,5.806059602535782,-3.5407512575573334,False,154.2100067138672,167.0,Strong Downtrend,Negative,No Breakout,HEXATRADEX,HEXATRADEX.NS,Hexa Tradex Limited,,Unavailable,0,60,,30.0,Weak / Avoid,-3,27.0,,,,,,,,,,,,Avoid,Avoid,Trend and momentum do not provide sufficient confirmation.,No long trade setup.,,Price trend is weak | Weak momentum | Price is below 200 DMA,Avoid,1516,1516
120.0999984741211,124.88999938964844,120.04000091552734,123.87000274658203,278.0,120.02999877929688,3.1992035377305106,124.93099975585938,125.13100021362305,128.10970031738282,128.59750022888184,122.66385698231427,123.94158453481722,125.37182656768869,45.428462928774174,5.2949998038155695,4.2746425174852725,3235.2,0.0859297725024728,154.4499969482422,107.0,-19.799284432428855,15.766357707086009,-3.6761970286247116,False,114.4000015258789,139.1999969482422,Strong Downtrend,Negative,No Breakout,HPIL,HPIL.NS,Hindprakash Industries Limited,,Unavailable,0,60,,30.0,Weak / Avoid,-3,27.0,,,,,,,,,,,,Avoid,Avoid,Trend and momentum do not provide sufficient confirmation.,No long trade setup.,,Price trend is weak | Weak momentum | Price is below 200 DMA,Avoid,1516,1516
17.489999771118164,17.489999771118164,16.5,17.100000381469727,620.0,16.969999313354492,0.7660640741035785,17.421499919891357,17.42419994354248,17.55069990158081,18.17059994697571,17.50857936857136,17.47728980040803,17.462730223997287,45.86777103768868,1.3785709653581892,8.061818331022181,2542.9,0.24381611545872822,26.8799991607666,12.199999809265137,-36.383925166082314,40.1639397443543,-5.891932950095971,False,16.100000381469727,18.5,Strong Downtrend,Negative,No Breakout,KHANDSE,KHANDSE.NS,Khandwala Securities Limited,,Unavailable,0,60,,30.0,Weak / Avoid,-3,27.0,,,,,,,,,,,,Avoid,Avoid,Trend and momentum do not provide sufficient confirmation.,No long trade setup.,,Price trend is weak | Weak momentum | Price is below 200 DMA,Avoid,1516,1516
555.0,555.0,546.5,551.8499755859375,169081.0,558.3499755859375,-1.1641444048025362,560.7550018310546,573.4220043945312,601.5469995117187,585.5330007934571,558.5048748034385,562.2743799437328,573.3613547380086,44.7484964683597,15.000004359654017,2.7181308368687467,307563.55,0.5497432969544018,739.4000244140625,501.6499938964844,-25.365166707527365,10.006973447668756,-5.752540875044724,False,545.1500244140625,594.9000244140625,Strong Downtrend,Negative,No Breakout,NAVA,NAVA.NS,NAVA LIMITED,,Unavailable,0,60,,30.0,Weak / Avoid,-3,27.0,,,,,,,,,,,,Avoid,Avoid,Trend and momentum do not provide sufficient confirmation.,No long trade setup.,,Price trend is weak | Weak momentum | Price is below 200 DMA,Avoid,1516,1516
214.02000427246094,214.02000427246094,209.63999938964844,212.05999755859375,179867.0,214.16000366210938,-0.9805781040370665,217.02649993896483,217.64619995117187,217.00679962158202,219.61805000305176,215.40545201791372,215.84813268101232,216.18779277677325,44.057307660871295,7.931430271693638,3.7401821951366028,2264666.9,0.07942315931760208,288.95001220703125,160.69000244140625,-26.610144108021768,31.96838280957708,-3.441453215868636,False,208.1999969482422,245.89999389648438,Strong Downtrend,Negative,No Breakout,PURVA,PURVA.NS,Puravankara Limited,,Unavailable,0,60,,30.0,Weak / Avoid,-3,27.0,,,,,,,,,,,,Avoid,Avoid,Trend and momentum do not provide sufficient confirmation.,No long trade setup.,,Price trend is weak | Weak momentum | Price is below 200 DMA,Avoid,1516,1516
42.939998626708984,43.220001220703125,41.720001220703125,42.689998626708984,1948.0,42.130001068115234,1.3292132551536273,42.79799976348877,44.043399810791016,44.9222998046875,45.43849988937378,42.46201127721549,42.86492804768357,43.76007151567651,45.57894123953718,1.8007144927978516,4.218117945010275,3997.95,0.4872497154791831,62.0,35.11000061035156,-31.145163505308087,21.589284775240344,-6.048838032409513,False,39.54999923706055,45.439998626708984,Strong Downtrend,Negative,No Breakout,ROML,ROML.NS,Raj Oil Mills Limited,,Unavailable,0,60,,30.0,Weak / Avoid,-3,27.0,,,,,,,,,,,,Avoid,Avoid,Trend and momentum do not provide sufficient confirmation.,No long trade setup.,,Price trend is weak | Weak momentum | Price is below 200 DMA,Avoid,1516,1516
70.75,70.9800033569336,69.0,70.01000213623047,14401.0,71.73999786376953,-2.4114800377109447,71.42249984741211,72.21439987182617,74.70330009460449,73.94673700332642,71.23605135792418,71.42635950282673,72.28099143959005,42.1639207461913,2.8457140241350447,4.06472494972597,166184.1,0.08665690640681027,86.19999694824219,61.0,-18.781897198595978,14.77049530529585,-5.323743854876057,False,67.30000305175781,76.9000015258789,Strong Downtrend,Negative,No Breakout,SILGO,SILGO.NS,Silgo Retail Limited,,Unavailable,0,60,,30.0,Weak / Avoid,-3,27.0,,,,,,,,,,,,Avoid,Avoid,Trend and momentum do not provide sufficient confirmation.,No long trade setup.,,Price trend is weak | Weak momentum | Price is below 200 DMA,Avoid,1516,1516
364.79998779296875,367.3999938964844,362.95001220703125,364.6499938964844,2425732.0,367.0,-0.640328638560117,366.55249938964846,373.86799987792966,393.165,387.9262506103516,365.3171369600367,367.1241177962507,374.8232442361804,42.59414093444521,7.817860194614956,2.143935369661425,5323783.45,0.455640621520772,464.8999938964844,342.5,-21.563777439481292,6.467151502623175,-6.000175723412645,False,347.0,390.3999938964844,Strong Downtrend,Negative,No Breakout,TATAPOWER,TATAPOWER.NS,Tata Power Company Limited,,Unavailable,0,60,,30.0,Weak / Avoid,-3,27.0,,,,,,,,,,,,Avoid,Avoid,Trend and momentum do not provide sufficient confirmation.,No long trade setup.,,Price trend is weak | Weak momentum | Price is below 200 DMA,Avoid,1516,1516
25260.0,25635.0,25135.0,25550.0,9615.0,25260.0,1.1480601741884477,26142.25,27059.0,26724.95,27018.5,25718.880542883824,26154.140337938472,26612.479064675557,37.85714285714285,444.2857142857143,1.7388873357562202,8299.15,1.1585523818704326,31495.0,25135.0,-18.876012065407206,1.651084145613686,-5.435164794492662,False,25190.0,28635.0,Downtrend,Strong Negative,No Breakout,ABBOTINDIA,ABBOTINDIA.NS,Abbott India Limited,,Unavailable,0,60,,29.0,Weak / Avoid,-3,26.0,,,,,,,,,,,,Avoid,Avoid,Trend and momentum do not provide sufficient confirmation.,No long trade setup.,,Price trend is weak | Weak momentum | Price is below 200 DMA,Avoid,1536,1536
250.02000427246094,251.1999969482422,245.5,249.11000061035156,1138103.0,252.1999969482422,-1.2252166436483969,254.7925003051758,269.0000003051758,267.4011013793945,261.09670059204103,254.30968955703486,256.46337695474824,261.9696124513398,39.08539794095026,6.933569771902902,2.7833365801913867,1230537.1,0.924883126238128,349.75,193.02999877929688,-28.774838996325503,29.052480021602456,-4.590904425260614,False,246.4499969482422,261.9599914550781,Downtrend,Strong Negative,No Breakout,APTUS,APTUS.NS,Aptus Value Housing Finance India Limited,,Unavailable,0,60,,29.0,Weak / Avoid,-3,26.0,,,,,,,,,,,,Avoid,Avoid,Trend and momentum do not provide sufficient confirmation.,No long trade setup.,,Price trend is weak | Weak momentum | Price is below 200 DMA,Avoid,1536,1536
815.2000122070312,816.4000244140625,803.75,813.9000244140625,385804.0,819.2000122070312,-0.646971156493259,888.6350036621094,897.2450024414062,875.350004272461,862.4485034179687,846.1500064732276,873.0836557461341,884.4142946161403,9.785786184671679,18.478572300502233,2.270373724807934,390732.05,0.9873876483897341,1057.8499755859375,670.0,-23.060921378454672,21.477615584188435,-5.629145254644629,False,816.8499755859375,957.0,Downtrend,Strong Negative,No Breakout,ARE&M,ARE&M.NS,Amara Raja Energy & Mobility Limited,,Unavailable,0,60,,29.0,Weak / Avoid,-3,26.0,,,,,,,,,,,,Avoid,Avoid,Trend and momentum do not provide sufficient confirmation.,No long trade setup.,,Price trend is weak | Weak momentum | RSI indicates oversold conditions | Price is below 200 DMA,Avoid,1536,1536
2453.199951171875,2472.5,2442.800048828125,2472.5,653006.0,2498.10009765625,-1.0247827010722355,2581.3150146484377,2661.01599609375,2644.737998046875,2591.098997802734,2517.863322177419,2571.2097446115763,2623.9760189121344,24.36799063596186,49.135707310267854,1.9872884655315615,561219.3,1.1635487232887392,2985.699951171875,2115.0,-17.188597634214588,16.90307328605201,-4.577169683725198,False,2457.39990234375,2751.0,Downtrend,Strong Negative,No Breakout,ASIANPAINT,ASIANPAINT.NS,Asian Paints Limited,,Unavailable,0,60,,29.0,Weak / Avoid,-3,26.0,,,,,,,,,,,,Avoid,Avoid,Trend and momentum do not provide sufficient confirmation.,No long trade setup.,,Price trend is weak | Weak momentum | RSI indicates oversold conditions | Price is below 200 DMA,Avoid,1536,1536
499.04998779296875,501.8999938964844,494.0,495.6499938964844,331461.0,502.20001220703125,-1.3042648648615818,519.8500045776367,560.9350018310547,552.7845022583008,522.3980012512206,504.1939425154122,518.2476351881885,540.4630710573002,23.748417807679843,13.796432495117188,2.7835030091816257,400987.75,0.8266112867537724,721.0,374.3999938964844,-31.2552019561048,32.38515010059634,-5.120235393449215,False,487.79998779296875,582.7999877929688,Downtrend,Strong Negative,No Breakout,BORORENEW,BORORENEW.NS,BOROSIL RENEWABLES LIMITED,,Unavailable,0,60,,29.0,Weak / Avoid,-3,26.0,,,,,,,,,,,,Avoid,Avoid,Trend and momentum do not provide sufficient confirmation.,No long trade setup.,,Price trend is weak | Weak momentum | RSI indicates oversold conditions | Price is below 200 DMA,Avoid,1536,1536
708.5,713.0499877929688,694.5999755859375,711.0,1442644.0,712.0,-0.1404494382022503,747.3725006103516,767.4200012207032,773.8745013427734,744.8389511108398,730.7257628133467,745.4809132861566,760.3013848850669,34.79362511767279,20.275006975446427,2.851618421300482,1331879.55,1.0831640143434893,844.9000244140625,611.4000244140625,-15.848031784224656,16.290476219949372,-4.543123189297904,False,681.0,786.4000244140625,Downtrend,Strong Negative,No Breakout,CAMS,CAMS.NS,Computer Age Management Services Limited,,Unavailable,0,60,,29.0,Weak / Avoid,-3,26.0,,,,,,,,,,,,Avoid,Avoid,Trend and momentum do not provide sufficient confirmation.,No long trade setup.,,Price trend is weak | Weak momentum | Price is below 200 DMA,Avoid,1536,1536
734.0,734.0,715.0,717.0499877929688,51749.0,734.0499877929688,-2.315918572672826,749.0725006103515,769.0020007324218,768.1685009765625,765.9302511596679,739.6318043826457,749.1126944105681,759.1703847144868,27.426564902936192,16.410714285714285,2.2886429907383934,51832.3,0.998392894006247,859.0,618.5,-16.525030524683498,15.933708616486458,-6.381816528684081,False,731.0499877929688,780.0,Downtrend,Strong Negative,No Breakout,CENTURYPLY,CENTURYPLY.NS,Century Plyboards (India) Limited,,Unavailable,0,60,,29.0,Weak / Avoid,-3,26.0,,,,,,,,,,,,Avoid,Avoid,Trend and momentum do not provide sufficient confirmation.,No long trade setup.,,Price trend is weak | Weak momentum | RSI indicates oversold conditions | Price is below 200 DMA,Avoid,1536,1536
415.0,420.0,411.45001220703125,418.79998779296875,572806.0,417.75,0.25134357701226406,424.49749755859375,440.0059991455078,450.5609994506836,447.6544996643066,418.68030244605876,424.4678592637514,436.63788952131273,34.3472358135523,8.324999128069196,1.9878221993131024,612576.4,0.9350768328652557,559.0,399.75,-25.080503078180904,4.765475370348655,-6.4457102280834215,False,405.25,446.95001220703125,Strong Downtrend,Negative,No Breakout,CHAMBLFERT,CHAMBLFERT.NS,Chambal Fertilizers & Chemicals Limited,,Unavailable,0,60,,29.0,Weak / Avoid,-3,26.0,,,,,,,,,,,,Avoid,Avoid,Trend and momentum do not provide sufficient confirmation.,No long trade setup.,,Price trend is weak | Weak momentum | Price is below 200 DMA,Avoid,1536,1536
164.32000732421875,164.44000244140625,159.2899932861328,160.8699951171875,84214.0,165.08999633789062,-2.556182272889529,168.02850036621095,179.3356005859375,172.90379989624023,170.66840003967286,163.83506730679449,167.72793692352352,173.20818462657346,25.93983560656862,6.309999738420759,3.9224217877449243,84594.35,0.9955038368401672,317.0,133.0,-49.25236747091877,20.954883546757518,-5.741194573926787,False,157.3000030517578,182.0,Downtrend,Strong Negative,No Breakout,GEMAROMA,GEMAROMA.NS,Gem Aromatics Limited,,Unavailable,0,60,,29.0,Weak / Avoid,-3,26.0,,,,,,,,,,,,Avoid,Avoid,Trend and momentum do not provide sufficient confirmation.,No long trade setup.,,Price trend is weak | Weak momentum | RSI indicates oversold conditions | Price is below 200 DMA,Avoid,1536,1536
2418.0,2449.199951171875,2359.699951171875,2427.5,460144.0,2435.300048828125,-0.32029108002024076,2567.9650146484373,2594.31,2674.775,2560.067503662109,2499.49314545819,2541.991615168248,2588.0887632105905,24.709266427351736,60.4071044921875,2.4884492066812562,411832.7,1.117308071942806,3339.0,1963.699951171875,-27.298592392932015,23.618682098115016,-5.178281567672526,False,2419.0,2706.0,Downtrend,Strong Negative,No Breakout,GRSE,GRSE.NS,Garden Reach Shipbuilders & Engineers Limited,,Unavailable,0,60,,29.0,Weak / Avoid,-3,26.0,,,,,,,,,,,,Avoid,Avoid,Trend and momentum do not provide sufficient confirmation.,No long trade setup.,,Price trend is weak | Weak momentum | RSI indicates oversold conditions | Price is below 200 DMA,Avoid,1536,1536
154.91000366210938,156.8000030517578,152.85000610351562,155.9499969482422,1425671.0,160.3800048828125,-2.7621946624875493,159.895499420166,159.8815982055664,163.68269927978517,167.15319946289063,159.6320395745665,159.90517050295762,160.64430832306158,38.46636079372222,3.1378555297851562,2.0120907926830998,1231529.15,1.157642918967854,212.89999389648438,138.8300018310547,-26.749647055383313,12.331624930770513,-6.702356012716132,False,155.77000427246094,165.85000610351562,Downtrend,Strong Negative,No Breakout,GSFC,GSFC.NS,Gujarat State Fertilizers & Chemicals Limited,,Unavailable,0,60,,29.0,Weak / Avoid,-3,26.0,,,,,,,,,,,,Avoid,Avoid,Trend and momentum do not provide sufficient confirmation.,No long trade setup.,,Price trend is weak | Weak momentum | Price is below 200 DMA,Avoid,1536,1536
268.0,268.54998779296875,263.54998779296875,264.3999938964844,1177609.0,270.3999938964844,-2.218934961328789,271.622492980957,286.3419964599609,308.0239990234375,283.53734939575196,270.3574927998552,273.88938789473815,285.0135122203652,37.427763508841245,6.4178619384765625,2.4273305925223387,1430781.3,0.8230531109121988,387.79998779296875,230.0,-31.820525472105686,14.956519085427988,-6.749500741278464,False,263.29998779296875,282.29998779296875,Downtrend,Strong Negative,No Breakout,NLCINDIA,NLCINDIA.NS,NLC India Limited,,Unavailable,0,60,,29.0,Weak / Avoid,-3,26.0,,,,,,,,,,,,Avoid,Avoid,Trend and momentum do not provide sufficient confirmation.,No long trade setup.,,Price trend is weak | Weak momentum | Price is below 200 DMA,Avoid,1536,1536
4100.0,4100.0,3948.0,3955.199951171875,10318.0,4074.5,-2.927967820054611,4445.675036621094,4182.29201171875,4137.3070068359375,4232.724504394531,4202.739329364221,4307.346380628127,4255.755057993628,13.266824624399035,129.16423688616072,3.265681595892289,10721.1,0.9624012461407878,6138.89990234375,3100.5,-35.571519098041776,27.56651995393888,-6.556641069706348,False,4057.10009765625,5190.0,Downtrend,Strong Negative,No Breakout,ORISSAMINE,ORISSAMINE.NS,The Orissa Minerals Development Company Limited,,Unavailable,0,60,,29.0,Weak / Avoid,-3,26.0,,,,,,,,,,,,Avoid,Avoid,Trend and momentum do not provide sufficient confirmation.,No long trade setup.,,Price trend is weak | Weak momentum | RSI indicates oversold conditions | Price is below 200 DMA,Avoid,1536,1536
26.700000762939453,26.739999771118164,26.110000610351562,26.610000610351562,1915972.0,26.8700008392334,-0.9676227047310082,27.80550022125244,28.96900001525879,28.84049997329712,28.52802103996277,27.19605143533948,27.713632154369158,28.442062374459613,32.89474069466816,0.7892856597900391,2.9661241701850956,2307984.65,0.8301493686277334,42.77000045776367,22.0,-37.7834923414847,20.95454822887074,-6.723285947260051,False,26.209999084472656,29.549999237060547,Downtrend,Strong Negative,No Breakout,PATELENG,PATELENG.NS,Patel Engineering Limited,,Unavailable,0,60,,29.0,Weak / Avoid,-3,26.0,,,,,,,,,,,,Avoid,Avoid,Trend and momentum do not provide sufficient confirmation.,No long trade setup.,,Price trend is weak | Weak momentum | Price is below 200 DMA,Avoid,1536,1536
98.5199966430664,102.30999755859375,98.01000213623047,101.30000305175781,28536.0,100.52999877929688,0.7659447745059778,106.33249969482422,105.19360000610351,102.31810012817382,104.96255020141602,102.2358308372974,104.50206853677392,104.63603565832625,28.612854777075228,4.691429138183594,4.631223096594157,33164.9,0.8604277413771788,163.0,82.41000366210938,-37.85275886395226,22.921973729184188,-3.4893846830417417,False,98.0999984741211,119.80000305175781,Downtrend,Strong Negative,No Breakout,PVSL,PVSL.NS,Popular Vehicles and Services Limited,,Unavailable,0,60,,29.0,Weak / Avoid,-3,26.0,,,,,,,,,,,,Avoid,Avoid,Trend and momentum do not provide sufficient confirmation.,No long trade setup.,,Price trend is weak | Weak momentum | RSI indicates oversold conditions | Price is below 200 DMA,Avoid,1536,1536
209.0500030517578,210.7899932861328,207.1199951171875,209.14999389648438,309078.0,210.8000030517578,-0.7827367795949725,216.2905014038086,219.56540008544923,215.5474005126953,217.25540031433104,212.97212259965852,215.65083442907755,216.9718024871772,30.56157293831845,3.760716029575893,1.79809521363754,291313.45,1.0609808781571877,280.8999938964844,175.0,-25.542898383415736,19.5142822265625,-3.7308193058122114,False,209.67999267578125,226.0,Downtrend,Strong Negative,No Breakout,RITES,RITES.NS,RITES Limited,,Unavailable,0,60,,29.0,Weak / Avoid,-3,26.0,,,,,,,,,,,,Avoid,Avoid,Trend and momentum do not provide sufficient confirmation.,No long trade setup.,,Price trend is weak | Weak momentum | Price is below 200 DMA,Avoid,1536,1536
535.0999755859375,535.0999755859375,509.0,514.5999755859375,32945.0,535.4000244140625,-3.884954777670846,546.7474975585938,550.4770001220703,537.0639999389648,539.5339978027343,538.4647604185811,544.3288167484393,545.4815420973987,34.48568161155788,17.875004359654017,3.473572718168331,33274.3,0.9901034732511277,780.0,447.54998779296875,-34.02564415564904,14.981563986542945,-4.621399637157487,False,527.0,573.5,Downtrend,Strong Negative,No Breakout,TCIEXP,TCIEXP.NS,TCI Express Limited,,Unavailable,0,60,,29.0,Weak / Avoid,-3,26.0,,,,,,,,,,,,Avoid,Avoid,Trend and momentum do not provide sufficient confirmation.,No long trade setup.,,Price trend is weak | Weak momentum | Price is below 200 DMA,Avoid,1536,1536
1118.0999755859375,1120.9000244140625,1111.0999755859375,1118.4000244140625,5762.0,1118.0999755859375,0.02683559920191314,1131.3450073242188,1133.460009765625,1132.9840051269532,1189.833003540039,1124.996155297619,1129.7544884617519,1132.93081284647,27.14935125909315,17.100001743861608,1.5289700796296402,4570.25,1.260762540342432,1527.0,1012.4000244140625,-26.758348106479207,10.470169640834278,-6.003613861226429,False,1110.0,1159.300048828125,Strong Downtrend,Strong Negative,No Breakout,ACCELYA,ACCELYA.NS,Accelya Solutions India Limited,,Unavailable,0,60,,28.0,Weak / Avoid,-3,25.0,,,,,,,,,,,,Avoid,Avoid,Trend and momentum do not provide sufficient confirmation.,No long trade setup.,,Price trend is weak | Weak momentum | Volume is above average | RSI indicates oversold conditions | Price is below 200 DMA,Avoid,1571,1571
802.7000122070312,802.7000122070312,795.1500244140625,797.2999877929688,1925.0,802.7000122070312,-0.6727325690721098,807.8100006103516,817.0549975585938,818.6459997558594,819.5272521972656,803.3824324975901,807.4221136251684,812.9900910887233,37.46419215042969,16.425005231584823,2.0600784501516674,5925.2,0.32488354823465876,1000.0,700.0,-20.270001220703122,13.899998256138394,-2.7122056459626585,False,788.5499877929688,823.9000244140625,Strong Downtrend,Strong Negative,No Breakout,ALLDIGI,ALLDIGI.NS,Alldigi Tech Limited,,Unavailable,0,60,,27.0,Weak / Avoid,-3,24.0,,,,,,,,,,,,Avoid,Avoid,Trend and momentum do not provide sufficient confirmation.,No long trade setup.,,Price trend is weak | Weak momentum | Price is below 200 DMA | Price is near 200 DMA,Avoid,1638,1638
32410.0,32865.0,32400.0,32710.0,1598.0,32800.0,-0.2743902439024337,33628.75,34752.9,33650.0,33929.025,33083.812605064406,33609.71155834803,34038.594466339455,37.63297872340426,641.7857142857143,1.9620474297942965,3428.15,0.4661406297857445,38030.0,28730.0,-13.988956087299501,13.853115210581274,-3.5928677585047066,False,32490.0,37300.0,Downtrend,Strong Negative,No Breakout,3MINDIA,3MINDIA.NS,3M India Limited,,Unavailable,0,60,,26.0,Weak / Avoid,-3,23.0,,,,,,,,,,,,Avoid,Avoid,Trend and momentum do not provide sufficient confirmation.,No long trade setup.,,Price trend is weak | Weak momentum | Price is below 200 DMA,Avoid,1647,1647
92.91999816894531,92.91999816894531,91.05000305175781,91.87999725341797,7375.0,92.7699966430664,-0.959361239467027,93.09649963378907,92.93440032958985,94.48050018310546,96.67219989776612,92.60687510628331,92.87374090733812,93.29599365586884,36.99931112711,2.7157135009765625,2.9557178734847396,14442.1,0.5106598070917664,136.0,76.11000061035156,-32.44117849013385,20.720005934307615,-4.957167261545776,False,90.05000305175781,98.4000015258789,Downtrend,Strong Negative,No Breakout,AAATECH,AAATECH.NS,AAA Technologies Limited,,Unavailable,0,60,,26.0,Weak / Avoid,-3,23.0,,,,,,,,,,,,Avoid,Avoid,Trend and momentum do not provide sufficient confirmation.,No long trade setup.,,Price trend is weak | Weak momentum | Price is below 200 DMA,Avoid,1647,1647
465.5,465.5,458.5,462.3999938964844,6191.0,466.54998779296875,-0.889506806358753,483.8499984741211,501.6889990234375,505.6869985961914,482.0574990844727,471.62205908116056,481.15188090343537,493.39800176046685,22.55244410132906,13.050000871930804,2.822232059728845,18110.15,0.3418524970803665,654.6500244140625,374.5,-29.366840807750595,23.471293430302904,-4.077834122552184,False,459.0,524.7999877929688,Downtrend,Strong Negative,No Breakout,ASAL,ASAL.NS,Automotive Stampings and Assemblies Limited,,Unavailable,0,60,,26.0,Weak / Avoid,-3,23.0,,,,,,,,,,,,Avoid,Avoid,Trend and momentum do not provide sufficient confirmation.,No long trade setup.,,Price trend is weak | Weak momentum | RSI indicates oversold conditions | Price is below 200 DMA,Avoid,1647,1647
1452.0,1456.0,1402.5,1411.4000244140625,872167.0,1459.0,-3.262506894169803,1511.535009765625,1454.6960083007812,1489.2730004882812,1507.198999633789,1475.7009820193377,1488.5377118672143,1483.3007257123081,18.29996503780741,33.150015694754465,2.348732827074774,1130100.35,0.7717606670947407,1768.699951171875,1311.5999755859375,-20.2012741913109,7.609031006846492,-6.3560933389023795,False,1451.699951171875,1600.0,Downtrend,Strong Negative,No Breakout,ASTRAL,ASTRAL.NS,Astral Limited,,Unavailable,0,60,,26.0,Weak / Avoid,-3,23.0,,,,,,,,,,,,Avoid,Avoid,Trend and momentum do not provide sufficient confirmation.,No long trade setup.,,Price trend is weak | Weak momentum | RSI indicates oversold conditions | Price is below 200 DMA,Avoid,1647,1647
599.5,601.4500122070312,592.5,594.7999877929688,437058.0,602.7000122070312,-1.3107722339565475,630.8524993896484,661.9590002441406,675.8634991455078,614.5460008239746,612.0334091856711,627.1284535845618,650.2095955733846,13.974672085545365,13.878574916294642,2.333317955804219,964168.45,0.45330045802681057,859.8499755859375,462.79998779296875,-30.825143376011923,28.52204051030562,-3.213105773128569,False,600.25,687.9000244140625,Downtrend,Strong Negative,No Breakout,ATGL,ATGL.NS,Adani Total Gas Limited,,Unavailable,0,60,,26.0,Weak / Avoid,-3,23.0,,,,,,,,,,,,Avoid,Avoid,Trend and momentum do not provide sufficient confirmation.,No long trade setup.,,Price trend is weak | Weak momentum | RSI indicates oversold conditions | Price is below 200 DMA,Avoid,1647,1647
448.95001220703125,449.79998779296875,439.8500061035156,445.6000061035156,59361.0,449.6499938964844,-0.9006978423091283,476.72999877929686,492.61,486.36699951171875,465.0394987487793,461.0952205478329,474.64916365957595,484.43993523349246,21.258672207761066,10.46071297781808,2.3475567402456434,101467.75,0.5850233202175076,596.5499877929688,380.04998779296875,-25.303827806269265,17.247735933688567,-4.180180973351072,False,447.1000061035156,514.7000122070312,Downtrend,Strong Negative,No Breakout,ATULAUTO,ATULAUTO.NS,Atul Auto Limited,,Unavailable,0,60,,26.0,Weak / Avoid,-3,23.0,,,,,,,,,,,,Avoid,Avoid,Trend and momentum do not provide sufficient confirmation.,No long trade setup.,,Price trend is weak | Weak momentum | RSI indicates oversold conditions | Price is below 200 DMA,Avoid,1647,1647
2180.199951171875,2190.10009765625,2156.39990234375,2164.60009765625,177906.0,2193.0,-1.295025186673504,2318.2200317382812,2275.5160009765623,2229.494000244141,2291.555003051758,2250.5739368076643,2292.5627465966054,2285.4983714919363,24.79698465959447,68.45713588169643,3.1625765865861006,769031.1,0.2313378483653002,2775.0,1970.0,-21.99639287725225,9.878177546002538,-5.540120364836841,False,2188.0,2529.199951171875,Downtrend,Strong Negative,No Breakout,BALKRISIND,BALKRISIND.NS,Balkrishna Industries Limited,,Unavailable,0,60,,26.0,Weak / Avoid,-3,23.0,,,,,,,,,,,,Avoid,Avoid,Trend and momentum do not provide sufficient confirmation.,No long trade setup.,,Price trend is weak | Weak momentum | RSI indicates oversold conditions | Price is below 200 DMA,Avoid,1647,1647
113.05999755859375,113.9000015258789,110.66000366210938,112.83999633789062,13011.0,113.04000091552734,-0.1769325690170298,116.81049919128418,122.32359954833984,124.0616993713379,118.0149496459961,115.12494837533117,117.22726866670129,120.62582277596356,30.145792758552886,4.777856554303851,4.234187087348824,36829.9,0.35327274850053897,144.0,93.7300033569336,-21.638891432020397,20.388341295779316,-4.384998107128407,False,112.05999755859375,125.0,Downtrend,Strong Negative,No Breakout,BANSWRAS,BANSWRAS.NS,Banswara Syntex Limited,,Unavailable,0,60,,26.0,Weak / Avoid,-3,23.0,,,,,,,,,,,,Avoid,Avoid,Trend and momentum do not provide sufficient confirmation.,No long trade setup.,,Price trend is weak | Weak momentum | Price is below 200 DMA,Avoid,1647,1647
32.209999084472656,32.9900016784668,32.04999923706055,32.15999984741211,7264.0,32.880001068115234,-2.189784663362837,33.38099975585938,33.18699989318848,32.960699825286866,34.25254992485046,32.80323128587483,33.05966079362544,33.072699413825646,32.85094801577772,1.5964294161115373,4.964021839819756,126175.95,0.057570400698389826,50.900001525878906,25.010000228881836,-36.8172909954411,28.588562787270078,-6.109180431907623,False,31.530000686645508,36.45000076293945,Downtrend,Strong Negative,No Breakout,CORALFINAC,CORALFINAC.NS,Coral India Finance & Housing Limited,,Unavailable,0,60,,26.0,Weak / Avoid,-3,23.0,,,,,,,,,,,,Avoid,Avoid,Trend and momentum do not provide sufficient confirmation.,No long trade setup.,,Price trend is weak | Weak momentum | Price is below 200 DMA,Avoid,1647,1647
28.780000686645508,28.780000686645508,27.309999465942383,27.610000610351562,2908.0,28.0,-1.3928549630301323,29.805499935150145,33.56840000152588,31.842199935913087,28.571100006103517,28.61089995676547,29.757614189891754,31.38351822230736,33.04129472544902,1.3621429715837752,4.93351300786672,23868.25,0.12183549275711458,48.5,23.149999618530273,-43.07216368999678,19.265663349088392,-3.3638865691087823,False,27.510000228881836,34.0,Downtrend,Strong Negative,No Breakout,DBSTOCKBRO,DBSTOCKBRO.NS,DB (International) Stock Brokers Limited,,Unavailable,0,60,,26.0,Weak / Avoid,-3,23.0,,,,,,,,,,,,Avoid,Avoid,Trend and momentum do not provide sufficient confirmation.,No long trade setup.,,Price trend is weak | Weak momentum | Price is below 200 DMA,Avoid,1647,1647
272.70001220703125,276.79998779296875,270.5,271.70001220703125,86670.0,274.6000061035156,-1.0560793270307345,357.4625,324.5110009765625,301.6485009765625,281.62190040588376,314.7768656115653,335.93433839869283,328.32932705052275,24.63567753171236,30.224999564034597,11.12440125361629,324115.05,0.26740504644878416,475.0,208.97999572753906,-42.799997430098685,30.012449881214653,-3.523123799872356,False,270.20001220703125,464.0,Downtrend,Strong Negative,No Breakout,DCI,DCI.NS,Dc Infotech And Communication Limited,,Unavailable,0,60,,26.0,Weak / Avoid,-3,23.0,,,,,,,,,,,,Avoid,Avoid,Trend and momentum do not provide sufficient confirmation.,No long trade setup.,,Price trend is weak | Weak momentum | RSI indicates oversold conditions | Price is below 200 DMA,Avoid,1647,1647
782.0,795.9000244140625,780.0,783.5,367.0,781.5999755859375,0.24309422638326694,795.8574981689453,787.7129968261719,801.3399981689453,838.2884997558593,786.9664238832318,788.7922376372205,790.9533084533625,32.454370178887714,29.957148960658483,3.8235033772378406,2005.35,0.18301044705413022,1044.0999755859375,701.5499877929688,-24.959293332009864,11.681279115240345,-6.53575705402326,False,745.0,848.0,Downtrend,Strong Negative,No Breakout,ELDEHSG,ELDEHSG.NS,Eldeco Housing And Industries Limited,,Unavailable,0,60,,26.0,Weak / Avoid,-3,23.0,,,,,,,,,,,,Avoid,Avoid,Trend and momentum do not provide sufficient confirmation.,No long trade setup.,,Price trend is weak | Weak momentum | Price is below 200 DMA,Avoid,1647,1647
89.2300033569336,90.4800033569336,89.12000274658203,89.88999938964844,32880.0,90.54000091552734,-0.7179164118689907,93.72000045776367,92.02759994506836,92.47369964599609,94.71799983978272,91.72249791844416,92.69823721431513,92.6045717774599,34.6377007897523,2.7000013078962053,3.0036726290234377,77730.65,0.42299916442227103,132.4499969482422,68.55000305175781,-32.13287922930268,31.13055490570603,-5.09723648968616,False,90.01000213623047,104.0,Downtrend,Strong Negative,No Breakout,ESTER,ESTER.NS,Ester Industries Limited,,Unavailable,0,60,,26.0,Weak / Avoid,-3,23.0,,,,,,,,,,,,Avoid,Avoid,Trend and momentum do not provide sufficient confirmation.,No long trade setup.,,Price trend is weak | Weak momentum | Price is below 200 DMA,Avoid,1647,1647
672.5,674.5,666.4000244140625,669.2000122070312,168613.0,677.7000122070312,-1.2542422675068998,683.9474975585938,697.5860009765624,690.2749993896484,697.3612509155273,678.8101146268152,682.6709518370099,688.9954134574252,36.3573345731978,13.049996512276786,1.9500891025446505,772296.9,0.21832665649700264,801.0999755859375,555.2999877929688,-16.464856746803978,20.511440107671604,-4.038256882143181,False,667.5,712.0999755859375,Downtrend,Strong Negative,No Breakout,HDBFS,HDBFS.NS,HDB Financial Services Limited,,Unavailable,0,60,,26.0,Weak / Avoid,-3,23.0,,,,,,,,,,,,Avoid,Avoid,Trend and momentum do not provide sufficient confirmation.,No long trade setup.,,Price trend is weak | Weak momentum | Price is below 200 DMA,Avoid,1647,1647
5218.0,5243.0,5186.0,5221.5,251663.0,5280.0,-1.107954545454548,5498.325,5354.143994140625,5168.893002929687,5386.5065014648435,5321.492826888558,5412.137139554543,5368.268709576122,27.74843975036005,127.92857142857143,2.450034883243731,535409.2,0.47003861719223355,6388.5,4671.5,-18.267198872974877,11.773520282564487,-3.0633305913576914,False,5167.0,5849.0,Downtrend,Strong Negative,No Breakout,HEROMOTOCO,HEROMOTOCO.NS,Hero MotoCorp Limited,,Unavailable,0,60,,26.0,Weak / Avoid,-3,23.0,,,,,,,,,,,,Avoid,Avoid,Trend and momentum do not provide sufficient confirmation.,No long trade setup.,,Price trend is weak | Weak momentum | RSI indicates oversold conditions | Price is below 200 DMA,Avoid,1647,1647
310.0,315.0,307.04998779296875,314.29998779296875,233518.0,311.20001220703125,0.9961360746590264,333.25250244140625,342.07700317382813,349.2180014038086,337.79275039672854,320.57599237331397,329.659315427546,339.5333783430298,24.24241520258842,9.478574480329241,3.0157730984618536,531781.05,0.4391243350999438,392.0,287.0,-19.821431685467157,9.512190868630228,-6.954785908273095,False,309.29998779296875,362.54998779296875,Downtrend,Strong Negative,No Breakout,IGIL,IGIL.NS,International Gemological Institute Limited,,Unavailable,0,60,,26.0,Weak / Avoid,-3,23.0,,,,,,,,,,,,Avoid,Avoid,Trend and momentum do not provide sufficient confirmation.,No long trade setup.,,Price trend is weak | Weak momentum | RSI indicates oversold conditions | Price is below 200 DMA,Avoid,1647,1647
3475.0,3550.0,3433.39990234375,3505.0,555805.0,3499.0,0.17147756501858513,3721.710009765625,3584.6900146484377,3526.9120043945313,3736.0245056152344,3602.5569984020735,3659.7875298945582,3614.1850352820225,31.501058818505882,143.04286411830358,4.081108819352456,1052479.3,0.5280911463056803,7705.0,2995.0,-54.510058403634,17.028380634390654,-6.183698882809928,False,3450.0,4117.89990234375,Downtrend,Strong Negative,No Breakout,KAYNES,KAYNES.NS,Kaynes Technology India Limited,,Unavailable,0,60,,26.0,Weak / Avoid,-3,23.0,,,,,,,,,,,,Avoid,Avoid,Trend and momentum do not provide sufficient confirmation.,No long trade setup.,,Price trend is weak | Weak momentum | Price is below 200 DMA,Avoid,1647,1647
893.0,904.7000122070312,882.4000244140625,900.0,622342.0,899.0,0.11123470522802492,944.3325012207031,924.5330004882812,896.045,948.3150024414062,919.3400351933514,930.5818936576436,924.6442763041393,25.142234512217883,23.489292689732142,2.609921409970238,1018859.8,0.6108220188881728,1215.0,784.9500122070312,-25.925925925925924,14.656982738236357,-5.094826330599099,False,897.0,992.4000244140625,Downtrend,Strong Negative,No Breakout,KFINTECH,KFINTECH.NS,Kfin Technologies Limited,,Unavailable,0,60,,26.0,Weak / Avoid,-3,23.0,,,,,,,,,,,,Avoid,Avoid,Trend and momentum do not provide sufficient confirmation.,No long trade setup.,,Price trend is weak | Weak momentum | RSI indicates oversold conditions | Price is below 200 DMA,Avoid,1647,1647
72.52999877929688,72.80000305175781,71.0,72.55999755859375,2870.0,72.52999877929688,0.041360512617893974,75.82800025939942,81.03199966430664,81.09969947814942,75.78364994049072,74.28918048305262,76.21150138422317,78.85560060941506,20.726713380923826,2.9078570774623325,4.007520914143052,9348.65,0.30699619731191136,96.9800033569336,58.599998474121094,-25.18045468452124,23.822524655248355,-4.253757089330415,False,70.55999755859375,81.48999786376953,Downtrend,Strong Negative,No Breakout,LAGNAM,LAGNAM.NS,Lagnam Spintex Limited,,Unavailable,0,60,,26.0,Weak / Avoid,-3,23.0,,,,,,,,,,,,Avoid,Avoid,Trend and momentum do not provide sufficient confirmation.,No long trade setup.,,Price trend is weak | Weak momentum | RSI indicates oversold conditions | Price is below 200 DMA,Avoid,1647,1647
1118.4000244140625,1118.4000244140625,1097.0,1098.5999755859375,16241.0,1109.199951171875,-0.9556415481932312,1183.4199951171875,1227.1479956054689,1295.7034973144532,1171.9974987792968,1143.6275328549468,1175.4161414158734,1215.4367101923453,22.98964414571438,30.750026157924108,2.7990193738647773,21378.7,0.7596813650970358,1823.3499755859375,824.0499877929688,-39.7482660873758,33.31715209756737,-6.262600668500326,False,1105.0999755859375,1239.800048828125,Downtrend,Strong Negative,No Breakout,LUXIND,LUXIND.NS,Lux Industries Limited,,Unavailable,0,60,,26.0,Weak / Avoid,-3,23.0,,,,,,,,,,,,Avoid,Avoid,Trend and momentum do not provide sufficient confirmation.,No long trade setup.,,Price trend is weak | Weak momentum | RSI indicates oversold conditions | Price is below 200 DMA,Avoid,1647,1647
3110.0,3124.199951171875,3069.10009765625,3107.0,1311484.0,3123.800048828125,-0.5378080723965506,3286.75,3277.8619921875,3193.33099609375,3317.122003173828,3174.633798913771,3241.8443613074423,3258.3131322711765,12.811798221184716,66.44998604910714,2.1387185725493123,1698624.6,0.7720858393314214,3839.89990234375,2896.0,-19.086432484774193,7.285911602209945,-6.334467136655901,False,3096.300048828125,3456.39990234375,Downtrend,Strong Negative,No Breakout,M&M,M&M.NS,Mahindra & Mahindra Limited,,Unavailable,0,60,,26.0,Weak / Avoid,-3,23.0,,,,,,,,,,,,Avoid,Avoid,Trend and momentum do not provide sufficient confirmation.,No long trade setup.,,Price trend is weak | Weak momentum | RSI indicates oversold conditions | Price is below 200 DMA,Avoid,1647,1647
2367.60009765625,2367.60009765625,2315.39990234375,2339.0,509510.0,2383.199951171875,-1.854647200296422,2515.5449951171877,2454.462001953125,2484.5640063476562,2459.897497558594,2436.486081869452,2472.936923683114,2473.844877200352,24.941176470588232,60.842860630580354,2.601233887583598,681102.1,0.7480669931864841,3061.39990234375,2057.39990234375,-23.597044665438656,13.68718338789929,-4.914737206675585,False,2374.0,2656.800048828125,Downtrend,Strong Negative,No Breakout,MAZDOCK,MAZDOCK.NS,Mazagon Dock Shipbuilders Limited,,Unavailable,0,60,,26.0,Weak / Avoid,-3,23.0,,,,,,,,,,,,Avoid,Avoid,Trend and momentum do not provide sufficient confirmation.,No long trade setup.,,Price trend is weak | Weak momentum | RSI indicates oversold conditions | Price is below 200 DMA,Avoid,1647,1647
2275.0,2309.199951171875,2273.300048828125,2295.0,184932.0,2291.699951171875,0.1440000392039842,2422.7049926757813,2395.4499951171874,2321.73099609375,2442.468501586914,2366.2278247446593,2399.7073598682964,2388.7543028057544,33.83621067647282,64.19281877790179,2.797072713634065,406560.8,0.45486923481063596,3037.199951171875,2013.0,-24.43698021546142,14.008941877794337,-6.037682839762364,False,2286.800048828125,2556.89990234375,Downtrend,Strong Negative,No Breakout,MPHASIS,MPHASIS.NS,MphasiS Limited,,Unavailable,0,60,,26.0,Weak / Avoid,-3,23.0,,,,,,,,,,,,Avoid,Avoid,Trend and momentum do not provide sufficient confirmation.,No long trade setup.,,Price trend is weak | Weak momentum | Price is below 200 DMA,Avoid,1647,1647
157.9600067138672,158.88999938964844,156.60000610351562,157.6199951171875,259054.0,159.49000549316406,-1.1724937686184433,169.40800018310546,187.0488003540039,180.34019973754883,166.82679294586183,163.7147741864816,168.95480900722387,177.127287952454,25.188769893933312,5.849997384207589,3.7114563922288077,392097.25,0.6606881328547956,259.6499938964844,112.62000274658203,-39.29520553733329,39.957371047010746,-5.518776490333954,False,157.10000610351562,185.41000366210938,Downtrend,Strong Negative,No Breakout,NACLIND,NACLIND.NS,NACL Industries Limited,,Unavailable,0,60,,26.0,Weak / Avoid,-3,23.0,,,,,,,,,,,,Avoid,Avoid,Trend and momentum do not provide sufficient confirmation.,No long trade setup.,,Price trend is weak | Weak momentum | RSI indicates oversold conditions | Price is below 200 DMA,Avoid,1647,1647
240.9199981689453,240.9199981689453,230.10000610351562,231.8699951171875,3654.0,233.77000427246094,-0.8127685847406529,241.7015007019043,251.904599609375,252.18809936523436,246.46369941711427,239.24225091450742,243.08271123500046,248.09937677216837,34.21691083700702,8.201426914760045,3.5370798669379493,8693.35,0.4203212800588956,338.79998779296875,200.0,-31.56139212765356,15.93499755859375,-5.921238841436214,False,228.64999389648438,254.9499969482422,Downtrend,Strong Negative,No Breakout,NAHARPOLY,NAHARPOLY.NS,Nahar Poly Films Limited,,Unavailable,0,60,,26.0,Weak / Avoid,-3,23.0,,,,,,,,,,,,Avoid,Avoid,Trend and momentum do not provide sufficient confirmation.,No long trade setup.,,Price trend is weak | Weak momentum | Price is below 200 DMA,Avoid,1647,1647
93.55000305175781,94.27999877929688,92.5999984741211,93.58000183105469,143303.0,93.8499984741211,-0.2876895550945169,96.60500030517578,101.26340026855469,100.86970024108886,98.31405014038086,95.1301354124115,96.68242040503519,99.21818146361974,34.09928719939134,2.2364289419991628,2.3898577668727934,207685.25,0.6900008546586722,132.5,74.05000305175781,-29.37358352373231,26.374068837844927,-4.815230684288266,False,92.33999633789062,100.83999633789062,Downtrend,Strong Negative,No Breakout,NAVKARCORP,NAVKARCORP.NS,Navkar Corporation Limited,,Unavailable,0,60,,26.0,Weak / Avoid,-3,23.0,,,,,,,,,,,,Avoid,Avoid,Trend and momentum do not provide sufficient confirmation.,No long trade setup.,,Price trend is weak | Weak momentum | Price is below 200 DMA,Avoid,1647,1647
142.25,142.38999938964844,138.8000030517578,140.94000244140625,1687263.0,143.14999389648438,-1.5438292345832938,145.6784996032715,143.77479919433594,149.32689971923827,150.89919975280762,145.4126950042579,145.5754913810005,145.7325825929226,39.59076285079381,4.601427350725446,3.2648128785427137,3049593.15,0.5532747868350898,222.30999755859375,130.0,-36.602040398898836,8.415386493389423,-6.59990068053099,False,138.24000549316406,153.86000061035156,Downtrend,Strong Negative,No Breakout,NCC,NCC.NS,NCC Limited,,Unavailable,0,60,,26.0,Weak / Avoid,-3,23.0,,,,,,,,,,,,Avoid,Avoid,Trend and momentum do not provide sufficient confirmation.,No long trade setup.,,Price trend is weak | Weak momentum | Price is below 200 DMA,Avoid,1647,1647
333.0,336.25,331.6000061035156,333.3999938964844,4968535.0,335.0,-0.4776137622434673,333.85249786376954,341.1960003662109,359.3219989013672,358.337999420166,332.9620317762128,334.6051543984823,341.99983462925485,37.99213993841229,5.492863246372768,1.6475294981793607,8099401.9,0.6134446791682235,414.3999938964844,315.54998779296875,-19.546332334221393,5.656791885292973,-6.959352779787328,False,321.0,344.45001220703125,Strong Downtrend,Negative,No Breakout,NTPC,NTPC.NS,NTPC Limited,,Unavailable,0,60,,26.0,Weak / Avoid,-3,23.0,,,,,,,,,,,,Avoid,Avoid,Trend and momentum do not provide sufficient confirmation.,No long trade setup.,,Price trend is weak | Weak momentum | Price is below 200 DMA,Avoid,1647,1647
5430.0,5470.5,5302.5,5411.5,7707.0,5425.5,-0.25804073357293955,5723.0,6198.12,5998.623999023437,5646.219501953125,5577.9751807532275,5739.581132505753,5957.529543732527,26.677852348993298,119.0,2.199020604268687,11021.05,0.6992981612459793,6975.0,4707.0,-22.415770609318997,14.967070320798811,-4.1571090509664215,False,5405.0,5989.5,Downtrend,Strong Negative,No Breakout,PGHL,PGHL.NS,Procter & Gamble Health Limited,,Unavailable,0,60,,26.0,Weak / Avoid,-3,23.0,,,,,,,,,,,,Avoid,Avoid,Trend and momentum do not provide sufficient confirmation.,No long trade setup.,,Price trend is weak | Weak momentum | RSI indicates oversold conditions | Price is below 200 DMA,Avoid,1647,1647
323.3500061035156,324.5,318.29998779296875,322.1499938964844,479380.0,326.8500061035156,-1.4379721949715152,340.62499847412107,336.35999877929686,353.1069989013672,335.5292497253418,332.96782341455673,335.818900103173,338.27584540649906,34.815320734993165,10.642857142857142,3.3036962112366153,1203789.2,0.3982258687816771,427.6499938964844,273.0,-24.66970688780999,18.003660767942993,-3.9875080458140215,False,320.1000061035156,363.6000061035156,Downtrend,Strong Negative,No Breakout,PRAJIND,PRAJIND.NS,Praj Industries Limited,,Unavailable,0,60,,26.0,Weak / Avoid,-3,23.0,,,,,,,,,,,,Avoid,Avoid,Trend and momentum do not provide sufficient confirmation.,No long trade setup.,,Price trend is weak | Weak momentum | Price is below 200 DMA,Avoid,1647,1647
1085.0,1095.199951171875,1061.4000244140625,1065.300048828125,2438.0,1091.800048828125,-2.4271843574694474,1111.9050170898438,1119.916005859375,1080.2490057373047,1104.022751159668,1093.9242481043632,1104.6550512818383,1103.888071189096,27.51495511474218,37.285714285714285,3.500019954634391,9418.4,0.25885500721990995,1533.9000244140625,876.5999755859375,-30.549577425356578,21.5263607686113,-3.50741887256114,False,1074.0999755859375,1196.9000244140625,Downtrend,Strong Negative,No Breakout,PUNJABCHEM,PUNJABCHEM.NS,Punjab Chemicals & Crop Protection Limited,,Unavailable,0,60,,26.0,Weak / Avoid,-3,23.0,,,,,,,,,,,,Avoid,Avoid,Trend and momentum do not provide sufficient confirmation.,No long trade setup.,,Price trend is weak | Weak momentum | RSI indicates oversold conditions | Price is below 200 DMA,Avoid,1647,1647
402.04998779296875,402.20001220703125,389.1499938964844,395.95001220703125,73637.0,402.04998779296875,-1.5172181995136924,414.71000213623046,430.025,445.9859994506836,420.26974990844724,411.7798508867659,417.1394845938098,427.50538290483485,28.1701839420669,11.896429879324776,3.0045282264329023,143593.75,0.5128147986942329,,,,,-5.786697164550594,False,384.70001220703125,449.0,Downtrend,Strong Negative,No Breakout,SAATVIKGL,SAATVIKGL.NS,Saatvik Green Energy Limited,,Unavailable,0,60,,26.0,Weak / Avoid,-3,23.0,,,,,,,,,,,,Avoid,Avoid,Trend and momentum do not provide sufficient confirmation.,No long trade setup.,,Price trend is weak | Weak momentum | RSI indicates oversold conditions | Price is below 200 DMA,Avoid,1647,1647
142.9600067138672,142.9600067138672,138.8800048828125,141.22000122070312,231464.0,143.5800018310547,-1.643683368334603,153.15649871826173,150.15339935302734,142.90930015563964,148.34065006256102,146.9527479188804,150.9536099828696,150.0195883699797,19.98519777820117,4.814286368233817,3.4090683519467593,349089.85,0.6630499282634543,257.44000244140625,111.9800033569336,-45.14449973529462,26.111802989117383,-4.800200645510752,False,143.00999450683594,175.5,Downtrend,Strong Negative,No Breakout,SHK,SHK.NS,S H Kelkar and Company Limited,,Unavailable,0,60,,26.0,Weak / Avoid,-3,23.0,,,,,,,,,,,,Avoid,Avoid,Trend and momentum do not provide sufficient confirmation.,No long trade setup.,,Price trend is weak | Weak momentum | RSI indicates oversold conditions | Price is below 200 DMA,Avoid,1647,1647
429.04998779296875,432.75,425.45001220703125,427.3500061035156,166249.0,431.54998779296875,-0.9732317942893864,436.7875,421.387001953125,420.3995004272461,441.54050033569337,433.06834096936217,433.59347038793885,427.7810791465918,25.182042033688177,9.59999520438058,2.246401092142538,434757.7,0.3823946073870572,539.0,385.0,-20.714284581908046,11.000001585328734,-3.213860160367854,False,421.95001220703125,455.0,Downtrend,Strong Negative,No Breakout,SIRCA,SIRCA.NS,Sirca Paints India Limited,,Unavailable,0,60,,26.0,Weak / Avoid,-3,23.0,,,,,,,,,,,,Avoid,Avoid,Trend and momentum do not provide sufficient confirmation.,No long trade setup.,,Price trend is weak | Weak momentum | RSI indicates oversold conditions | Price is below 200 DMA,Avoid,1647,1647
53.20000076293945,53.20000076293945,48.20000076293945,49.400001525878906,22760.0,48.93000030517578,0.9605583849820798,51.39499969482422,51.23679985046387,48.03419979095459,51.37689989089966,50.20088775129636,50.94706357268218,50.40467888338019,38.79830214942539,3.1114281245640347,6.298437304569855,33077.2,0.688087262525244,104.0,31.739999771118164,-52.499998532808746,55.63957744836052,-3.8478350566475457,False,47.70000076293945,57.0,Downtrend,Strong Negative,No Breakout,SUMIT,SUMIT.NS,Sumit Woods Limited,,Unavailable,0,60,,26.0,Weak / Avoid,-3,23.0,,,,,,,,,,,,Avoid,Avoid,Trend and momentum do not provide sufficient confirmation.,No long trade setup.,,Price trend is weak | Weak momentum | Price is below 200 DMA,Avoid,1647,1647
3499.10009765625,3499.10009765625,3364.39990234375,3364.39990234375,130229.0,3510.0,-4.148150930377492,3561.639990234375,3467.615986328125,3500.5909838867187,3566.397985839844,3500.6345349006183,3521.689045663926,3508.2884436158624,30.706134602475615,87.78566196986607,2.609251709605381,197849.55,0.6582223714938953,4632.0,3140.0,-27.366150640247195,7.146493705214968,-5.6639243376121895,False,3425.0,3710.0,Downtrend,Strong Negative,No Breakout,SUPREMEIND,SUPREMEIND.NS,Supreme Industries Limited,,Unavailable,0,60,,26.0,Weak / Avoid,-3,23.0,,,,,,,,,,,,Avoid,Avoid,Trend and momentum do not provide sufficient confirmation.,No long trade setup.,,Price trend is weak | Weak momentum | Price is below 200 DMA,Avoid,1647,1647
3.440000057220459,3.4600000381469727,3.3399999141693115,3.450000047683716,20107.0,3.4200000762939453,0.8771921263311722,3.677999997138977,3.7866000032424925,3.8402000093460082,3.678950015306473,3.549515320215726,3.6437161075971116,3.7341534283950346,28.787899039210075,0.22428577286856516,6.5010368048878036,32480.35,0.619051210962936,6.889999866485596,2.180000066757202,-49.927429397129025,58.256878075039076,-6.223242138930897,False,3.369999885559082,4.099999904632568,Downtrend,Strong Negative,No Breakout,SVPGLOB,SVPGLOB.NS,SVP GLOBAL TEXTILES LIMITED,,Unavailable,0,60,,26.0,Weak / Avoid,-3,23.0,,,,,,,,,,,,Avoid,Avoid,Trend and momentum do not provide sufficient confirmation.,No long trade setup.,,Price trend is weak | Weak momentum | RSI indicates oversold conditions | Price is below 200 DMA,Avoid,1647,1647
570.6500244140625,582.0,561.0499877929688,567.4000244140625,15589.0,568.1500244140625,-0.13200738674146173,594.3450012207031,617.7919995117187,630.7894982910157,606.065500793457,579.1294996344608,593.6635818481047,610.579133413019,26.23136608400067,20.721431187220983,3.651996879735668,29827.05,0.5226463897703595,977.0,483.1000061035156,-41.92425543356576,17.44980692309981,-6.3797520777496635,False,563.0,692.9000244140625,Downtrend,Strong Negative,No Breakout,SWELECTES,SWELECTES.NS,Swelect Energy Systems Limited,,Unavailable,0,60,,26.0,Weak / Avoid,-3,23.0,,,,,,,,,,,,Avoid,Avoid,Trend and momentum do not provide sufficient confirmation.,No long trade setup.,,Price trend is weak | Weak momentum | RSI indicates oversold conditions | Price is below 200 DMA,Avoid,1647,1647
341.8999938964844,342.0,333.20001220703125,334.79998779296875,51864.0,342.6000061035156,-2.276712834672312,340.35249786376954,351.85300109863283,339.5335006713867,350.9940005493164,336.87748308713833,340.91842453705965,344.71352326153124,39.803929781729764,10.028570992606026,2.995391684066435,75594.4,0.6860825669626323,476.8500061035156,281.3500061035156,-29.78924535857306,18.997682790092977,-4.613757708394882,False,322.5,356.0,Downtrend,Strong Negative,No Breakout,TAJGVK,TAJGVK.NS,Taj GVK Hotels & Resorts Limited,,Unavailable,0,60,,26.0,Weak / Avoid,-3,23.0,,,,,,,,,,,,Avoid,Avoid,Trend and momentum do not provide sufficient confirmation.,No long trade setup.,,Price trend is weak | Weak momentum | Price is below 200 DMA,Avoid,1647,1647
2637.0,2637.10009765625,2580.10009765625,2606.10009765625,135215.0,2652.0,-1.7307655484068651,2791.0199951171876,2827.7119970703125,2940.979001464844,2759.020998535156,2694.94175337212,2753.0680758097274,2825.7283765585207,17.148228417467323,63.77137974330357,2.4470042344365526,447150.4,0.30239266251355246,3419.89990234375,2164.89990234375,-23.796012395853484,20.379704153289058,-5.542578362400877,False,2596.300048828125,2989.0,Downtrend,Strong Negative,No Breakout,TIINDIA,TIINDIA.NS,Tube Investments of India Limited,,Unavailable,0,60,,26.0,Weak / Avoid,-3,23.0,,,,,,,,,,,,Avoid,Avoid,Trend and momentum do not provide sufficient confirmation.,No long trade setup.,,Price trend is weak | Weak momentum | RSI indicates oversold conditions | Price is below 200 DMA,Avoid,1647,1647
416.1000061035156,423.95001220703125,413.54998779296875,416.3500061035156,99815.0,419.6499938964844,-0.7863666962861338,437.86500091552733,441.23500061035156,462.3385006713867,432.64675033569335,423.6456662146991,432.9987995528473,443.83149271242803,25.338497118834354,12.853574480329241,3.0872041051762356,155539.9,0.6417324429294349,,,,,-3.7667552615460496,False,410.8500061035156,494.0,Downtrend,Strong Negative,No Breakout,TRUALT,TRUALT.NS,TruAlt Bioenergy Limited,,Unavailable,0,60,,26.0,Weak / Avoid,-3,23.0,,,,,,,,,,,,Avoid,Avoid,Trend and momentum do not provide sufficient confirmation.,No long trade setup.,,Price trend is weak | Weak momentum | RSI indicates oversold conditions | Price is below 200 DMA,Avoid,1647,1647
540.2000122070312,540.2000122070312,527.4500122070312,537.2999877929688,39518.0,540.2000122070312,-0.5368427153887301,580.5375030517578,617.1470007324219,579.118999633789,568.5194999694825,558.8037672864832,577.5041602743711,591.6929266459852,25.704059532313153,15.796439034598214,2.9399663862797003,58181.35,0.6792210906072135,771.2000122070312,423.0,-30.32935953212501,27.02127370992169,-5.491370512038646,False,536.5999755859375,614.7000122070312,Downtrend,Strong Negative,No Breakout,TTKPRESTIG,TTKPRESTIG.NS,TTK Prestige Limited,,Unavailable,0,60,,26.0,Weak / Avoid,-3,23.0,,,,,,,,,,,,Avoid,Avoid,Trend and momentum do not provide sufficient confirmation.,No long trade setup.,,Price trend is weak | Weak momentum | RSI indicates oversold conditions | Price is below 200 DMA,Avoid,1647,1647
44.04999923706055,44.5,43.75,44.119998931884766,10687.0,44.09000015258789,0.06803987115684418,46.27400016784668,46.08419998168945,46.42919994354248,47.39979997634887,44.849397800445175,45.6466909297037,46.02572328401748,14.385134178290741,1.1728570120675224,2.658334180556652,42881.6,0.24922111115256895,,,,,-6.919440685616044,False,44.0,53.04999923706055,Downtrend,Strong Negative,No Breakout,VMSTMT,VMSTMT.NS,VMS TMT Limited,,Unavailable,0,60,,26.0,Weak / Avoid,-3,23.0,,,,,,,,,,,,Avoid,Avoid,Trend and momentum do not provide sufficient confirmation.,No long trade setup.,,Price trend is weak | Weak momentum | RSI indicates oversold conditions | Price is below 200 DMA,Avoid,1647,1647
240.0,240.39999389648438,234.75,239.35000610351562,59568.0,241.4499969482422,-0.8697415080840654,254.5199996948242,280.8979998779297,274.2895008850098,256.28615066528323,246.40425044723037,254.51947588351138,267.3660448933462,21.854278090177175,8.410714285714286,3.5139812288439076,141541.65,0.42085138897278646,358.8500061035156,161.5,-33.30082150410455,48.204338144591716,-6.608294875787759,False,240.39999389648438,273.70001220703125,Downtrend,Strong Negative,No Breakout,WANBURY,WANBURY.NS,Wanbury Limited,,Unavailable,0,60,,26.0,Weak / Avoid,-3,23.0,,,,,,,,,,,,Avoid,Avoid,Trend and momentum do not provide sufficient confirmation.,No long trade setup.,,Price trend is weak | Weak momentum | RSI indicates oversold conditions | Price is below 200 DMA,Avoid,1647,1647
170.2100067138672,170.25,167.41000366210938,168.72000122070312,170327.0,174.0800018310547,-3.0790444358757885,175.13249969482422,176.12039947509766,179.88280029296874,177.3051000213623,174.37355576647886,175.06267353801798,176.1582561138479,37.44701007738745,3.5335726056780135,2.0943412636986274,156667.65,1.087186793189277,238.1999969482422,148.36000061035156,-29.168764323131448,13.723375927871881,-4.841992023706493,False,170.60000610351562,182.49000549316406,Strong Downtrend,Strong Negative,No Breakout,BALMLAWRIE,BALMLAWRIE.NS,Balmer Lawrie & Company Limited,,Unavailable,0,60,,25.0,Weak / Avoid,-3,22.0,,,,,,,,,,,,Avoid,Avoid,Trend and momentum do not provide sufficient confirmation.,No long trade setup.,,Price trend is weak | Weak momentum | Price is below 200 DMA,Avoid,1718,1718
27.1299991607666,27.1299991607666,26.5,26.979999542236328,264336.0,27.049999237060547,-0.2587789160759524,27.726000022888183,27.83819995880127,27.99640007019043,28.49205002784729,27.4322158090209,27.61128688819954,27.82799566169125,29.553214151113437,0.8399998801095145,3.1134169546390154,322454.1,0.8197631848998044,37.349998474121094,22.520000457763672,-27.764389171447718,19.80461364926434,-5.306920646752795,False,26.549999237060547,29.239999771118164,Strong Downtrend,Strong Negative,No Breakout,DEN,DEN.NS,Den Networks Limited,,Unavailable,0,60,,25.0,Weak / Avoid,-3,22.0,,,,,,,,,,,,Avoid,Avoid,Trend and momentum do not provide sufficient confirmation.,No long trade setup.,,Price trend is weak | Weak momentum | RSI indicates oversold conditions | Price is below 200 DMA,Avoid,1718,1718
16.200000762939453,16.200000762939453,15.949999809265137,16.020000457763672,34693775.0,16.229999542236328,-1.293894580379762,16.723500061035157,17.149400100708007,17.991900043487547,17.16755006313324,16.39402830105628,16.689101554463083,17.142805666733214,29.3893210350639,0.4135714258466448,2.5815943447505854,32580588.7,1.0648602859653056,24.5,13.149999618530273,-34.61224302953603,21.825102072163922,-6.684411003023053,False,16.020000457763672,17.899999618530273,Strong Downtrend,Strong Negative,No Breakout,JPPOWER,JPPOWER.NS,Jaiprakash Power Ventures Limited,,Unavailable,0,60,,25.0,Weak / Avoid,-3,22.0,,,,,,,,,,,,Avoid,Avoid,Trend and momentum do not provide sufficient confirmation.,No long trade setup.,,Price trend is weak | Weak momentum | RSI indicates oversold conditions | Price is below 200 DMA,Avoid,1718,1718
1000.0,1001.9000244140625,993.0,995.7000122070312,7771109.0,1009.7000122070312,-1.386550443769774,1033.2049987792968,1038.4939965820313,1025.0264978027344,1041.1472476196288,1013.3177978369508,1026.9532008716387,1034.03462310654,33.23123413073216,16.850006103515625,1.6922773824383648,7252112.6,1.0715648568390954,1234.699951171875,819.0,-19.35692463079834,21.575093065571583,-4.3651112286473825,False,992.4000244140625,1082.0,Strong Downtrend,Strong Negative,No Breakout,SBIN,SBIN.NS,State Bank of India,,Unavailable,0,60,,25.0,Weak / Avoid,-3,22.0,,,,,,,,,,,,Avoid,Avoid,Trend and momentum do not provide sufficient confirmation.,No long trade setup.,,Price trend is weak | Weak momentum | Price is below 200 DMA,Avoid,1718,1718
2789.0,2816.0,2757.5,2802.39990234375,677898.0,2818.699951171875,-0.5782825100397182,2877.9900024414064,2932.502001953125,2919.042333984375,2948.0265002441406,2830.1550277978486,2870.676330219534,2914.4980377937595,33.928541380803125,53.57139369419643,1.9116255909584035,619821.55,1.093698662139127,5248.0,2183.666748046875,-46.6006116169255,28.334596148898868,-4.939799485802809,False,2770.39990234375,3020.60009765625,Strong Downtrend,Strong Negative,No Breakout,TRENT,TRENT.NS,Trent Limited,,Unavailable,0,60,,25.0,Weak / Avoid,-3,22.0,,,,,,,,,,,,Avoid,Avoid,Trend and momentum do not provide sufficient confirmation.,No long trade setup.,,Price trend is weak | Weak momentum | Price is below 200 DMA,Avoid,1718,1718
10859.0,11060.0,10790.0,11000.0,223277.0,10979.0,0.19127425084251026,11391.55,11656.86,11566.83,11749.13,11150.300071065785,11347.71529657664,11521.377825339694,31.948424068767906,188.14285714285714,1.7103896103896103,248331.2,0.8991097373185487,13110.0,10325.0,-16.09458428680397,6.5375302663438255,-6.376046566852178,False,10858.0,11820.0,Strong Downtrend,Strong Negative,No Breakout,ULTRACEMCO,ULTRACEMCO.NS,UltraTech Cement Limited,,Unavailable,0,60,,25.0,Weak / Avoid,-3,22.0,,,,,,,,,,,,Avoid,Avoid,Trend and momentum do not provide sufficient confirmation.,No long trade setup.,,Price trend is weak | Weak momentum | Price is below 200 DMA,Avoid,1718,1718
242.0500030517578,246.3800048828125,241.0,244.0,12116.0,244.67999267578125,-0.27791102506786736,247.52949981689454,253.1158004760742,245.42109954833984,256.50735000610354,245.52213709534107,247.8467865911672,249.55248441322448,33.466962260785365,5.003571646554129,2.050644117440217,11322.25,1.0701053235885094,339.0,198.80999755859375,-28.023598820058996,22.73024646463654,-4.876020124104017,False,241.64999389648438,275.0,Strong Downtrend,Strong Negative,No Breakout,VLSFINANCE,VLSFINANCE.NS,VLS Finance Limited,,Unavailable,0,60,,25.0,Weak / Avoid,-3,22.0,,,,,,,,,,,,Avoid,Avoid,Trend and momentum do not provide sufficient confirmation.,No long trade setup.,,Price trend is weak | Weak momentum | Price is below 200 DMA,Avoid,1718,1718
87.94999694824219,87.94999694824219,83.9800033569336,84.25,1901.0,85.37000274658203,-1.3119394524406025,87.58799934387207,88.38379959106446,87.23779991149902,90.50854995727539,86.60662455615451,87.43771364130565,87.97654903328596,30.48479574910384,2.7935709272112166,3.3158111895682096,3862.5,0.49216828478964403,123.30000305175781,78.0,-31.670723507902704,8.012820512820513,-6.914871534490105,False,84.11000061035156,94.9000015258789,Strong Downtrend,Strong Negative,No Breakout,AIROLAM,AIROLAM.NS,Airo Lam limited,,Unavailable,0,60,,22.0,Weak / Avoid,-3,19.0,,,,,,,,,,,,Avoid,Avoid,Trend and momentum do not provide sufficient confirmation.,No long trade setup.,,Price trend is weak | Weak momentum | Price is below 200 DMA,Avoid,1872,1872
413.95001220703125,419.45001220703125,410.0,417.6499938964844,260936.0,419.54998779296875,-0.45286472453002213,432.8524993896484,434.5010009765625,420.3729995727539,447.86824966430663,424.4253168968721,430.0023171881596,430.9529714148998,27.035829809399416,9.307139805385045,2.2284544334727907,829343.15,0.3146297163001828,540.5,365.29998779296875,-22.728955800835454,14.330689256191443,-6.747130610502514,False,408.0,467.3999938964844,Strong Downtrend,Strong Negative,No Breakout,APOLLOTYRE,APOLLOTYRE.NS,Apollo Tyres Limited,,Unavailable,0,60,,22.0,Weak / Avoid,-3,19.0,,,,,,,,,,,,Avoid,Avoid,Trend and momentum do not provide sufficient confirmation.,No long trade setup.,,Price trend is weak | Weak momentum | RSI indicates oversold conditions | Price is below 200 DMA,Avoid,1872,1872
87.0,89.0,85.68000030517578,88.19999694824219,39120.0,87.48999786376953,0.8115202901001206,91.09099960327148,93.66359970092773,99.57839988708496,94.18809986114502,89.37748180865559,90.79603858134674,93.75930957040752,33.148179544780234,2.825000217982701,3.202948203774289,52747.0,0.7416535537566118,134.5,69.0999984741211,-34.42379409052626,27.641098257439626,-6.357600293169388,False,85.5,95.88999938964844,Strong Downtrend,Strong Negative,No Breakout,APTECHT,APTECHT.NS,Aptech Limited,,Unavailable,0,60,,22.0,Weak / Avoid,-3,19.0,,,,,,,,,,,,Avoid,Avoid,Trend and momentum do not provide sufficient confirmation.,No long trade setup.,,Price trend is weak | Weak momentum | Price is below 200 DMA,Avoid,1872,1872
1832.0,1852.0,1830.5,1831.0999755859375,4181325.0,1839.0,-0.42958262175435413,1885.0849975585938,1915.8740014648438,1882.707999267578,1926.4120013427735,1847.4920252476963,1873.7323109100662,1893.765433572309,35.3949853340531,34.62855747767857,1.8911341783289417,5708501.1,0.7324733632791978,2174.5,1740.5,-15.792137245990457,5.205399344207843,-4.947644932153677,False,1811.9000244140625,2005.800048828125,Strong Downtrend,Strong Negative,No Breakout,BHARTIARTL,BHARTIARTL.NS,Bharti Airtel Limited,,Unavailable,0,60,,22.0,Weak / Avoid,-3,19.0,,,,,,,,,,,,Avoid,Avoid,Trend and momentum do not provide sufficient confirmation.,No long trade setup.,,Price trend is weak | Weak momentum | Price is below 200 DMA,Avoid,1872,1872
1.1699999570846558,1.1699999570846558,1.149999976158142,1.159999966621399,19959792.0,1.159999966621399,0.0,1.189000004529953,1.2318000054359437,1.309100000858307,1.2323000019788741,1.1688135929967838,1.1875000569646408,1.2321548687637947,23.07690191550995,0.032142852033887594,2.7709355998954424,31298241.45,0.6377288651148801,1.6699999570846558,0.9599999785423279,-30.53892236940961,20.83333255723117,-5.867080681763618,False,1.1399999856948853,1.2699999809265137,Strong Downtrend,Strong Negative,No Breakout,GTLINFRA,GTLINFRA.NS,GTL Infrastructure Limited,,Unavailable,0,60,,22.0,Weak / Avoid,-3,19.0,,,,,,,,,,,,Avoid,Avoid,Trend and momentum do not provide sufficient confirmation.,No long trade setup.,,Price trend is weak | Weak momentum | RSI indicates oversold conditions | Price is below 200 DMA,Avoid,1872,1872
66.0,66.19999694824219,64.83000183105469,65.77999877929688,3613.0,65.76000213623047,0.03040851949027701,67.68749961853027,68.05699981689453,70.11739974975586,69.81769983291626,66.76151208410187,67.40483999093748,68.23539003395977,36.14158836976631,2.3157152448381697,3.520394174234921,7527.4,0.47997980710471083,109.0,58.0,-39.651377266700116,13.413790998787716,-5.783205495572301,False,65.5,71.80000305175781,Strong Downtrend,Strong Negative,No Breakout,KOTHARIPRO,KOTHARIPRO.NS,Kothari Products Limited,,Unavailable,0,60,,22.0,Weak / Avoid,-3,19.0,,,,,,,,,,,,Avoid,Avoid,Trend and momentum do not provide sufficient confirmation.,No long trade setup.,,Price trend is weak | Weak momentum | Price is below 200 DMA,Avoid,1872,1872
128105.0,128765.0,127015.0,128290.0,2143.0,128270.0,0.015592110392148584,131655.0,132469.8,130138.95,136373.35,129502.84904807387,130814.5662739722,131470.47608542134,25.092250922509223,2073.214285714286,1.6160373261472336,3769.1,0.5685707463320157,163600.0,122000.0,-21.58312958435208,5.155737704918033,-5.927367773835581,False,127545.0,135800.0,Strong Downtrend,Strong Negative,No Breakout,MRF,MRF.NS,MRF Limited,,Unavailable,0,60,,22.0,Weak / Avoid,-3,19.0,,,,,,,,,,,,Avoid,Avoid,Trend and momentum do not provide sufficient confirmation.,No long trade setup.,,Price trend is weak | Weak momentum | RSI indicates oversold conditions | Price is below 200 DMA,Avoid,1872,1872
712.0,714.5,704.5499877929688,710.75,35302.0,714.8499755859375,-0.5735435022679924,746.2425048828125,755.2870056152344,773.1605023193359,761.5967510986328,730.7691772580545,741.1867886857137,754.1891505484776,13.397945683590166,15.71429443359375,2.2109454004352798,100982.55,0.3495851510978877,964.0,617.3499755859375,-26.270746887966805,15.12918573057607,-6.676335084844362,False,711.0,814.0,Strong Downtrend,Strong Negative,No Breakout,RIIL,RIIL.NS,Reliance Industrial Infrastructure Limited,,Unavailable,0,60,,22.0,Weak / Avoid,-3,19.0,,,,,,,,,,,,Avoid,Avoid,Trend and momentum do not provide sufficient confirmation.,No long trade setup.,,Price trend is weak | Weak momentum | RSI indicates oversold conditions | Price is below 200 DMA,Avoid,1872,1872
113.19999694824219,113.5,112.11000061035156,112.5999984741211,8404.0,113.25,-0.5739527822330337,116.66199951171875,118.59339981079101,120.3096997833252,118.64109985351563,114.4036958934871,116.00771413558564,118.14625541317632,20.57413972388143,2.82928466796875,2.512686240061545,38309.55,0.21937088793786405,150.6999969482422,97.04000091552734,-25.282016752267428,16.03462222979431,-5.091912825195813,False,112.0,125.5,Strong Downtrend,Strong Negative,No Breakout,STCINDIA,STCINDIA.NS,The State Trading Corporation of India Limited,,Unavailable,0,60,,22.0,Weak / Avoid,-3,19.0,,,,,,,,,,,,Avoid,Avoid,Trend and momentum do not provide sufficient confirmation.,No long trade setup.,,Price trend is weak | Weak momentum | RSI indicates oversold conditions | Price is below 200 DMA,Avoid,1872,1872
